year,original_ap_score,logit_ap_score,rf_ap_score,xgb_ap_score
86,0.31263305322128854,0.3693790849673203,0.25265873015873014,0.2460839160839161
