year,original_ap_score,logit_ap_score,rf_ap_score,xgb_ap_score
81,0.07142857142857142,0.0625,0.05,0.045454545454545456
82,0.7,0.5625,0.7,0.2111111111111111
83,0.16666666666666666,0.25,0.1,0.16666666666666666
84,0.4776785714285714,0.13793103448275862,0.44345238095238093,0.619298245614035
85,0.25,0.5,1.0,1.0
86,0.3413095238095238,0.3542982456140351,0.273109243697479,0.28036963036963036
