year,original_f1,original_balanced_acc,original_ap_score,logit_f1,logit_balanced_acc,logit_ap_score,rf_f1,rf_balanced_acc,rf_ap_score,xgb_f1,xgb_balanced_acc,xgb_ap_score
80,0.0,0.9696969696969697,0.0,0.0,0.9393939393939394,0.0,0.0,0.9393939393939394,0.0,0.0,1.0,0.0
81,0.0,0.484375,0.07142857142857142,0.0,0.46875,0.06666666666666667,0.0,0.453125,0.05263157894736842,0.0,0.5,0.030303030303030304
82,0.6666666666666666,0.75,0.75,0.6666666666666666,0.75,0.625,0.6666666666666666,0.9666666666666667,0.75,0.0,0.5,0.0625
83,0.0,0.5,0.14285714285714285,0.0,0.5,0.16666666666666666,0.0,0.4482758620689655,0.0625,0.0,0.5,0.03333333333333333
84,0.0,0.5,0.4776785714285714,0.0,0.5,0.3923992673992674,0.3333333333333333,0.605,0.4601449275362319,0.0,0.5,0.13793103448275862
85,0.0,0.5,0.25,0.0,0.5,0.2,1.0,1.0,1.0,0.0,0.5,0.038461538461538464
86,0.0,0.5,0.37464285714285717,0.0,0.47368421052631576,0.28264069264069264,0.0,0.5,0.3688888888888889,0.0,0.5,0.3404761904761905
