fold,policy,state,years,hazards,cdf,actual_adoption_time,pred_adoption_time,num_timepoints
1,amber,Alabama,[1999 2000 2001 2002 2003 2004],[0.01200743 0.07438713 0.06647098 0.1413742  0.18383886 0.18383886],[0.01200743 0.08550136 0.14628898 0.2669817  0.40173895 0.51172258],2003.0,2004.0,6
1,amber,Arizona,[1999 2000 2001 2002 2003 2004],[0.02179142 0.05494468 0.05224311 0.19393222 0.19393222 0.19393222],[0.02179142 0.07553878 0.12383551 0.29375203 0.43071627 0.54111873],2002.0,2004.0,6
1,amber,Arkansas,"[1999 2000 2001 2002 2003 2004 2005 2006 2007 2008 2009 2010 2011 2012
 2013]","[0.01392716 0.04300601 0.04913649 0.04913649 0.04913649 0.04913649
 0.04913649 0.04913649 0.04913649 0.04913649 0.04913649 0.04913649
 0.04913649 0.04913649 0.04913649]","[0.01392716 0.05633422 0.10270264 0.14679268 0.18871629 0.22857993
 0.2664848  0.30252716 0.33679852 0.36938592 0.40037208 0.42983569
 0.45785156 0.48449083 0.50982114]",2001.0,2013.0,15
1,amber,California,[1999 2000 2001 2002],[0.13140467 0.27599742 0.23757839 0.25469626],[0.13140467 0.37113474 0.52053954 0.64265632],2002.0,2001.0,4
1,amber,Colorado,[1999 2000 2001 2002 2003 2004],[0.02705928 0.07784882 0.11956665 0.19262946 0.19262946 0.19262946],[0.02705928 0.10280156 0.21007658 0.3622391  0.48509063 0.58427734],2002.0,2004.0,6
1,amber,Connecticut,[1999 2000 2001 2002 2003 2004],[0.04584995 0.04220741 0.0506098  0.2198651  0.2198651  0.2198651 ],[0.04584995 0.08612216 0.13237333 0.32313416 0.47195334 0.58805237],2002.0,2004.0,6
1,amber,Delaware,[1999 2000 2001 2002 2003 2004],[0.02666972 0.05955101 0.06158922 0.23504022 0.20429158 0.20429158],[0.02666972 0.08463252 0.14100929 0.34290666 0.47714529 0.58396011],2003.0,2004.0,6
1,amber,Florida,[1999 2000 2001 2002 2003 2004 2005 2006 2007],"[0.02147099 0.08659411 0.08659411 0.08659411 0.08659411 0.08659411
 0.08659411 0.08659411 0.08659411]","[0.02147099 0.10620584 0.18360316 0.25429832 0.31887169 0.37785339
 0.43172763 0.48093667 0.5258845 ]",2000.0,2007.0,9
1,amber,Georgia,[1999 2000 2001 2002 2003 2004 2005 2006],"[0.01309001 0.07574469 0.08018483 0.09936697 0.09936697 0.09936697
 0.09936697 0.09936697]","[0.01309001 0.0878432  0.16098434 0.24435479 0.31944096 0.38706605
 0.44797144 0.50282484]",2002.0,2006.0,8
1,amber,Idaho,[1999 2000 2001 2002 2003 2004 2005],"[0.03163023 0.03515116 0.07321355 0.15915201 0.16118156 0.16118156
 0.16118156]","[0.03163023 0.06566955 0.1340752  0.27188888 0.38924697 0.4876891
 0.57026417]",2003.0,2005.0,7
1,amber,Illinois,[1999 2000 2001 2002 2003],[0.07880302 0.03882649 0.08098321 0.21703843 0.21703843],[0.07880302 0.11456986 0.18627484 0.36288447 0.50116302],2002.0,2003.0,5
1,amber,Indiana,[1999 2000 2001 2002 2003 2004 2005],"[0.0176235  0.02623244 0.08356238 0.14068983 0.14068983 0.14068983
 0.14068983]","[0.0176235  0.04339363 0.12332994 0.24666851 0.35265459 0.44372951
 0.52199111]",2002.0,2005.0,7
1,amber,Iowa,[1999 2000 2001 2002 2003 2004],[0.00946481 0.0256115  0.03509428 0.15750037 0.29355457 0.29355457],[0.00946481 0.0348339  0.06870572 0.21538491 0.44571225 0.60842595],2003.0,2004.0,6
1,amber,Kansas,[1999 2000 2001 2002 2003],[0.04858468 0.11637852 0.07603161 0.27701011 0.27701011],[0.04858468 0.15930899 0.22322808 0.43840175 0.59397015],2002.0,2003.0,5
1,amber,Kentucky,[1999 2000 2001 2002 2003],[0.02036314 0.03573555 0.09317821 0.25405741 0.25856414],[0.02036314 0.055371   0.14338984 0.361018   0.52623584],2003.0,2003.0,5
1,amber,Louisiana,[1999 2000 2001 2002 2003],[0.02048995 0.0487846  0.10998653 0.25090879 0.25090879],[0.02048995 0.06827495 0.17075216 0.37881773 0.53467782],2002.0,2003.0,5
1,amber,Maine,"[1999 2000 2001 2002 2003 2004 2005 2006 2007 2008 2009 2010 2011 2012
 2013]","[0.02450453 0.02792875 0.11159463 0.04543673 0.04543673 0.04543673
 0.04543673 0.04543673 0.04543673 0.04543673 0.04543673 0.04543673
 0.04543673 0.04543673 0.04543673]","[0.02450453 0.0517489  0.15756863 0.19584596 0.23238409 0.26726205
 0.30055527 0.33233575 0.36267224 0.39163033 0.41927266 0.44565901
 0.47084646 0.49488947 0.51784004]",2002.0,2013.0,15
1,amber,Maryland,[1999 2000 2001 2002 2003],[0.02593391 0.04892854 0.13961694 0.29650085 0.29650085],[0.02593391 0.07359354 0.20293558 0.43926586 0.60552401],2002.0,2003.0,5
1,amber,Massachusetts,[1999 2000 2001 2002 2003 2004],[0.02798587 0.05409323 0.04068212 0.22545123 0.22545123 0.22545123],[0.02798587 0.08056526 0.11796982 0.31682461 0.47084735 0.59014547],2002.0,2004.0,6
1,amber,Michigan,[1999 2000 2001 2002 2003 2004 2005 2006 2007 2008 2009 2010 2011 2012],"[0.02269161 0.04116381 0.05375555 0.05375555 0.05375555 0.05375555
 0.05375555 0.05375555 0.05375555 0.05375555 0.05375555 0.05375555
 0.05375555 0.05375555]","[0.02269161 0.06292135 0.11329452 0.16095987 0.20606293 0.24874145
 0.28912577 0.32733921 0.36349846 0.39771395 0.43009017 0.46072598
 0.48971496 0.51714561]",2001.0,2012.0,14
1,amber,Minnesota,[1999 2000 2001 2002 2003 2004],[0.02923091 0.03505147 0.08757972 0.09966439 0.31526088 0.31526088],[0.02923091 0.0632578  0.14529742 0.23048083 0.47308012 0.63919734],2003.0,2004.0,6
1,amber,Mississippi,[1999 2000 2001 2002 2003 2004 2005 2006],"[0.01727235 0.03341307 0.05926994 0.12927579 0.12927579 0.12927579
 0.12927579 0.12927579]","[0.01727235 0.0501083  0.10640832 0.22192809 0.32251395 0.41009649
 0.48635673 0.55275837]",2002.0,2006.0,8
1,amber,Missouri,[1999 2000 2001 2002 2003 2004],[0.02923272 0.05400459 0.09100879 0.20830944 0.20830944 0.20830944],[0.02923272 0.0816586  0.16523575 0.33912502 0.47679151 0.58578078],2002.0,2004.0,6
1,amber,Montana,[1999 2000 2001 2002 2003 2004 2005],"[0.00879938 0.01837769 0.03920214 0.06059984 0.23247657 0.23247657
 0.23247657]","[0.00879938 0.02701535 0.06515843 0.12180968 0.32596835 0.48266491
 0.6029332 ]",2003.0,2005.0,7
1,amber,Nevada,[1999 2000 2001 2002 2003],[0.01803407 0.02969945 0.06630166 0.2010397  0.34212237],[0.01803407 0.04719791 0.11037027 0.28922116 0.53239451],2003.0,2003.0,5
1,amber,New Hampshire,[1999 2000 2001 2002 2003],[0.01658099 0.02703948 0.03240272 0.26253881 0.32221289],[0.01658099 0.04317213 0.07417595 0.3172407  0.53723455],2003.0,2003.0,5
1,amber,New Jersey,[1999 2000 2001 2002 2003],[0.03247722 0.04027396 0.04345785 0.26829216 0.26829216],[0.03247722 0.07144319 0.11179626 0.35009436 0.52445895],2002.0,2003.0,5
1,amber,New Mexico,[1999 2000 2001 2002 2003 2004],[0.03733106 0.05880939 0.08145842 0.22128283 0.20480701 0.20480701],[0.03733106 0.09394503 0.16775083 0.35191329 0.48464599 0.5901941 ],2003.0,2004.0,6
1,amber,New York,[1999 2000 2001 2002 2003],[0.05769952 0.05067069 0.07311592 0.24922269 0.24922269],[0.05769952 0.10544654 0.17085264 0.37749498 0.53263735],2002.0,2003.0,5
1,amber,North Carolina,[1999 2000 2001 2002 2003],[0.01925183 0.03488092 0.06223873 0.23464377 0.31596842],[0.01925183 0.05346123 0.1123726  0.32064884 0.53530235],2003.0,2003.0,5
1,amber,North Dakota,"[1999 2000 2001 2002 2003 2004 2005 2006 2007 2008 2009 2010 2011 2012
 2013 2014 2015 2016 2017 2018 2019 2020 2021]","[0.01710742 0.01174272 0.02312251 0.01943846 0.01943846 0.01943846
 0.01943846 0.01943846 0.01943846 0.01943846 0.01943846 0.01943846
 0.01943846 0.01943846 0.01943846 0.01943846 0.01943846 0.01943846
 0.01943846 0.01943846 0.01943846 0.01943846 0.01943846]","[0.01710742 0.02864925 0.05110932 0.0695543  0.08764074 0.1053756
 0.12276572 0.13981781 0.15653843 0.17293403 0.18901092 0.2047753
 0.22023325 0.23539072 0.25025355 0.26482747 0.27911809 0.29313093
 0.30687138 0.32034473 0.33355619 0.34651083 0.35921366]",2002.0,,23
1,amber,Ohio,[1999 2000 2001 2002 2003],[0.01464182 0.03034516 0.08264753 0.32700611 0.36204235],[0.01464182 0.04454268 0.12350887 0.41012683 0.6236859 ],2003.0,2003.0,5
1,amber,Oklahoma,[1999],[0.66254548],[0.66254548],1999.0,1999.0,1
1,amber,Oregon,[1999 2000 2001 2002 2003 2004 2005 2006],"[0.0186844  0.02748127 0.04326917 0.12018836 0.12018836 0.12018836
 0.12018836 0.12018836]","[0.0186844  0.0456522  0.08694603 0.19668449 0.29323366 0.37817874
 0.45291442 0.51866773]",2002.0,2006.0,8
1,amber,Pennsylvania,[1999 2000 2001 2002 2003],[0.02461156 0.02692022 0.0424454  0.3184147  0.3184147 ],[0.02461156 0.05086924 0.09115548 0.38054494 0.57778854],2002.0,2003.0,5
1,amber,Rhode Island,[1999 2000 2001 2002 2003 2004],[0.01348872 0.05136838 0.03430363 0.21500366 0.21500366 0.21500366],[0.01348872 0.06416421 0.09626677 0.29057273 0.44310219 0.56283726],2002.0,2004.0,6
1,amber,South Carolina,[1999 2000 2001 2002 2003 2004 2005 2006],"[0.01124358 0.03047654 0.04169843 0.12876337 0.12876337 0.12876337
 0.12876337 0.12876337]","[0.01124358 0.04137745 0.08135051 0.19963891 0.3026961  0.3924833
 0.4707092  0.53886246]",2002.0,2006.0,8
1,amber,South Dakota,[1999 2000 2001 2002 2003 2004],[0.00732605 0.02396869 0.02779932 0.08346532 0.26987887 0.26987887],[0.00732605 0.03111914 0.05805337 0.13667324 0.36966689 0.53978048],2003.0,2004.0,6
1,amber,Tennessee,[1999 2000 2001 2002 2003],[0.01712972 0.09972973 0.05028999 0.22762412 0.29667344],[0.01712972 0.11515111 0.15965015 0.35093404 0.54349468],2003.0,2003.0,5
1,amber,Texas,[1999 2000 2001 2002],[0.04996593 0.10683585 0.32012707 0.31957601],[0.04996593 0.15146362 0.42310309 0.6074655 ],2002.0,2002.0,4
1,amber,Utah,[1999 2000 2001 2002 2003 2004 2005],"[0.0132859  0.03471335 0.04984304 0.17667871 0.17667871 0.17667871
 0.17667871]","[0.0132859  0.04753805 0.09501165 0.25490383 0.38654646 0.49493064
 0.58416565]",2002.0,2005.0,7
1,amber,Vermont,[1999 2000 2001 2002 2003 2004],[0.02411683 0.03150886 0.0759321  0.21614233 0.25469368 0.25469368],[0.02411683 0.0548658  0.12663182 0.31540365 0.48976602 0.61971939],2003.0,2004.0,6
1,amber,Virginia,[1999 2000 2001 2002 2003 2004 2005 2006 2007],"[0.01299857 0.02905512 0.04237246 0.1126591  0.1126591  0.1126591
 0.1126591  0.1126591  0.1126591 ]","[0.01299857 0.04167602 0.08228256 0.18567178 0.27741327 0.35881924
 0.43105409 0.49515102 0.55202685]",2002.0,2007.0,9
1,amber,Washington,[1999 2000 2001 2002 2003 2004],[0.0232824  0.10820553 0.06002202 0.15445156 0.15445156 0.15445156],[0.0232824  0.12896864 0.18124971 0.30770696 0.4146327  0.50504359],2002.0,2004.0,6
1,amber,West Virginia,[1999 2000 2001 2002 2003 2004],[0.01809127 0.01292378 0.02750916 0.22932544 0.22932544 0.22932544],[0.01809127 0.03078124 0.05744363 0.27359579 0.44017875 0.56856001],2002.0,2004.0,6
1,amber,Wisconsin,[1999 2000 2001 2002 2003 2004],[0.01602018 0.02703994 0.06088343 0.11427303 0.23755017 0.23755017],[0.01602018 0.04262693 0.10091509 0.20365625 0.39282784 0.53706169],2003.0,2004.0,6
1,amber,Wyoming,[1999 2000 2001 2002 2003 2004 2005],"[0.0262359  0.03762116 0.02416443 0.08446532 0.15016199 0.21123973
 0.21123973]","[0.0262359  0.06287003 0.08551524 0.16275749 0.28847949 0.43878089
 0.55733267]",2004.0,2005.0,7
1,compcrime,Alabama,[1978 1979 1980 1981 1982 1983 1984 1985],"[0.04953799 0.06572806 0.08254492 0.15154954 0.10827602 0.11415747
 0.09672263 0.11260013]","[0.04953799 0.11201001 0.18530908 0.30877512 0.3836182  0.45398278
 0.50679501 0.56232995]",1985.0,1984.0,8
1,compcrime,Arizona,[1978 1979 1980 1981 1982 1983 1984 1985 1986 1987 1988 1989 1990 1991],"[0.0514628 0.0514628 0.0514628 0.0514628 0.0514628 0.0514628 0.0514628
 0.0514628 0.0514628 0.0514628 0.0514628 0.0514628 0.0514628 0.0514628]","[0.0514628  0.10027719 0.14657945 0.19049886 0.23215806 0.27167336
 0.30915509 0.34470791 0.37843108 0.41041876 0.44076026 0.46954031
 0.49683925 0.52273331]",1978.0,1991.0,14
1,compcrime,Arkansas,[1978 1979 1980 1981 1982 1983 1984 1985 1986 1987 1988 1989],"[0.01233269 0.02710825 0.01283011 0.02837133 0.02631659 0.04541625
 0.033976   0.11266194 0.0582099  0.12782222 0.12782222 0.12782222]","[0.01233269 0.03910662 0.05143499 0.07834705 0.10260181 0.14335827
 0.17246353 0.2656954  0.3084392  0.39683604 0.4739338  0.54117675]",1987.0,1989.0,12
1,compcrime,California,[1978 1979 1980 1981 1982 1983 1984 1985 1986 1987],"[0.08642471 0.08097127 0.08819681 0.10902402 0.08112328 0.08105671
 0.0769945  0.11691049 0.12326395 0.13660415]","[0.08642471 0.16039805 0.23444827 0.3179118  0.37324503 0.42404773
 0.46839289 0.53054333 0.58841042 0.64463526]",1987.0,1985.0,10
1,compcrime,Colorado,[1978 1979 1980 1981 1982 1983 1984 1985 1986],"[0.03170534 0.08979737 0.08979737 0.08979737 0.08979737 0.08979737
 0.08979737 0.08979737 0.08979737]","[0.03170534 0.11865566 0.19779807 0.26983369 0.33540071 0.39507998
 0.44940021 0.49884263 0.54384524]",1979.0,1986.0,9
1,compcrime,Connecticut,"[1978 1979 1980 1981 1982 1983 1984 1985 1986 1987 1988 1989 1990 1991
 1992 1993 1994]","[0.00884072 0.07210379 0.07746089 0.09022654 0.11198182 0.05655033
 0.05294988 0.05330226 0.08935336 0.09306736 0.16565972 0.12683428
 0.22291092 0.23689869 0.25577886 0.28709941 0.35632584]","[0.00884072 0.08030706 0.15154729 0.22810025 0.31453898 0.35330203
 0.38754461 0.42018986 0.47199784 0.52113761 0.60046582 0.65114045
 0.72890505 0.79312709 0.84604081 0.8902424  0.92935187]",1994.0,1987.0,17
1,compcrime,Delaware,[1978 1979 1980 1981 1982 1983 1984 1985 1986],"[0.01231913 0.02015839 0.03876829 0.04273636 0.02854048 0.07634444
 0.15155382 0.15155382 0.15155382]","[0.01231913 0.03222918 0.06974801 0.10950359 0.13491879 0.20096293
 0.32206004 0.42480443 0.51197752]",1984.0,1986.0,9
1,compcrime,Florida,"[1978 1979 1980 1981 1982 1983 1984 1985 1986 1987 1988 1989 1990 1991
 1992 1993 1994 1995 1996 1997]","[0.02595029 0.02595029 0.02595029 0.02595029 0.02595029 0.02595029
 0.02595029 0.02595029 0.02595029 0.02595029 0.02595029 0.02595029
 0.02595029 0.02595029 0.02595029 0.02595029 0.02595029 0.02595029
 0.02595029 0.02595029]","[0.02595029 0.05122716 0.07584809 0.0998301  0.12318977 0.14594325
 0.16810627 0.18969415 0.21072182 0.23120382 0.2511543  0.27058706
 0.28951554 0.30795282 0.32591164 0.34340443 0.36044327 0.37703996
 0.39320595 0.40895243]",1978.0,,20
1,compcrime,Georgia,[1978 1979 1980 1981 1982],[0.05247071 0.15934903 0.16206509 0.15835078 0.15835078],[0.05247071 0.20345859 0.33255014 0.43824135 0.52719627],1981.0,1982.0,5
1,compcrime,Idaho,[1978 1979 1980 1981 1982 1983 1984 1985],"[0.01658559 0.04728726 0.04974525 0.11904305 0.1105147  0.12356107
 0.10049934 0.10049934]","[0.01658559 0.06308857 0.10969546 0.21568003 0.30235892 0.3885602
 0.45000949 0.50528318]",1984.0,1985.0,8
1,compcrime,Illinois,[1978 1979 1980 1981 1982 1983 1984 1985 1986 1987],"[0.01257919 0.06824322 0.06608655 0.10401821 0.11451918 0.09926055
 0.15693527 0.12330835 0.13984597 0.15442362]","[0.01257919 0.07996396 0.14076597 0.23014196 0.31830547 0.38597085
 0.48233368 0.54616626 0.60963308 0.66991495]",1987.0,1985.0,10
1,compcrime,Indiana,[1978 1979 1980 1981 1982 1983 1984 1985 1986 1987],"[0.01702784 0.06445637 0.0654207  0.08376709 0.0621371  0.05453764
 0.09420695 0.09245101 0.11223931 0.11223931]","[0.01702784 0.08038666 0.14054841 0.21254217 0.26147252 0.30175007
 0.36753006 0.42600255 0.49042763 0.54762168]",1986.0,1987.0,10
1,compcrime,Iowa,[1978 1979 1980 1981 1982 1983 1984 1985 1986 1987],"[0.00794437 0.01381318 0.01780192 0.05104582 0.10432373 0.12114891
 0.10963576 0.10963576 0.10963576 0.10963576]","[0.00794437 0.02164782 0.03906436 0.08811611 0.18324723 0.28219594
 0.36089293 0.43096192 0.49334884 0.54889593]",1984.0,1987.0,10
1,compcrime,Kansas,[1978 1979 1980 1981 1982 1983 1984 1985 1986],"[0.01317364 0.06184701 0.07202359 0.07074753 0.08568224 0.08899091
 0.11658596 0.1066805  0.1066805 ]","[0.01317364 0.0742059  0.14088492 0.20166519 0.27006831 0.33502559
 0.41255228 0.47522149 0.53120512]",1985.0,1986.0,9
1,compcrime,Kentucky,"[1978 1979 1980 1981 1982 1983 1984 1985 1986 1987 1988 1989 1990 1991
 1992 1993]","[0.01883025 0.01218268 0.02202156 0.01483111 0.0397562  0.03069886
 0.05803593 0.05803593 0.05803593 0.05803593 0.05803593 0.05803593
 0.05803593 0.05803593 0.05803593 0.05803593]","[0.01883025 0.03078352 0.05212718 0.06618519 0.10331012 0.13083748
 0.18128013 0.2287953  0.27355289 0.31571292 0.35542616 0.3928346
 0.42807201 0.46126438 0.49253041 0.52198188]",1984.0,1993.0,16
1,compcrime,Louisiana,"[1978 1979 1980 1981 1982 1983 1984 1985 1986 1987 1988 1989 1990 1991
 1992 1993 1994 1995 1996 1997 1998 1999]","[0.02434138 0.01933214 0.02389192 0.03470223 0.03032842 0.04296015
 0.02983078 0.0701816  0.07233891 0.10012578 0.12066896 0.07109073
 0.06306261 0.08301046 0.08851279 0.09191677 0.10229574 0.09199898
 0.16598734 0.17215078 0.25026898 0.20854608]","[0.02434138 0.04320295 0.06606266 0.09847237 0.12581428 0.16336943
 0.18832677 0.2452913  0.2998861  0.36998555 0.44600874 0.48539238
 0.51784488 0.5578688  0.59700306 0.63404524 0.67148085 0.70170428
 0.75121759 0.79404568 0.84558966 0.87779133]",1999.0,1990.0,22
1,compcrime,Maine,[1978 1979 1980 1981 1982 1983 1984 1985 1986 1987 1988 1989 1990],"[0.01155948 0.01689054 0.01843747 0.02497519 0.02087054 0.02649098
 0.0179415  0.11132894 0.07900498 0.11914546 0.0953924  0.10471599
 0.10471599]","[0.01155948 0.02825478 0.04617131 0.06999336 0.0894031  0.1135257
 0.12943038 0.22634997 0.28747217 0.37236663 0.43223808 0.49169183
 0.54491983]",1989.0,1990.0,13
1,compcrime,Maryland,"[1978 1979 1980 1981 1982 1983 1984 1985 1986 1987 1988 1989 1990 1991
 1992 1993 1994 1995 1996 1997 1998 1999 2000]","[0.00823363 0.01211124 0.02050621 0.02802458 0.02289826 0.08384008
 0.1248995  0.09467863 0.09189342 0.13403014 0.15032755 0.19373224
 0.26891462 0.22575954 0.28673017 0.34816036 0.33893155 0.30176344
 0.28891133 0.27542105 0.25632694 0.26578554 0.3593284 ]","[0.00823363 0.02024515 0.04033621 0.06723039 0.08858919 0.16500194
 0.26929278 0.33847514 0.39926493 0.47978153 0.5579847  0.64361732
 0.73945383 0.79827461 0.85611537 0.90621029 0.93799858 0.95670834
 0.96921579 0.97769441 0.98341194 0.9878208  0.99219713]",2000.0,1988.0,23
1,compcrime,Massachusetts,"[1978 1979 1980 1981 1982 1983 1984 1985 1986 1987 1988 1989 1990 1991
 1992 1993 1994]","[0.00946765 0.05857287 0.07272502 0.06791798 0.08043373 0.06579432
 0.03798363 0.07858746 0.08757054 0.06905735 0.08296243 0.05898382
 0.06728425 0.0750129  0.09665849 0.16212921 0.32924989]","[0.00946765 0.06748597 0.13530307 0.19403154 0.25885859 0.30762149
 0.33392054 0.38626603 0.44001105 0.4786824  0.52193217 0.55013044
 0.58039958 0.61187502 0.64939059 0.70623462 0.80295684]",1994.0,1988.0,17
1,compcrime,Michigan,"[1978 1979 1980 1981 1982 1983 1984 1985 1986 1987 1988 1989 1990 1991
 1992 1993 1994 1995 1996 1997 1998]","[0.011445   0.01205166 0.01205166 0.01205166 0.01205166 0.01205166
 0.01205166 0.01205166 0.01205166 0.01205166 0.01205166 0.01205166
 0.01205166 0.01205166 0.01205166 0.01205166 0.01205166 0.01205166
 0.01205166 0.01205166 0.01205166]","[0.011445   0.02335873 0.03512888 0.04675718 0.05824534 0.06959504
 0.08080797 0.09188575 0.10283004 0.11364242 0.1243245  0.13487785
 0.145304   0.15560451 0.16578088 0.1758346  0.18576716 0.19558002
 0.20527461 0.21485237 0.2243147 ]",1979.0,,21
1,compcrime,Minnesota,[1978 1979 1980 1981 1982 1983 1984 1985 1986 1987],"[0.00874207 0.01040769 0.02002431 0.05820864 0.096693   0.096693
 0.096693   0.096693   0.096693   0.096693  ]","[0.00874207 0.01905878 0.03870145 0.09465733 0.18219763 0.26127339
 0.33270308 0.39722602 0.45551004 0.5081584 ]",1982.0,1987.0,10
1,compcrime,Mississippi,"[1978 1979 1980 1981 1982 1983 1984 1985 1986 1987 1988 1989 1990 1991
 1992]","[0.01426639 0.02554753 0.01438397 0.02314428 0.02570888 0.03083707
 0.03203177 0.06966074 0.06966074 0.06966074 0.06966074 0.06966074
 0.06966074 0.06966074 0.06966074]","[0.01426639 0.03944945 0.05326597 0.07517745 0.0989536  0.12673924
 0.15471132 0.21359476 0.26837632 0.31934177 0.36675692 0.4108691
 0.4519084  0.49008886 0.52560965]",1985.0,1992.0,15
1,compcrime,Missouri,"[1978 1979 1980 1981 1982 1983 1984 1985 1986 1987 1988 1989 1990 1991
 1992 1993 1994 1995 1996 1997 1998 1999 2000 2001]","[0.00960427 0.01715495 0.02389248 0.02799468 0.02586171 0.02586171
 0.02586171 0.02586171 0.02586171 0.02586171 0.02586171 0.02586171
 0.02586171 0.02586171 0.02586171 0.02586171 0.02586171 0.02586171
 0.02586171 0.02586171 0.02586171 0.02586171 0.02586171 0.02586171]","[0.00960427 0.02659446 0.04985153 0.07645063 0.10033519 0.12360206
 0.14626721 0.1683462  0.18985418 0.21080594 0.23121584 0.25109791
 0.2704658  0.2893328  0.30771186 0.32561562 0.34305635 0.36004603
 0.37659633 0.39271862 0.40842395 0.42372312 0.43862662 0.45314469]",1982.0,,24
1,compcrime,Montana,"[1978 1979 1980 1981 1982 1983 1984 1985 1986 1987 1988 1989 1990 1991
 1992 1993 1994 1995 1996 1997 1998 1999 2000]","[0.01036663 0.01316633 0.017337   0.02760355 0.02760355 0.02760355
 0.02760355 0.02760355 0.02760355 0.02760355 0.02760355 0.02760355
 0.02760355 0.02760355 0.02760355 0.02760355 0.02760355 0.02760355
 0.02760355 0.02760355 0.02760355 0.02760355 0.02760355]","[0.01036663 0.02339647 0.04032785 0.0668182  0.09257733 0.11762542
 0.14198209 0.16566643 0.188697   0.21109184 0.23286851 0.25404406
 0.27463509 0.29465774 0.31412769 0.3330602  0.35147011 0.36937183
 0.38677941 0.40370647 0.42016629 0.43617176 0.45173542]",1981.0,,23
1,compcrime,Nevada,"[1978 1979 1980 1981 1982 1983 1984 1985 1986 1987 1988 1989 1990 1991
 1992 1993 1994 1995]","[0.04906258 0.12362064 0.09368835 0.14519649 0.04913271 0.08868954
 0.07572304 0.13168273 0.07686394 0.18489249 0.15168034 0.18308288
 0.12536815 0.1503047  0.1465875  0.18494478 0.16051947 0.26157662]","[0.04906258 0.16661807 0.24469625 0.35436371 0.38608557 0.44053335
 0.48289787 0.55099129 0.58550387 0.66214109 0.71338765 0.76586146
 0.79521498 0.82599513 0.85150207 0.87896598 0.8983943  0.92497198]",1995.0,1985.0,18
1,compcrime,New Hampshire,"[1978 1979 1980 1981 1982 1983 1984 1985 1986 1987 1988 1989 1990 1991
 1992 1993 1994 1995 1996 1997 1998 1999 2000 2001 2002 2003 2004]","[0.00567057 0.01730728 0.01004192 0.02248998 0.00779596 0.02775005
 0.00945856 0.02315714 0.02315714 0.02315714 0.02315714 0.02315714
 0.02315714 0.02315714 0.02315714 0.02315714 0.02315714 0.02315714
 0.02315714 0.02315714 0.02315714 0.02315714 0.02315714 0.02315714
 0.02315714 0.02315714 0.02315714]","[0.00567057 0.02287971 0.03269188 0.05444662 0.06181812 0.08785271
 0.09648031 0.11740324 0.13784166 0.15780679 0.17730957 0.19636073
 0.21497072 0.23314976 0.25090782 0.26825465 0.28519978 0.30175251
 0.31792193 0.33371691 0.34914612 0.36421804 0.37894093 0.39332289
 0.40737179 0.42109537 0.43450115]",1985.0,,27
1,compcrime,New Jersey,[1978 1979 1980 1981 1982 1983 1984 1985 1986 1987 1988],"[0.0118436  0.01852467 0.02232449 0.03995439 0.02137254 0.06507029
 0.10377892 0.10377892 0.10377892 0.10377892 0.10377892]","[0.0118436  0.03014887 0.0518003  0.08968505 0.10914079 0.16710926
 0.25354576 0.33101197 0.40043883 0.46266063 0.51842513]",1984.0,1988.0,11
1,compcrime,New Mexico,[1978 1979 1980 1981 1982 1983 1984 1985 1986 1987 1988 1989],"[0.04495412 0.20862903 0.21332838 0.17966735 0.11849169 0.16959208
 0.15961671 0.14806215 0.13384795 0.14759626 0.14044295 0.13951738]","[0.04495412 0.24420442 0.40543707 0.51226061 0.57005368 0.64296917
 0.69995725 0.74438223 0.77859614 0.81127452 0.83777969 0.86041224]",1989.0,1981.0,12
1,compcrime,New York,[1978 1979 1980 1981 1982 1983 1984 1985 1986 1987 1988 1989],"[0.01430521 0.01303661 0.02483078 0.03563329 0.03112559 0.0605463
 0.08083701 0.08444844 0.09424758 0.09424758 0.09424758 0.09424758]","[0.01430521 0.02715533 0.05131183 0.08511671 0.11359299 0.16726166
 0.23457774 0.29921645 0.3652636  0.42508597 0.47927023 0.52834775]",1986.0,1989.0,12
1,compcrime,North Carolina,"[1978 1979 1980 1981 1982 1983 1984 1985 1986 1987 1988 1989 1990 1991
 1992 1993 1994 1995 1996 1997 1998]","[0.01714042 0.01827704 0.01827704 0.01827704 0.01827704 0.01827704
 0.01827704 0.01827704 0.01827704 0.01827704 0.01827704 0.01827704
 0.01827704 0.01827704 0.01827704 0.01827704 0.01827704 0.01827704
 0.01827704 0.01827704 0.01827704]","[0.01714042 0.03510419 0.05273963 0.07005275 0.08704943 0.10373547
 0.12011653 0.1361982  0.15198594 0.16748513 0.18270104 0.19763885
 0.21230364 0.2267004  0.24083403 0.25470934 0.26833105 0.28170379
 0.29483212 0.3077205  0.32037333]",1979.0,,21
1,compcrime,North Dakota,"[1978 1979 1980 1981 1982 1983 1984 1985 1986 1987 1988 1989 1990 1991
 1992 1993 1994 1995 1996 1997]","[0.01137079 0.01938787 0.0157641  0.10363696 0.10021236 0.1845613
 0.09567529 0.11682904 0.08523826 0.12917674 0.09735473 0.12941848
 0.09034333 0.11590567 0.08444612 0.14169568 0.08886377 0.18468393
 0.13328682 0.22199735]","[0.01137079 0.0305382  0.04582089 0.14470911 0.23041983 0.37245455
 0.43249514 0.49879619 0.54151793 0.60074315 0.63961269 0.68625347
 0.71459838 0.74767805 0.76898565 0.80171939 0.81933935 0.85270447
 0.87233702 0.90067787]",1997.0,1986.0,20
1,compcrime,Ohio,[1978 1979 1980 1981 1982 1983 1984 1985 1986],"[0.00852128 0.04011132 0.04755631 0.0713257  0.04841348 0.09377467
 0.14519921 0.12362605 0.13487208]","[0.00852128 0.0482908  0.09355058 0.15820372 0.198958   0.27407545
 0.37947912 0.45619167 0.52953623]",1986.0,1986.0,9
1,compcrime,Oklahoma,[1978 1979 1980 1981 1982 1983 1984 1985 1986 1987 1988 1989],"[0.01856783 0.04752419 0.0519784  0.05701076 0.0715368  0.0677913
 0.05985696 0.05985696 0.05985696 0.05985696 0.05985696 0.05985696]","[0.01856783 0.0652096  0.11379851 0.16432153 0.22410329 0.27670234
 0.31999673 0.36069966 0.39896623 0.43494228 0.46876492 0.50056304]",1984.0,1989.0,12
1,compcrime,Oregon,[1978 1979 1980 1981 1982 1983 1984 1985 1986 1987 1988 1989],"[0.01850584 0.01478453 0.02335234 0.03699735 0.02091491 0.04608262
 0.09058854 0.09501314 0.09501314 0.09501314 0.09501314 0.09501314]","[0.01850584 0.03301677 0.05559809 0.09053846 0.10955977 0.15059359
 0.22754008 0.30093392 0.36735438 0.42746402 0.48186246 0.53109234]",1985.0,1989.0,12
1,compcrime,Pennsylvania,"[1978 1979 1980 1981 1982 1983 1984 1985 1986 1987 1988 1989 1990 1991
 1992 1993 1994 1995 1996 1997 1998 1999 2000 2001 2002]","[0.00966986 0.01900616 0.01992786 0.02629568 0.03048774 0.02661695
 0.02661695 0.02661695 0.02661695 0.02661695 0.02661695 0.02661695
 0.02661695 0.02661695 0.02661695 0.02661695 0.02661695 0.02661695
 0.02661695 0.02661695 0.02661695 0.02661695 0.02661695 0.02661695
 0.02661695]","[0.00966986 0.02849224 0.04785231 0.07288967 0.10115517 0.12507968
 0.14836739 0.17103525 0.19309977 0.21457699 0.23548256 0.25583169
 0.27563918 0.29491946 0.31368655 0.33195412 0.34973547 0.36704353
 0.3838909  0.40028985 0.4162523  0.43178989 0.44691391 0.46163538
 0.475965  ]",1983.0,,25
1,compcrime,Rhode Island,"[1978 1979 1980 1981 1982 1983 1984 1985 1986 1987 1988 1989 1990 1991
 1992 1993 1994 1995 1996 1997 1998]","[0.01474865 0.02198661 0.02198661 0.02198661 0.02198661 0.02198661
 0.02198661 0.02198661 0.02198661 0.02198661 0.02198661 0.02198661
 0.02198661 0.02198661 0.02198661 0.02198661 0.02198661 0.02198661
 0.02198661 0.02198661 0.02198661]","[0.01474865 0.03641098 0.05759704 0.07831728 0.09858196 0.11840108
 0.13778445 0.15674165 0.17528204 0.19341479 0.21114886 0.22849302
 0.24545584 0.26204571 0.27827082 0.2941392  0.30965868 0.32483695
 0.33968149 0.35419965 0.36839861]",1979.0,,21
1,compcrime,South Carolina,[1978 1979 1980 1981 1982 1983 1984],"[0.01422562 0.12388723 0.15990093 0.35431338 0.25508826 0.25137186
 0.20371008]","[0.01422562 0.13635047 0.27444884 0.53152132 0.65102473 0.73874729
 0.7919671 ]",1984.0,1981.0,7
1,compcrime,South Dakota,[1978 1979 1980 1981 1982 1983 1984 1985 1986],"[0.01516087 0.02031889 0.02289371 0.06701004 0.12213853 0.12213853
 0.12213853 0.12213853 0.12213853]","[0.01516087 0.0351717  0.0572602  0.12043323 0.22786222 0.32217
 0.40495916 0.47763658 0.54143728]",1982.0,1986.0,9
1,compcrime,Tennessee,[1978 1979 1980 1981 1982 1983 1984 1985 1986 1987 1988 1989],"[0.01468841 0.02511651 0.02999677 0.07601571 0.08020313 0.09971658
 0.12662353 0.12947046 0.11107435 0.14309532 0.14352338 0.19770258]","[0.01468841 0.039436   0.06824981 0.13907747 0.20812615 0.2870891
 0.3773604  0.45797383 0.51817904 0.58712536 0.64638253 0.71629361]",1989.0,1986.0,12
1,compcrime,Texas,"[1978 1979 1980 1981 1982 1983 1984 1985 1986 1987 1988 1989 1990 1991
 1992 1993 1994 1995 1996 1997]","[0.02716906 0.04222564 0.01894525 0.04024379 0.01585856 0.03865683
 0.02848227 0.06077541 0.03502485 0.09738582 0.05490402 0.09402657
 0.06084107 0.09077962 0.05333767 0.10721598 0.09445586 0.19455137
 0.17351439 0.35859975]","[0.02716906 0.06824747 0.08589976 0.12268661 0.13659953 0.16997586
 0.19361682 0.24262509 0.26915203 0.34032626 0.376545   0.43516634
 0.46953142 0.51768716 0.5434126  0.59236607 0.63086948 0.70268433
 0.75427288 0.84239056]",1997.0,1991.0,20
1,compcrime,Utah,[1978 1979 1980 1981 1982 1983 1984],"[0.03266677 0.1092498  0.1092498  0.1092498  0.1092498  0.1092498
 0.1092498 ]","[0.03266677 0.13834773 0.23248307 0.31633414 0.3910245  0.45755495
 0.51681697]",1979.0,1984.0,7
1,compcrime,Vermont,[1989 1990 1991 1992 1993 1994 1995 1996 1997 1998 1999],"[0.11518706 0.08584417 0.05551552 0.05803837 0.13434185 0.14615396
 0.14928673 0.16818011 0.28997486 0.17660905 0.16311686]","[0.11518706 0.19114309 0.23604721 0.28038578 0.37706009 0.46810522
 0.54751005 0.62360986 0.73275354 0.77995168 0.81584527]",1999.0,1995.0,11
1,compcrime,Virginia,"[1978 1979 1980 1981 1982 1983 1984 1985 1986 1987 1988 1989 1990 1991
 1992 1993]","[0.01788908 0.04038255 0.04069596 0.05604756 0.05487782 0.04638251
 0.04638251 0.04638251 0.04638251 0.04638251 0.04638251 0.04638251
 0.04638251 0.04638251 0.04638251 0.04638251]","[0.01788908 0.05754922 0.09590316 0.14657558 0.19340966 0.23082134
 0.26649777 0.30051945 0.33296311 0.36390195 0.39340577 0.42154113
 0.44837151 0.47395742 0.49835659 0.52162407]",1983.0,1993.0,16
1,compcrime,Washington,[1978 1979 1980 1981 1982 1983 1984 1985 1986 1987 1988 1989],"[0.00716865 0.01426799 0.01352093 0.03119233 0.02025361 0.02898594
 0.10310813 0.10310813 0.10310813 0.10310813 0.10310813 0.10310813]","[0.00716865 0.02133436 0.03456683 0.06468094 0.08362453 0.11018654
 0.20193354 0.28422069 0.35802336 0.42421637 0.48358435 0.536831  ]",1984.0,1989.0,12
1,compcrime,West Virginia,[1978 1979 1980 1981 1982 1983 1984 1985 1986 1987 1988 1989],"[0.01408385 0.0168196  0.019039   0.02427269 0.02068639 0.07921003
 0.10588664 0.08121482 0.07935593 0.09711822 0.08642782 0.09591462]","[0.01408385 0.03066656 0.0491217  0.07220208 0.09139487 0.1633655
 0.25195392 0.31270635 0.36724718 0.428699   0.4780753  0.52813551]",1989.0,1989.0,12
1,compcrime,Wisconsin,[1978 1979 1980 1981 1982 1983 1984 1985 1986 1987 1988 1989],"[0.00663129 0.0383841  0.05189581 0.06643908 0.06643908 0.06643908
 0.06643908 0.06643908 0.06643908 0.06643908 0.06643908 0.06643908]","[0.00663129 0.04476085 0.09433376 0.15450539 0.21067927 0.26312101
 0.31207858 0.35778344 0.40045172 0.44028515 0.47747209 0.51218837]",1981.0,1989.0,12
1,compcrime,Wyoming,[1978 1979 1980 1981 1982 1983 1984],"[0.01344802 0.09430019 0.09448851 0.18220303 0.12910892 0.12910892
 0.12910892]","[0.01344802 0.10648006 0.19090743 0.33832655 0.42375449 0.49815293
 0.56294586]",1982.0,1984.0,7
1,crimeviccomp,Alabama,[1973 1974 1975 1976 1977 1978 1979 1980 1981 1982 1983 1984],"[0.02390141 0.01103315 0.02930177 0.05876715 0.19120153 0.07058098
 0.09927372 0.09991694 0.09220159 0.09679732 0.09243025 0.0965581 ]","[0.02390141 0.03467086 0.06295671 0.11802408 0.28665922 0.33700751
 0.40282524 0.46249312 0.51205211 0.55928415 0.60001963 0.63864097]",1984.0,1981.0,12
1,crimeviccomp,Arizona,"[1971 1972 1973 1974 1975 1976 1977 1978 1979 1980 1981 1982 1983 1984
 1985 1986]","[0.08023501 0.0639202  0.06781796 0.0551497  0.06032919 0.06187902
 0.06596064 0.05174728 0.08312255 0.07912225 0.10315925 0.07726087
 0.086855   0.08884785 0.10206452 0.13287159]","[0.08023501 0.13902657 0.19741603 0.2416783  0.28742723 0.33152053
 0.37561386 0.40792414 0.457139   0.50009138 0.55166158 0.58630059
 0.62223246 0.65579629 0.69092728 0.73199426]",1986.0,1980.0,16
1,crimeviccomp,Arkansas,"[1971 1972 1973 1974 1975 1976 1977 1978 1979 1980 1981 1982 1983 1984
 1985 1986 1987]","[0.03845534 0.02438889 0.03733115 0.02483706 0.16489253 0.0697552
 0.14702419 0.05828365 0.13086781 0.06258696 0.17282931 0.12493172
 0.20032365 0.12211858 0.14653555 0.10647228 0.16603422]","[0.03845534 0.06190635 0.09692647 0.11935615 0.26456775 0.31586797
 0.41645193 0.45046324 0.52237991 0.5522727  0.6296531  0.67592118
 0.74084183 0.77248986 0.80582818 0.8265021  0.85530869]",1987.0,1979.0,17
1,crimeviccomp,Colorado,[1971 1972 1973 1974 1975 1976 1977 1978 1979 1980 1981 1982 1983],"[0.04065505 0.04113743 0.03786997 0.03903856 0.05315914 0.04599278
 0.0564985  0.06013873 0.05783539 0.05307012 0.07218563 0.07218563
 0.07218563]","[0.04065505 0.08012003 0.11495586 0.1495067  0.1947182  0.23175534
 0.27516002 0.31875097 0.35815127 0.39221427 0.43608766 0.47679402
 0.51456198]",1981.0,1983.0,13
1,crimeviccomp,Connecticut,[1971 1972 1973 1974 1975 1976 1977 1978],"[0.10236517 0.15268409 0.14109039 0.11569282 0.10090403 0.09800746
 0.08253519 0.06971484]","[0.10236517 0.23941973 0.3467303  0.42230891 0.48060027 0.53150532
 0.57017262 0.60013796]",1978.0,1976.0,8
1,crimeviccomp,Delaware,[1971 1972 1973 1974 1975 1976],[0.12709891 0.1040571  0.10930783 0.10718847 0.10718847 0.10718847],[0.12709891 0.21793046 0.30341679 0.37808248 0.44474487 0.50426182],1974.0,1976.0,6
1,crimeviccomp,Florida,"[1971 1972 1973 1974 1975 1976 1977 1978 1979 1980 1981 1982 1983 1984
 1985 1986]","[0.03638198 0.047875   0.02908954 0.02976295 0.02832467 0.03746334
 0.04787668 0.04787668 0.04787668 0.04787668 0.04787668 0.04787668
 0.04787668 0.04787668 0.04787668 0.04787668]","[0.03638198 0.0825152  0.10920441 0.13571712 0.16019765 0.19165944
 0.23036011 0.26720791 0.30229157 0.33569553 0.36750023 0.39778222
 0.42661441 0.45406621 0.48020371 0.50508983]",1977.0,1986.0,16
1,crimeviccomp,Georgia,"[1971 1972 1973 1974 1975 1976 1977 1978 1979 1980 1981 1982 1983 1984
 1985 1986 1987 1988]","[0.02468455 0.0260252  0.02071056 0.02065909 0.02022554 0.06451685
 0.07558145 0.07634153 0.11651072 0.10585671 0.09375186 0.12139467
 0.13722759 0.19875481 0.19243201 0.2180869  0.19336189 0.19549265]","[0.02468455 0.05006733 0.06974097 0.08895927 0.10738556 0.16497423
 0.22808669 0.28701574 0.37008605 0.43676667 0.48957084 0.55153422
 0.6130761  0.68997908 0.74963703 0.80423792 0.84209084 0.87296092]",1988.0,1982.0,18
1,crimeviccomp,Idaho,"[1971 1972 1973 1974 1975 1976 1977 1978 1979 1980 1981 1982 1983 1984
 1985 1986]","[0.07944486 0.04622098 0.07894694 0.06870617 0.05682629 0.0538399
 0.06901397 0.05516041 0.06706471 0.06353804 0.07739353 0.06951284
 0.07629019 0.09441898 0.16918998 0.1446856 ]","[0.07944486 0.12199382 0.19130971 0.24687172 0.28966921 0.32791335
 0.37429671 0.40881077 0.4484587  0.48350256 0.52347611 0.55660064
 0.59042766 0.62909906 0.69185178 0.73643639]",1986.0,1981.0,16
1,crimeviccomp,Illinois,"[1971 1972 1973 1974 1975 1976 1977 1978 1979 1980 1981 1982 1983 1984
 1985 1986 1987 1988 1989]","[0.03728447 0.03003141 0.036577   0.036577   0.036577   0.036577
 0.036577   0.036577   0.036577   0.036577   0.036577   0.036577
 0.036577   0.036577   0.036577   0.036577   0.036577   0.036577
 0.036577  ]","[0.03728447 0.06619618 0.10035192 0.13325834 0.16496115 0.19550437
 0.2249304  0.25328012 0.28059289 0.30690664 0.33225792 0.35668192
 0.38021256 0.40288253 0.42472329 0.44576518 0.46603743 0.48556818
 0.50438455]",1973.0,1989.0,19
1,crimeviccomp,Indiana,[1971 1972 1973 1974 1975 1976 1977 1978 1979],"[0.03961248 0.03348008 0.04557514 0.04169519 0.05830323 0.13013635
 0.1280527  0.1280527  0.1280527 ]","[0.03961248 0.07176634 0.11407072 0.15100971 0.20050858 0.30455148
 0.39360554 0.47125599 0.53896309]",1977.0,1979.0,9
1,crimeviccomp,Iowa,[1971 1972 1973 1974 1975 1976 1977 1978 1979 1980 1981 1982],"[0.03703675 0.02986083 0.03287762 0.05918442 0.09328697 0.0800212
 0.06529508 0.06988539 0.05534293 0.04352281 0.06525395 0.06794685]","[0.03703675 0.06579164 0.09650619 0.14997895 0.22927483 0.29094918
 0.33724671 0.38356348 0.41767888 0.44302314 0.47936808 0.51474338]",1982.0,1982.0,12
1,crimeviccomp,Kansas,"[1971 1972 1973 1974 1975 1976 1977 1978 1979 1980 1981 1982 1983 1984
 1985 1986]","[0.03522003 0.023184   0.02333763 0.01955866 0.04019424 0.03476567
 0.03495438 0.05561958 0.05561958 0.05561958 0.05561958 0.05561958
 0.05561958 0.05561958 0.05561958 0.05561958]","[0.03522003 0.05758749 0.07958117 0.09758333 0.13385528 0.16396738
 0.19319038 0.2380648  0.28044332 0.32046476 0.35826023 0.39395353
 0.42766158 0.45949481 0.48955748 0.51794808]",1978.0,1986.0,16
1,crimeviccomp,Kentucky,[1972 1973 1974 1975 1976 1977 1978 1979 1980 1981 1982 1983],"[0.0207504  0.02278546 0.06942963 0.02872922 0.07264195 0.07264195
 0.07264195 0.07264195 0.07264195 0.07264195 0.07264195 0.07264195]","[0.0207504  0.04306305 0.10950283 0.13508612 0.19791515 0.25618016
 0.31021269 0.36032019 0.40678778 0.44987987 0.48984167 0.52690057]",1976.0,1983.0,12
1,crimeviccomp,Louisiana,"[1971 1972 1973 1974 1975 1976 1977 1978 1979 1980 1981 1982 1983 1984
 1985 1986 1987 1988 1989 1990 1991]","[0.02632641 0.02374319 0.02374319 0.02374319 0.02374319 0.02374319
 0.02374319 0.02374319 0.02374319 0.02374319 0.02374319 0.02374319
 0.02374319 0.02374319 0.02374319 0.02374319 0.02374319 0.02374319
 0.02374319 0.02374319 0.02374319]","[0.02632641 0.04944452 0.07201374 0.09404709 0.1155573  0.13655679
 0.15705769 0.17707182 0.19661076 0.21568578 0.2343079  0.25248788
 0.2702362  0.28756312 0.30447864 0.32099253 0.33711434 0.35285336
 0.36821868 0.38321918 0.39786353]",1972.0,,21
1,crimeviccomp,Maine,"[1971 1972 1973 1974 1975 1976 1977 1978 1979 1980 1981 1982 1983 1984
 1985 1986 1987 1988 1989 1990 1991 1992]","[0.03674638 0.03147816 0.04418888 0.03295486 0.0710693  0.0367264
 0.02579563 0.03468268 0.02353349 0.01546768 0.02076782 0.02821217
 0.02118992 0.0147958  0.01467231 0.01059722 0.0147657  0.02582009
 0.01367087 0.06745476 0.04036369 0.09964409]","[0.03674638 0.06706784 0.10829306 0.13767914 0.19896368 0.22838286
 0.24828721 0.27435863 0.29143551 0.30239536 0.31688308 0.33615529
 0.35022211 0.35983609 0.36922878 0.3759132  0.38512828 0.40100432
 0.40919311 0.44904585 0.47128439 0.52396778]",1992.0,1992.0,22
1,crimeviccomp,Michigan,[1971 1972 1973 1974 1975 1976 1977 1978 1979 1980],"[0.04774722 0.05160397 0.05435665 0.07956563 0.080484   0.07257243
 0.07257243 0.07257243 0.07257243 0.07257243]","[0.04774722 0.09688724 0.14597743 0.21392827 0.27719447 0.32965022
 0.37829913 0.42341747 0.46526146 0.50406873]",1976.0,1980.0,10
1,crimeviccomp,Minnesota,"[1971 1972 1973 1974 1975 1976 1977 1978 1979 1980 1981 1982 1983 1984
 1985 1986 1987 1988 1989]","[0.03234174 0.02077071 0.03005646 0.03811363 0.03811363 0.03811363
 0.03811363 0.03811363 0.03811363 0.03811363 0.03811363 0.03811363
 0.03811363 0.03811363 0.03811363 0.03811363 0.03811363 0.03811363
 0.03811363]","[0.03234174 0.05244069 0.08092097 0.11595041 0.14964475 0.18205487
 0.21322973 0.2432164  0.27206017 0.2998046  0.32649159 0.35216144
 0.37685292 0.40060332 0.4234485  0.44542297 0.46655992 0.48689126
 0.50644769]",1974.0,1989.0,19
1,crimeviccomp,Mississippi,"[1974 1975 1976 1977 1978 1979 1980 1981 1982 1983 1984 1985 1986 1987
 1988 1989 1990]","[0.07129981 0.04265069 0.0560074  0.12009179 0.0783582  0.10660602
 0.12139706 0.11133648 0.10625848 0.09240382 0.16228316 0.15810024
 0.16976803 0.22127609 0.19111341 0.176728   0.16345033]","[0.07129981 0.11090951 0.16070516 0.26149759 0.3193653  0.39192506
 0.46574357 0.5252258  0.57567458 0.61488387 0.67738174 0.72838776
 0.77449883 0.82439685 0.85795697 0.88305995 0.90217384]",1990.0,1981.0,17
1,crimeviccomp,Missouri,[1971 1972 1973 1974 1975 1976 1977 1978 1979 1980 1981 1982 1983 1984],"[0.0340144  0.01434174 0.02661135 0.0200101  0.03081566 0.06348637
 0.07999274 0.06407224 0.06263306 0.0532621  0.06747081 0.06747081
 0.06747081 0.06747081]","[0.0340144  0.04786831 0.07320581 0.09175106 0.11973935 0.1756239
 0.24156801 0.29016245 0.33462174 0.37006119 0.41256367 0.45219847
 0.48915908 0.52362593]",1981.0,1984.0,14
1,crimeviccomp,Montana,[1971 1972 1973 1974 1975 1976 1977 1978 1979 1980 1981 1982 1983 1984],"[0.03831838 0.02484831 0.08081993 0.03667121 0.07095801 0.06850623
 0.07057459 0.04376912 0.04376912 0.04376912 0.04376912 0.04376912
 0.04376912 0.04376912]","[0.03831838 0.06221455 0.1380063  0.16961666 0.22853901 0.28138889
 0.33210457 0.36133777 0.38929146 0.41602164 0.44158186 0.46602333
 0.48939502 0.51174376]",1978.0,1984.0,14
1,crimeviccomp,New Hampshire,"[1971 1972 1973 1974 1975 1976 1977 1978 1979 1980 1981 1982 1983 1984
 1985 1986 1987 1988 1989 1990]","[0.13687765 0.08010939 0.08609815 0.04805395 0.09542918 0.04827316
 0.07476111 0.03093846 0.06056383 0.02339951 0.04420266 0.02525367
 0.07107131 0.04111062 0.06153848 0.05960917 0.06018467 0.0540494
 0.05167412 0.20719351]","[0.13687765 0.20602185 0.2743819  0.30925071 0.37516835 0.40533095
 0.44978906 0.46681174 0.49910366 0.51082439 0.53244725 0.54425468
 0.57664509 0.59404947 0.61903105 0.6417403  0.66330204 0.68150036
 0.69795855 0.76053958]",1990.0,1980.0,20
1,crimeviccomp,New Mexico,[1971 1972 1973 1974 1975 1976 1977 1978 1979 1980 1981 1982],"[0.05693036 0.04050277 0.02863508 0.0234622  0.05219856 0.03176244
 0.02550856 0.01798401 0.07083849 0.09590297 0.11424389 0.11424389]","[0.05693036 0.0951273  0.1210384  0.14166077 0.18646484 0.2123047
 0.23239768 0.24620224 0.29960014 0.36677057 0.43911316 0.50319106]",1981.0,1982.0,12
1,crimeviccomp,North Carolina,[1973 1974 1975 1976 1977 1978 1979 1980 1981 1982 1983],"[0.03322072 0.02415264 0.02009136 0.06397656 0.08913084 0.07276495
 0.0984115  0.09331323 0.08789849 0.08526382 0.11689957]","[0.03322072 0.05657099 0.07552576 0.13467044 0.21179799 0.26915147
 0.34107537 0.40256175 0.45507567 0.501538   0.559808  ]",1983.0,1982.0,11
1,crimeviccomp,North Dakota,[1971 1972 1973 1974 1975 1976 1977 1978],"[0.05341852 0.02498956 0.18505526 0.06076407 0.09689352 0.09689352
 0.09689352 0.09689352]","[0.05341852 0.07707317 0.24786564 0.29356839 0.36201703 0.42383344
 0.47966025 0.53007779]",1975.0,1978.0,8
1,crimeviccomp,Ohio,[1971 1972 1973 1974 1975 1976 1977 1978 1979 1980 1981],"[0.03949902 0.04143233 0.03348239 0.09108401 0.06097191 0.07833888
 0.07833888 0.07833888 0.07833888 0.07833888 0.07833888]","[0.03949902 0.07929481 0.11012222 0.19117586 0.24049141 0.29999046
 0.35482842 0.40537044 0.45195305 0.49488643 0.53445646]",1976.0,1981.0,11
1,crimeviccomp,Oklahoma,[1971 1972 1973 1974 1975 1976 1977 1978 1979 1980 1981 1982 1983 1984],"[0.03129365 0.01780627 0.02119551 0.01814165 0.01621123 0.02025211
 0.02824039 0.02706297 0.06440417 0.06457902 0.11225612 0.11225612
 0.11225612 0.11225612]","[0.03129365 0.0485427  0.06870933 0.08560448 0.10042795 0.11864618
 0.14353595 0.16671441 0.22038148 0.27072848 0.35259367 0.42526899
 0.48978606 0.5470607 ]",1981.0,1984.0,14
1,crimeviccomp,Oregon,[1971 1972 1973 1974 1975 1976 1977 1978 1979],"[0.11622767 0.07584073 0.07211375 0.07966476 0.08665542 0.06782451
 0.06089342 0.06089342 0.06089342]","[0.11622767 0.18325361 0.24215226 0.30252601 0.36296591 0.40617244
 0.44233263 0.47629091 0.50818135]",1977.0,1979.0,9
1,crimeviccomp,Pennsylvania,[1971 1972 1973 1974 1975 1976 1977 1978 1979],"[0.08063846 0.1008441  0.07792572 0.07634875 0.07824992 0.08059112
 0.08059112 0.08059112 0.08059112]","[0.08063846 0.17335064 0.23776789 0.29596336 0.35105417 0.40335344
 0.45143786 0.4956471  0.53629346]",1976.0,1979.0,9
1,crimeviccomp,Rhode Island,[1971 1972 1973 1974 1975 1976 1977 1978 1979 1980],"[0.08866312 0.06990109 0.06990109 0.06990109 0.06990109 0.06990109
 0.06990109 0.06990109 0.06990109 0.06990109]","[0.08866312 0.15236656 0.21161707 0.26672589 0.31798256 0.36565632
 0.40999764 0.45123945 0.48959841 0.52527604]",1972.0,1980.0,10
1,crimeviccomp,South Carolina,"[1971 1972 1973 1974 1975 1976 1977 1978 1979 1980 1981 1982 1983 1984
 1985 1986 1987]","[0.02177396 0.01951989 0.01886141 0.02118223 0.01621119 0.02690073
 0.03036695 0.03208454 0.03834498 0.03863894 0.22224855 0.02891844
 0.02891844 0.02891844 0.02891844 0.02891844 0.02891844]","[0.02177396 0.04086882 0.05895939 0.07889273 0.09382498 0.11820175
 0.14497927 0.17241222 0.20414606 0.23489701 0.40494004 0.42214825
 0.43885882 0.45508615 0.47084421 0.48614657 0.50100641]",1982.0,1987.0,17
1,crimeviccomp,South Dakota,"[1971 1972 1973 1974 1975 1976 1977 1978 1979 1980 1981 1982 1983 1984
 1985 1986 1987 1988 1989 1990 1991]","[0.03281098 0.02532698 0.02925809 0.03204863 0.14028795 0.11929508
 0.14999584 0.07902288 0.06232722 0.06369665 0.07437173 0.08098293
 0.09006359 0.09294396 0.11509981 0.0847418  0.06724399 0.18223939
 0.05942252 0.12248937 0.13207646]","[0.03281098 0.05730696 0.08488836 0.11421643 0.23848119 0.32932664
 0.42992485 0.47497383 0.50769725 0.53905529 0.57333655 0.607889
 0.64320393 0.67636597 0.71361618 0.73788486 0.75551053 0.80006614
 0.81194672 0.83498125 0.85677634]",1991.0,1979.0,21
1,crimeviccomp,Tennessee,"[1971 1972 1973 1974 1975 1976 1977 1978 1979 1980 1981 1982 1983 1984
 1985 1986]","[0.03136634 0.01923668 0.01570633 0.01671103 0.0277577  0.05367184
 0.05367184 0.05367184 0.05367184 0.05367184 0.05367184 0.05367184
 0.05367184 0.05367184 0.05367184 0.05367184]","[0.03136634 0.04999963 0.06492065 0.08054679 0.1060687  0.15404763
 0.19945145 0.24241836 0.28307916 0.32155762 0.35797087 0.39242976
 0.42503917 0.45589837 0.48510131 0.51273687]",1976.0,1986.0,16
1,crimeviccomp,Texas,[1971 1972 1973 1974 1975 1976 1977 1978 1979 1980 1981 1982 1983],"[0.02962288 0.03437024 0.13121852 0.02683791 0.03207224 0.02253221
 0.04882886 0.02254378 0.07059031 0.07059031 0.07059031 0.07059031
 0.07059031]","[0.02962288 0.06297497 0.18593001 0.20777794 0.23318628 0.25046429
 0.28706326 0.30313555 0.35232743 0.39804684 0.44053891 0.48003144
 0.51673619]",1979.0,1983.0,13
1,crimeviccomp,Utah,"[1971 1972 1973 1974 1975 1976 1977 1978 1979 1980 1981 1982 1983 1984
 1985 1986]","[0.0477936  0.03190327 0.03560853 0.03507345 0.04136398 0.02958731
 0.02912518 0.02507295 0.04450743 0.05659464 0.08873926 0.07777861
 0.07993131 0.09257956 0.11564336 0.11963222]","[0.0477936  0.07817209 0.11099702 0.14217742 0.17766038 0.20199119
 0.22523334 0.24465902 0.27827731 0.31912294 0.37954347 0.42780171
 0.47353827 0.52227787 0.57752326 0.62806509]",1986.0,1984.0,16
1,crimeviccomp,Vermont,[1989 1990 1991 1992 1993 1994 1995 1996 1997],"[0.07158068 0.07496252 0.07496252 0.07496252 0.07496252 0.07496252
 0.07496252 0.07496252 0.07496252]","[0.07158068 0.14117733 0.20555684 0.2651103  0.32019949 0.37115905
 0.41829855 0.46190435 0.50224136]",1990.0,1997.0,9
1,crimeviccomp,Virginia,[1972 1973 1974 1975 1976 1977 1978 1979 1980 1981 1982],"[0.04980541 0.04517091 0.04540455 0.06447883 0.0713146  0.0713146
 0.0713146  0.0713146  0.0713146  0.0713146  0.0713146 ]","[0.04980541 0.09272656 0.13392091 0.18976468 0.24754628 0.30120721
 0.35104134 0.39732156 0.44030133 0.48021602 0.5172842 ]",1976.0,1982.0,11
1,crimeviccomp,Washington,"[1971 1972 1973 1974 1975 1976 1977 1978 1979 1980 1981 1982 1983 1984
 1985 1986 1987]","[0.04029383 0.03136928 0.04303095 0.04303095 0.04303095 0.04303095
 0.04303095 0.04303095 0.04303095 0.04303095 0.04303095 0.04303095
 0.04303095 0.04303095 0.04303095 0.04303095 0.04303095]","[0.04029383 0.07039912 0.11040072 0.14868102 0.18531408 0.22037078
 0.25391897 0.28602354 0.31674662 0.34614766 0.37428354 0.40120871
 0.42697527 0.45163307 0.47522981 0.49781117 0.51942083]",1973.0,1987.0,17
1,crimeviccomp,West Virginia,[1971 1972 1973 1974 1975 1976 1977 1978 1979 1980 1981],"[0.08160849 0.04092856 0.04219054 0.07354388 0.05957824 0.1421722
 0.09887868 0.09816763 0.08269186 0.05807502 0.07016957]","[0.08160849 0.11919693 0.15635848 0.21840316 0.26496932 0.36947024
 0.43181619 0.48759345 0.5299653  0.55726257 0.58832927]",1981.0,1979.0,11
1,crimeviccomp,Wisconsin,[1971 1972 1973 1974 1975 1976 1977 1978],"[0.05261077 0.05573354 0.07469662 0.09286169 0.10113653 0.10113653
 0.10113653 0.10113653]","[0.05261077 0.10541213 0.17223482 0.2491025  0.32504566 0.3933082
 0.45466691 0.50982   ]",1975.0,1978.0,8
1,crimeviccomp,Wyoming,"[1971 1972 1973 1974 1975 1976 1977 1978 1979 1980 1981 1982 1983 1984
 1985]","[0.04521126 0.01682134 0.02508612 0.01804573 0.0182781  0.02993411
 0.03775366 0.06012784 0.07273115 0.06515597 0.09358182 0.14253182
 0.08314558 0.09372604 0.09708426]","[0.04521126 0.06127209 0.08482113 0.1013362  0.11776206 0.14417107
 0.17648174 0.22599811 0.28229216 0.32905511 0.39184335 0.47852502
 0.52188337 0.56669535 0.60876241]",1985.0,1983.0,15
1,furlough,Alabama,[1973 1974 1975 1976 1977 1978 1979 1980 1981 1982 1983],"[0.09543942 0.02723913 0.09150234 0.08152789 0.28151382 0.12451579
 0.11965196 0.11006291 0.10056754 0.10982459 0.11321197]","[0.09543942 0.12007886 0.2005937  0.26576761 0.47246418 0.53815072
 0.59341189 0.63816216 0.6745513  0.71029357 0.74309181]",1983.0,1978.0,11
1,furlough,Arkansas,"[1971 1972 1973 1974 1975 1976 1977 1978 1979 1980 1981 1982 1983 1984
 1985 1986 1987 1988 1989 1990 1991 1992 1993 1994 1995 1996 1997]","[0.02671726 0.01588745 0.04422793 0.01912716 0.2303782  0.0515967
 0.09879487 0.06809054 0.12222574 0.04778854 0.10265939 0.06971047
 0.13830312 0.0768095  0.13046929 0.08823547 0.14294566 0.10716584
 0.12401522 0.04169321 0.09564659 0.07067587 0.10992158 0.06704657
 0.1401101  0.11066361 0.21465214]","[0.02671726 0.04218024 0.08454263 0.10205273 0.3089202  0.34457764
 0.40933001 0.44954904 0.51682832 0.53991839 0.58715008 0.61593005
 0.66904812 0.69446837 0.73433086 0.7577723  0.7923977  0.81464558
 0.83763235 0.84440197 0.8592844  0.86922959 0.88360408 0.89140803
 0.90662286 0.91695631 0.93478182]",1997.0,1979.0,27
1,furlough,Delaware,[1971 1972 1973 1974 1975 1976 1977 1978 1979 1980 1981],"[0.06873276 0.04565315 0.08309488 0.0727059  0.06881491 0.06037678
 0.06037678 0.06037678 0.06037678 0.06037678 0.06037678]","[0.06873276 0.11124804 0.18509878 0.24434691 0.29634711 0.3388314
 0.37875063 0.41625967 0.45150403 0.48462045 0.51573741]",1976.0,1981.0,11
1,furlough,Georgia,"[1971 1972 1973 1974 1975 1976 1977 1978 1979 1980 1981 1982 1983 1984
 1985 1986 1987 1988 1989 1990 1991]","[0.03453861 0.07266341 0.05959918 0.03832514 0.0690918  0.05799646
 0.12784011 0.15756939 0.14536952 0.20858658 0.18314613 0.15611832
 0.16886692 0.19545007 0.20111377 0.22450102 0.16867151 0.13044478
 0.10655081 0.12216973 0.10959604]","[0.03453861 0.10469233 0.15805193 0.19031971 0.24626197 0.28997611
 0.38074564 0.47832118 0.55415738 0.64715416 0.71177651 0.75677348
 0.79784639 0.83735733 0.87006701 0.8992371  0.91623293 0.92715991
 0.93492108 0.94287175 0.94913278]",1991.0,1979.0,21
1,furlough,Illinois,"[1971 1972 1973 1974 1975 1976 1977 1978 1979 1980 1981 1982 1983 1984
 1985 1986 1987 1988 1989 1990 1991]","[0.02665075 0.02564385 0.02943794 0.03613155 0.05408658 0.03760792
 0.03999414 0.02867326 0.03456528 0.03660583 0.05248019 0.07540226
 0.09571948 0.09727994 0.06168187 0.06995573 0.10923834 0.12805545
 0.13226031 0.07757634 0.0915303 ]","[0.02665075 0.05161117 0.07952978 0.1127878  0.16077407 0.19233561
 0.22463746 0.24686963 0.27290179 0.29951782 0.33627926 0.3863253
 0.44506593 0.49904988 0.52994942 0.56283215 0.61058764 0.66045401
 0.70536247 0.72821937 0.75309554]",1991.0,1985.0,21
1,furlough,Indiana,"[1971 1972 1973 1974 1975 1976 1977 1978 1979 1980 1981 1982 1983 1984
 1985]","[0.03705061 0.02876157 0.03618594 0.03534757 0.05937679 0.06763482
 0.07325771 0.04961565 0.04677649 0.04677649 0.04677649 0.04677649
 0.04677649 0.04677649 0.04677649]","[0.03705061 0.06474655 0.09858958 0.13045224 0.1820832  0.23740286
 0.29326898 0.3283339  0.35975208 0.38970063 0.41824829 0.4454606
 0.4714     0.49612606 0.51969551]",1979.0,1985.0,15
1,furlough,Iowa,[1971 1972 1973 1974 1975 1976 1977 1978 1979 1980 1981 1982 1983],"[0.04158818 0.03683152 0.04285399 0.04793917 0.06634858 0.06299102
 0.05553469 0.04837192 0.05720879 0.04850969 0.06063457 0.06766191
 0.15783598]","[0.04158818 0.07688794 0.11644698 0.15880378 0.21461595 0.26408809
 0.30495673 0.33857731 0.3764165  0.40666635 0.44264288 0.48035472
 0.56237344]",1983.0,1983.0,13
1,furlough,Kansas,"[1971 1972 1973 1974 1975 1976 1977 1978 1979 1980 1981 1982 1983 1984
 1985 1986 1987 1988]","[0.05538522 0.05437023 0.0502525  0.04292332 0.07524288 0.06163612
 0.0688123  0.05457705 0.05602523 0.06037645 0.0648949  0.06643102
 0.09634378 0.09849737 0.1083765  0.10487567 0.06658314 0.05847093]","[0.05538522 0.10674415 0.15163249 0.18804724 0.2491409  0.29542095
 0.34390465 0.3797124  0.41446415 0.44981673 0.48552081 0.51969819
 0.56597229 0.60872288 0.65112812 0.68771629 0.70850912 0.72555286]",1988.0,1982.0,18
1,furlough,Kentucky,[1972 1973 1974 1975 1976 1977 1978 1979 1980 1981 1982],"[0.05298867 0.02932856 0.07699153 0.04165261 0.06138969 0.04266398
 0.07861917 0.06699535 0.08789704 0.04087654 0.09426612]","[0.05298867 0.08076315 0.1515366  0.18687731 0.23679466 0.26935604
 0.32679866 0.37190002 0.42710815 0.45052599 0.50232277]",1982.0,1982.0,11
1,furlough,Louisiana,"[1971 1972 1973 1974 1975 1976 1977 1978 1979 1980 1981 1982 1983 1984
 1985 1986 1987 1988 1989 1990]","[0.01698684 0.01820753 0.02990053 0.01469515 0.01778423 0.01400382
 0.03795615 0.04116784 0.04116784 0.04116784 0.04116784 0.04116784
 0.04116784 0.04116784 0.04116784 0.04116784 0.04116784 0.04116784
 0.04116784 0.04116784]","[0.01698684 0.03488508 0.06374253 0.07750097 0.0939069  0.10659567
 0.14050586 0.17588938 0.20981623 0.2423464  0.27353736 0.30344426
 0.33211996 0.35961514 0.3859784  0.41125634 0.43549365 0.45873316
 0.48101595 0.5023814 ]",1978.0,1990.0,20
1,furlough,Maine,[1971 1972 1973 1974 1975 1976 1977 1978 1979 1980 1981 1982 1983],"[0.0845153  0.05555116 0.07554349 0.09521684 0.14696888 0.12488545
 0.07203294 0.06940402 0.0671555  0.06273702 0.05167282 0.07344178
 0.07185683]","[0.0845153  0.13537154 0.20068859 0.2767965  0.3830849  0.46012862
 0.49901714 0.53378737 0.56509611 0.59238068 0.61344352 0.64183292
 0.66756967]",1983.0,1978.0,13
1,furlough,Maryland,"[1973 1974 1975 1976 1977 1978 1979 1980 1981 1982 1983 1984 1985 1986
 1987 1988 1989 1990 1991]","[0.05412627 0.06524061 0.06973916 0.12569829 0.07592676 0.03441507
 0.04093498 0.03637047 0.03865527 0.05556405 0.04884978 0.03874565
 0.03348779 0.03123179 0.06078746 0.0891465  0.07598612 0.09009834
 0.07808762]","[0.05412627 0.11583565 0.17749653 0.28088381 0.33548397 0.35835334
 0.38461913 0.40700082 0.42992337 0.46159913 0.4878999  0.50774155
 0.5242262  0.53908547 0.56710329 0.60569451 0.63565626 0.66848303
 0.6943704 ]",1991.0,1984.0,19
1,furlough,Michigan,"[1971 1972 1973 1974 1975 1976 1977 1978 1979 1980 1981 1982 1983 1984
 1985 1986 1987 1988]","[0.03358369 0.02863905 0.04456393 0.08830962 0.07174534 0.05165917
 0.05724479 0.03205409 0.04876546 0.04018669 0.04685807 0.05864049
 0.06525357 0.06035816 0.05132722 0.0437924  0.08867579 0.12687344]","[0.03358369 0.06126093 0.10309483 0.18230018 0.24096633 0.28017738
 0.32138348 0.34313591 0.37516819 0.40027811 0.42837992 0.4619
 0.49701295 0.52737232 0.55163099 0.57126614 0.60928446 0.65885588]",1988.0,1984.0,18
1,furlough,Minnesota,"[1971 1972 1973 1974 1975 1976 1977 1978 1979 1980 1981 1982 1983 1984
 1985]","[0.03366744 0.01816354 0.03784521 0.04266171 0.09968198 0.07268444
 0.05887012 0.03978101 0.03978101 0.03978101 0.03978101 0.03978101
 0.03978101 0.03978101 0.03978101]","[0.03366744 0.05121946 0.08712626 0.12607101 0.21318599 0.27037512
 0.31332822 0.34064472 0.36687454 0.3920609  0.41624533 0.43946768
 0.46176622 0.4831777  0.50373741]",1978.0,1985.0,15
1,furlough,Mississippi,[1974 1975 1976 1977 1978 1979 1980 1981 1982],"[0.04607817 0.04325117 0.03901109 0.06856491 0.12459899 0.10251493
 0.10770899 0.10692899 0.0974089 ]","[0.04607817 0.08733641 0.12294041 0.18307593 0.28486384 0.35817598
 0.42730619 0.48854376 0.53836415]",1982.0,1982.0,9
1,furlough,Missouri,[1971 1972 1973 1974 1975 1976 1977 1978 1979 1980 1981 1982 1983 1984],"[0.023556   0.04059934 0.03924858 0.0311414  0.04225131 0.03351459
 0.09174812 0.04586565 0.04938438 0.04408219 0.05077469 0.06130415
 0.06130415 0.06130415]","[0.023556   0.06319898 0.09996709 0.12799538 0.16483871 0.1928288
 0.26688524 0.30051002 0.3350539  0.36436618 0.39664029 0.43362875
 0.46834966 0.50094203]",1982.0,1984.0,14
1,furlough,Nevada,[1971 1972 1973 1974 1975 1976 1977 1978 1979],"[0.07304124 0.05088838 0.08278669 0.05090943 0.08112279 0.0532262
 0.09355018 0.09355018 0.09355018]","[0.07304124 0.12021267 0.19304736 0.23412886 0.29625846 0.33371595
 0.39604695 0.45254687 0.50376121]",1977.0,1979.0,9
1,furlough,New Hampshire,[1971 1972 1973 1974 1975],[0.12988806 0.12988806 0.12988806 0.12988806 0.12988806],[0.12988806 0.24290521 0.34124278 0.42680748 0.50125834],1971.0,1975.0,5
1,furlough,New York,[1971 1972 1973 1974 1975 1976 1977 1978 1979 1980],"[0.06726945 0.07346292 0.07346292 0.07346292 0.07346292 0.07346292
 0.07346292 0.07346292 0.07346292 0.07346292]","[0.06726945 0.13579056 0.19927791 0.2581013  0.31260335 0.36310151
 0.40988994 0.45324115 0.49340765 0.53062341]",1972.0,1980.0,10
1,furlough,North Carolina,[1973 1974 1975 1976 1977 1978 1979 1980 1981],"[0.05847027 0.0552112  0.05788166 0.04702357 0.105104   0.105104
 0.105104   0.105104   0.105104  ]","[0.05847027 0.11045326 0.1619417  0.20135019 0.28529149 0.36041021
 0.42763366 0.48779166 0.5416268 ]",1977.0,1981.0,9
1,furlough,North Dakota,[1971 1972 1973 1974 1975 1976 1977 1978 1979],"[0.14906004 0.10350288 0.26422588 0.06106234 0.09505198 0.06214367
 0.18231087 0.0524653  0.086781  ]","[0.14906004 0.23713478 0.43870351 0.47297759 0.52307211 0.55271016
 0.63425596 0.65344483 0.68351923]",1979.0,1975.0,9
1,furlough,Oklahoma,"[1971 1972 1973 1974 1975 1976 1977 1978 1979 1980 1981 1982 1983 1984
 1985 1986 1987 1988 1989 1990 1991 1992 1993 1994 1995 1996 1997]","[0.03849426 0.03945529 0.05313694 0.03211558 0.03613526 0.03480989
 0.07389025 0.0720937  0.05142599 0.05550272 0.06244551 0.07372492
 0.08929499 0.07921073 0.10224005 0.08898554 0.05745293 0.06430164
 0.04448466 0.04481405 0.04378099 0.08969254 0.06832397 0.05512767
 0.08326683 0.18747727 0.09403923]","[0.03849426 0.07643074 0.12550639 0.15359127 0.18417646 0.21257519
 0.27075821 0.32333195 0.35813027 0.39375579 0.43161302 0.4735173
 0.52052957 0.55850878 0.60364686 0.63891656 0.65966186 0.68154617
 0.69571248 0.70934883 0.72207383 0.74700173 0.76428758 0.77728185
 0.79582689 0.83410471 0.84970537]",,1983.0,27
1,furlough,Oregon,[1971 1972 1973 1974 1975 1976 1977 1978 1979],"[0.0906555  0.06508935 0.07398068 0.07398068 0.07398068 0.07398068
 0.07398068 0.07398068 0.07398068]","[0.0906555  0.14984415 0.21273925 0.27098134 0.32491464 0.37485791
 0.42110635 0.4639333  0.50359188]",1973.0,1979.0,9
1,furlough,Pennsylvania,"[1971 1972 1973 1974 1975 1976 1977 1978 1979 1980 1981 1982 1983 1984
 1985 1986 1987 1988 1989 1990 1991 1992 1993 1994 1995 1996 1997]","[0.03589213 0.05453873 0.05932149 0.06743838 0.06927065 0.06511241
 0.06102225 0.047378   0.05013644 0.05648365 0.05302388 0.05130265
 0.06145085 0.06019784 0.0473302  0.04151129 0.08396686 0.13523996
 0.08790829 0.05874506 0.08231535 0.07957713 0.09615764 0.12643013
 0.19599109 0.17479901 0.10861723]","[0.03589213 0.08847335 0.14254647 0.20037175 0.25576251 0.30422161
 0.34667957 0.37763259 0.40883587 0.44222698 0.47180227 0.49890022
 0.52969322 0.55800468 0.5789244  0.59640379 0.6302925  0.68029173
 0.70839674 0.72552699 0.74812033 0.76816419 0.79045698 0.81694953
 0.85282579 0.8785517  0.89174307]",,1983.0,27
1,furlough,Rhode Island,[1971 1972 1973 1974 1975 1976 1977 1978],"[0.06626909 0.06194698 0.07620584 0.09372169 0.07993409 0.09867107
 0.09867107 0.09867107]","[0.06626909 0.1241109  0.19085876 0.26669284 0.32530908 0.39188156
 0.45188526 0.50596832]",1976.0,1978.0,8
1,furlough,South Carolina,[1971 1972 1973 1974 1975 1976 1977 1978 1979 1980 1981 1982],"[0.01611128 0.01501601 0.01877792 0.01352998 0.01623838 0.01384412
 0.11043131 0.0883095  0.09759668 0.12692771 0.12692771 0.12692771]","[0.01611128 0.03088536 0.04908331 0.0619492  0.07718162 0.08995723
 0.19045444 0.26194501 0.33397673 0.41851353 0.49232028 0.5567589 ]",1980.0,1982.0,12
1,furlough,Tennessee,"[1971 1972 1973 1974 1975 1976 1977 1978 1979 1980 1981 1982 1983 1984
 1985 1986 1987 1988 1989 1990 1991]","[0.01920734 0.02022365 0.02022365 0.02022365 0.02022365 0.02022365
 0.02022365 0.02022365 0.02022365 0.02022365 0.02022365 0.02022365
 0.02022365 0.02022365 0.02022365 0.02022365 0.02022365 0.02022365
 0.02022365 0.02022365 0.02022365]","[0.01920734 0.03904254 0.05847661 0.07751764 0.0961736  0.11445227
 0.13236127 0.14990809 0.16710005 0.18394432 0.20044794 0.2166178
 0.23246065 0.24798309 0.26319162 0.27809257 0.29269217 0.30699651
 0.32101157 0.33474319 0.34819711]",1972.0,,21
1,furlough,Texas,"[1971 1972 1973 1974 1975 1976 1977 1978 1979 1980 1981 1982 1983 1984
 1985 1986 1987 1988 1989 1990 1991 1992 1993 1994 1995]","[0.0540165  0.03645682 0.22541823 0.01909906 0.03627841 0.01711713
 0.05364761 0.05391265 0.06754203 0.04948383 0.07765244 0.04014736
 0.09059637 0.05763719 0.10957943 0.1024255  0.07650021 0.04521217
 0.04682398 0.02717928 0.03614886 0.05658946 0.10510121 0.05568452
 0.16569752]","[0.0540165  0.08850405 0.29397186 0.30745633 0.33258071 0.34400501
 0.37919757 0.41266668 0.45233636 0.47943686 0.51985986 0.53913621
 0.5808888  0.60504519 0.64832411 0.68434469 0.70849239 0.72167208
 0.7347045  0.74191504 0.75124451 0.76532145 0.78998645 0.80168096
 0.83454193]",1995.0,1981.0,25
1,furlough,Utah,[1971 1972 1973 1974 1975 1976 1977 1978 1979 1980],"[0.0571332  0.05840141 0.05511569 0.05144067 0.07181831 0.03986236
 0.07475056 0.0975207  0.09744904 0.10634913]","[0.0571332  0.11219795 0.16112978 0.20428182 0.26142895 0.29087014
 0.34387799 0.40786347 0.46556661 0.52240314]",1980.0,1980.0,10
1,furlough,Vermont,[1989 1990 1991 1992 1993],[0.15112111 0.15112111 0.15112111 0.15112111 0.15112111],[0.15112111 0.27940462 0.38830179 0.4807423  0.5592131 ],1989.0,1993.0,5
1,furlough,Virginia,"[1972 1973 1974 1975 1976 1977 1978 1979 1980 1981 1982 1983 1984 1985
 1986 1987 1988 1989 1990]","[0.03776435 0.03776435 0.03776435 0.03776435 0.03776435 0.03776435
 0.03776435 0.03776435 0.03776435 0.03776435 0.03776435 0.03776435
 0.03776435 0.03776435 0.03776435 0.03776435 0.03776435 0.03776435
 0.03776435]","[0.03776435 0.07410255 0.10906847 0.14271391 0.17508877 0.206241
 0.23621679 0.26506057 0.29281508 0.31952146 0.34521928 0.36994665
 0.39374021 0.41663521 0.4386656  0.45986403 0.48026192 0.49988949
 0.51877583]",1972.0,1990.0,19
1,furlough,Washington,[1971 1972 1973 1974 1975 1976 1977 1978 1979 1980 1981],"[0.04842639 0.02493631 0.07426211 0.07426211 0.07426211 0.07426211
 0.07426211 0.07426211 0.07426211 0.07426211 0.07426211]","[0.04842639 0.07215513 0.14105885 0.20484563 0.26389547 0.31856014
 0.3691653  0.41601242 0.45938057 0.49952811 0.5366942 ]",1973.0,1981.0,11
1,furlough,West Virginia,"[1971 1972 1973 1974 1975 1976 1977 1978 1979 1980 1981 1982 1983 1984
 1985 1986 1987 1988]","[0.05037841 0.04705277 0.04214187 0.05803448 0.07768987 0.13028279
 0.09278281 0.08382531 0.06805336 0.05507741 0.06437154 0.07161673
 0.07051992 0.07001701 0.08169623 0.11020367 0.11408602 0.09923752]","[0.05037841 0.09506074 0.13319657 0.18350106 0.24693475 0.34504619
 0.40581464 0.45562242 0.49266914 0.52061161 0.55147058 0.58359279
 0.61295779 0.64005733 0.66946329 0.70588965 0.73944353 0.7653005 ]",1988.0,1980.0,18
1,furlough,Wisconsin,"[1971 1972 1973 1974 1975 1976 1977 1978 1979 1980 1981 1982 1983 1984
 1985 1986 1987]","[0.03844195 0.02175023 0.04490276 0.04727624 0.05216421 0.04132619
 0.0384244  0.02889731 0.03282287 0.03293597 0.0495494  0.0495494
 0.0495494  0.0495494  0.0495494  0.0495494  0.0495494 ]","[0.03844195 0.05935606 0.10159357 0.14406685 0.18871593 0.22224321
 0.25212804 0.27373953 0.29757748 0.32071245 0.35437074 0.38636128
 0.41676671 0.44566556 0.4731325  0.49923847 0.5240509 ]",1981.0,1987.0,17
1,furlough,Wyoming,[1971 1972 1973 1974 1975 1976 1977 1978 1979 1980 1981 1982 1983 1984],"[0.11573525 0.09091244 0.10850574 0.06752256 0.0658914  0.05944809
 0.0921449  0.07020925 0.10041089 0.13401911 0.14803248 0.19394342
 0.1112428  0.13470033]","[0.11573525 0.19612591 0.28335087 0.33174085 0.37577338 0.41288246
 0.46698235 0.50440512 0.55416824 0.61391822 0.67107086 0.7348645
 0.76435892 0.79609985]",1984.0,1978.0,14
1,gayhate,Alabama,"[1989 1990 1991 1992 1993 1994 1995 1996 1997 1998 1999 2000 2001 2002
 2003 2004 2005]","[0.00685669 0.00778518 0.05692125 0.0748867  0.05510782 0.08629397
 0.06514257 0.04753087 0.03343072 0.07524655 0.08306869 0.04266365
 0.07514225 0.07202955 0.06767835 0.06405513 0.05228422]","[0.00685669 0.01458849 0.07067935 0.14027311 0.18765078 0.25775163
 0.30610359 0.3390851  0.36117996 0.40924896 0.45832187 0.48143184
 0.52039822 0.55494372 0.5850644  0.61164315 0.63194808]",,2001.0,17
1,gayhate,Arizona,"[1989 1990 1991 1992 1993 1994 1995 1996 1997 1998 1999 2000 2001 2002
 2003]","[0.00888272 0.02634899 0.05438977 0.05728843 0.05389356 0.0430127
 0.08065116 0.05856441 0.04467615 0.04467615 0.04467615 0.04467615
 0.04467615 0.04467615 0.04467615]","[0.00888272 0.03499767 0.08748392 0.13976053 0.1861219  0.22112899
 0.28394584 0.32588113 0.35599817 0.38476969 0.41225581 0.43851396
 0.463599   0.48756333 0.51045703]",1997.0,2003.0,15
1,gayhate,Arkansas,"[1989 1990 1991 1992 1993 1994 1995 1996 1997 1998 1999 2000 2001 2002
 2003 2004 2005]","[0.05302833 0.01526529 0.01890847 0.01307549 0.03042926 0.02757796
 0.03999153 0.00898705 0.04152714 0.02868809 0.07152384 0.02930928
 0.16882629 0.12656429 0.19177872 0.14738111 0.18988637]","[0.05302833 0.06748413 0.08511658 0.09707913 0.12455435 0.14869735
 0.18274225 0.19008698 0.22372035 0.24599034 0.29992    0.32043884
 0.43516663 0.50665437 0.60126756 0.66003319 0.72458825]",,2002.0,17
1,gayhate,California,[1989 1990 1991 1992 1993 1994 1995],"[0.09480227 0.10652834 0.10459643 0.10459643 0.10459643 0.10459643
 0.10459643]","[0.09480227 0.19123148 0.27582578 0.35157182 0.41939509 0.48012429
 0.53450143]",1991.0,1995.0,7
1,gayhate,Colorado,"[1989 1990 1991 1992 1993 1994 1995 1996 1997 1998 1999 2000 2001 2002
 2003 2004 2005]","[0.00792722 0.01233357 0.01899637 0.03058513 0.0335661  0.05113369
 0.04370793 0.02463315 0.04671167 0.07116733 0.0723239  0.07433327
 0.10017824 0.12179408 0.14716338 0.11764226 0.1081399 ]","[0.00792722 0.02016302 0.03877636 0.06817551 0.09945322 0.1455015
 0.18284986 0.20297884 0.24020903 0.29428133 0.34532166 0.39398604
 0.45469545 0.52111031 0.59158534 0.63963216 0.6786023 ]",2005.0,2002.0,17
1,gayhate,Connecticut,"[1989 1990 1991 1992 1993 1994 1995 1996 1997 1998 1999 2000 2001 2002
 2003 2004 2005 2006 2007 2008 2009]","[0.01956037 0.03183739 0.03183739 0.03183739 0.03183739 0.03183739
 0.03183739 0.03183739 0.03183739 0.03183739 0.03183739 0.03183739
 0.03183739 0.03183739 0.03183739 0.03183739 0.03183739 0.03183739
 0.03183739 0.03183739 0.03183739]","[0.01956037 0.05077501 0.08099586 0.11025456 0.13858173 0.16600704
 0.1925592  0.21826601 0.24315439 0.26725038 0.29057921 0.31316532
 0.33503235 0.35620318 0.3767     0.39654424 0.4157567  0.43435748
 0.45236607 0.4698013  0.48668145]",1990.0,,21
1,gayhate,Delaware,[1989 1990 1991 1992 1993 1994 1995 1996 1997 1998 1999],"[0.01309721 0.08345727 0.07286254 0.08763274 0.09004577 0.0811141
 0.06924711 0.03926379 0.0455848  0.0455848  0.0455848 ]","[0.01309721 0.09546142 0.1613684  0.23485999 0.30375761 0.36023268
 0.40453472 0.42791494 0.45399333 0.47888293 0.50263795]",1997.0,1999.0,11
1,gayhate,Florida,"[1989 1990 1991 1992 1993 1994 1995 1996 1997 1998 1999 2000 2001 2002
 2003 2004 2005 2006 2007 2008 2009 2010]","[0.02571804 0.02024075 0.03324495 0.03324495 0.03324495 0.03324495
 0.03324495 0.03324495 0.03324495 0.03324495 0.03324495 0.03324495
 0.03324495 0.03324495 0.03324495 0.03324495 0.03324495 0.03324495
 0.03324495 0.03324495 0.03324495 0.03324495]","[0.02571804 0.04543824 0.07717259 0.10785194 0.13751135 0.16618474
 0.19390488 0.22070347 0.24661114 0.27165751 0.29587122 0.31927994
 0.34191044 0.36378859 0.3849394  0.40538706 0.42515494 0.44426563
 0.46274099 0.48060213 0.49786949 0.51456279]",1991.0,2010.0,22
1,gayhate,Georgia,"[1989 1990 1991 1992 1993 1994 1995 1996 1997 1998 1999 2000 2001 2002
 2003 2004 2005]","[0.01247672 0.01117469 0.05489184 0.06635613 0.06208359 0.04943214
 0.06173338 0.02475342 0.02922079 0.07613472 0.07911478 0.04333495
 0.10044263 0.10401961 0.10463089 0.06838948 0.0820619 ]","[0.01247672 0.02351198 0.07711321 0.1383524  0.19184658 0.23179533
 0.2792192  0.29706099 0.31760143 0.36955565 0.41943312 0.44459196
 0.5003786  0.55234903 0.59918715 0.62659853 0.65724056]",,2001.0,17
1,gayhate,Idaho,"[1989 1990 1991 1992 1993 1994 1995 1996 1997 1998 1999 2000 2001 2002
 2003 2004 2005]","[0.01388927 0.01294798 0.03274598 0.04951112 0.07402063 0.12711845
 0.10633842 0.0913237  0.14835832 0.09814243 0.11243821 0.08558911
 0.11007804 0.10465136 0.07982533 0.05644984 0.06807716]","[0.01388927 0.02665741 0.05853046 0.10514368 0.1713815  0.2767142
 0.35362727 0.41265642 0.49979372 0.54888518 0.59960772 0.63387694
 0.67417905 0.70827665 0.73156357 0.74671676 0.76395956]",,1998.0,17
1,gayhate,Illinois,[1989 1990 1991 1992 1993 1994 1995 1996],"[0.0150124  0.04883314 0.07604968 0.11295546 0.11295546 0.11295546
 0.11295546 0.11295546]","[0.0150124  0.06311243 0.13436243 0.23214092 0.3188748  0.39581162
 0.464058   0.52459557]",1992.0,1996.0,8
1,gayhate,Indiana,"[1989 1990 1991 1992 1993 1994 1995 1996 1997 1998 1999 2000 2001 2002
 2003 2004 2005]","[0.01073845 0.01201634 0.01973634 0.07048435 0.07805827 0.07515022
 0.06331978 0.03085852 0.02570798 0.10913085 0.10192325 0.06994152
 0.12733118 0.11627732 0.11328473 0.08561497 0.09089392]","[0.01073845 0.02262575 0.04191554 0.1094455  0.17896065 0.24066193
 0.28874305 0.31069138 0.32841212 0.40170308 0.46268344 0.50026418
 0.56389614 0.61460512 0.65826448 0.68752216 0.71592449]",,2000.0,17
1,gayhate,Iowa,"[1989 1990 1991 1992 1993 1994 1995 1996 1997 1998 1999 2000 2001 2002
 2003 2004 2005 2006 2007 2008 2009]","[0.01875363 0.01900808 0.01900808 0.01900808 0.01900808 0.01900808
 0.01900808 0.01900808 0.01900808 0.01900808 0.01900808 0.01900808
 0.01900808 0.01900808 0.01900808 0.01900808 0.01900808 0.01900808
 0.01900808 0.01900808 0.01900808]","[0.01875363 0.03740524 0.05570231 0.0736516  0.0912597  0.10853311
 0.12547818 0.14210116 0.15840817 0.17440521 0.19009818 0.20549286
 0.22059491 0.23540991 0.2499433  0.26420043 0.27818657 0.29190685
 0.30536635 0.31857    0.33152267]",1990.0,,21
1,gayhate,Kansas,"[1989 1990 1991 1992 1993 1994 1995 1996 1997 1998 1999 2000 2001 2002
 2003 2004]","[0.0096187  0.00901703 0.01741483 0.02877387 0.03838951 0.03456947
 0.0298259  0.01608978 0.0248379  0.06057719 0.09052097 0.08602015
 0.06599405 0.06599405 0.06599405 0.06599405]","[0.0096187  0.018549   0.03564081 0.06338915 0.09934518 0.13048034
 0.15641454 0.16998765 0.19060341 0.23963439 0.30846342 0.3679495
 0.40966108 0.44861994 0.48500774 0.51899417]",2001.0,2004.0,16
1,gayhate,Kentucky,"[1989 1990 1991 1992 1993 1994 1995 1996 1997 1998 1999 2000 2001 2002
 2003 2004 2005 2006 2007]","[0.00479778 0.00567411 0.00906796 0.05231737 0.02405416 0.04971594
 0.02594617 0.01740357 0.01302213 0.05008646 0.05008646 0.05008646
 0.05008646 0.05008646 0.05008646 0.05008646 0.05008646 0.05008646
 0.05008646]","[0.00479778 0.01044467 0.01941792 0.07071939 0.09307246 0.13816122
 0.16052263 0.17513253 0.18587406 0.22665075 0.26538508 0.30217934
 0.33713071 0.37033149 0.40186936 0.4318276  0.46028535 0.48731775
 0.51299619]",1998.0,2007.0,19
1,gayhate,Louisiana,"[1989 1990 1991 1992 1993 1994 1995 1996 1997 1998 1999 2000 2001 2002
 2003 2004 2005 2006 2007 2008 2009 2010 2011 2012 2013 2014 2015 2016]","[0.00755607 0.00863384 0.01756132 0.07564266 0.03766557 0.04945296
 0.03125687 0.0127531  0.01366282 0.01366282 0.01366282 0.01366282
 0.01366282 0.01366282 0.01366282 0.01366282 0.01366282 0.01366282
 0.01366282 0.01366282 0.01366282 0.01366282 0.01366282 0.01366282
 0.01366282 0.01366282 0.01366282 0.01366282]","[0.00755607 0.01612467 0.03340281 0.1065188  0.14017228 0.1826933
 0.20823975 0.21833715 0.22901686 0.23955067 0.24994055 0.26018847
 0.27029638 0.28026619 0.29009978 0.29979902 0.30936574 0.31880175
 0.32810884 0.33728877 0.34634327 0.35527406 0.36408284 0.37277126
 0.38134097 0.38979359 0.39813073 0.40635396]",1997.0,,28
1,gayhate,Maine,[1989 1990 1991 1992 1993 1994 1995],"[0.01378482 0.15981382 0.19279115 0.20925175 0.16285711 0.18772387
 0.30430855]","[0.01378482 0.17139563 0.33114322 0.47110267 0.55723737 0.64035448
 0.74979769]",1995.0,1993.0,7
1,gayhate,Maryland,"[1989 1990 1991 1992 1993 1994 1995 1996 1997 1998 1999 2000 2001 2002
 2003 2004 2005]","[0.01595889 0.03608797 0.03530493 0.0328719  0.05361457 0.06768571
 0.04631645 0.04331369 0.05989895 0.03229642 0.03264519 0.06343321
 0.09141643 0.13471932 0.13229368 0.10109929 0.1162419 ]","[0.01595889 0.05147093 0.08495869 0.11503783 0.16248469 0.21917251
 0.25533767 0.28759174 0.33026425 0.35189432 0.37305185 0.41282119
 0.46649897 0.53837187 0.59944235 0.63993844 0.68179268]",2005.0,2002.0,17
1,gayhate,Massachusetts,[1989 1990 1991 1992 1993 1994 1995 1996],"[0.02130576 0.20075329 0.19684193 0.2170114  0.2007199  0.13619411
 0.13034653 0.14912449]","[0.02130576 0.21778185 0.37175518 0.50809146 0.6068273  0.6603751
 0.70464403 0.74868884]",1996.0,1992.0,8
1,gayhate,Michigan,"[1989 1990 1991 1992 1993 1994 1995 1996 1997 1998 1999 2000 2001 2002
 2003 2004 2005]","[0.01741221 0.01922219 0.02296251 0.1488882  0.15325038 0.13904486
 0.14180352 0.08600139 0.1279503  0.06437898 0.09925336 0.13660299
 0.13745454 0.13112111 0.13312693 0.11808743 0.13597528]","[0.01741221 0.0362997  0.05842867 0.19861753 0.3214297  0.41578141
 0.49862566 0.54174456 0.60037848 0.6261057  0.66321597 0.70922167
 0.74919047 0.7820769  0.81108833 0.83339642 0.85605039]",,1996.0,17
1,gayhate,Minnesota,"[1989 1990 1991 1992 1993 1994 1995 1996 1997 1998 1999 2000 2001 2002
 2003 2004 2005 2006 2007 2008]","[0.01415873 0.01415873 0.01415873 0.01415873 0.01415873 0.01415873
 0.01415873 0.01415873 0.01415873 0.01415873 0.01415873 0.01415873
 0.01415873 0.01415873 0.01415873 0.01415873 0.01415873 0.01415873
 0.01415873 0.01415873]","[0.01415873 0.02811699 0.04187762 0.05544341 0.06881713 0.0820015
 0.09499919 0.10781285 0.12044509 0.13289847 0.14517552 0.15727875
 0.16921061 0.18097353 0.19256991 0.20400209 0.21527241 0.22638316
 0.23733659 0.24813493]",1989.0,,20
1,gayhate,Mississippi,"[1989 1990 1991 1992 1993 1994 1995 1996 1997 1998 1999 2000 2001 2002
 2003 2004 2005]","[0.00609043 0.00702327 0.01020634 0.02287251 0.01831197 0.02794405
 0.0305361  0.0141415  0.03356156 0.07112814 0.07028698 0.03027291
 0.06870891 0.09455289 0.10598041 0.07250779 0.08899874]","[0.00609043 0.01307092 0.02314385 0.04548701 0.06296602 0.08915055
 0.11696434 0.12945179 0.15866875 0.21851108 0.27343957 0.29543467
 0.34384459 0.40588597 0.46885042 0.5073629  0.55120699]",,2004.0,17
1,gayhate,Missouri,[1989 1990 1991 1992 1993 1994 1995 1996 1997 1998 1999 2000],"[0.01142367 0.01476472 0.03036569 0.05828363 0.0668234  0.07573491
 0.08477595 0.03649414 0.06161191 0.09677061 0.10410454 0.10410454]","[0.01142367 0.02601972 0.0555953  0.11063864 0.17006879 0.23292355
 0.29795319 0.32357378 0.3652497  0.42667487 0.48636062 0.53983282]",1999.0,2000.0,12
1,gayhate,Montana,"[1989 1990 1991 1992 1993 1994 1995 1996 1997 1998 1999 2000 2001 2002
 2003 2004 2005 2006 2007]","[0.00997226 0.00628232 0.02224262 0.07333272 0.03217536 0.02528618
 0.0437281  0.01832375 0.01487202 0.06066074 0.04343085 0.02985343
 0.04576972 0.03962162 0.05724688 0.06345444 0.04102101 0.04102101
 0.04102101]","[0.00997226 0.01619193 0.0380744  0.10861502 0.13729565 0.15911015
 0.19588067 0.21061515 0.22235489 0.26952742 0.30125247 0.32211248
 0.3531392  0.37876888 0.41433242 0.45149563 0.47399583 0.49557305
 0.51626516]",,2007.0,19
1,gayhate,Nevada,[1989 1990 1991 1992 1993 1994 1995 1996],"[0.02259058 0.02198771 0.10150827 0.07869385 0.12060032 0.09130675
 0.11890275 0.11890275]","[0.02259058 0.04408158 0.1411152  0.20870415 0.30413469 0.36767189
 0.44285744 0.50910322]",1995.0,1996.0,8
1,gayhate,New Hampshire,[1989 1990 1991 1992 1993 1994 1995 1996 1997 1998 1999 2000 2001 2002],"[0.00985145 0.05166444 0.05166444 0.05166444 0.05166444 0.05166444
 0.05166444 0.05166444 0.05166444 0.05166444 0.05166444 0.05166444
 0.05166444 0.05166444]","[0.00985145 0.06100692 0.10951947 0.15552564 0.19915493 0.24053014
 0.27976773 0.31697812 0.35226606 0.38573087 0.41746674 0.44756299
 0.47610434 0.50317111]",1990.0,2002.0,14
1,gayhate,New Jersey,"[1989 1990 1991 1992 1993 1994 1995 1996 1997 1998 1999 2000 2001 2002
 2003 2004 2005 2006 2007 2008 2009]","[0.02084012 0.03225589 0.03225589 0.03225589 0.03225589 0.03225589
 0.03225589 0.03225589 0.03225589 0.03225589 0.03225589 0.03225589
 0.03225589 0.03225589 0.03225589 0.03225589 0.03225589 0.03225589
 0.03225589 0.03225589 0.03225589]","[0.02084012 0.05242379 0.0829887  0.11256771 0.14119263 0.16889422
 0.19570227 0.22164561 0.24675212 0.2710488  0.29456176 0.3173163
 0.33933687 0.36064714 0.38127003 0.40122772 0.42054165 0.43923259
 0.45732064 0.47482524 0.49176522]",1990.0,,21
1,gayhate,New Mexico,"[1989 1990 1991 1992 1993 1994 1995 1996 1997 1998 1999 2000 2001 2002
 2003]","[0.01123283 0.00952051 0.019102   0.03386959 0.04014851 0.04492307
 0.03063854 0.02450162 0.04440726 0.06543445 0.062038   0.06258263
 0.11333433 0.09698943 0.09996392]","[0.01123283 0.0206464  0.03935401 0.0718907  0.1091529  0.14917249
 0.1752406  0.19544855 0.23117648 0.28148402 0.32605931 0.36823629
 0.43983681 0.49416672 0.54473179]",2003.0,2003.0,15
1,gayhate,New York,[1989 1990 1991 1992 1993 1994 1995 1996 1997 1998 1999 2000],"[0.02171753 0.1773669  0.18471178 0.17331367 0.21471675 0.17164503
 0.20852718 0.3045412  0.25262319 0.16890114 0.16189205 0.29448881]","[0.02171753 0.19523246 0.34388251 0.45759664 0.57405973 0.64717026
 0.72074485 0.80578955 0.85485161 0.87936734 0.89889681 0.92867057]",2000.0,1993.0,12
1,gayhate,North Carolina,"[1989 1990 1991 1992 1993 1994 1995 1996 1997 1998 1999 2000 2001 2002
 2003 2004 2005]","[0.00670994 0.00679206 0.02243699 0.02359219 0.04018668 0.03933351
 0.04187903 0.01795496 0.02066363 0.04177381 0.04392152 0.02853015
 0.07856392 0.07595668 0.08349914 0.05937544 0.06144062]","[0.00670994 0.01345643 0.0355915  0.05834401 0.09618604 0.13173621
 0.16809826 0.18303502 0.19991648 0.23333902 0.26701194 0.28792419
 0.34386766 0.39370529 0.44433038 0.4773235  0.50943707]",,2005.0,17
1,gayhate,North Dakota,"[1989 1990 1991 1992 1993 1994 1995 1996 1997 1998 1999 2000 2001 2002
 2003 2004 2005]","[0.09997246 0.10080641 0.14767667 0.08222816 0.10438901 0.06032007
 0.09162293 0.03770552 0.06231134 0.0291114  0.06540656 0.04207688
 0.06150315 0.05182648 0.07627903 0.03884419 0.05829081]","[0.09997246 0.190701   0.31021559 0.36693529 0.43302029 0.46722055
 0.51603536 0.5342835  0.56330292 0.57601579 0.60374714 0.62042022
 0.64376557 0.66222795 0.68799288 0.70011254 0.71759322]",,1995.0,17
1,gayhate,Ohio,"[1989 1990 1991 1992 1993 1994 1995 1996 1997 1998 1999 2000 2001 2002
 2003 2004 2005]","[0.01077348 0.01159588 0.02137791 0.02761872 0.03472185 0.06229504
 0.04336283 0.02160133 0.03229212 0.05768561 0.06210619 0.06102534
 0.07540159 0.10233023 0.11313812 0.09146243 0.08852135]","[0.01077348 0.02224443 0.0431468  0.06957386 0.10187998 0.15782841
 0.19434735 0.21175052 0.23720476 0.28120707 0.32584856 0.36698888
 0.41471893 0.47461088 0.53405242 0.57666912 0.61414294]",,2003.0,17
1,gayhate,Oklahoma,"[1989 1990 1991 1992 1993 1994 1995 1996 1997 1998 1999 2000 2001 2002
 2003 2004 2005]","[0.00530713 0.01037678 0.01677614 0.02812836 0.02096907 0.02744832
 0.03392391 0.04277891 0.01808398 0.02592808 0.03497324 0.05546972
 0.07527414 0.08292325 0.16679921 0.10989669 0.13975636]","[0.00530713 0.01562884 0.03214278 0.05936702 0.07909122 0.10436862
 0.13475193 0.1717663  0.18674406 0.20783023 0.23553497 0.27793963
 0.3322921  0.38766061 0.48979833 0.5458678  0.60933567]",,2004.0,17
1,gayhate,Oregon,"[1989 1990 1991 1992 1993 1994 1995 1996 1997 1998 1999 2000 2001 2002
 2003 2004 2005 2006 2007 2008]","[0.02066221 0.02066221 0.02066221 0.02066221 0.02066221 0.02066221
 0.02066221 0.02066221 0.02066221 0.02066221 0.02066221 0.02066221
 0.02066221 0.02066221 0.02066221 0.02066221 0.02066221 0.02066221
 0.02066221 0.02066221]","[0.02066221 0.0408975  0.06071468 0.0801224  0.09912911 0.1177431
 0.13597248 0.1538252  0.17130905 0.18843164 0.20520044 0.22162275
 0.23770575 0.25345644 0.26888168 0.28398821 0.2987826  0.3132713
 0.32746064 0.34135679]",1989.0,,20
1,gayhate,Pennsylvania,[1989 1990 1991 1992 1993 1994 1995 1996 1997 1998 1999 2000 2001 2002],"[0.01472441 0.03432812 0.0520662  0.0556487  0.0589876  0.05855132
 0.05802862 0.04325905 0.07829258 0.03662211 0.06482808 0.13385748
 0.16607572 0.16339348]","[0.01472441 0.04854707 0.09808561 0.14827597 0.19851713 0.24544502
 0.2892308  0.319978   0.37321868 0.39617273 0.4353177  0.51090465
 0.59213151 0.65877456]",2002.0,2000.0,14
1,gayhate,Rhode Island,[1989 1990 1991 1992 1993 1994 1995 1996 1997],"[0.0109019  0.12529616 0.16316462 0.18089158 0.12606879 0.08021509
 0.09637523 0.25184912 0.23334937]","[0.0109019  0.13483209 0.27599688 0.40696295 0.48172641 0.52329978
 0.56924187 0.67772793 0.75292991]",1997.0,1994.0,9
1,gayhate,South Carolina,"[1989 1990 1991 1992 1993 1994 1995 1996 1997 1998 1999 2000 2001 2002
 2003 2004 2005 2006 2007 2008]","[0.01290759 0.01443594 0.03736132 0.06240129 0.03756144 0.04912732
 0.03381756 0.01559724 0.01904243 0.03842442 0.03389255 0.04472063
 0.04370074 0.0496499  0.04294006 0.02534635 0.03238795 0.03238795
 0.03238795 0.03238795]","[0.01290759 0.0271572  0.06350388 0.12194245 0.15492356 0.1964399
 0.22361434 0.23572381 0.25027749 0.27908514 0.30351879 0.33466587
 0.36374146 0.39533164 0.42129613 0.43596416 0.45423213 0.47190843
 0.48901223 0.50556208]",,2008.0,20
1,gayhate,South Dakota,"[1989 1990 1991 1992 1993 1994 1995 1996 1997 1998 1999 2000 2001 2002
 2003 2004 2005]","[0.03196097 0.06378834 0.0771124  0.09969315 0.07467575 0.09914252
 0.078452   0.04400626 0.06615434 0.10048564 0.10209775 0.08049774
 0.1068084  0.1045113  0.11416343 0.07887434 0.09394284]","[0.03196097 0.09371057 0.16359672 0.2469804  0.3032127  0.37229395
 0.42153874 0.44699466 0.48357837 0.53547132 0.58289866 0.61647437
 0.65743813 0.69323971 0.72826052 0.74969379 0.77320827]",,1998.0,17
1,gayhate,Tennessee,"[1989 1990 1991 1992 1993 1994 1995 1996 1997 1998 1999 2000 2001 2002
 2003 2004 2005 2006]","[0.00963925 0.00936368 0.02117958 0.02858991 0.0314753  0.02543805
 0.03125206 0.01880526 0.01855506 0.05011037 0.07577858 0.06581083
 0.05348117 0.05348117 0.05348117 0.05348117 0.05348117 0.05348117]","[0.00963925 0.01891267 0.03969168 0.06714681 0.09650864 0.1194917
 0.1470094  0.16305011 0.17857977 0.21974144 0.27886832 0.3263266
 0.36235544 0.39645742 0.42873559 0.45928748 0.48820542 0.51557679]",2001.0,2006.0,18
1,gayhate,Texas,"[1989 1990 1991 1992 1993 1994 1995 1996 1997 1998 1999 2000 2001 2002
 2003]","[0.01381915 0.0040487  0.01552751 0.01989953 0.04091467 0.01662727
 0.03725984 0.01281135 0.02481755 0.08053669 0.12465808 0.04465543
 0.10522749 0.10522749 0.10522749]","[0.01381915 0.01781189 0.03306283 0.05230442 0.09107908 0.10619195
 0.1394951  0.15051933 0.17160136 0.23831784 0.33326768 0.3630409
 0.4300665  0.49003918 0.54370107]",2001.0,2003.0,15
1,gayhate,Utah,"[1989 1990 1991 1992 1993 1994 1995 1996 1997 1998 1999 2000 2001 2002
 2003 2004 2005]","[0.00637912 0.00644257 0.00966162 0.02856925 0.01514825 0.02400261
 0.04960391 0.02971382 0.04621649 0.06371756 0.07002404 0.04205922
 0.05112013 0.07159778 0.07369411 0.06282166 0.12390072]","[0.00637912 0.01278059 0.02231873 0.05025036 0.0646374  0.08708854
 0.13237252 0.15815305 0.19706026 0.24822162 0.30086418 0.33026929
 0.36450601 0.41000597 0.45348505 0.48781803 0.55127774]",,2005.0,17
1,gayhate,Vermont,[1989 1990 1991 1992 1993 1994 1995 1996 1997],"[0.01273703 0.0876042  0.0876042  0.0876042  0.0876042  0.0876042
 0.0876042  0.0876042  0.0876042 ]","[0.01273703 0.09922542 0.17813706 0.25013571 0.31582697 0.3757634
 0.43044915 0.4803442  0.52586823]",1990.0,1997.0,9
1,gayhate,Virginia,"[1989 1990 1991 1992 1993 1994 1995 1996 1997 1998 1999 2000 2001 2002
 2003 2004 2005]","[0.01004018 0.01112163 0.02455756 0.02908125 0.03241086 0.04270795
 0.04839472 0.02147631 0.02170041 0.0602649  0.06944609 0.04137593
 0.11967921 0.10994031 0.11077524 0.07928142 0.16117142]","[0.01004018 0.02105015 0.04509077 0.07286072 0.1029101  0.14122298
 0.18278325 0.20033406 0.21768713 0.26483314 0.3158876  0.34419339
 0.42267981 0.48615057 0.54307236 0.57929824 0.64710334]",,2003.0,17
1,gayhate,Washington,[1989 1990 1991 1992 1993 1994],[0.07413189 0.07300275 0.13308656 0.18389141 0.14324277 0.14324277],[0.07413189 0.14172281 0.25594796 0.39277274 0.47975365 0.55427518],1993.0,1994.0,6
1,gayhate,West Virginia,"[1989 1990 1991 1992 1993 1994 1995 1996 1997 1998 1999 2000 2001 2002
 2003 2004 2005]","[0.01062814 0.01403453 0.0190443  0.03159603 0.02753943 0.05047532
 0.05425984 0.03591443 0.0341722  0.03502319 0.03900504 0.06797037
 0.05836421 0.0927004  0.08267089 0.09704345 0.15557732]","[0.01062814 0.02451351 0.04309096 0.07332549 0.09884558 0.14433164
 0.19076006 0.21982346 0.24648381 0.27287434 0.30123591 0.34873116
 0.38674196 0.44359122 0.48959003 0.53912197 0.61082414]",,2004.0,17
1,gayhate,Wisconsin,[1989 1990 1991 1992 1993],[0.04238185 0.07294963 0.13886093 0.22629798 0.22629798],[0.04238185 0.11223974 0.23551496 0.40851638 0.54236793],1992.0,1993.0,5
1,gayhate,Wyoming,"[1989 1990 1991 1992 1993 1994 1995 1996 1997 1998 1999 2000 2001 2002
 2003 2004 2005 2006 2007]","[0.00609432 0.00633556 0.01233981 0.02178668 0.02605109 0.02277433
 0.02564718 0.0128407  0.02152724 0.03375929 0.05427215 0.02665431
 0.02140454 0.0239352  0.0263365  0.0549298  0.10524745 0.10524745
 0.10524745]","[0.00609432 0.01239127 0.02457817 0.04582937 0.07068656 0.09185105
 0.11514251 0.1265047  0.14530864 0.17416241 0.21898239 0.23979988
 0.25607161 0.27387769 0.29300121 0.33183651 0.40215901 0.46508025
 0.52137919]",,2007.0,19
1,humantraffic,Alabama,[2003 2004 2005 2006 2007 2008],[0.02558676 0.11724974 0.1663421  0.32593864 0.28839383 0.21241501],[0.02558676 0.13983646 0.28291788 0.51664265 0.65603992 0.72910221],,2006.0,6
1,humantraffic,Arizona,[2003 2004 2005 2006 2007 2008],[0.04773555 0.07078234 0.15893478 0.15893478 0.15893478 0.15893478],[0.04773555 0.11513906 0.25577424 0.37405759 0.47354161 0.55721416],2005.0,2008.0,6
1,humantraffic,Arkansas,[2003 2004 2005 2006],[0.06105018 0.13570049 0.27978449 0.27978449],[0.06105018 0.18846612 0.41552071 0.57904895],2005.0,2006.0,4
1,humantraffic,California,[2003 2004 2005],[0.23827258 0.22803549 0.26393959],[0.23827258 0.41197346 0.56717695],2005.0,2005.0,3
1,humantraffic,Colorado,[2003 2004 2005 2006],[0.05242136 0.08115149 0.21249277 0.27665135],[0.05242136 0.12931878 0.31433224 0.50402315],2006.0,2006.0,4
1,humantraffic,Connecticut,[2003 2004 2005 2006 2007 2008 2009 2010],"[0.0471168  0.04694372 0.07506209 0.10789661 0.10789661 0.10789661
 0.10789661 0.10789661]","[0.0471168  0.09184869 0.16001642 0.2506478  0.33150037 0.40362921
 0.4679756  0.52537923]",2006.0,2010.0,8
1,humantraffic,Delaware,[2003 2004 2005 2006 2007],[0.05474432 0.06826708 0.22298832 0.24580226 0.24980195],[0.05474432 0.11927416 0.31566573 0.48387664 0.61280527],2007.0,2007.0,5
1,humantraffic,Florida,[2003 2004 2005 2006 2007 2008],[0.10020087 0.13328434 0.13328434 0.13328434 0.13328434 0.13328434],[0.10020087 0.22013    0.32407445 0.41416474 0.4922474  0.55992287],2004.0,2008.0,6
1,humantraffic,Georgia,[2003 2004 2005 2006],[0.05280316 0.11970499 0.18612294 0.30424543],[0.05280316 0.16618735 0.32137901 0.52784635],2006.0,2006.0,4
1,humantraffic,Idaho,[2003 2004 2005 2006 2007 2008 2009],"[0.04610078 0.08668553 0.13630727 0.12298752 0.12298752 0.12298752
 0.12298752]","[0.04610078 0.12879004 0.24754229 0.3400852  0.42124648 0.49242594
 0.55485122]",2006.0,2009.0,7
1,humantraffic,Illinois,[2003 2004 2005 2006 2007 2008],[0.08680512 0.08408434 0.12517222 0.12517222 0.12517222 0.12517222],[0.08680512 0.1635905  0.26828574 0.35987604 0.44000178 0.510098  ],2005.0,2008.0,6
1,humantraffic,Indiana,[2003 2004 2005 2006 2007],[0.05691865 0.08089589 0.17591763 0.28208819 0.28208819],[0.05691865 0.13321006 0.28569369 0.48719106 0.63184841],2006.0,2007.0,5
1,humantraffic,Iowa,[2003 2004 2005 2006],[0.04396604 0.08284942 0.2510042  0.30285986],[0.04396604 0.1231729  0.34326018 0.54216031],2006.0,2006.0,4
1,humantraffic,Kansas,[2003 2004 2005 2006 2007],[0.03494732 0.152468   0.15425957 0.15425957 0.15425957],[0.03494732 0.18208697 0.30825789 0.41496573 0.50521287],2005.0,2007.0,5
1,humantraffic,Kentucky,[2003 2004 2005 2006 2007],[0.02831264 0.07890542 0.20484029 0.21685083 0.22763785],[0.02831264 0.10498404 0.28831936 0.4426479  0.56952233],2007.0,2007.0,5
1,humantraffic,Louisiana,[2003 2004 2005 2006],[0.09279568 0.14257455 0.27049574 0.27049574],[0.09279568 0.22213993 0.43254776 0.58604118],2005.0,2006.0,4
1,humantraffic,Maine,[2003 2004 2005 2006 2007 2008 2009 2010 2011],"[0.02222864 0.06010469 0.1164902  0.07978715 0.08937852 0.08636373
 0.08636373 0.08636373 0.08636373]","[0.02222864 0.08099729 0.1880521  0.25283511 0.3196156  0.37837613
 0.43206189 0.48111114 0.52592432]",2008.0,2011.0,9
1,humantraffic,Maryland,[2003 2004 2005 2006 2007],[0.07152497 0.07253784 0.19894024 0.22073091 0.2569895 ],[0.07152497 0.13887454 0.31018705 0.46245009 0.60059477],2007.0,2007.0,5
1,humantraffic,Massachusetts,[2003 2004 2005 2006 2007 2008],[0.06443526 0.05900734 0.09352123 0.18696402 0.25280758 0.19963063],[0.06443526 0.11964045 0.20197276 0.35117514 0.51520298 0.61198332],,2007.0,6
1,humantraffic,Michigan,[2003 2004 2005 2006 2007],[0.07456269 0.09271851 0.17479684 0.25512406 0.25512406],[0.07456269 0.16036786 0.3071329  0.48389997 0.61556951],2006.0,2007.0,5
1,humantraffic,Minnesota,[2003 2004 2005 2006 2007 2008 2009],"[0.0507536  0.08595459 0.11268966 0.11268966 0.11268966 0.11268966
 0.11268966]","[0.0507536  0.13234569 0.23012136 0.31687872 0.39385943 0.4621652
 0.52277362]",2005.0,2009.0,7
1,humantraffic,Mississippi,[2003 2004 2005 2006],[0.04016684 0.06039386 0.2917544  0.26473224],[0.04016684 0.09813486 0.36125798 0.53035359],2006.0,2006.0,4
1,humantraffic,Missouri,[2003 2004 2005 2006 2007 2008 2009 2010 2011],"[0.0391591  0.08154907 0.08154907 0.08154907 0.08154907 0.08154907
 0.08154907 0.08154907 0.08154907]","[0.0391591  0.11751478 0.18948063 0.25557774 0.31628468 0.37204103
 0.4232505  0.47028389 0.51348175]",2004.0,2011.0,9
1,humantraffic,Montana,[2003 2004 2005 2006 2007 2008 2009],"[0.04276208 0.06906159 0.08483126 0.13086924 0.14368352 0.14368352
 0.14368352]","[0.04276208 0.10887045 0.18446609 0.2911944  0.39303808 0.4802485
 0.55492822]",2007.0,2009.0,7
1,humantraffic,Nevada,[2003 2004 2005 2006 2007],[0.06190258 0.07526341 0.24067415 0.26219313 0.3249097 ],[0.06190258 0.13250699 0.34129014 0.51399934 0.67190567],2007.0,2006.0,5
1,humantraffic,New Hampshire,[2003 2004 2005 2006 2007 2008 2009],"[0.0322588  0.07515938 0.09757117 0.10484981 0.10739406 0.15447908
 0.15447908]","[0.0322588  0.10499363 0.19232045 0.27700549 0.35465081 0.45434376
 0.53863623]",,2009.0,7
1,humantraffic,New Jersey,[2003 2004 2005 2006 2007],[0.06994413 0.08134327 0.23417726 0.23417726 0.23417726],[0.06994413 0.14559792 0.34567946 0.49890645 0.61625116],2005.0,2007.0,5
1,humantraffic,New Mexico,[2003 2004 2005 2006 2007 2008],[0.0692161  0.09738129 0.16843255 0.22450123 0.21985932 0.25958861],[0.0692161  0.15985704 0.30136446 0.45820899 0.5773268  0.68704795],2008.0,2007.0,6
1,humantraffic,New York,[2003 2004 2005 2006 2007],[0.07864406 0.0773941  0.20217306 0.23450627 0.2077046 ],[0.07864406 0.14995157 0.32180846 0.48084863 0.58867876],2007.0,2007.0,5
1,humantraffic,North Carolina,[2003 2004 2005 2006 2007 2008 2009 2010],"[0.042493   0.10207424 0.0902341  0.0902341  0.0902341  0.0902341
 0.0902341  0.0902341 ]","[0.042493   0.1402298  0.2178104  0.28839057 0.35260201 0.41101939
 0.46416553 0.51251607]",2005.0,2010.0,8
1,humantraffic,North Dakota,[2003 2004 2005 2006 2007 2008],[0.02233098 0.03484667 0.18185339 0.1345894  0.27706622 0.19250747],[0.02233098 0.05639949 0.22799645 0.33189995 0.5170079  0.60998749],,2007.0,6
1,humantraffic,Ohio,[2003 2004 2005 2006 2007 2008],[0.06750459 0.08345787 0.17862311 0.34686809 0.36225313 0.28259569],[0.06750459 0.14532867 0.29799272 0.54149665 0.70759092 0.79022446],,2006.0,6
1,humantraffic,Oklahoma,[2003 2004 2005 2006 2007 2008],[0.05713415 0.14382957 0.22626409 0.21179717 0.16735341 0.17921374],[0.05713415 0.19274614 0.3753987  0.50768749 0.59007767 0.66354138],2008.0,2006.0,6
1,humantraffic,Oregon,[2003 2004 2005 2006 2007],[0.07393335 0.13031162 0.20388436 0.28420399 0.23920203],[0.07393335 0.19461059 0.35881689 0.54104369 0.65082697],2007.0,2006.0,5
1,humantraffic,Pennsylvania,[2003 2004 2005 2006 2007 2008],[0.06365262 0.08394284 0.12723003 0.12723003 0.12723003 0.12723003],[0.06365262 0.14225228 0.25138355 0.34663004 0.42975833 0.50231019],2005.0,2008.0,6
1,humantraffic,Rhode Island,[2003 2004 2005 2006 2007 2008],[0.02391727 0.03676032 0.06436246 0.18320681 0.16629674 0.16629674],[0.02391727 0.05979838 0.12031207 0.28147689 0.40096494 0.50058252],2007.0,2008.0,6
1,humantraffic,South Carolina,[2003 2004 2005 2006],[0.061474   0.08392713 0.30348052 0.39581914],[0.061474   0.14024179 0.40116165 0.63819333],2006.0,2006.0,4
1,humantraffic,South Dakota,[2003 2004 2005 2006 2007 2008],[0.0347084  0.05889673 0.12741542 0.2391253  0.25614551 0.22023858],[0.0347084  0.09156091 0.20731006 0.39686228 0.55135329 0.65016261],,2007.0,6
1,humantraffic,Tennessee,[2003 2004 2005 2006 2007],[0.03965277 0.07733516 0.23972053 0.31871793 0.3033107 ],[0.03965277 0.11392138 0.32633261 0.54104249 0.68024921],2007.0,2006.0,5
1,humantraffic,Texas,[2003 2004 2005 2006 2007],[0.14043315 0.14043315 0.14043315 0.14043315 0.14043315],[0.14043315 0.26114483 0.36490459 0.45409304 0.53075647],2003.0,2007.0,5
1,humantraffic,Utah,[2003 2004 2005 2006 2007 2008],[0.03135805 0.08159626 0.13988112 0.21677726 0.25645118 0.19182709],[0.03135805 0.11039562 0.23483447 0.40070496 0.55439488 0.63987401],2008.0,2007.0,6
1,humantraffic,Vermont,[2003 2004 2005 2006 2007 2008 2009],"[0.04425876 0.09236206 0.15171021 0.11041057 0.11846321 0.09983976
 0.09983976]","[0.04425876 0.13253299 0.26413659 0.34538369 0.42293164 0.480546
 0.53240817]",,2009.0,7
1,humantraffic,Virginia,[2003 2004 2005 2006 2007 2008],[0.05906292 0.086262   0.21612161 0.2486796  0.29105105 0.27312893],[0.05906292 0.14023003 0.32604491 0.49364379 0.64101929 0.73906731],,2007.0,6
1,humantraffic,Washington,"[2003 2004 2005 2006 2007 2008 2009 2010 2011 2012 2013 2014 2015 2016
 2017]","[0.04576674 0.04576674 0.04576674 0.04576674 0.04576674 0.04576674
 0.04576674 0.04576674 0.04576674 0.04576674 0.04576674 0.04576674
 0.04576674 0.04576674 0.04576674]","[0.04576674 0.08943889 0.13111231 0.17087847 0.20882466 0.24503418
 0.27958651 0.31255749 0.3440195  0.37404159 0.40268967 0.43002662
 0.45611244 0.48100441 0.50475714]",2003.0,2017.0,15
1,humantraffic,West Virginia,[2003 2004 2005 2006 2007 2008],[0.01512142 0.04888322 0.12191801 0.14288765 0.21526036 0.19850128],[0.01512142 0.06326545 0.17747026 0.2949996  0.44675824 0.55657744],,2008.0,6
1,humantraffic,Wisconsin,[2003 2004 2005 2006 2007],[0.04125999 0.05525268 0.20189735 0.30874748 0.27698147],[0.04125999 0.09423294 0.27710491 0.50029695 0.63870543],2007.0,2006.0,5
1,humantraffic,Wyoming,[2003 2004 2005 2006 2007 2008],[0.03340412 0.0652235  0.12899764 0.19590468 0.14095242 0.16611876],[0.03340412 0.09644889 0.21300485 0.36718088 0.45637827 0.54668404],,2008.0,6
1,insanity,Alabama,"[1975 1976 1977 1978 1979 1980 1981 1982 1983 1984 1985 1986 1987 1988
 1989 1990 1991 1992 1993 1994 1995 1996 1997 1998]","[0.03930067 0.022674   0.03691648 0.07027056 0.07559746 0.07019512
 0.07395218 0.08481751 0.05954535 0.05962369 0.05315163 0.06536598
 0.06865282 0.06860288 0.06691339 0.07147818 0.07380397 0.07392029
 0.07138948 0.09061095 0.10059468 0.11995175 0.11967353 0.07746473]","[0.03930067 0.06108357 0.09574505 0.15928755 0.22284328 0.27739589
 0.33083404 0.38759103 0.42405713 0.45839697 0.48718406 0.52070477
 0.55360974 0.5842334  0.61205375 0.63978344 0.66636886 0.69103097
 0.71308811 0.73908546 0.76533208 0.79348091 0.81819578 0.83227919]",,1986.0,24
1,insanity,Arizona,[1975 1976 1977 1978 1979 1980 1981 1982 1983 1984 1985 1986 1987],"[0.01170275 0.01155157 0.02923827 0.07324041 0.03291433 0.02269379
 0.05289725 0.05986818 0.08357323 0.08357323 0.08357323 0.08357323
 0.08357323]","[0.01170275 0.02311914 0.05168145 0.12113669 0.15006389 0.16935216
 0.21329115 0.26038997 0.32220157 0.37884738 0.43075911 0.47833241
 0.52192986]",1983.0,1987.0,13
1,insanity,Arkansas,"[1975 1976 1977 1978 1979 1980 1981 1982 1983 1984 1985 1986 1987 1988
 1989 1990 1991 1992 1993 1994 1995 1996 1997 1998]","[0.03867539 0.00559034 0.03470158 0.01897745 0.03235179 0.01111395
 0.03081777 0.01310845 0.05104564 0.02846204 0.05936846 0.04041977
 0.07377311 0.04529012 0.07941252 0.03486035 0.07520138 0.03402761
 0.09965638 0.04742216 0.11331711 0.0475949  0.09444705 0.06073641]","[0.03867539 0.04404952 0.07722252 0.09473448 0.12402144 0.13375702
 0.1604527  0.17145786 0.21375133 0.23612957 0.28147938 0.31052182
 0.36138677 0.39030964 0.43872668 0.45829287 0.49902999 0.51607681
 0.56430284 0.58496454 0.63199516 0.64951031 0.68261303 0.70188998]",,1992.0,24
1,insanity,California,[1975 1976 1977 1978 1979 1980 1981 1982 1983 1984 1985 1986 1987],"[0.03241149 0.02582449 0.04765927 0.03979794 0.03508114 0.04955304
 0.07605886 0.06354689 0.06354689 0.06354689 0.06354689 0.06354689
 0.06354689]","[0.03241149 0.05739896 0.10232264 0.13804834 0.16828659 0.20950052
 0.269625   0.31603806 0.35950171 0.40020338 0.43831859 0.47401169
 0.50743661]",1982.0,1987.0,13
1,insanity,Colorado,[1975 1976 1977 1978 1979 1980 1981 1982 1983 1984 1985],"[0.01650433 0.01487674 0.03783302 0.02812454 0.03214388 0.03372893
 0.04822383 0.03886052 0.09604143 0.16405439 0.16405439]","[0.01650433 0.03113554 0.06779061 0.09400856 0.12313064 0.15270651
 0.19356625 0.22490468 0.29934595 0.41429132 0.51037939]",1984.0,1985.0,11
1,insanity,Connecticut,[1975 1976 1977 1978 1979 1980 1981 1982 1983 1984 1985],"[0.01433464 0.01868256 0.03441773 0.01814441 0.06032169 0.06002754
 0.05914178 0.11886763 0.11886763 0.11886763 0.11886763]","[0.01433464 0.0327494  0.06603997 0.08298612 0.13830195 0.19002757
 0.23793078 0.32851615 0.40833384 0.4786638  0.5406338 ]",1982.0,1985.0,11
1,insanity,Delaware,"[1975 1976 1977 1978 1979 1980 1981 1982 1983 1984 1985 1986 1987 1988
 1989 1990 1991 1992 1993 1994]","[0.01452622 0.02131141 0.03714503 0.02812499 0.03142195 0.0508202
 0.04118646 0.03659544 0.03659544 0.03659544 0.03659544 0.03659544
 0.03659544 0.03659544 0.03659544 0.03659544 0.03659544 0.03659544
 0.03659544 0.03659544]","[0.01452622 0.03552805 0.07135339 0.09747157 0.12583078 0.17025623
 0.20443044 0.23354465 0.26159342 0.28861573 0.31464915 0.33972986
 0.36389274 0.38717136 0.40959809 0.43120411 0.45201944 0.47207303
 0.49139275 0.51000545]",1982.0,1994.0,20
1,insanity,Florida,"[1975 1976 1977 1978 1979 1980 1981 1982 1983 1984 1985 1986 1987 1988
 1989 1990 1991 1992 1993 1994 1995 1996 1997 1998]","[0.01049747 0.01391288 0.05729497 0.13365403 0.09621808 0.093523
 0.10565308 0.0816495  0.08804631 0.11850487 0.13203369 0.1114837
 0.10176822 0.09918811 0.08154176 0.0813079  0.08238101 0.08359485
 0.10460889 0.12652154 0.19618414 0.2258079  0.22746388 0.21960415]","[0.01049747 0.0242643  0.08016904 0.20310816 0.27978357 0.34714037
 0.416117   0.46379075 0.511002   0.56895064 0.62586368 0.66757378
 0.70140421 0.73102136 0.75295435 0.77304111 0.79173821 0.80914783
 0.82911266 0.85073359 0.88001729 0.90711034 0.92823938 0.94399831]",,1983.0,24
1,insanity,Georgia,"[1975 1976 1977 1978 1979 1980 1981 1982 1983 1984 1985 1986 1987 1988
 1989 1990 1991 1992]","[0.01304212 0.01208588 0.02426534 0.04289558 0.04289558 0.04289558
 0.04289558 0.04289558 0.04289558 0.04289558 0.04289558 0.04289558
 0.04289558 0.04289558 0.04289558 0.04289558 0.04289558 0.04289558]","[0.01304212 0.02497038 0.0486298  0.08943938 0.1284984  0.16588197
 0.20166195 0.23590712 0.26868333 0.30005358 0.33007819 0.35881487
 0.38631888 0.41264309 0.43783811 0.46195237 0.48503223 0.50712207]",1978.0,1992.0,18
1,insanity,Idaho,"[1975 1976 1977 1978 1979 1980 1981 1982 1983 1984 1985 1986 1987 1988
 1989 1990 1991 1992 1993 1994]","[0.0096492  0.01012792 0.02759425 0.03719129 0.05639701 0.03976275
 0.05778149 0.03650283 0.03650283 0.03650283 0.03650283 0.03650283
 0.03650283 0.03650283 0.03650283 0.03650283 0.03650283 0.03650283
 0.03650283 0.03650283]","[0.0096492  0.01967939 0.04673061 0.08218393 0.13394601 0.1683827
 0.21643478 0.24503713 0.27259541 0.29914774 0.32473083 0.34938007
 0.37312954 0.39601209 0.41805936 0.43930184 0.45976891 0.47948887
 0.498489   0.51679558]",1982.0,1994.0,20
1,insanity,Illinois,[1975 1976 1977 1978 1979 1980 1981 1982 1983 1984],"[0.07042116 0.04148498 0.06427958 0.05448514 0.07748647 0.06509385
 0.0771823  0.0771823  0.0771823  0.0771823 ]","[0.07042116 0.10898472 0.16625881 0.21168532 0.27276904 0.3201073
 0.37258299 0.42100848 0.46569638 0.50693516]",1981.0,1984.0,10
1,insanity,Indiana,[1975 1976 1977 1978 1979 1980 1981 1982 1983],"[0.05061515 0.07206015 0.09004096 0.07119951 0.06087276 0.05984629
 0.09608922 0.09608922 0.09608922]","[0.05061515 0.11902796 0.19835153 0.25542852 0.30075264 0.3426
 0.40576906 0.46286824 0.51448082]",1981.0,1983.0,9
1,insanity,Iowa,[1975 1976 1977 1978 1979 1980 1981 1982 1983 1984 1985 1986],"[0.10786967 0.01684456 0.03137924 0.02134241 0.02324847 0.02637108
 0.04284166 0.03893203 0.08314496 0.12707661 0.12707661 0.12707661]","[0.10786967 0.12289721 0.15042003 0.16855212 0.187882   0.20929843
 0.2431734  0.2726382  0.33311467 0.4178602  0.49183655 0.55641224]",1984.0,1986.0,12
1,insanity,Kansas,"[1975 1976 1977 1978 1979 1980 1981 1982 1983 1984 1985 1986 1987 1988
 1989 1990 1991 1992 1993 1994 1995 1996]","[0.01671057 0.01487041 0.03087748 0.07408832 0.03094384 0.02228376
 0.03214245 0.03005854 0.03374137 0.10295816 0.09357581 0.10011424
 0.09573649 0.08638692 0.08504462 0.08010598 0.07639052 0.07220222
 0.10179235 0.12228682 0.09882096 0.1142345 ]","[0.01671057 0.03133249 0.06124251 0.13079348 0.15769006 0.17645989
 0.20293049 0.22688923 0.25297505 0.32988736 0.3925937  0.45340372
 0.50573293 0.54843114 0.58683464 0.61993166 0.64896527 0.67431076
 0.70746343 0.7432368  0.76861038 0.79504306]",1996.0,1987.0,22
1,insanity,Kentucky,[1975 1976 1977 1978 1979 1980 1981 1982 1983 1984 1985 1986],"[0.01045646 0.01610016 0.03686614 0.08020611 0.03558599 0.04407649
 0.04890355 0.09318714 0.09318714 0.09318714 0.09318714 0.09318714]","[0.01045646 0.02638827 0.06228158 0.13749232 0.1681855  0.20484897
 0.24373468 0.31420888 0.3781158  0.43606741 0.48861868 0.53627285]",1982.0,1986.0,12
1,insanity,Louisiana,[1975 1976 1977 1978 1979 1980 1981 1982 1983 1984 1985 1986 1987 1988],"[0.01066334 0.00996109 0.04791948 0.03676573 0.02993687 0.02934397
 0.04193559 0.04056176 0.08761935 0.07462604 0.06952731 0.0774192
 0.0774192  0.0774192 ]","[0.01066334 0.02051821 0.06745446 0.10174018 0.12863127 0.15420069
 0.18966979 0.2225382  0.2906589  0.34359422 0.38923235 0.4365175
 0.48014186 0.52038886]",1986.0,1988.0,14
1,insanity,Maine,[1975 1976 1977 1978 1979 1980 1981 1982 1983 1984],"[0.02232622 0.01708287 0.02950352 0.02353603 0.02604894 0.12858569
 0.13110453 0.12917306 0.12917306 0.12917306]","[0.02232622 0.0390277  0.06737976 0.08932994 0.11305193 0.22710076
 0.32843135 0.41517993 0.49072292 0.5565078 ]",1982.0,1984.0,10
1,insanity,Maryland,[1975 1976 1977 1978 1979 1980 1981 1982 1983 1984 1985],"[0.01678183 0.02026792 0.07895473 0.05225785 0.05655502 0.05842709
 0.04949991 0.08156778 0.10300493 0.10300493 0.10300493]","[0.01678183 0.03670962 0.11276595 0.1591309  0.20668627 0.25303728
 0.29001187 0.34792403 0.41509107 0.47533957 0.52938218]",1983.0,1985.0,11
1,insanity,Massachusetts,"[1975 1976 1977 1978 1979 1980 1981 1982 1983 1984 1985 1986 1987 1988
 1989 1990 1991 1992 1993 1994 1995 1996 1997 1998]","[0.00957252 0.01369199 0.05876979 0.01699436 0.06879978 0.09353299
 0.06396868 0.11128083 0.08611653 0.08487705 0.10718046 0.08958028
 0.07884644 0.13287625 0.12712627 0.14483718 0.15383177 0.17895598
 0.20429112 0.20612967 0.24044726 0.27745905 0.2450947  0.21787136]","[0.00957252 0.02313344 0.08054369 0.09616926 0.15835261 0.23707441
 0.28587775 0.36534587 0.42000008 0.46922877 0.52611707 0.56856764
 0.60258454 0.65539162 0.6992004  0.74276736 0.78233791 0.82128984
 0.85779874 0.88711064 0.91425458 0.93804542 0.95323016 0.96341997]",,1985.0,24
1,insanity,Michigan,[1975],[0.7302752],[0.7302752],1975.0,1975.0,1
1,insanity,Minnesota,[1975 1976 1977 1978 1979 1980 1981 1982 1983 1984 1985 1986],"[0.01580929 0.01593706 0.03297558 0.02240183 0.02215189 0.02771579
 0.02976598 0.03396955 0.06982482 0.1258653  0.1403073  0.1403073 ]","[0.01580929 0.0314944  0.06343143 0.08441228 0.10469428 0.12950839
 0.15541943 0.18410945 0.24107886 0.3366007  0.42968046 0.50970045]",1985.0,1986.0,12
1,insanity,Mississippi,"[1975 1976 1977 1978 1979 1980 1981 1982 1983 1984 1985 1986 1987 1988
 1989 1990 1991 1992 1993 1994 1995 1996 1997 1998]","[0.0099037  0.01214319 0.02198693 0.02592384 0.03588983 0.01897735
 0.02389521 0.0230207  0.02784606 0.03344649 0.03364183 0.07329157
 0.08015815 0.08237306 0.07369085 0.08166734 0.07587181 0.08357871
 0.08051874 0.0919436  0.09443211 0.05749858 0.07718143 0.0734613 ]","[0.0099037  0.02192663 0.04343146 0.06822939 0.10167049 0.1187184
 0.13977681 0.15957975 0.18298215 0.21030853 0.2368752  0.29280581
 0.34949319 0.40307742 0.44706515 0.49222187 0.53074792 0.5699674
 0.60459308 0.64094822 0.67485423 0.69354966 0.71720193 0.73797664]",,1991.0,24
1,insanity,Missouri,"[1975 1976 1977 1978 1979 1980 1981 1982 1983 1984 1985 1986 1987 1988
 1989 1990 1991 1992 1993 1994 1995 1996 1997 1998]","[0.01637622 0.00997572 0.03778673 0.02667826 0.03257797 0.03244451
 0.04105627 0.05108943 0.05690548 0.09232335 0.10636561 0.10074951
 0.07169609 0.0601406  0.07690029 0.0688564  0.07278729 0.05337256
 0.06843927 0.09322083 0.10585023 0.13556307 0.1755328  0.18513944]","[0.01637622 0.02618858 0.06298572 0.08798363 0.11769528 0.14632122
 0.18137009 0.22319342 0.26739797 0.33503424 0.40576373 0.46563274
 0.50394479 0.53377784 0.56963047 0.59926416 0.62843264 0.64826414
 0.67233669 0.70288173 0.73433177 0.77034657 0.81065828 0.8457129 ]",,1987.0,24
1,insanity,Montana,"[1975 1976 1977 1978 1979 1980 1981 1982 1983 1984 1985 1986 1987 1988
 1989 1990 1991 1992 1993 1994 1995]","[0.0153264  0.0178601  0.04947007 0.02253226 0.03410397 0.03410397
 0.03410397 0.03410397 0.03410397 0.03410397 0.03410397 0.03410397
 0.03410397 0.03410397 0.03410397 0.03410397 0.03410397 0.03410397
 0.03410397 0.03410397 0.03410397]","[0.0153264  0.03291277 0.08075464 0.10146731 0.13211084 0.16170931
 0.19029835 0.21791239 0.24458468 0.27034734 0.29523139 0.3192668
 0.3424825  0.36490646 0.38656567 0.40748621 0.42769329 0.44721122
 0.46606351 0.48427286 0.5018612 ]",1979.0,1995.0,21
1,insanity,Nevada,"[1975 1976 1977 1978 1979 1980 1981 1982 1983 1984 1985 1986 1987 1988
 1989 1990 1991 1992 1993 1994 1995]","[0.01528068 0.00872339 0.02545966 0.02980705 0.03014431 0.0149989
 0.04501026 0.0394775  0.17304241 0.13539554 0.17775686 0.11487664
 0.12892179 0.14174725 0.15105017 0.12830153 0.13154179 0.12576927
 0.24429897 0.20619192 0.27494822]","[0.01528068 0.02387077 0.04872269 0.07707746 0.10489833 0.11832387
 0.15800834 0.19124807 0.33119645 0.42174947 0.52453747 0.57915701
 0.63341284 0.68537556 0.73289964 0.76716902 0.79779603 0.82322707
 0.86641252 0.89395718 0.92311346]",1995.0,1985.0,21
1,insanity,New Hampshire,"[1975 1976 1977 1978 1979 1980 1981 1982 1983 1984 1985 1986 1987 1988
 1989 1990 1991 1992 1993 1994 1995 1996 1997 1998 1999]","[0.01809942 0.00900817 0.03691015 0.01738119 0.02698594 0.0101168
 0.0101168  0.0101168  0.0101168  0.0101168  0.0101168  0.0101168
 0.0101168  0.0101168  0.0101168  0.0101168  0.0101168  0.0101168
 0.0101168  0.0101168  0.0101168  0.0101168  0.0101168  0.0101168
 0.0101168 ]","[0.01809942 0.02694455 0.06286017 0.07914878 0.10399882 0.11306348
 0.12203644 0.13091862 0.13971094 0.14841431 0.15702963 0.16555779
 0.17399967 0.18235615 0.19062809 0.19881634 0.20692175 0.21494516
 0.2228874  0.23074929 0.23853165 0.24623527 0.25386095 0.26140949
 0.26888166]",1980.0,,25
1,insanity,New Jersey,"[1975 1976 1977 1978 1979 1980 1981 1982 1983 1984 1985 1986 1987 1988
 1989 1990 1991 1992 1993 1994 1995 1996 1997 1998]","[0.01768595 0.02373206 0.03179969 0.01640485 0.03901761 0.04797511
 0.04264205 0.06879885 0.14957732 0.18219    0.1335104  0.13122899
 0.10792716 0.15196558 0.1385046  0.16280577 0.1577938  0.17504479
 0.23999091 0.33767239 0.28774458 0.26322399 0.27030353 0.31307105]","[0.01768595 0.04099829 0.07149425 0.08672624 0.12236    0.16446488
 0.20009381 0.25512643 0.36654262 0.48195222 0.55111699 0.61002345
 0.65211251 0.70497944 0.74584114 0.78721967 0.82079509 0.85216397
 0.88764328 0.92558304 0.94699612 0.96094801 0.9715039  0.9804252 ]",,1985.0,24
1,insanity,New Mexico,"[1975 1976 1977 1978 1979 1980 1981 1982 1983 1984 1985 1986 1987 1988
 1989 1990 1991 1992 1993 1994 1995 1996 1997]","[0.02285292 0.01180949 0.0255308  0.02870141 0.0343103  0.04594051
 0.03179487 0.03179487 0.03179487 0.03179487 0.03179487 0.03179487
 0.03179487 0.03179487 0.03179487 0.03179487 0.03179487 0.03179487
 0.03179487 0.03179487 0.03179487 0.03179487 0.03179487]","[0.02285292 0.03439252 0.05904525 0.08605198 0.11740981 0.15795645
 0.18472911 0.21065055 0.23574781 0.26004711 0.28357381 0.30635249
 0.32840692 0.34976014 0.37043443 0.39045138 0.4098319  0.42859622
 0.44676393 0.464354   0.48138479 0.4978741  0.51383912]",1981.0,1997.0,23
1,insanity,New York,[1975 1976 1977 1978 1979 1980 1981 1982 1983 1984 1985 1986],"[0.0297801  0.02460588 0.07669543 0.02487869 0.0331981  0.03746808
 0.04020476 0.0599357  0.10046957 0.10469571 0.10469571 0.10469571]","[0.0297801  0.05365322 0.12623369 0.14797185 0.17625757 0.20712162
 0.2389991  0.28461023 0.35648513 0.42385837 0.48417793 0.53818229]",1984.0,1986.0,12
1,insanity,North Carolina,"[1975 1976 1977 1978 1979 1980 1981 1982 1983 1984 1985 1986 1987 1988
 1989 1990 1991 1992 1993 1994 1995 1996 1997 1998]","[0.01223638 0.01091034 0.02730885 0.06069088 0.05241569 0.03886122
 0.05440938 0.03903945 0.05509122 0.09178378 0.09095403 0.10191791
 0.09002034 0.07360224 0.08786268 0.09289587 0.07914807 0.06906872
 0.09583143 0.10925434 0.1864169  0.17139611 0.15589293 0.17593607]","[0.01223638 0.02301322 0.0496936  0.10736853 0.15415642 0.18702694
 0.2312603  0.26127148 0.30196893 0.36603686 0.42369836 0.48243381
 0.5290253  0.56369009 0.60202545 0.63899564 0.66756844 0.69052906
 0.7201861  0.75075699 0.7972201  0.83197578 0.85816957 0.88312266]",,1987.0,24
1,insanity,North Dakota,[1975 1976 1977 1978 1979 1980 1981 1982 1983 1984 1985 1986],"[0.01792927 0.01452998 0.03695312 0.02127694 0.08655371 0.04144805
 0.06738055 0.05121083 0.13145607 0.0594234  0.12748049 0.12748049]","[0.01792927 0.03219874 0.06796201 0.08779292 0.16674783 0.20128451
 0.2551024  0.29324923 0.38615591 0.42263261 0.49623568 0.5604558 ]",1985.0,1986.0,12
1,insanity,Ohio,"[1975 1976 1977 1978 1979 1980 1981 1982 1983 1984 1985 1986 1987 1988
 1989 1990 1991 1992 1993 1994 1995 1996 1997 1998]","[0.03039576 0.0370469  0.1115227  0.11676508 0.08452369 0.07820182
 0.09083177 0.09987453 0.14297904 0.20850364 0.18063105 0.16320912
 0.11702055 0.0695158  0.09185714 0.08383347 0.07446825 0.06781259
 0.13225473 0.21067437 0.2358821  0.31531029 0.31750733 0.34536896]","[0.03039576 0.06631659 0.17044348 0.26730671 0.32923665 0.38169156
 0.43785362 0.49399772 0.56634544 0.656764   0.71876308 0.76466351
 0.79220271 0.80664791 0.82440868 0.83912911 0.85110888 0.86120557
 0.87956179 0.90493504 0.92735916 0.95026356 0.96605525 0.97777871]",,1983.0,24
1,insanity,Oklahoma,"[1975 1976 1977 1978 1979 1980 1981 1982 1983 1984 1985 1986 1987 1988
 1989 1990 1991 1992 1993 1994 1995 1996 1997 1998]","[0.00697913 0.00879267 0.0250937  0.03122903 0.02402332 0.02284309
 0.05405196 0.03542614 0.06001625 0.0848407  0.08443874 0.08649973
 0.09585153 0.08700393 0.09641084 0.10813825 0.09613452 0.081487
 0.09749891 0.09968707 0.12034145 0.21597948 0.11945115 0.10028964]","[0.00697913 0.01571044 0.04040991 0.07037697 0.0927096  0.11343492
 0.1613555  0.19106544 0.23961466 0.30412629 0.36288499 0.41799527
 0.47378131 0.5195644  0.5658836  0.61282819 0.65004876 0.67856524
 0.70990478 0.73882352 0.77025388 0.81987433 0.84139054 0.85729743]",,1988.0,24
1,insanity,Oregon,[1975 1976 1977 1978 1979 1980 1981 1982 1983 1984 1985 1986 1987],"[0.01904652 0.01830134 0.0342444  0.02746856 0.03005094 0.03176166
 0.03695365 0.06735658 0.09918565 0.09918565 0.09918565 0.09918565
 0.09918565]","[0.01904652 0.03699928 0.06997666 0.09552306 0.12270344 0.15056784
 0.18195745 0.237058   0.3127309  0.38089813 0.44230415 0.49761958
 0.54744851]",1983.0,1987.0,13
1,insanity,Pennsylvania,[1975 1976 1977 1978 1979 1980 1981 1982 1983 1984 1985 1986],"[0.01950696 0.01890093 0.0636842  0.04469232 0.05166774 0.05103438
 0.04254052 0.08173127 0.08802127 0.08802127 0.08802127 0.08802127]","[0.01950696 0.03803919 0.0993009  0.13955523 0.18401247 0.22565589
 0.25859689 0.31919271 0.37911823 0.43376903 0.4836094  0.52906275]",1983.0,1986.0,12
1,insanity,Rhode Island,"[1975 1976 1977 1978 1979 1980 1981 1982 1983 1984 1985 1986 1987 1988
 1989 1990 1991 1992 1993 1994]","[0.01354112 0.02439592 0.03669369 0.03130373 0.037272   0.037272
 0.037272   0.037272   0.037272   0.037272   0.037272   0.037272
 0.037272   0.037272   0.037272   0.037272   0.037272   0.037272
 0.037272   0.037272  ]","[0.01354112 0.0376067  0.07292046 0.10194151 0.13541394 0.16763879
 0.19866256 0.22853001 0.25728424 0.28496674 0.31161746 0.33727485
 0.36197594 0.38575637 0.40865046 0.43069124 0.45191052 0.47233891
 0.49200589 0.51093985]",1979.0,1994.0,20
1,insanity,South Carolina,[1975 1976 1977 1978 1979 1980 1981 1982 1983 1984],"[0.00950958 0.01012111 0.02478315 0.17949499 0.10664385 0.10728509
 0.1085303  0.08041474 0.0847526  0.07993833]","[0.00950958 0.01953444 0.04383347 0.21546057 0.29912687 0.37432011
 0.44222533 0.48707864 0.53055006 0.5680771 ]",1984.0,1983.0,10
1,insanity,South Dakota,"[1975 1976 1977 1978 1979 1980 1981 1982 1983 1984 1985 1986 1987 1988
 1989]","[0.03277782 0.01999357 0.03861898 0.03163129 0.06505729 0.04772785
 0.05174776 0.04771099 0.05401597 0.05401597 0.05401597 0.05401597
 0.05401597 0.05401597 0.05401597]","[0.03277782 0.05211604 0.08872235 0.11754724 0.17495722 0.21433473
 0.25499115 0.29053626 0.32885863 0.36511098 0.39940513 0.43184684
 0.46253618 0.49156781 0.51903127]",1983.0,1989.0,15
1,insanity,Tennessee,"[1975 1976 1977 1978 1979 1980 1981 1982 1983 1984 1985 1986 1987 1988
 1989 1990 1991 1992 1993 1994 1995 1996 1997 1998]","[0.00889089 0.01109719 0.02795557 0.03542175 0.04070638 0.0350137
 0.03684525 0.04848467 0.05746611 0.06503469 0.06434813 0.06302173
 0.05334274 0.05387212 0.0739535  0.05959428 0.06814272 0.05577881
 0.07780405 0.10429934 0.0911298  0.09519348 0.09663479 0.07927965]","[0.00889089 0.01988941 0.04728897 0.08103566 0.11844338 0.14930994
 0.18065383 0.22037956 0.26518131 0.31297002 0.35717911 0.3976908
 0.42981962 0.46053645 0.50043167 0.53020309 0.56221633 0.58663538
 0.61879682 0.65855606 0.68967178 0.719213   0.74634679 0.76645633]",,1989.0,24
1,insanity,Texas,"[1975 1976 1977 1978 1979 1980 1981 1982 1983 1984 1985 1986 1987 1988
 1989 1990 1991]","[0.01485287 0.00893484 0.0224906  0.03122341 0.05048514 0.01674124
 0.05868472 0.02474865 0.05150463 0.05150463 0.05150463 0.05150463
 0.05150463 0.05150463 0.05150463 0.05150463 0.05150463]","[0.01485287 0.023655   0.04561359 0.07541278 0.1220907  0.13678799
 0.18744535 0.20755498 0.24836957 0.28708202 0.3238006  0.358628
 0.39166163 0.42299387 0.45271236 0.48090021 0.50763625]",1983.0,1991.0,17
1,insanity,Utah,"[1975 1976 1977 1978 1979 1980 1981 1982 1983 1984 1985 1986 1987 1988
 1989]","[0.01385383 0.01025901 0.01910439 0.0245267  0.02536364 0.02052675
 0.04943256 0.06480399 0.06940733 0.06940733 0.06940733 0.06940733
 0.06940733 0.06940733 0.06940733]","[0.01385383 0.02397071 0.04261715 0.06609859 0.08978573 0.10846947
 0.15254011 0.20745888 0.26246705 0.31365724 0.36129445 0.4056253
 0.44687926 0.48526989 0.52099593]",1983.0,1989.0,15
1,insanity,Virginia,"[1975 1976 1977 1978 1979 1980 1981 1982 1983 1984 1985 1986 1987 1988
 1989 1990 1991 1992 1993 1994 1995 1996 1997 1998]","[0.01361851 0.00981905 0.0490828  0.05166031 0.04776955 0.03618056
 0.06047811 0.10786041 0.0755842  0.09819648 0.10849083 0.10472967
 0.11462108 0.11003505 0.11667302 0.20058748 0.14309993 0.12399291
 0.17627551 0.32918494 0.2972696  0.28477755 0.23212152 0.28049041]","[0.01361851 0.02330384 0.07124282 0.1192227  0.16129703 0.19164177
 0.24052975 0.32244653 0.37365887 0.43516336 0.49644296 0.54918032
 0.60085376 0.64477383 0.68621914 0.74915965 0.78505489 0.81170656
 0.84489808 0.8959553  0.92688462 0.94770624 0.95984475 0.97110791]",,1986.0,24
1,insanity,Washington,"[1975 1976 1977 1978 1979 1980 1981 1982 1983 1984 1985 1986 1987 1988
 1989 1990 1991 1992 1993 1994 1995 1996 1997 1998]","[0.01678274 0.02893675 0.03419136 0.01726261 0.03076793 0.01805618
 0.03263829 0.09355427 0.14890651 0.17445847 0.19895581 0.12979786
 0.07089927 0.07291963 0.05738551 0.07746639 0.07398694 0.11613429
 0.24742974 0.29507722 0.33319164 0.36928083 0.27114592 0.3833927 ]","[0.01678274 0.04523386 0.0778786  0.09379682 0.12167882 0.13753795
 0.16568723 0.24374075 0.35635268 0.4686424  0.57435909 0.62960636
 0.65586701 0.68096105 0.69926927 0.72256579 0.7430923  0.77292809
 0.82911244 0.87953746 0.91967457 0.94933721 0.96307422 0.9772313 ]",1998.0,1985.0,24
1,insanity,West Virginia,"[1975 1976 1977 1978 1979 1980 1981 1982 1983 1984 1985 1986 1987 1988
 1989 1990 1991 1992 1993 1994 1995]","[0.01576604 0.01612611 0.03518334 0.03518334 0.03518334 0.03518334
 0.03518334 0.03518334 0.03518334 0.03518334 0.03518334 0.03518334
 0.03518334 0.03518334 0.03518334 0.03518334 0.03518334 0.03518334
 0.03518334 0.03518334 0.03518334]","[0.01576604 0.0316379  0.06570811 0.09857961 0.13029459 0.16089373
 0.19041629 0.21890014 0.24638184 0.27289664 0.29847857 0.32316043
 0.34697391 0.36994954 0.39211682 0.41350418 0.43413906 0.45404794
 0.47325635 0.49178895 0.50966951]",1977.0,1995.0,21
1,insanity,Wisconsin,"[1975 1976 1977 1978 1979 1980 1981 1982 1983 1984 1985 1986 1987 1988
 1989 1990 1991 1992 1993 1994 1995 1996 1997 1998]","[0.0423839  0.06838424 0.08956349 0.05533239 0.047019   0.05177318
 0.08729456 0.08647225 0.10700701 0.1220426  0.14365756 0.14010744
 0.10047165 0.06005273 0.09366918 0.08657728 0.07478439 0.05718789
 0.11052201 0.11230042 0.20822984 0.29976208 0.26879767 0.32399052]","[0.0423839  0.10786975 0.18777205 0.23271456 0.26879155 0.30664854
 0.36717435 0.42189621 0.48375737 0.54676096 0.61187217 0.66625177
 0.69978401 0.7178128  0.74424504 0.76638761 0.78385817 0.79621886
 0.81874116 0.83909661 0.87260149 0.91079074 0.93476998 0.95590389]",,1984.0,24
1,insanity,Wyoming,[1975 1976 1977 1978 1979 1980 1981 1982 1983 1984 1985 1986],"[0.00801729 0.01051437 0.0248127  0.03365535 0.0478834  0.03708172
 0.04519889 0.06591694 0.05747606 0.12624415 0.11643737 0.11643737]","[0.00801729 0.01844737 0.04280234 0.07501717 0.11930849 0.15196605
 0.19029625 0.24366944 0.28714034 0.3771347  0.4496595  0.5137397 ]",1985.0,1986.0,12
1,rightdie,Alabama,[1976 1977 1978 1979 1980 1981 1982 1983 1984 1985 1986 1987 1988],"[0.0231911  0.03562031 0.01711763 0.01739398 0.05521237 0.06566128
 0.06280682 0.03510676 0.06018311 0.07921868 0.0886633  0.07588831
 0.07465632]","[0.0231911  0.05798534 0.0741104  0.0902153  0.14044667 0.19688604
 0.24732707 0.27375098 0.3174589  0.37152891 0.42725123 0.47071617
 0.51023055]",,1988.0,13
1,rightdie,Arizona,"[1976 1977 1978 1979 1980 1981 1982 1983 1984 1985 1986 1987 1988 1989
 1990 1991]","[0.0067722  0.02113356 0.03009413 0.018039   0.01671254 0.02279345
 0.01776803 0.05943429 0.07274017 0.08026044 0.07819444 0.05649593
 0.05649593 0.05649593 0.05649593 0.05649593]","[0.0067722  0.02776264 0.05702128 0.07403167 0.08950695 0.11026022
 0.12606915 0.17801061 0.23780226 0.29897659 0.35379272 0.3903008
 0.42474633 0.45724582 0.48790922 0.51684027]",1987.0,1991.0,16
1,rightdie,Arkansas,"[1976 1977 1978 1979 1980 1981 1982 1983 1984 1985 1986 1987 1988 1989
 1990 1991 1992 1993 1994 1995 1996 1997 1998 1999]","[0.00789072 0.01923438 0.01074319 0.02081318 0.01466442 0.02397486
 0.00932231 0.02593215 0.01182998 0.03979799 0.01702479 0.03930458
 0.03896288 0.03896288 0.03896288 0.03896288 0.03896288 0.03896288
 0.03896288 0.03896288 0.03896288 0.03896288 0.03896288 0.03896288]","[0.00789072 0.02697332 0.03742673 0.05746094 0.07128273 0.09354859
 0.10199882 0.12528592 0.13563377 0.17003381 0.18416381 0.21622991
 0.24676785 0.27611595 0.30432056 0.33142624 0.3574758  0.38251039
 0.40656957 0.42969133 0.4519122  0.47326728 0.49379031 0.5135137 ]",,1999.0,24
1,rightdie,California,[1976 1977 1978 1979 1980 1981 1982 1983 1984 1985 1986 1987 1988],"[0.0227485  0.04554412 0.02919235 0.02185807 0.04319702 0.11123556
 0.06753847 0.06179549 0.06179549 0.06179549 0.06179549 0.06179549
 0.06179549]","[0.0227485  0.06725656 0.09448553 0.11427833 0.15253886 0.24680668
 0.29767621 0.34107665 0.38179514 0.41999741 0.45583896 0.48946566
 0.52101438]",1983.0,1988.0,13
1,rightdie,Colorado,"[1976 1977 1978 1979 1980 1981 1982 1983 1984 1985 1986 1987 1988 1989
 1990 1991]","[0.00745228 0.01532036 0.01132667 0.01421659 0.0163485  0.02965653
 0.02563129 0.03626661 0.05428601 0.05667181 0.06302553 0.07388813
 0.07561427 0.07561427 0.07561427 0.07561427]","[0.00745228 0.02265846 0.03372849 0.04746557 0.06303808 0.09082512
 0.11412845 0.14625601 0.19260237 0.23835905 0.28636188 0.33909126
 0.38906539 0.43526077 0.47796311 0.51743655]",,1991.0,16
1,rightdie,Connecticut,[1976 1977 1978 1979 1980 1981 1982 1983 1984 1985 1986 1987 1988],"[0.01265451 0.05981296 0.07529849 0.08010576 0.0599878  0.0727273
 0.11007888 0.06810575 0.05412126 0.08831026 0.06853916 0.05632932
 0.07797933]","[0.01265451 0.07171056 0.14160935 0.21037139 0.25773947 0.31172207
 0.38748694 0.4292026  0.46009487 0.50777403 0.54151079 0.56733717
 0.60107593]",,1985.0,13
1,rightdie,Delaware,[1976 1977 1978 1979 1980 1981 1982 1983 1984 1985 1986 1987 1988 1989],"[0.05343234 0.05967404 0.06354857 0.06328425 0.04707408 0.04707408
 0.04707408 0.04707408 0.04707408 0.04707408 0.04707408 0.04707408
 0.04707408 0.04707408]","[0.05343234 0.10991786 0.16648131 0.21922991 0.25598394 0.29100781
 0.32438296 0.35618701 0.38649391 0.41537414 0.44289487 0.46912008
 0.49411076 0.51792503]",1980.0,1989.0,14
1,rightdie,Florida,"[1976 1977 1978 1979 1980 1981 1982 1983 1984 1985 1986 1987 1988 1989
 1990 1991 1992 1993 1994 1995 1996 1997 1998 1999]","[0.01123315 0.0300635  0.01248498 0.01290203 0.01834076 0.01834076
 0.01834076 0.01834076 0.01834076 0.01834076 0.01834076 0.01834076
 0.01834076 0.01834076 0.01834076 0.01834076 0.01834076 0.01834076
 0.01834076 0.01834076 0.01834076 0.01834076 0.01834076 0.01834076]","[0.01123315 0.04095894 0.05293255 0.06515165 0.08229747 0.09912883
 0.11565149 0.13187111 0.14779326 0.16342337 0.17876682 0.19382886
 0.20861465 0.22312926 0.23737766 0.25136473 0.26509527 0.27857398
 0.29180548 0.3047943  0.3175449  0.33006164 0.34234882 0.35441064]",1980.0,,24
1,rightdie,Georgia,"[1976 1977 1978 1979 1980 1981 1982 1983 1984 1985 1986 1987 1988 1989
 1990 1991 1992 1993 1994]","[0.00990486 0.02013057 0.0337064  0.02762263 0.05808741 0.05761857
 0.04584183 0.03804113 0.03697343 0.03697343 0.03697343 0.03697343
 0.03697343 0.03697343 0.03697343 0.03697343 0.03697343 0.03697343
 0.03697343]","[0.00990486 0.02983604 0.06253677 0.08843197 0.14138259 0.1908549
 0.22794759 0.25731734 0.28477687 0.31122112 0.33668764 0.36121258
 0.38483074 0.40757566 0.42947962 0.45057372 0.4708879  0.49045099
 0.50929076]",1984.0,1994.0,19
1,rightdie,Idaho,"[1976 1977 1978 1979 1980 1981 1982 1983 1984 1985 1986 1987 1988 1989
 1990 1991 1992 1993 1994 1995 1996 1997 1998 1999 2000 2001 2002 2003
 2004]","[0.00693688 0.01343833 0.01618524 0.01399551 0.01460978 0.02590239
 0.02202846 0.05114636 0.03549966 0.06320116 0.0388024  0.02818519
 0.02153453 0.02153453 0.02153453 0.02153453 0.02153453 0.02153453
 0.02153453 0.02153453 0.02153453 0.02153453 0.02153453 0.02153453
 0.02153453 0.02153453 0.02153453 0.02153453 0.02153453]","[0.00693688 0.02028199 0.03613896 0.04962868 0.0635134  0.08777064
 0.10786565 0.15349508 0.18354571 0.23514657 0.26482471 0.28554577
 0.3009312  0.31598532 0.33071526 0.34512799 0.35923036 0.37302903
 0.38653056 0.39974134 0.41266762 0.42531555 0.43769111 0.44980017
 0.46164847 0.47324162 0.48458511 0.49568433 0.50654453]",,2004.0,29
1,rightdie,Illinois,"[1976 1977 1978 1979 1980 1981 1982 1983 1984 1985 1986 1987 1988 1989
 1990 1991]","[0.00897473 0.01618267 0.01215135 0.02334288 0.02644753 0.03925329
 0.04092981 0.06146348 0.03978484 0.04954708 0.0482482  0.0513824
 0.06604506 0.06604506 0.06604506 0.06604506]","[0.00897473 0.02501216 0.03685958 0.05934205 0.08422012 0.1201675
 0.15617888 0.20804306 0.23955095 0.27722898 0.31210138 0.34744726
 0.39054514 0.43079662 0.46838969 0.50349993]",1988.0,1991.0,16
1,rightdie,Indiana,"[1976 1977 1978 1979 1980 1981 1982 1983 1984 1985 1986 1987 1988 1989
 1990 1991]","[0.01304591 0.01858772 0.01600258 0.01229584 0.0185206  0.02565969
 0.02589983 0.02727562 0.05101158 0.06714169 0.0680214  0.0668738
 0.07746304 0.07746304 0.07746304 0.07746304]","[0.01304591 0.03139114 0.04689139 0.05861066 0.07604575 0.09975413
 0.12307034 0.14698914 0.19050257 0.2448536  0.29621972 0.34328418
 0.39415538 0.44108595 0.48438113 0.52432253]",,1991.0,16
1,rightdie,Iowa,"[1976 1977 1978 1979 1980 1981 1982 1983 1984 1985 1986 1987 1988 1989
 1990 1991 1992]","[0.00787588 0.01339796 0.0102812  0.00983261 0.01918003 0.02551529
 0.02498954 0.03189802 0.0366144  0.04171027 0.04982342 0.05155763
 0.07798583 0.07798583 0.07798583 0.07798583 0.07798583]","[0.00787588 0.02116831 0.03123188 0.04075739 0.05915569 0.08316161
 0.10607299 0.13458749 0.16627405 0.20104899 0.24085546 0.27999516
 0.33614533 0.38791659 0.43565042 0.47966169 0.5202407 ]",,1992.0,17
1,rightdie,Kansas,"[1976 1977 1978 1979 1980 1981 1982 1983 1984 1985 1986 1987 1988 1989
 1990 1991 1992 1993 1994 1995]","[0.00645323 0.01586552 0.01423848 0.01284319 0.01359988 0.02370931
 0.02142667 0.01934813 0.01925295 0.03459056 0.03875189 0.03355546
 0.057237   0.057237   0.057237   0.057237   0.057237   0.057237
 0.057237   0.057237  ]","[0.00645323 0.02221637 0.03613852 0.04851758 0.06145763 0.08370982
 0.10334286 0.1206915  0.13762078 0.16745096 0.19971381 0.22656778
 0.27083672 0.31257184 0.35191817 0.38901243 0.42398353 0.45695299
 0.48803537 0.51733869]",,1995.0,20
1,rightdie,Kentucky,"[1976 1977 1978 1979 1980 1981 1982 1983 1984 1985 1986 1987 1988 1989
 1990 1991 1992 1993]","[0.00743134 0.01002378 0.01268154 0.00922033 0.01569854 0.02325272
 0.02268561 0.01187153 0.04267298 0.02601356 0.06127413 0.0240406
 0.07593581 0.07593581 0.07593581 0.07593581 0.07593581 0.07593581]","[0.00743134 0.01738063 0.02984176 0.03878693 0.05387658 0.07587652
 0.09684083 0.10756271 0.14564567 0.16787046 0.21885848 0.23763759
 0.2955282  0.34902284 0.39845532 0.4441341  0.48634423 0.5253491 ]",,1993.0,18
1,rightdie,Louisiana,"[1976 1977 1978 1979 1980 1981 1982 1983 1984 1985 1986 1987 1988 1989
 1990 1991 1992 1993 1994 1995 1996 1997 1998]","[0.01070489 0.04526664 0.02370695 0.02134175 0.01869432 0.02424301
 0.02471734 0.0351239  0.01948524 0.03795187 0.03588526 0.03152797
 0.03222481 0.03222481 0.03222481 0.03222481 0.03222481 0.03222481
 0.03222481 0.03222481 0.03222481 0.03222481 0.03222481]","[0.01070489 0.05548696 0.07787848 0.09755817 0.11442871 0.13589762
 0.15725593 0.18685639 0.20270069 0.23295969 0.26048513 0.28380053
 0.30687992 0.32921558 0.35083148 0.37175081 0.39199602 0.41158883
 0.43055027 0.44890068 0.46665975 0.48384653 0.50047948]",,1998.0,23
1,rightdie,Maine,"[1976 1977 1978 1979 1980 1981 1982 1983 1984 1985 1986 1987 1988 1989
 1990 1991 1992 1993 1994 1995 1996 1997 1998 1999]","[0.01275648 0.02065684 0.01219757 0.01451893 0.01830565 0.02666373
 0.02297454 0.02730775 0.023242   0.03522146 0.02799619 0.03578124
 0.03578124 0.03578124 0.03578124 0.03578124 0.03578124 0.03578124
 0.03578124 0.03578124 0.03578124 0.03578124 0.03578124 0.03578124]","[0.01275648 0.03314981 0.04494303 0.05880944 0.07603854 0.1006748
 0.12133638 0.1453307  0.16519493 0.19459799 0.21714617 0.24515766
 0.27216685 0.29820962 0.32332055 0.34753298 0.37087906 0.39338979
 0.41509506 0.43602368 0.45620345 0.47566117 0.49442266 0.51251285]",1987.0,1999.0,24
1,rightdie,Maryland,"[1976 1977 1978 1979 1980 1981 1982 1983 1984 1985 1986 1987 1988 1989
 1990 1991 1992]","[0.01082113 0.0183319  0.01588264 0.01636965 0.05824826 0.05833253
 0.05981588 0.04533527 0.04285676 0.03083201 0.03793177 0.03909044
 0.05074574 0.05074574 0.05074574 0.05074574 0.05074574]","[0.01082113 0.02895466 0.04437742 0.06002063 0.11477279 0.16641033
 0.21627223 0.25180274 0.28386805 0.30594784 0.33227447 0.35837615
 0.39093583 0.42184325 0.45118224 0.47903241 0.5054693 ]",,1992.0,17
1,rightdie,Massachusetts,"[1976 1977 1978 1979 1980 1981 1982 1983 1984 1985 1986 1987 1988 1989
 1990]","[0.01786081 0.04987845 0.04987845 0.04987845 0.04987845 0.04987845
 0.04987845 0.04987845 0.04987845 0.04987845 0.04987845 0.04987845
 0.04987845 0.04987845 0.04987845]","[0.01786081 0.06684839 0.11339255 0.15761516 0.19963201 0.23955313
 0.27748304 0.31352107 0.34776157 0.38029422 0.41120418 0.44057241
 0.46847579 0.49498739 0.52017664]",1977.0,1990.0,15
1,rightdie,Michigan,[1976 1977 1978 1979 1980 1981 1982 1983 1984 1985 1986 1987 1988 1989],"[0.0117336  0.04193299 0.0204019  0.02406744 0.03842964 0.03529323
 0.03810963 0.03816008 0.0571855  0.07848135 0.04954346 0.06337141
 0.08934598 0.08934598]","[0.0117336  0.05317457 0.0724916  0.09481435 0.12960031 0.16031953
 0.19231944 0.2231406  0.26756569 0.32504812 0.35848757 0.39914112
 0.45282545 0.50171329]",,1989.0,14
1,rightdie,Minnesota,"[1976 1977 1978 1979 1980 1981 1982 1983 1984 1985 1986 1987 1988 1989
 1990 1991 1992 1993 1994 1995 1996 1997 1998 1999]","[0.00752527 0.01218276 0.00919041 0.01138261 0.02551648 0.02729123
 0.03350572 0.03601334 0.03386267 0.03386267 0.03386267 0.03386267
 0.03386267 0.03386267 0.03386267 0.03386267 0.03386267 0.03386267
 0.03386267 0.03386267 0.03386267 0.03386267 0.03386267 0.03386267]","[0.00752527 0.01961634 0.02862648 0.03968324 0.06418714 0.08972662
 0.12022599 0.15190959 0.18062819 0.20837431 0.23518087 0.26107969
 0.2861015  0.31027601 0.33363191 0.35619691 0.3779978  0.39906046
 0.41940988 0.43907021 0.45806479 0.47641616 0.49414611 0.51127567]",1984.0,1999.0,24
1,rightdie,Mississippi,"[1976 1977 1978 1979 1980 1981 1982 1983 1984 1985 1986 1987 1988 1989
 1990 1991 1992 1993 1994 1995 1996 1997 1998 1999 2000]","[0.00963949 0.02036122 0.01726813 0.04147543 0.01991918 0.02424684
 0.01565421 0.01740307 0.02055188 0.02767116 0.03091036 0.03708797
 0.03160267 0.03160267 0.03160267 0.03160267 0.03160267 0.03160267
 0.03160267 0.03160267 0.03160267 0.03160267 0.03160267 0.03160267
 0.03160267]","[0.00963949 0.02980444 0.0465579  0.08610233 0.10430641 0.12602416
 0.13970556 0.15467733 0.1720503  0.19496063 0.21984468 0.24877906
 0.27251965 0.29550997 0.31777374 0.33933391 0.36021272 0.38043171
 0.40001172 0.41897295 0.43733496 0.45511667 0.47233644 0.48901202
 0.5051606 ]",,2000.0,25
1,rightdie,Missouri,"[1976 1977 1978 1979 1980 1981 1982 1983 1984 1985 1986 1987 1988 1989
 1990 1991 1992 1993 1994]","[0.00599288 0.01332721 0.01082248 0.0133921  0.02470907 0.02945754
 0.02609023 0.03537072 0.03342855 0.04925201 0.05052837 0.04891862
 0.05489667 0.05489667 0.05489667 0.05489667 0.05489667 0.05489667
 0.05489667]","[0.00599288 0.01924022 0.02985448 0.04284676 0.06649712 0.09399582
 0.11763368 0.14884361 0.17729653 0.21781634 0.2573388  0.29366876
 0.33244399 0.36909059 0.40372542 0.4364589  0.46739543 0.49663365
 0.52426678]",1988.0,1994.0,19
1,rightdie,Montana,"[1976 1977 1978 1979 1980 1981 1982 1983 1984 1985 1986 1987 1988 1989
 1990 1991 1992 1993 1994 1995 1996 1997 1998 1999 2000 2001 2002 2003
 2004 2005 2006 2007]","[0.00852079 0.01647387 0.01001322 0.01573892 0.01006069 0.02600284
 0.01121981 0.02532841 0.01312312 0.03624646 0.01841319 0.03942945
 0.01881001 0.01881001 0.01881001 0.01881001 0.01881001 0.01881001
 0.01881001 0.01881001 0.01881001 0.01881001 0.01881001 0.01881001
 0.01881001 0.01881001 0.01881001 0.01881001 0.01881001 0.01881001
 0.01881001 0.01881001]","[0.00852079 0.02485429 0.03461863 0.04981269 0.05937223 0.08383122
 0.09411046 0.1170552  0.12864219 0.16022583 0.17568875 0.20819088
 0.22308482 0.23769861 0.25203751 0.26610669 0.27991124 0.29345612
 0.30674622 0.31978633 0.33258116 0.34513532 0.35745333 0.36953964
 0.38139861 0.39303451 0.40445154 0.41565382 0.42664538 0.43743018
 0.44801213 0.45839503]",,,32
1,rightdie,Nevada,"[1976 1977 1978 1979 1980 1981 1982 1983 1984 1985 1986 1987 1988 1989
 1990 1991 1992 1993]","[0.00870971 0.01872175 0.00920142 0.01560495 0.00941225 0.0263951
 0.01204054 0.04104897 0.02825849 0.08072288 0.04516247 0.1018066
 0.04842484 0.04842484 0.04842484 0.04842484 0.04842484 0.04842484]","[0.00870971 0.0272684  0.03621891 0.05125867 0.06018846 0.08499488
 0.09601204 0.13311982 0.15761654 0.22561616 0.26058925 0.33586614
 0.36802672 0.39862992 0.42775117 0.45546223 0.48183138 0.50692361]",,1993.0,18
1,rightdie,New Hampshire,[1976 1977 1978 1979 1980 1981 1982 1983 1984 1985 1986 1987 1988],"[0.00503969 0.06737045 0.05635018 0.04749865 0.02647974 0.05280585
 0.02480946 0.05637978 0.02991407 0.07271574 0.06228747 0.21784995
 0.19087423]","[0.00503969 0.07207061 0.12435959 0.16595133 0.18803672 0.23091313
 0.24999376 0.29227895 0.31344977 0.36337277 0.40302667 0.53307728
 0.6222008 ]",,1987.0,13
1,rightdie,New Jersey,[1976],[0.75808738],[0.75808738],1976.0,1976.0,1
1,rightdie,New Mexico,"[1976 1977 1978 1979 1980 1981 1982 1983 1984 1985 1986 1987 1988 1989
 1990 1991 1992 1993 1994 1995 1996 1997 1998 1999 2000 2001 2002]","[0.01003145 0.01859142 0.01546955 0.01616972 0.02489978 0.02242152
 0.02065671 0.0286853  0.0286853  0.0286853  0.0286853  0.0286853
 0.0286853  0.0286853  0.0286853  0.0286853  0.0286853  0.0286853
 0.0286853  0.0286853  0.0286853  0.0286853  0.0286853  0.0286853
 0.0286853  0.0286853  0.0286853 ]","[0.01003145 0.02843637 0.04346603 0.05893291 0.08236527 0.10294004
 0.12147034 0.14667123 0.17114923 0.19492506 0.21801888 0.24045024
 0.26223816 0.28340108 0.30395694 0.32392314 0.34331661 0.36215378
 0.38045059 0.39822255 0.41548472 0.43225172 0.44853775 0.46435661
 0.4797217  0.49464604 0.50914227]",1983.0,2002.0,27
1,rightdie,New York,[1976 1977 1978 1979 1980 1981],[0.06336129 0.13410082 0.12666264 0.14579284 0.16526132 0.13641413],[0.06336129 0.1889653  0.2916931  0.39495918 0.49494902 0.56384511],1981.0,1981.0,6
1,rightdie,North Carolina,"[1976 1977 1978 1979 1980 1981 1982 1983 1984 1985 1986 1987 1988 1989
 1990 1991 1992 1993]","[0.00723363 0.01646308 0.01378911 0.012957   0.01507975 0.0260267
 0.01465004 0.02050057 0.03490815 0.04847115 0.07033798 0.06989462
 0.06308884 0.06308884 0.06308884 0.06308884 0.06308884 0.06308884]","[0.00723363 0.02357762 0.03704161 0.04951866 0.06385168 0.08821653
 0.10157419 0.11999243 0.15071187 0.19187783 0.24871952 0.30122999
 0.34531458 0.38661792 0.42531549 0.46157167 0.49554049 0.52736626]",,1993.0,18
1,rightdie,North Dakota,"[1976 1977 1978 1979 1980 1981 1982 1983 1984 1985 1986 1987 1988 1989
 1990 1991]","[0.00678739 0.02088964 0.01316941 0.01375556 0.0184722  0.0245939
 0.01102076 0.05400495 0.05577523 0.11331277 0.0414729  0.11198992
 0.05035296 0.05035296 0.05035296 0.05035296]","[0.00678739 0.02753524 0.04034203 0.05354267 0.07102581 0.09387291
 0.10385911 0.15225516 0.19953832 0.29024085 0.31967662 0.39586599
 0.42628592 0.45517412 0.48260771 0.50865995]",,1991.0,16
1,rightdie,Ohio,"[1976 1977 1978 1979 1980 1981 1982 1983 1984 1985 1986 1987 1988 1989
 1990 1991 1992 1993 1994 1995]","[0.00721981 0.01497941 0.00963258 0.01198331 0.02452611 0.03208836
 0.03099841 0.04137864 0.0432796  0.0432796  0.0432796  0.0432796
 0.0432796  0.0432796  0.0432796  0.0432796  0.0432796  0.0432796
 0.0432796  0.0432796 ]","[0.00721981 0.02209107 0.03151086 0.04311656 0.06658519 0.09653694
 0.12454286 0.16076808 0.19708971 0.23183934 0.26508503 0.29689186
 0.3273221  0.35643533 0.38428855 0.4109363  0.43643074 0.4608218
 0.48415721 0.50648268]",1984.0,1995.0,20
1,rightdie,Oklahoma,"[1976 1977 1978 1979 1980 1981 1982 1983 1984 1985 1986 1987 1988 1989
 1990 1991 1992 1993 1994]","[0.00723405 0.01881956 0.01014613 0.01389267 0.01403716 0.02041275
 0.02004448 0.02533405 0.02739736 0.03503009 0.04429981 0.04492593
 0.06422968 0.06422968 0.06422968 0.06422968 0.06422968 0.06422968
 0.06422968]","[0.00723405 0.02591747 0.03580064 0.04919594 0.06254253 0.08167861
 0.10008589 0.12288436 0.14691501 0.17679865 0.21326632 0.24861106
 0.29687253 0.34203419 0.38429512 0.42384165 0.46084812 0.49547767
 0.52788298]",,1994.0,19
1,rightdie,Oregon,[1976 1977 1978 1979 1980 1981 1982 1983 1984 1985 1986 1987 1988],"[0.01321757 0.02072875 0.01540869 0.01602335 0.03087559 0.03216877
 0.03196184 0.08065672 0.08527767 0.12901035 0.10047683 0.09364652
 0.0782519 ]","[0.01321757 0.03367234 0.04856218 0.0638074  0.0927129  0.12189922
 0.14996493 0.21852597 0.28516826 0.37738895 0.43994693 0.49239396
 0.53211509]",,1988.0,13
1,rightdie,Pennsylvania,[1976 1977 1978 1979 1980 1981 1982 1983 1984 1985 1986 1987 1988],"[0.0236047  0.02655242 0.02985202 0.03230866 0.05151663 0.07307962
 0.07605189 0.07122329 0.0808119  0.08267761 0.07020309 0.07516955
 0.08583412]","[0.0236047  0.04953036 0.0779038  0.1076955  0.15366401 0.21551393
 0.27517558 0.32679996 0.38120253 0.43236323 0.47221309 0.51188659
 0.55378338]",,1987.0,13
1,rightdie,Rhode Island,[1976 1977 1978 1979 1980 1981 1982 1983 1984 1985 1986 1987 1988],"[0.02268841 0.08311366 0.12380937 0.15159635 0.12196758 0.07419658
 0.09804622 0.06430954 0.04386167 0.050715   0.04882302 0.04825836
 0.04540772]","[0.02268841 0.10391635 0.2148599  0.33388427 0.41512879 0.45852423
 0.51161389 0.54302177 0.5630656  0.58522473 0.60547531 0.62451442
 0.64156437]",,1982.0,13
1,rightdie,South Carolina,"[1976 1977 1978 1979 1980 1981 1982 1983 1984 1985 1986 1987 1988 1989
 1990]","[0.00710959 0.01719551 0.01409392 0.01816903 0.01867355 0.0246853
 0.02136302 0.02624008 0.05648775 0.07821941 0.09213943 0.10755216
 0.08687478 0.08687478 0.08687478]","[0.00710959 0.02418285 0.03793594 0.05541571 0.07305445 0.09593638
 0.11524991 0.13846583 0.18713195 0.25071401 0.3197528  0.39291485
 0.44565524 0.49381382 0.53778863]",,1990.0,15
1,rightdie,South Dakota,"[1976 1977 1978 1979 1980 1981 1982 1983 1984 1985 1986 1987 1988 1989
 1990 1991 1992 1993 1994 1995 1996]","[0.00879477 0.01801736 0.02072089 0.01484928 0.01692393 0.02112933
 0.0222354  0.02414985 0.03136624 0.03830223 0.04567959 0.03852268
 0.04685647 0.04685647 0.04685647 0.04685647 0.04685647 0.04685647
 0.04685647 0.04685647 0.04685647]","[0.00879477 0.02665367 0.04682228 0.06097628 0.07686825 0.0963734
 0.1164659  0.13780312 0.16484699 0.19683521 0.23352345 0.26305019
 0.29758105 0.33049392 0.36186461 0.39176538 0.4202651  0.44742943
 0.47332094 0.49799926 0.52152124]",,1996.0,21
1,rightdie,Tennessee,"[1976 1977 1978 1979 1980 1981 1982 1983 1984 1985 1986 1987 1988 1989
 1990 1991 1992 1993]","[0.00648783 0.0153884  0.01097428 0.01062664 0.01452452 0.02464412
 0.02159604 0.02372376 0.03253739 0.04443442 0.04623067 0.04823864
 0.0746683  0.0746683  0.0746683  0.0746683  0.0746683  0.0746683 ]","[0.00648783 0.02177639 0.03251169 0.04279285 0.05669582 0.07994273
 0.09981232 0.12116816 0.14976305 0.18754284 0.22510328 0.26248324
 0.31755236 0.36850957 0.41566189 0.45929343 0.49966707 0.53702608]",,1993.0,18
1,rightdie,Texas,"[1976 1977 1978 1979 1980 1981 1982 1983 1984 1985 1986 1987 1988 1989
 1990 1991 1992 1993 1994 1995 1996 1997]","[0.01162508 0.01937084 0.01026225 0.02615332 0.01216441 0.04593682
 0.0147587  0.03742351 0.02540749 0.068765   0.04673655 0.06294315
 0.03196114 0.03196114 0.03196114 0.03196114 0.03196114 0.03196114
 0.03196114 0.03196114 0.03196114 0.03196114]","[0.01162508 0.03077074 0.04071721 0.06580564 0.07716957 0.11956146
 0.13255559 0.16501841 0.18623319 0.24219187 0.27760921 0.32307876
 0.34471394 0.36565763 0.38593194 0.40555826 0.42455729 0.4429491
 0.46075309 0.47798803 0.49467214 0.51082299]",,1997.0,22
1,rightdie,Utah,"[1976 1977 1978 1979 1980 1981 1982 1983 1984 1985 1986 1987 1988 1989
 1990 1991 1992 1993 1994 1995 1996]","[0.0056412  0.01242451 0.01364561 0.01338582 0.0174638  0.02038597
 0.01645261 0.02525994 0.02203755 0.03238369 0.031442   0.05787963
 0.04663048 0.04663048 0.04663048 0.04663048 0.04663048 0.04663048
 0.04663048 0.04663048 0.04663048]","[0.0056412  0.01799563 0.03139567 0.04436123 0.06105032 0.08019172
 0.09532497 0.11817701 0.13761023 0.16553759 0.19177476 0.23855453
 0.2740611  0.30791198 0.34018438 0.3709519  0.40028471 0.42824973
 0.45491072 0.48032849 0.50456102]",,1996.0,21
1,rightdie,Virginia,"[1976 1977 1978 1979 1980 1981 1982 1983 1984 1985 1986 1987 1988 1989
 1990 1991 1992 1993 1994 1995 1996 1997 1998 1999 2000 2001 2002]","[0.00630121 0.01257835 0.00963626 0.01228281 0.01185102 0.03769675
 0.01710218 0.0136929  0.01389839 0.02643907 0.02426066 0.03957003
 0.03095054 0.03095054 0.03095054 0.03095054 0.03095054 0.03095054
 0.03095054 0.03095054 0.03095054 0.03095054 0.03095054 0.03095054
 0.03095054 0.03095054 0.03095054]","[0.00630121 0.0188003  0.0282554  0.04019116 0.05156587 0.08731876
 0.1029276  0.11521113 0.12750827 0.15057614 0.17118372 0.20398
 0.22861725 0.25249197 0.27562775 0.29804746 0.31977327 0.34082666
 0.36122843 0.38099875 0.40015718 0.41872264 0.43671349 0.45414751
 0.47104194 0.48741348 0.50327831]",,2002.0,27
1,rightdie,Washington,"[1976 1977 1978 1979 1980 1981 1982 1983 1984 1985 1986 1987 1988 1989
 1990 1991 1992 1993 1994 1995 1996 1997 1998 1999 2000]","[0.01519354 0.01401883 0.00682275 0.01569889 0.01768361 0.02825131
 0.03059285 0.03234288 0.03234288 0.03234288 0.03234288 0.03234288
 0.03234288 0.03234288 0.03234288 0.03234288 0.03234288 0.03234288
 0.03234288 0.03234288 0.03234288 0.03234288 0.03234288 0.03234288
 0.03234288]","[0.01519354 0.02899937 0.03562427 0.0507639  0.06754982 0.09389275
 0.12161316 0.15002272 0.17751344 0.20411502 0.22985624 0.25476491
 0.27886796 0.30219145 0.32476059 0.34659977 0.36773262 0.38818197
 0.40796993 0.42711789 0.44564655 0.46357594 0.48092544 0.4977138
 0.51395919]",1983.0,2000.0,25
1,rightdie,West Virginia,"[1976 1977 1978 1979 1980 1981 1982 1983 1984 1985 1986 1987 1988 1989
 1990 1991 1992 1993]","[0.00907508 0.00971519 0.0123407  0.01461948 0.02745823 0.02894917
 0.025355   0.02767086 0.04817196 0.05989671 0.0430745  0.05393022
 0.06054668 0.06054668 0.06054668 0.06054668 0.06054668 0.06054668]","[0.00907508 0.0187021  0.030812   0.04498103 0.07120416 0.09809203
 0.12095991 0.14528371 0.18645707 0.23518561 0.26812961 0.30759954
 0.34952209 0.38890637 0.42590606 0.46066554 0.49332046 0.52399822]",,1993.0,18
1,rightdie,Wisconsin,"[1976 1977 1978 1979 1980 1981 1982 1983 1984 1985 1986 1987 1988 1989
 1990]","[0.01049645 0.01531824 0.00973818 0.01199453 0.02771101 0.03458218
 0.03006642 0.0410493  0.06153628 0.07963304 0.07777872 0.08083364
 0.08152432 0.08152432 0.08152432]","[0.01049645 0.0256539  0.03514226 0.04671527 0.07313176 0.10518488
 0.13208877 0.16771592 0.21893159 0.28113044 0.33704319 0.3906324
 0.44031068 0.48593897 0.52784745]",,1990.0,15
1,rightdie,Wyoming,"[1976 1977 1978 1979 1980 1981 1982 1983 1984 1985 1986 1987 1988 1989
 1990 1991 1992 1993 1994 1995 1996 1997 1998 1999 2000 2001 2002 2003
 2004 2005 2006 2007]","[0.00678088 0.01679357 0.01095356 0.01151306 0.01188294 0.0190226
 0.01567391 0.01496787 0.01712197 0.02605146 0.02488086 0.02134976
 0.01749527 0.01749527 0.01749527 0.01749527 0.01749527 0.01749527
 0.01749527 0.01749527 0.01749527 0.01749527 0.01749527 0.01749527
 0.01749527 0.01749527 0.01749527 0.01749527 0.01749527 0.01749527
 0.01749527 0.01749527]","[0.00678088 0.02346057 0.03415716 0.04527696 0.05662188 0.07456739
 0.08907253 0.10270718 0.11807059 0.14104614 0.16241765 0.18029983
 0.19464071 0.20873069 0.22257416 0.23617544 0.24953875 0.26266828
 0.2755681  0.28824223 0.30069463 0.31292916 0.32494965 0.33675984
 0.34836341 0.35976397 0.37096507 0.38197021 0.39278281 0.40340624
 0.41384381 0.42409877]",,,32
1,salvia,Alabama,[2005 2006 2007 2008 2009],[0.05073461 0.13750006 0.11260031 0.22658793 0.22658793],[0.05073461 0.18125867 0.27344919 0.43807684 0.56540185],,2009.0,5
1,salvia,Arizona,[2005 2006 2007 2008 2009 2010],[0.06459945 0.08478249 0.0848574  0.15424018 0.15424018 0.15424018],[0.06459945 0.14390503 0.21655102 0.33739033 0.43959136 0.52602889],,2010.0,6
1,salvia,Arkansas,[2005 2006 2007 2008],[0.12761096 0.21247421 0.32132278 0.31437539],[0.12761096 0.31297113 0.53372916 0.68031323],,2007.0,4
1,salvia,California,[2005 2006 2007 2008],[0.24327367 0.23923269 0.22062432 0.23945385],[0.24327367 0.42430735 0.55131915 0.65875751],2008.0,2007.0,4
1,salvia,Colorado,[2005 2006 2007 2008 2009],[0.04602295 0.10301913 0.12587048 0.25242374 0.25242374],[0.04602295 0.14430084 0.2520081  0.44081902 0.58196957],,2009.0,5
1,salvia,Connecticut,[2005 2006 2007 2008 2009 2010 2011],"[0.03219833 0.06118496 0.1204814  0.1306354  0.1306354  0.1306354
 0.1306354 ]","[0.03219833 0.09141324 0.20088105 0.30527428 0.39603005 0.47492991
 0.54352265]",,2011.0,7
1,salvia,Delaware,[2005 2006 2007 2008 2009 2010 2011 2012 2013 2014 2015],"[0.04489475 0.06744108 0.06744108 0.06744108 0.06744108 0.06744108
 0.06744108 0.06744108 0.06744108 0.06744108 0.06744108]","[0.04489475 0.10930807 0.1693773  0.22539539 0.27763556 0.32635259
 0.3717841  0.41415166 0.4536619  0.49050753 0.52486825]",2006.0,2015.0,11
1,salvia,Florida,[2005 2006 2007 2008 2009],[0.13435547 0.14792648 0.16138095 0.16454838 0.16454838],[0.13435547 0.26240721 0.38144064 0.48322358 0.5682583 ],2008.0,2009.0,5
1,salvia,Georgia,[2005 2006 2007 2008 2009],[0.07509842 0.11824749 0.13138402 0.2453912  0.2453912 ],[0.07509842 0.18446571 0.29161388 0.46544561 0.59662055],,2009.0,5
1,salvia,Idaho,[2005 2006 2007 2008 2009 2010 2011 2012 2013],"[0.05238769 0.05949886 0.09290813 0.08264289 0.08264289 0.08264289
 0.08264289 0.08264289 0.08264289]","[0.05238769 0.10876954 0.1915721  0.25838292 0.3196723  0.37589655
 0.42747426 0.47478944 0.51819436]",,2013.0,9
1,salvia,Illinois,[2005 2006 2007 2008 2009],[0.06179052 0.12454297 0.17763263 0.17763263 0.17763263],[0.06179052 0.17863792 0.32453862 0.4445226  0.54319351],2007.0,2009.0,5
1,salvia,Indiana,[2005 2006 2007 2008 2009 2010],[0.0428525  0.06967031 0.18473855 0.16846591 0.16846591 0.16846591],[0.0428525  0.10953727 0.27404006 0.39633956 0.49803577 0.58259963],,2010.0,6
1,salvia,Iowa,[2005 2006 2007 2008 2009],[0.05529016 0.08129905 0.22221478 0.24390994 0.24390994],[0.05529016 0.13209417 0.32495568 0.4896057  0.61409595],,2009.0,5
1,salvia,Kansas,[2005 2006 2007 2008],[0.09244571 0.14617496 0.13466508 0.26836001],[0.09244571 0.22510742 0.32945839 0.50940494],2008.0,2008.0,4
1,salvia,Kentucky,[2005 2006 2007 2008],[0.05102352 0.13137167 0.26738966 0.26604618],[0.05102352 0.17569214 0.39610354 0.55676789],,2008.0,4
1,salvia,Louisiana,[2005 2006 2007 2008 2009 2010 2011 2012 2013 2014 2015],"[0.06156663 0.06156663 0.06156663 0.06156663 0.06156663 0.06156663
 0.06156663 0.06156663 0.06156663 0.06156663 0.06156663]","[0.06156663 0.11934281 0.1735619  0.22444291 0.27219135 0.31700007
 0.35905007 0.3985112  0.43554284 0.47029456 0.50290674]",2005.0,2015.0,11
1,salvia,Maine,[2005 2006 2007 2008 2009 2010 2011],"[0.04379391 0.05337882 0.11812309 0.11812309 0.11812309 0.11812309
 0.11812309]","[0.04379391 0.09483506 0.20175595 0.296047   0.37920011 0.45253091
 0.51719965]",2007.0,2011.0,7
1,salvia,Maryland,[2005 2006 2007 2008],[0.06022324 0.15698373 0.22108579 0.30589752],[0.06022324 0.2077529  0.38290748 0.57167455],,2008.0,4
1,salvia,Massachusetts,[2005 2006 2007 2008 2009 2010],[0.04302187 0.07554763 0.12773793 0.13705689 0.13705689 0.13705689],[0.04302187 0.1153193  0.22832658 0.33408973 0.42535732 0.50411606],,2010.0,6
1,salvia,Michigan,[2005 2006 2007 2008 2009],[0.07502428 0.10260334 0.18148187 0.19265953 0.19265953],[0.07502428 0.16992988 0.32057256 0.45147073 0.55715012],,2009.0,5
1,salvia,Minnesota,[2005 2006 2007 2008 2009],[0.04157933 0.07935555 0.19676201 0.19724531 0.19724531],[0.04157933 0.11763533 0.29125117 0.43104855 0.54327156],,2009.0,5
1,salvia,Mississippi,[2005 2006 2007 2008],[0.08692519 0.21019591 0.22586885 0.19019833],[0.08692519 0.27884978 0.44173515 0.5479162 ],2008.0,2008.0,4
1,salvia,Missouri,[2005 2006 2007 2008 2009 2010 2011 2012 2013 2014 2015 2016 2017],"[0.05432085 0.05432085 0.05432085 0.05432085 0.05432085 0.05432085
 0.05432085 0.05432085 0.05432085 0.05432085 0.05432085 0.05432085
 0.05432085]","[0.05432085 0.10569095 0.15427059 0.20021133 0.24365653 0.28474176
 0.3235952  0.36033808 0.39508507 0.42794456 0.4590191  0.48840565
 0.51619589]",2005.0,2017.0,13
1,salvia,Montana,[2005 2006 2007 2008 2009 2010],[0.03509248 0.06862771 0.15804463 0.16041615 0.16041615 0.16041615],[0.03509248 0.10131188 0.24334471 0.36472444 0.4666329  0.5521936 ],,2010.0,6
1,salvia,Nevada,[2005 2006 2007 2008 2009 2010],[0.04905418 0.06045817 0.11245778 0.15425029 0.15425029 0.15425029],[0.04905418 0.10654663 0.20702242 0.32933944 0.43278902 0.52028148],,2010.0,6
1,salvia,New Hampshire,[2005 2006 2007 2008 2009],[0.0453686  0.07696393 0.20964369 0.22670146 0.22670146],[0.0453686  0.11884078 0.30357026 0.4614519  0.58354154],,2009.0,5
1,salvia,New Jersey,[2005 2006 2007 2008],[0.06238845 0.18277118 0.2429028  0.27485894],[0.06238845 0.23375682 0.41987943 0.57933075],,2008.0,4
1,salvia,New Mexico,[2005 2006 2007 2008 2009 2010],[0.03696554 0.07123189 0.12578519 0.1689137  0.1689137  0.1689137 ],[0.03696554 0.10556431 0.21807107 0.35014958 0.45991822 0.55114543],,2010.0,6
1,salvia,New York,[2005 2006 2007 2008 2009 2010],[0.06899247 0.07825048 0.11614749 0.13079214 0.13079214 0.13079214],[0.06899247 0.14184425 0.24151689 0.34072052 0.4269491  0.50189965],,2010.0,6
1,salvia,North Carolina,[2005 2006 2007 2008 2009],[0.04128646 0.11624652 0.15658662 0.28172567 0.28172567],[0.04128646 0.15273358 0.28540416 0.48672416 0.63132714],,2009.0,5
1,salvia,North Dakota,[2005 2006 2007 2008 2009 2010 2011 2012],"[0.03903195 0.04144366 0.09884033 0.09884033 0.09884033 0.09884033
 0.09884033 0.09884033]","[0.03903195 0.07885799 0.16990397 0.25195093 0.32588835 0.39251777
 0.45256151 0.50667051]",2007.0,2012.0,8
1,salvia,Ohio,[2005 2006 2007 2008 2009 2010 2011 2012],"[0.04761611 0.0754689  0.09745359 0.10595587 0.10595587 0.10595587
 0.10595587 0.10595587]","[0.04761611 0.11949147 0.20530019 0.2895033  0.36478459 0.43208939
 0.49226285 0.54606058]",,2012.0,8
1,salvia,Oklahoma,[2005 2006 2007 2008 2009 2010],[0.05639694 0.09330621 0.12571162 0.16672398 0.16672398 0.16672398],[0.05639694 0.14444096 0.25199467 0.37670509 0.4806233  0.56721585],2008.0,2010.0,6
1,salvia,Oregon,[2005 2006 2007 2008 2009 2010],[0.03556601 0.0827348  0.12695174 0.16384211 0.16384211 0.16384211],[0.03556601 0.11535826 0.22766507 0.35420605 0.4600143  0.54848669],,2010.0,6
1,salvia,Pennsylvania,[2005 2006 2007 2008 2009 2010],[0.06311651 0.11211599 0.14437991 0.15942186 0.15942186 0.15942186],[0.06311651 0.16815613 0.28825767 0.40172496 0.49710308 0.57727584],,2010.0,6
1,salvia,Rhode Island,[2005 2006 2007 2008 2009 2010 2011 2012],"[0.02444672 0.04553961 0.10284109 0.10716483 0.10716483 0.10716483
 0.10716483 0.10716483]","[0.02444672 0.06887303 0.16463114 0.2541533  0.33408183 0.40544484
 0.46916024 0.52604759]",,2012.0,8
1,salvia,South Carolina,[2005 2006 2007 2008 2009 2010 2011],"[0.08166934 0.09776888 0.10597916 0.11440211 0.11440211 0.11440211
 0.11440211]","[0.08166934 0.17145349 0.25926216 0.34400413 0.41905144 0.48551317
 0.54437155]",,2011.0,7
1,salvia,South Dakota,[2005 2006 2007 2008 2009 2010],[0.03880056 0.07466678 0.1416019  0.15197472 0.15197472 0.15197472],[0.03880056 0.11057022 0.23651517 0.35254556 0.45094226 0.53438516],,2010.0,6
1,salvia,Tennessee,[2005 2006 2007 2008 2009 2010 2011 2012 2013 2014],"[0.05684764 0.07238016 0.07238016 0.07238016 0.07238016 0.07238016
 0.07238016 0.07238016 0.07238016 0.07238016]","[0.05684764 0.12511316 0.18843761 0.24717863 0.30166796 0.35221334
 0.39910025 0.44259347 0.48293864 0.52036363]",2006.0,2014.0,10
1,salvia,Texas,[2005 2006 2007 2008],[0.18412112 0.16954037 0.15987507 0.22700803],[0.18412112 0.32244553 0.4307696  0.55998947],,2008.0,4
1,salvia,Utah,[2005 2006 2007 2008 2009 2010 2011],"[0.04159653 0.06517458 0.10128785 0.11990102 0.11990102 0.11990102
 0.11990102]","[0.04159653 0.10406008 0.19480791 0.29135126 0.37631897 0.45109896
 0.51691275]",,2011.0,7
1,salvia,Vermont,[2005 2006 2007 2008 2009 2010],[0.08528247 0.08696667 0.15300432 0.14652337 0.14652337 0.14652337],[0.08528247 0.16483241 0.29261666 0.39626485 0.48472616 0.56022581],,2010.0,6
1,salvia,Virginia,[2005 2006 2007 2008],[0.05898923 0.17018548 0.20851999 0.22866016],[0.05898923 0.2191356  0.38196144 0.52328224],2008.0,2008.0,4
1,salvia,Washington,[2005 2006 2007 2008 2009 2010],[0.03466174 0.06959785 0.10889384 0.15580145 0.15580145 0.15580145],[0.03466174 0.10184721 0.19965051 0.32434612 0.42961398 0.51848095],,2010.0,6
1,salvia,West Virginia,[2005 2006 2007 2008 2009 2010 2011],"[0.02520857 0.04929958 0.10052508 0.14211731 0.14211731 0.14211731
 0.14211731]","[0.02520857 0.07326537 0.16642544 0.28489082 0.38652021 0.47370631
 0.54850176]",,2011.0,7
1,salvia,Wisconsin,[2005 2006 2007 2008 2009],[0.03809534 0.08553988 0.17204788 0.18360673 0.18360673],[0.03809534 0.12037655 0.2717139  0.40543213 0.51459879],,2009.0,5
1,salvia,Wyoming,[2005 2006 2007 2008 2009 2010],[0.06130284 0.09337678 0.11508187 0.13030583 0.13030583 0.13030583],[0.06130284 0.14895536 0.24689517 0.34502912 0.43037565 0.50460102],,2010.0,6
2,bootcamp,Alabama,"[1982 1983 1984 1985 1986 1987 1988 1989 1990 1991 1992 1993 1994 1995
 1996 1997]","[0.03263281 0.03943786 0.04030082 0.04107916 0.04027621 0.04007059
 0.03925099 0.04524122 0.03834007 0.04731977 0.04731977 0.04731977
 0.04731977 0.04731977 0.04731977 0.04731977]","[0.03263281 0.0707837  0.10823188 0.14486496 0.17930656 0.21219223
 0.24311447 0.27735689 0.30506308 0.33794733 0.36927552 0.39912126
 0.4275547  0.45464269 0.48044887 0.50503391]",1991.0,1997.0,16
2,bootcamp,Arizona,"[1982 1983 1984 1985 1986 1987 1988 1989 1990 1991 1992 1993 1994 1995
 1996 1997 1998 1999]","[0.02850391 0.0246113  0.02837322 0.03520539 0.03250702 0.03273885
 0.03637052 0.03132669 0.03021535 0.03487582 0.02008779 0.02306581
 0.02704994 0.04413298 0.07324342 0.09145808 0.09206895 0.07392829]","[0.02850391 0.05241369 0.07929977 0.11171337 0.14058893 0.16872506
 0.19895896 0.22405292 0.24749843 0.27374254 0.28833144 0.30474666
 0.32355322 0.35340683 0.40076553 0.45557036 0.50569543 0.54223852]",,1998.0,18
2,bootcamp,Arkansas,"[1982 1983 1984 1985 1986 1987 1988 1989 1990 1991 1992 1993 1994 1995
 1996 1997 1998 1999 2000 2001 2002 2003 2004 2005 2006 2007 2008]","[0.00860063 0.01606076 0.0104723  0.01783162 0.01138159 0.01822925
 0.01169599 0.02629461 0.02629461 0.02629461 0.02629461 0.02629461
 0.02629461 0.02629461 0.02629461 0.02629461 0.02629461 0.02629461
 0.02629461 0.02629461 0.02629461 0.02629461 0.02629461 0.02629461
 0.02629461 0.02629461 0.02629461]","[0.00860063 0.02452326 0.03473874 0.05195092 0.06274123 0.07982675
 0.09058908 0.11450169 0.13778552 0.16045712 0.18253258 0.20402756
 0.22495735 0.2453368  0.26518037 0.28450217 0.30331591 0.32163495
 0.33947229 0.35684061 0.37375224 0.39021918 0.40625313 0.42186548
 0.4370673  0.4518694  0.46628228]",1989.0,,27
2,bootcamp,California,[1982 1983 1984 1985 1986 1987 1988 1989 1990 1991 1992 1993],"[0.07306449 0.09431531 0.06795873 0.05898576 0.05583312 0.06110043
 0.06303195 0.10929144 0.12449728 0.10237332 0.09675746 0.09451337]","[0.07306449 0.1604887  0.21754082 0.26369478 0.304805   0.34728171
 0.38842382 0.45526386 0.52308202 0.5719057  0.61332702 0.64987278]",1993.0,1990.0,12
2,bootcamp,Colorado,"[1982 1983 1984 1985 1986 1987 1988 1989 1990 1991 1992 1993 1994 1995
 1996 1997 1998]","[0.02364804 0.03857579 0.0493116  0.04083204 0.037066   0.04044105
 0.03052751 0.04196203 0.04278629 0.04340429 0.03767706 0.02203955
 0.04722668 0.05063544 0.04510186 0.04510186 0.04510186]","[0.02364804 0.06131159 0.10759982 0.14403833 0.17576541 0.20909832
 0.23324258 0.26541727 0.29684734 0.32736718 0.35271001 0.36697599
 0.39687161 0.42741129 0.4532361  0.47789617 0.50144403]",1996.0,1998.0,17
2,bootcamp,Connecticut,"[1982 1983 1984 1985 1986 1987 1988 1989 1990 1991 1992 1993 1994 1995
 1996 1997]","[0.0375265  0.03577624 0.02711689 0.02349361 0.03043168 0.02124735
 0.0231483  0.02262893 0.05630027 0.02729345 0.07232487 0.05882225
 0.06047882 0.06047882 0.06047882 0.06047882]","[0.0375265  0.07196019 0.09712574 0.11833752 0.14516798 0.1633309
 0.18269836 0.20119302 0.24616607 0.26674079 0.31977367 0.35978611
 0.39850549 0.43488317 0.46906077 0.50117134]",1994.0,1997.0,16
2,bootcamp,Delaware,"[1982 1983 1984 1985 1986 1987 1988 1989 1990 1991 1992 1993 1994 1995
 1996 1997 1998 1999]","[0.01512417 0.02581744 0.02813016 0.02335027 0.02292797 0.01472314
 0.01787151 0.03397067 0.04108139 0.02629612 0.04230439 0.03156042
 0.04117548 0.04770766 0.10061506 0.14025959 0.08642617 0.08250664]","[0.01512417 0.04055114 0.0675406  0.08931378 0.11019397 0.12329471
 0.13896275 0.16821277 0.20238375 0.22335796 0.25621332 0.27968754
 0.30934675 0.3422962  0.40847111 0.49143871 0.53539171 0.57372498]",1999.0,1998.0,18
2,bootcamp,Florida,[1982 1983 1984 1985 1986 1987 1988 1989 1990 1991 1992 1993 1994],"[0.11827805 0.10130747 0.12203898 0.16379418 0.14531455 0.10604392
 0.11450521 0.11488814 0.10782153 0.23966006 0.16291792 0.1589456
 0.19255579]","[0.11827805 0.20760307 0.30430638 0.41825695 0.50279268 0.55551849
 0.60641394 0.65163231 0.68919385 0.76368167 0.80218216 0.83362444
 0.86566102]",1994.0,1986.0,13
2,bootcamp,Georgia,"[1982 1983 1984 1985 1986 1987 1988 1989 1990 1991 1992 1993 1994 1995
 1996 1997 1998 1999 2000 2001]","[0.01951882 0.01951882 0.01951882 0.01951882 0.01951882 0.01951882
 0.01951882 0.01951882 0.01951882 0.01951882 0.01951882 0.01951882
 0.01951882 0.01951882 0.01951882 0.01951882 0.01951882 0.01951882
 0.01951882 0.01951882]","[0.01951882 0.03865665 0.05742094 0.07581896 0.09385788 0.11154471
 0.1288863  0.14588941 0.16256064 0.17890647 0.19493324 0.21064719
 0.22605443 0.24116093 0.25597257 0.2704951  0.28473418 0.29869532
 0.31238396 0.32580541]",1982.0,,20
2,bootcamp,Idaho,"[1982 1983 1984 1985 1986 1987 1988 1989 1990 1991 1992 1993 1994 1995
 1996 1997 1998 1999]","[0.0228125  0.03082757 0.03377592 0.04219523 0.0349309  0.02757425
 0.03502554 0.02327773 0.01695073 0.0292139  0.01838087 0.0190815
 0.03454426 0.04729278 0.05496831 0.10705146 0.0710823  0.06046175]","[0.0228125  0.05293681 0.08492474 0.12353655 0.15415221 0.17747582
 0.20628517 0.22476105 0.23790191 0.26016577 0.27376457 0.28762223
 0.31223079 0.34475731 0.38077489 0.44706384 0.48636782 0.51742292]",,1999.0,18
2,bootcamp,Illinois,"[1982 1983 1984 1985 1986 1987 1988 1989 1990 1991 1992 1993 1994 1995
 1996 1997 1998 1999]","[0.02427187 0.03988622 0.03139535 0.02733466 0.02879927 0.03163475
 0.02634624 0.05018923 0.09432227 0.08575855 0.10424417 0.05115413
 0.07968568 0.08983125 0.13556864 0.09344933 0.14165441 0.16106994]","[0.02427187 0.06318998 0.09260146 0.11740489 0.14282298 0.16993957
 0.19180854 0.23237105 0.30477555 0.36439699 0.4306549  0.45977925
 0.50282711 0.54748877 0.60883511 0.64538921 0.69562139 0.74464763]",,1994.0,18
2,bootcamp,Indiana,"[1982 1983 1984 1985 1986 1987 1988 1989 1990 1991 1992 1993 1994 1995
 1996 1997 1998 1999 2000 2001 2002 2003 2004]","[0.01561218 0.02327709 0.02221871 0.02108163 0.0238227  0.02228568
 0.01890808 0.03097912 0.03375595 0.03375595 0.03375595 0.03375595
 0.03375595 0.03375595 0.03375595 0.03375595 0.03375595 0.03375595
 0.03375595 0.03375595 0.03375595 0.03375595 0.03375595]","[0.01561218 0.03852587 0.05988859 0.07970766 0.10163152 0.12165227
 0.13826014 0.16495608 0.19314378 0.22037999 0.2466968  0.27212527
 0.29669538 0.3204361  0.34337542 0.36554041 0.3869572  0.40765105
 0.42764635 0.44696669 0.46563486 0.48367287 0.50110198]",1990.0,2004.0,23
2,bootcamp,Iowa,"[1982 1983 1984 1985 1986 1987 1988 1989 1990 1991 1992 1993 1994 1995
 1996 1997 1998 1999]","[0.01861114 0.03375493 0.03620255 0.01989943 0.02329908 0.02591025
 0.02288121 0.04883411 0.06758572 0.04923442 0.05137821 0.02907931
 0.04184435 0.05670871 0.05619918 0.05607842 0.06056137 0.05704599]","[0.01861114 0.05173785 0.08606735 0.1042541  0.12512415 0.14779241
 0.16729195 0.2079565  0.26148733 0.29784757 0.33392291 0.35329197
 0.38035304 0.41549242 0.44834127 0.47927742 0.51081309 0.53871925]",,1998.0,18
2,bootcamp,Kansas,"[1982 1983 1984 1985 1986 1987 1988 1989 1990 1991 1992 1993 1994 1995
 1996 1997 1998 1999 2000 2001]","[0.01399668 0.01399668 0.01399668 0.01399668 0.01399668 0.01399668
 0.01399668 0.01399668 0.01399668 0.01399668 0.01399668 0.01399668
 0.01399668 0.01399668 0.01399668 0.01399668 0.01399668 0.01399668
 0.01399668 0.01399668]","[0.01399668 0.02779746 0.04140507 0.05482223 0.06805158 0.08109577
 0.09395738 0.10663897 0.11914307 0.13147214 0.14362865 0.15561501
 0.1674336  0.17908677 0.19057684 0.20190608 0.21307675 0.22409106
 0.23495121 0.24565936]",1982.0,,20
2,bootcamp,Kentucky,"[1982 1983 1984 1985 1986 1987 1988 1989 1990 1991 1992 1993 1994 1995
 1996 1997 1998 1999 2000]","[0.01803349 0.01089318 0.01937837 0.01343765 0.02178307 0.01408019
 0.01997853 0.01945282 0.03930541 0.02405658 0.04183733 0.0132777
 0.06054968 0.04464564 0.07978961 0.05409781 0.09642285 0.05841352
 0.05841352]","[0.01803349 0.02873022 0.04755185 0.06035051 0.08081896 0.0937612
 0.11186652 0.12914323 0.16337261 0.18349901 0.21765923 0.22804691
 0.27478843 0.30716596 0.36244692 0.39693714 0.45508618 0.48691652
 0.51688753]",,2000.0,19
2,bootcamp,Louisiana,"[1982 1983 1984 1985 1986 1987 1988 1989 1990 1991 1992 1993 1994 1995
 1996 1997 1998 1999]","[0.0269035  0.02640335 0.02741013 0.0342938  0.03411399 0.03229024
 0.02803593 0.05373272 0.047463   0.04860286 0.03468247 0.03701277
 0.04870759 0.04870759 0.04870759 0.04870759 0.04870759 0.04870759]","[0.0269035  0.05259651 0.07856497 0.11016448 0.14052033 0.16827313
 0.19159136 0.23502936 0.27133716 0.30675226 0.3307958  0.3555649
 0.38695378 0.41681379 0.44521938 0.47224141 0.49794726 0.52240104]",1994.0,1999.0,18
2,bootcamp,Maine,"[1982 1983 1984 1985 1986 1987 1988 1989 1990 1991 1992 1993 1994 1995
 1996 1997 1998 1999]","[0.01379718 0.02700669 0.0223482  0.01938517 0.02173865 0.03597204
 0.04174837 0.02818082 0.0379575  0.03023859 0.05908501 0.05907421
 0.04236158 0.03998936 0.05015553 0.07125104 0.04750153 0.07517931]","[0.01379718 0.04043125 0.06187588 0.08006158 0.1000598  0.13243249
 0.16865202 0.19208009 0.22274671 0.24624975 0.29078509 0.3326814
 0.36095007 0.38650527 0.41727542 0.45879515 0.48450321 0.5232579 ]",,1999.0,18
2,bootcamp,Maryland,"[1982 1983 1984 1985 1986 1987 1988 1989 1990 1991 1992 1993 1994 1995
 1996 1997 1998 1999]","[0.01621752 0.02424997 0.02031437 0.01758642 0.01823031 0.01581139
 0.01729353 0.01969053 0.03702256 0.01558482 0.02997224 0.05198082
 0.08441425 0.06271911 0.09460795 0.10453266 0.10441957 0.11846307]","[0.01621752 0.04007421 0.05957449 0.07611321 0.09295595 0.10729758
 0.12273555 0.14000936 0.17184842 0.18475501 0.20918973 0.2502967
 0.31358234 0.35663384 0.4175014  0.47839153 0.53285766 0.58819677]",,1998.0,18
2,bootcamp,Massachusetts,"[1982 1983 1984 1985 1986 1987 1988 1989 1990 1991 1992 1993 1994 1995
 1996 1997 1998]","[0.04067756 0.07904521 0.04836412 0.04295796 0.05471592 0.03956352
 0.03301326 0.02734083 0.03534756 0.01880103 0.04027395 0.04027395
 0.04027395 0.04027395 0.04027395 0.04027395 0.04027395]","[0.04067756 0.1165074  0.15923675 0.19535422 0.23938116 0.26947391
 0.29359096 0.31290477 0.33719191 0.34965338 0.37584541 0.40098258
 0.42510737 0.44826057 0.47048129 0.4918071  0.51227403]",1992.0,1998.0,17
2,bootcamp,Michigan,"[1982 1983 1984 1985 1986 1987 1988 1989 1990 1991 1992 1993 1994 1995
 1996]","[0.01999727 0.03545511 0.03540119 0.03468549 0.03423461 0.03074567
 0.04333198 0.03294188 0.06258624 0.04705071 0.07990492 0.05248759
 0.06973338 0.06874596 0.07603342]","[0.01999727 0.05474337 0.08820658 0.11983259 0.14996478 0.17609968
 0.21180091 0.23776567 0.28547105 0.31909014 0.37349818 0.40638175
 0.44777676 0.48573987 0.52484083]",1996.0,1996.0,15
2,bootcamp,Minnesota,"[1982 1983 1984 1985 1986 1987 1988 1989 1990 1991 1992 1993 1994 1995
 1996 1997 1998 1999]","[0.02470852 0.04202605 0.04175556 0.02724411 0.03079574 0.02689219
 0.02551108 0.06889221 0.05962286 0.05533504 0.06678028 0.06100293
 0.06146476 0.06879349 0.07495119 0.07593362 0.06981801 0.07133415]","[0.02470852 0.06569616 0.10470854 0.12909996 0.15591997 0.17861913
 0.19957345 0.2547166  0.29915253 0.33793395 0.38214691 0.41983776
 0.45549729 0.49295553 0.53095912 0.56657509 0.59683596 0.62559532]",,1996.0,18
2,bootcamp,Mississippi,"[1982 1983 1984 1985 1986 1987 1988 1989 1990 1991 1992 1993 1994 1995
 1996 1997 1998 1999]","[0.02061426 0.02009978 0.02387803 0.02152009 0.0231008  0.02249571
 0.02071423 0.04745337 0.04716415 0.07709584 0.04075458 0.04203641
 0.10409064 0.08289627 0.11833512 0.12749521 0.22164559 0.18261576]","[0.02061426 0.0402997  0.06321545 0.08337513 0.1045499  0.12469368
 0.14282498 0.18350082 0.22201031 0.28199008 0.31125227 0.34020475
 0.40888327 0.45788464 0.52203593 0.58297406 0.67540602 0.734682  ]",,1996.0,18
2,bootcamp,Missouri,"[1982 1983 1984 1985 1986 1987 1988 1989 1990 1991 1992 1993 1994 1995
 1996 1997]","[0.03231901 0.02498719 0.03229933 0.03319078 0.03295387 0.03015523
 0.03374815 0.05827789 0.06371565 0.06049983 0.06073697 0.03674142
 0.05626665 0.05857122 0.05857122 0.05857122]","[0.03231901 0.05649864 0.0869731  0.11727718 0.14636631 0.17210783
 0.20004766 0.24666719 0.29466629 0.33733885 0.37758688 0.40045523
 0.4341896  0.46732981 0.49852896 0.52790073]",1995.0,1997.0,16
2,bootcamp,Montana,"[1982 1983 1984 1985 1986 1987 1988 1989 1990 1991 1992 1993 1994 1995
 1996 1997 1998 1999 2000 2001 2002 2003 2004 2005 2006 2007]","[0.00667069 0.02018997 0.01347264 0.01847296 0.01647402 0.01835016
 0.01463949 0.03804261 0.02216575 0.03621404 0.02671579 0.03144151
 0.03144151 0.03144151 0.03144151 0.03144151 0.03144151 0.03144151
 0.03144151 0.03144151 0.03144151 0.03144151 0.03144151 0.03144151
 0.03144151 0.03144151]","[0.00667069 0.02672597 0.03983854 0.05757556 0.07310108 0.09010982
 0.10343015 0.137538   0.15665512 0.18719605 0.20891074 0.23378378
 0.25787477 0.28120831 0.30380821 0.32569753 0.34689861 0.36743311
 0.38732196 0.40658549 0.42524333 0.44331455 0.46081758 0.47777029
 0.49418998 0.51009341]",1993.0,2007.0,26
2,bootcamp,Nevada,"[1982 1983 1984 1985 1986 1987 1988 1989 1990 1991 1992 1993 1994 1995
 1996 1997 1998 1999]","[0.01644621 0.0274312  0.01797013 0.037998   0.02430203 0.02679695
 0.01848801 0.04879263 0.02806976 0.0380148  0.01651006 0.0376981
 0.04811662 0.15579689 0.07057242 0.08867162 0.06636219 0.09140541]","[0.01644621 0.04342627 0.06061603 0.09631074 0.11827222 0.14189984
 0.1577644  0.19885929 0.22134712 0.25094745 0.26331436 0.29108601
 0.32519655 0.43032884 0.47053191 0.51748071 0.54950174 0.59067972]",,1997.0,18
2,bootcamp,New Hampshire,"[1982 1983 1984 1985 1986 1987 1988 1989 1990 1991 1992 1993 1994 1995
 1996 1997 1998 1999]","[0.00938297 0.0320677  0.01972169 0.03567146 0.03647219 0.02967686
 0.0249592  0.03861394 0.04246585 0.04895671 0.04837935 0.04239354
 0.0511066  0.05542143 0.05247198 0.0572543  0.05233633 0.06179484]","[0.00938297 0.04114978 0.06005992 0.09358896 0.12664775 0.1525661
 0.17371737 0.2056234  0.23935728 0.27659584 0.31159366 0.34077764
 0.37446826 0.40913612 0.44013992 0.47219431 0.49981773 0.53072641]",,1999.0,18
2,bootcamp,New Jersey,"[1982 1983 1984 1985 1986 1987 1988 1989 1990 1991 1992 1993 1994 1995
 1996 1997 1998 1999]","[0.02571244 0.03644235 0.02909257 0.02373063 0.02373512 0.0212553
 0.02572507 0.026276   0.07895625 0.02599502 0.04183662 0.04025688
 0.06418365 0.03015934 0.03064726 0.03626668 0.03502187 0.11782251]","[0.02571244 0.06121777 0.08852936 0.11015913 0.13127961 0.14974452
 0.1716174  0.19338399 0.25707136 0.27638381 0.30665746 0.33456927
 0.37727904 0.3960599  0.41456901 0.43580065 0.45555997 0.51970726]",,1999.0,18
2,bootcamp,New Mexico,"[1982 1983 1984 1985 1986 1987 1988 1989 1990 1991 1992 1993 1994 1995
 1996 1997 1998 1999]","[0.02584963 0.03283912 0.02572488 0.03189105 0.029349   0.02407071
 0.02240544 0.03953524 0.0314686  0.03476601 0.03515649 0.02462373
 0.03846223 0.06060229 0.06573537 0.07671338 0.08685015 0.09098362]","[0.02584963 0.05783988 0.08207683 0.11135037 0.13743135 0.15819399
 0.17705503 0.20959035 0.23446344 0.26107809 0.28705599 0.30461132
 0.33135753 0.37187879 0.41316857 0.45818639 0.50524298 0.55025777]",,1998.0,18
2,bootcamp,New York,"[1982 1983 1984 1985 1986 1987 1988 1989 1990 1991 1992 1993 1994 1995
 1996 1997 1998 1999]","[0.0385261  0.03810358 0.04745786 0.05170573 0.05962465 0.04348384
 0.03666407 0.03617704 0.04317116 0.02926041 0.04012807 0.05610214
 0.09549513 0.08568929 0.11828197 0.09943708 0.11601005 0.13770076]","[0.0385261  0.0751617  0.11905254 0.16460257 0.21441285 0.2485732
 0.27612356 0.30231127 0.3324313  0.35196463 0.37796904 0.41286631
 0.46893472 0.51444133 0.57187416 0.61444575 0.65917391 0.70610592]",,1995.0,18
2,bootcamp,North Carolina,"[1982 1983 1984 1985 1986 1987 1988 1989 1990 1991 1992 1993 1994 1995
 1996 1997 1998 1999]","[0.03512984 0.04191955 0.04155998 0.03951814 0.0436963  0.04091604
 0.03585615 0.04755562 0.04233276 0.05216532 0.02644389 0.02816968
 0.06855926 0.07213139 0.06847724 0.09054907 0.11670246 0.11434734]","[0.03512984 0.07557677 0.11399578 0.14900902 0.18619417 0.21949189
 0.2474779  0.28326456 0.31360595 0.34941191 0.36661599 0.38445821
 0.4266593  0.46801516 0.50444401 0.54931615 0.60191206 0.64743235]",,1996.0,18
2,bootcamp,North Dakota,"[1982 1983 1984 1985 1986 1987 1988 1989 1990 1991 1992 1993 1994 1995
 1996 1997 1998 1999 2000 2001]","[0.01429876 0.05076992 0.01952446 0.01839948 0.0208517  0.03171727
 0.01576335 0.02709182 0.03502488 0.02533098 0.02994576 0.05941141
 0.03451839 0.04773202 0.03284788 0.05899785 0.03492245 0.05640223
 0.05640223 0.05640223]","[0.01429876 0.06434273 0.08261093 0.09949041 0.11826756 0.14623371
 0.15969192 0.1824574  0.21109173 0.23107555 0.25410157 0.29841645
 0.32263399 0.35496603 0.37615403 0.41295961 0.4334605  0.46541459
 0.4955664  0.52401758]",,2001.0,20
2,bootcamp,Ohio,"[1982 1983 1984 1985 1986 1987 1988 1989 1990 1991 1992 1993 1994 1995
 1996 1997 1998 1999]","[0.02296794 0.03090585 0.03895693 0.03139957 0.02875406 0.03901242
 0.0225733  0.0431359  0.05493577 0.04698408 0.05126406 0.02880985
 0.06639027 0.06548384 0.12196293 0.12935224 0.15028694 0.17921583]","[0.02296794 0.05316395 0.09004977 0.11862181 0.14396501 0.17736101
 0.19593069 0.23061494 0.2728817  0.30704468 0.34256838 0.36150889
 0.40389848 0.4429335  0.51087496 0.57414438 0.63814492 0.70299508]",,1996.0,18
2,bootcamp,Oklahoma,"[1982 1983 1984 1985 1986 1987 1988 1989 1990 1991 1992 1993 1994 1995
 1996 1997 1998 1999]","[0.03316648 0.042786   0.04075601 0.04014422 0.04232416 0.05165067
 0.04038125 0.05393328 0.05766199 0.05853201 0.0408105  0.03140339
 0.02751734 0.06496958 0.12135197 0.08993437 0.09645415 0.08667877]","[0.03316648 0.07453342 0.11225174 0.1478897  0.18395455 0.22610385
 0.25735474 0.29740804 0.33792089 0.37667371 0.40211197 0.42088768
 0.43682331 0.47341266 0.53731507 0.57892635 0.61954065 0.6525184 ]",,1996.0,18
2,bootcamp,Oregon,"[1982 1983 1984 1985 1986 1987 1988 1989 1990 1991 1992 1993 1994 1995
 1996 1997 1998]","[0.03188001 0.03497186 0.02921883 0.03132409 0.03022754 0.03403451
 0.02653817 0.03690494 0.03891194 0.02518673 0.05888832 0.06533418
 0.06016011 0.05610245 0.05610245 0.05610245 0.05610245]","[0.03188001 0.06573697 0.09303505 0.1214449  0.14800146 0.17699881
 0.19883976 0.22840652 0.25843073 0.27710843 0.31967831 0.36412656
 0.40238078 0.43590868 0.46755559 0.49742702 0.5256226 ]",1995.0,1998.0,17
2,bootcamp,Pennsylvania,"[1982 1983 1984 1985 1986 1987 1988 1989 1990 1991 1992 1993 1994 1995
 1996 1997 1998 1999 2000 2001]","[0.03054171 0.03899733 0.03290375 0.02328345 0.02551719 0.02393448
 0.02120726 0.03195382 0.04520701 0.0324648  0.04681754 0.033349
 0.04536581 0.05039665 0.03957096 0.03957096 0.03957096 0.03957096
 0.03957096 0.03957096]","[0.03054171 0.06834799 0.09900284 0.11998116 0.14243677 0.16296209
 0.18071337 0.20689271 0.24274672 0.2673308  0.30163257 0.32492242
 0.35554786 0.38802609 0.41224249 0.43550062 0.45783841 0.47929226
 0.49989717 0.51968672]",1996.0,2001.0,20
2,bootcamp,Rhode Island,"[1982 1983 1984 1985 1986 1987 1988 1989 1990 1991 1992 1993 1994 1995
 1996 1997 1998 1999]","[0.03325763 0.03432259 0.02904886 0.02283021 0.0252566  0.02283597
 0.03191109 0.02117523 0.02732196 0.02371166 0.06336894 0.06732001
 0.13079865 0.12802378 0.13978203 0.17093279 0.20380181 0.19565348]","[0.03325763 0.06643873 0.09355762 0.1142519  0.13662288 0.15633893
 0.18326108 0.20055571 0.22239809 0.24083633 0.28894373 0.33681204
 0.42355613 0.49735466 0.56761544 0.64152414 0.71458217 0.77042516]",,1996.0,18
2,bootcamp,South Carolina,"[1982 1983 1984 1985 1986 1987 1988 1989 1990 1991 1992 1993 1994 1995
 1996 1997 1998 1999]","[0.07645437 0.09727537 0.11621366 0.12364457 0.10152931 0.07039364
 0.06767548 0.08198861 0.08221661 0.07676844 0.05857454 0.0403336
 0.06277519 0.06310404 0.06762475 0.07940726 0.07543014 0.08374721]","[0.07645437 0.16629262 0.2631808  0.3542845  0.41984354 0.46068287
 0.49718142 0.53840681 0.57635744 0.60887982 0.6317895  0.64664075
 0.66882295 0.68972156 0.71070406 0.73367626 0.75376509 0.77438658]",,1989.0,18
2,bootcamp,South Dakota,"[1982 1983 1984 1985 1986 1987 1988 1989 1990 1991 1992 1993 1994 1995
 1996 1997 1998 1999 2000 2001 2002]","[0.01676984 0.02293613 0.01966821 0.02301994 0.01949345 0.0143605
 0.01589826 0.02377753 0.02861538 0.03326931 0.03743702 0.03266824
 0.0455807  0.04373759 0.04757076 0.04780406 0.04386898 0.04474792
 0.04474792 0.04474792 0.04474792]","[0.01676984 0.03932134 0.05821616 0.07989597 0.09783197 0.11078756
 0.12492449 0.14573162 0.17017684 0.19778448 0.22781704 0.2530429
 0.28708973 0.31827071 0.35070109 0.38174021 0.40886264 0.43531481
 0.46058329 0.48472107 0.50777873]",,2002.0,21
2,bootcamp,Tennessee,"[1982 1983 1984 1985 1986 1987 1988 1989 1990 1991 1992 1993 1994 1995
 1996 1997 1998 1999]","[0.02273484 0.0265427  0.02744934 0.02897192 0.03244672 0.02689651
 0.02330097 0.06250711 0.04462582 0.06651225 0.05234057 0.03977376
 0.04996817 0.08111463 0.08010279 0.09244339 0.11094488 0.12301755]","[0.02273484 0.0486741  0.07478736 0.10159255 0.13074293 0.15412291
 0.17383267 0.22547401 0.26003786 0.30925441 0.34540843 0.371444
 0.40285179 0.45128925 0.49524251 0.541904   0.59272741 0.64282908]",,1997.0,18
2,bootcamp,Texas,"[1982 1983 1984 1985 1986 1987 1988 1989 1990 1991 1992 1993 1994 1995
 1996]","[0.02969627 0.0305573  0.02286782 0.03379548 0.02232431 0.03737457
 0.02232829 0.04954908 0.03391634 0.05189854 0.02218643 0.05503964
 0.04639497 0.12995224 0.12995224]","[0.02969627 0.05934614 0.08085683 0.11191972 0.13174549 0.16419613
 0.1828582  0.22334682 0.24968806 0.28862815 0.30441096 0.34269593
 0.37319153 0.45464669 0.52551658]",1995.0,1996.0,15
2,bootcamp,Utah,"[1982 1983 1984 1985 1986 1987 1988 1989 1990 1991 1992 1993 1994 1995
 1996 1997 1998 1999 2000 2001 2002 2003 2004]","[0.04147842 0.05738924 0.03794044 0.03321438 0.03577512 0.02522921
 0.02244792 0.02478393 0.02717938 0.0253705  0.01466476 0.01449981
 0.01510897 0.02680252 0.03047788 0.03874601 0.03674631 0.02991972
 0.02991972 0.02991972 0.02991972 0.02991972 0.02991972]","[0.04147842 0.09648724 0.13076692 0.15963796 0.18970202 0.21014519
 0.22787579 0.24701206 0.2674778  0.28606226 0.29653198 0.30673213
 0.3172067  0.33550728 0.35575961 0.38072136 0.40347756 0.42132534
 0.43863912 0.45543488 0.47172811 0.48753386 0.5028667 ]",,2004.0,23
2,bootcamp,Vermont,[1989 1990 1991 1992 1993 1994 1995 1996 1997 1998 1999 2000],"[0.04377409 0.05741729 0.05415486 0.05263848 0.08298304 0.04113203
 0.0523376  0.03554955 0.05537642 0.05971063 0.08300646 0.08300646]","[0.04377409 0.09867798 0.14748895 0.19236384 0.25938394 0.28984699
 0.32701469 0.35093902 0.38688169 0.42349137 0.47134531 0.51522706]",,2000.0,12
2,bootcamp,Virginia,"[1982 1983 1984 1985 1986 1987 1988 1989 1990 1991 1992 1993 1994 1995
 1996 1997 1998 1999 2000 2001 2002 2003]","[0.01080117 0.02405932 0.02353253 0.02346459 0.02672947 0.02465353
 0.02149075 0.0241489  0.02422322 0.02583732 0.01336539 0.01090195
 0.04641889 0.04641889 0.04641889 0.04641889 0.04641889 0.04641889
 0.04641889 0.04641889 0.04641889 0.04641889]","[0.01080117 0.03460063 0.05731892 0.07943855 0.10404466 0.12613313
 0.14491319 0.16556259 0.18577535 0.20681273 0.21741399 0.2259457
 0.26187644 0.29613932 0.32881175 0.35996756 0.38967715 0.41800766
 0.44502309 0.4707845  0.4953501  0.51877539]",1994.0,2003.0,22
2,bootcamp,Washington,"[1982 1983 1984 1985 1986 1987 1988 1989 1990 1991 1992 1993 1994 1995
 1996 1997 1998 1999]","[0.01943731 0.04592965 0.03532597 0.0337296  0.02955356 0.02844719
 0.03062821 0.03428279 0.05949869 0.02802831 0.05088189 0.03348588
 0.04849304 0.04849304 0.04849304 0.04849304 0.04849304 0.04849304]","[0.01943731 0.06447421 0.09752256 0.12796277 0.15373457 0.17780845
 0.2029907  0.23031441 0.27610969 0.29639911 0.33219966 0.35456154
 0.38586081 0.41564228 0.44397956 0.47094268 0.49659828 0.52100976]",1994.0,1999.0,18
2,bootcamp,West Virginia,"[1982 1983 1984 1985 1986 1987 1988 1989 1990 1991 1992 1993 1994 1995
 1996 1997 1998 1999 2000]","[0.01123255 0.02162034 0.0176401  0.01763643 0.02262161 0.02727365
 0.0219224  0.03054346 0.03832419 0.03543586 0.06474586 0.04920665
 0.05171238 0.05171238 0.05171238 0.05171238 0.05171238 0.05171238
 0.05171238]","[0.01123255 0.03261005 0.0496749  0.06643525 0.08755399 0.11243972
 0.13189717 0.15841203 0.19066521 0.21934469 0.26988889 0.30581521
 0.34171316 0.37575473 0.40803594 0.43864781 0.46767666 0.49520437
 0.52130855]",1994.0,2000.0,19
2,bootcamp,Wisconsin,"[1982 1983 1984 1985 1986 1987 1988 1989 1990 1991 1992 1993 1994 1995
 1996 1997]","[0.01673821 0.02878479 0.03058719 0.02580622 0.03138653 0.03228677
 0.02315129 0.05572941 0.05572941 0.05572941 0.05572941 0.05572941
 0.05572941 0.05572941 0.05572941 0.05572941]","[0.01673821 0.04504119 0.07425069 0.09814078 0.12644701 0.15465122
 0.17422213 0.22024224 0.26369768 0.30473138 0.34347829 0.38006586
 0.41461443 0.44723762 0.47804274 0.50713111]",1989.0,1997.0,16
2,bootcamp,Wyoming,"[1982 1983 1984 1985 1986 1987 1988 1989 1990 1991 1992 1993 1994 1995
 1996 1997 1998 1999 2000 2001]","[0.0336602  0.02909167 0.02819635 0.02555282 0.02549501 0.03168884
 0.04011285 0.02184138 0.02142624 0.03253062 0.02539637 0.01753998
 0.03020439 0.03457597 0.047053   0.05104625 0.04644967 0.04730327
 0.04730327 0.04730327]","[0.0336602  0.06177263 0.08822722 0.11152559 0.13417725 0.16161417
 0.19524421 0.21282119 0.22968747 0.25474622 0.27367296 0.28641272
 0.30796619 0.33189393 0.36333033 0.39582993 0.42389343 0.45114515
 0.47710778 0.5018423 ]",,2001.0,20
2,cpban,Alabama,"[1974 1975 1976 1977 1978 1979 1980 1981 1982 1983 1984 1985 1986 1987
 1988 1989]","[0.00473055 0.01927883 0.0189557  0.01987375 0.02392086 0.08231347
 0.06561792 0.05503049 0.04398692 0.12675044 0.10482825 0.08368028
 0.08926041 0.09658982 0.10926692 0.10646596]","[0.00473055 0.02391818 0.04242049 0.06145119 0.08390208 0.15930928
 0.21447366 0.25770156 0.29035298 0.38030105 0.445263   0.49168355
 0.53705608 0.58177175 0.62747026 0.667132  ]",1989.0,1986.0,16
2,cpban,Arizona,"[1974 1975 1976 1977 1978 1979 1980 1981 1982 1983 1984 1985 1986 1987
 1988 1989 1990 1991 1992 1993 1994 1995 1996 1997 1998]","[0.02748101 0.02412361 0.02341946 0.02087883 0.04475689 0.03688878
 0.03594521 0.05097411 0.04253305 0.0929464  0.11163952 0.10264904
 0.09414548 0.09484911 0.09184898 0.09749978 0.09280252 0.09195395
 0.0911522  0.10667275 0.08146812 0.09613733 0.0849369  0.12456398
 0.15793315]","[0.02748101 0.05094168 0.07316811 0.09251928 0.13313529 0.16511288
 0.19512307 0.23615095 0.26863979 0.33661708 0.41067683 0.47117029
 0.52095722 0.566394   0.60622027 0.6446137  0.67759445 0.70724091
 0.73392655 0.76230933 0.78167355 0.80266287 0.81942407 0.84191733
 0.86688382]",1998.0,1986.0,25
2,cpban,Arkansas,"[1974 1975 1976 1977 1978 1979 1980 1981 1982 1983 1984 1985 1986 1987
 1988 1989]","[0.00898005 0.09026183 0.01509673 0.03310751 0.0130741  0.05930955
 0.0266395  0.06958117 0.02807806 0.05294137 0.05294137 0.05294137
 0.05294137 0.05294137 0.05294137 0.05294137]","[0.00898005 0.09843133 0.11204207 0.14144015 0.15266504 0.2029201
 0.22415391 0.27813819 0.29840666 0.33554998 0.37072687 0.40404145
 0.43559231 0.46547283 0.49377143 0.52057186]",1983.0,1989.0,16
2,cpban,California,[1974 1975 1976 1977 1978 1979 1980 1981 1982 1983],"[0.06868501 0.04950716 0.06177791 0.07556252 0.07917402 0.054652
 0.06554549 0.08446743 0.08446743 0.08446743]","[0.06868501 0.11479177 0.16947809 0.23223441 0.2930215  0.33165929
 0.37546601 0.42821879 0.47651568 0.52073306]",1981.0,1983.0,10
2,cpban,Colorado,"[1974 1975 1976 1977 1978 1979 1980 1981 1982 1983 1984 1985 1986 1987
 1988]","[0.02068288 0.04338395 0.03162745 0.02988616 0.04881271 0.05373115
 0.05373115 0.05373115 0.05373115 0.05373115 0.05373115 0.05373115
 0.05373115 0.05373115 0.05373115]","[0.02068288 0.06316952 0.09279908 0.11991184 0.16287133 0.20785121
 0.25041428 0.29069038 0.3288024  0.36486662 0.39899307 0.43128586
 0.46184353 0.4907593  0.51812138]",1979.0,1988.0,15
2,cpban,Connecticut,[1974 1975 1976 1977 1978 1979 1980 1981 1982 1983 1984 1985],"[0.02217297 0.02275163 0.02306735 0.12236427 0.09467711 0.0618918
 0.05650254 0.05778578 0.11138991 0.07384117 0.04864917 0.07402818]","[0.02217297 0.04442012 0.06646282 0.18069442 0.25826391 0.30417129
 0.34348738 0.38142447 0.45032755 0.490916   0.51568252 0.55153566]",1985.0,1984.0,12
2,cpban,Delaware,"[1974 1975 1976 1977 1978 1979 1980 1981 1982 1983 1984 1985 1986 1987
 1988 1989 1990 1991 1992 1993 1994 1995 1996 1997 1998 1999 2000]","[0.03353693 0.03855456 0.04761744 0.03874086 0.03130751 0.06283483
 0.09385053 0.06729451 0.07789231 0.05953765 0.05967519 0.0631358
 0.07076174 0.06067429 0.07069826 0.07432792 0.05287505 0.07665033
 0.07570936 0.08135565 0.13402464 0.22962821 0.25107743 0.25715978
 0.25890623 0.16626143 0.2331903 ]","[0.03353693 0.07079849 0.11504469 0.14932863 0.17596103 0.22773938
 0.30021645 0.34730804 0.39814772 0.43398059 0.46775791 0.50136144
 0.53664597 0.56475965 0.59553038 0.62559377 0.64539052 0.67257145
 0.69736086 0.72198226 0.75924349 0.81452797 0.86109581 0.89681638
 0.92353127 0.93624507 0.9511121 ]",2000.0,1985.0,27
2,cpban,Florida,[1974 1975 1976 1977 1978 1979 1980 1981 1982 1983 1984],"[0.03128738 0.02745798 0.02894117 0.05526397 0.07278958 0.08220991
 0.10808571 0.08560964 0.0534138  0.06650726 0.06650726]","[0.03128738 0.05788627 0.08515215 0.13571027 0.19862156 0.26450281
 0.34399954 0.40015951 0.43219927 0.46996214 0.5052135 ]",1983.0,1984.0,11
2,cpban,Georgia,"[1974 1975 1976 1977 1978 1979 1980 1981 1982 1983 1984 1985 1986 1987
 1988 1989 1990 1991 1992 1993 1994 1995 1996 1997]","[0.00909018 0.00976992 0.01378074 0.01070074 0.02405548 0.02405548
 0.02405548 0.02405548 0.02405548 0.02405548 0.02405548 0.02405548
 0.02405548 0.02405548 0.02405548 0.02405548 0.02405548 0.02405548
 0.02405548 0.02405548 0.02405548 0.02405548 0.02405548 0.02405548]","[0.00909018 0.01877128 0.03229334 0.04264852 0.06567807 0.08815363
 0.11008853 0.13149578 0.15238807 0.17277778 0.19267701 0.21209755
 0.23105092 0.24954836 0.26760083 0.28521904 0.30241344 0.31919422
 0.33557133 0.35155448 0.36715315 0.38237658 0.39723381 0.41173364]",1978.0,,24
2,cpban,Idaho,"[1974 1975 1976 1977 1978 1979 1980 1981 1982 1983 1984 1985 1986 1987
 1988]","[0.01604692 0.02117297 0.02128862 0.02274034 0.0273253  0.03253533
 0.0346157  0.04782616 0.03836533 0.07006578 0.07006578 0.07006578
 0.07006578 0.07006578 0.07006578]","[0.01604692 0.03688013 0.05738362 0.07881904 0.10399058 0.13314255
 0.16314942 0.20317277 0.23374331 0.28743168 0.33735833 0.38378684
 0.42696229 0.46711263 0.5044498 ]",1983.0,1988.0,15
2,cpban,Illinois,"[1974 1975 1976 1977 1978 1979 1980 1981 1982 1983 1984 1985 1986 1987
 1988 1989 1990 1991 1992 1993 1994]","[0.06006869 0.03811642 0.05101948 0.07344498 0.05236174 0.06209031
 0.0695116  0.07602181 0.15997798 0.13400195 0.12584422 0.16275323
 0.13038857 0.13606861 0.13045275 0.15024944 0.16651029 0.21357691
 0.15486953 0.18846224 0.20014015]","[0.06006869 0.0958955  0.14202244 0.20503659 0.24666226 0.29343723
 0.34255155 0.39253197 0.48971348 0.55809287 0.61370433 0.6765752
 0.71874609 0.75701592 0.78871386 0.82045949 0.85035483 0.88231558
 0.90054131 0.91928552 0.93543973]",1994.0,1983.0,21
2,cpban,Indiana,[1974 1975 1976 1977 1978 1979 1980 1981 1982 1983],"[0.04604996 0.04367362 0.06339269 0.12546135 0.08699367 0.07052379
 0.07277703 0.10876331 0.10805171 0.09421787]","[0.04604996 0.08771241 0.14554478 0.25274589 0.31775226 0.36586696
 0.41201728 0.47596823 0.53259076 0.57662907]",1983.0,1982.0,10
2,cpban,Iowa,[1974 1975 1976 1977 1978 1979 1980 1981 1982 1983 1984 1985],"[0.02172957 0.03220175 0.03658642 0.03774233 0.04861231 0.04371827
 0.04223622 0.04552405 0.09908258 0.11423271 0.11423271 0.11423271]","[0.02172957 0.05323159 0.08787046 0.12229635 0.16496356 0.20146991
 0.2351968  0.27001374 0.34234266 0.41746864 0.48401278 0.5429554 ]",1983.0,1985.0,12
2,cpban,Kansas,"[1974 1975 1976 1977 1978 1979 1980 1981 1982 1983 1984 1985 1986 1987
 1988 1989 1990]","[0.02174529 0.03260133 0.02299722 0.0219754  0.0449123  0.0449123
 0.0449123  0.0449123  0.0449123  0.0449123  0.0449123  0.0449123
 0.0449123  0.0449123  0.0449123  0.0449123  0.0449123 ]","[0.02174529 0.0536377  0.0754014  0.09571983 0.13633313 0.1751224
 0.21216955 0.24755283 0.28134697 0.31362333 0.34445009 0.37389234
 0.40201228 0.42886929 0.45452008 0.47901884 0.50241731]",1978.0,1990.0,17
2,cpban,Kentucky,[1974],[0.62545118],[0.62545118],1974.0,1974.0,1
2,cpban,Louisiana,"[1974 1975 1976 1977 1978 1979 1980 1981 1982 1983 1984 1985 1986 1987
 1988 1989 1990 1991 1992 1993 1994 1995 1996]","[0.00963792 0.00983312 0.01179356 0.01328002 0.01328002 0.01328002
 0.01328002 0.01328002 0.01328002 0.01328002 0.01328002 0.01328002
 0.01328002 0.01328002 0.01328002 0.01328002 0.01328002 0.01328002
 0.01328002 0.01328002 0.01328002 0.01328002 0.01328002]","[0.00963792 0.01937627 0.03094132 0.04381043 0.05650865 0.06903823
 0.08140141 0.09360042 0.10563742 0.11751457 0.12923399 0.14079778
 0.152208   0.16346669 0.17457587 0.18553751 0.19635359 0.20702602
 0.21755673 0.22794759 0.23820046 0.24831717 0.25829953]",1977.0,,23
2,cpban,Maine,"[1974 1975 1976 1977 1978 1979 1980 1981 1982 1983 1984 1985 1986 1987
 1988 1989 1990 1991 1992 1993 1994 1995 1996 1997 1998 1999 2000 2001
 2002 2003]","[0.01382518 0.0482407  0.02801676 0.03260595 0.02454082 0.0209672
 0.02350077 0.03266302 0.04011295 0.16866441 0.11874395 0.1860893
 0.12266715 0.09961385 0.0658122  0.09541275 0.10711985 0.06362395
 0.06496123 0.08757668 0.08888957 0.16609799 0.1639598  0.10293895
 0.08772799 0.13391149 0.18836403 0.22454121 0.28002851 0.2761412 ]","[0.01382518 0.06139894 0.0876955  0.11744205 0.13910075 0.15715139
 0.17695899 0.20384199 0.23577823 0.36467525 0.44011622 0.5443046
 0.60020346 0.64002873 0.66371923 0.69580471 0.72839006 0.74567096
 0.76219248 0.78301888 0.80230623 0.83514277 0.86217273 0.87636053
 0.88720717 0.90231142 0.92071244 0.93851576 0.9557331  0.96795702]",2003.0,1985.0,30
2,cpban,Maryland,"[1974 1975 1976 1977 1978 1979 1980 1981 1982 1983 1984 1985 1986 1987
 1988 1989 1990 1991 1992 1993 1994]","[0.02819435 0.02983543 0.03361272 0.03103426 0.02617263 0.05523259
 0.05945999 0.04977325 0.08065892 0.06636602 0.06352773 0.06639743
 0.05862827 0.043647   0.04434766 0.03909788 0.07306365 0.06415019
 0.05826723 0.05479277 0.06429928]","[0.02819435 0.0571886  0.08887906 0.11715502 0.1402614  0.18774699
 0.23604355 0.27406814 0.33262102 0.37691231 0.41649566 0.45523885
 0.48717725 0.50956042 0.53131027 0.54963504 0.58254035 0.60932047
 0.63208429 0.65224341 0.67460391]",1994.0,1987.0,21
2,cpban,Massachusetts,[1974 1975 1976 1977 1978 1979 1980 1981 1982],"[0.02010168 0.03162958 0.02729475 0.10881906 0.10881906 0.10881906
 0.10881906 0.10881906 0.10881906]","[0.02010168 0.05109545 0.07699556 0.17743604 0.26694668 0.34671686
 0.41780652 0.48116027 0.53761992]",1977.0,1982.0,9
2,cpban,Michigan,"[1974 1975 1976 1977 1978 1979 1980 1981 1982 1983 1984 1985 1986 1987
 1988 1989 1990]","[0.035896   0.04113132 0.03738057 0.04204805 0.04204805 0.04204805
 0.04204805 0.04204805 0.04204805 0.04204805 0.04204805 0.04204805
 0.04204805 0.04204805 0.04204805 0.04204805 0.04204805]","[0.035896   0.07555087 0.1101073  0.14752555 0.18337044 0.21770812
 0.25060196 0.28211269 0.31229845 0.34121495 0.36891558 0.39545144
 0.42087153 0.44522275 0.46855005 0.49089648 0.51230329]",1977.0,1990.0,17
2,cpban,Minnesota,[1974 1975 1976 1977 1978 1979 1980 1981 1982 1983 1984 1985 1986 1987],"[0.03477883 0.04842826 0.0341673  0.03637164 0.05549979 0.03404213
 0.05020097 0.05402517 0.05794049 0.05794049 0.05794049 0.05794049
 0.05794049 0.05794049]","[0.03477883 0.08152281 0.1129047  0.14516981 0.19261271 0.22009789
 0.25924973 0.2992689  0.3398696  0.37811788 0.41415003 0.44809447
 0.48007214 0.51019702]",1982.0,1987.0,14
2,cpban,Mississippi,"[1974 1975 1976 1977 1978 1979 1980 1981 1982 1983 1984 1985 1986 1987
 1988 1989 1990 1991 1992 1993 1994 1995 1996 1997 1998]","[0.0120289  0.01188117 0.01185455 0.03364332 0.0239294  0.02594071
 0.02594071 0.02594071 0.02594071 0.02594071 0.02594071 0.02594071
 0.02594071 0.02594071 0.02594071 0.02594071 0.02594071 0.02594071
 0.02594071 0.02594071 0.02594071 0.02594071 0.02594071 0.02594071
 0.02594071]","[0.0120289  0.02376716 0.03533995 0.06779432 0.09010145 0.11370486
 0.13669599 0.15909071 0.1809045  0.20215242 0.22284916 0.24300901
 0.26264589 0.28177339 0.3004047  0.3185527  0.33622993 0.3534486
 0.3702206  0.38655753 0.40247066 0.417971   0.43306925 0.44777584
 0.46210093]",1979.0,,25
2,cpban,Missouri,[1974 1975 1976 1977 1978 1979 1980 1981 1982 1983 1984 1985],"[0.03284783 0.04584443 0.03097778 0.03754443 0.06620267 0.05551181
 0.05612495 0.06719322 0.06324523 0.10425237 0.11154735 0.10495875]","[0.03284783 0.07718637 0.10577308 0.13934632 0.19632389 0.24093741
 0.28353976 0.33168103 0.37394902 0.43921632 0.50177025 0.55406382]",1985.0,1984.0,12
2,cpban,Montana,"[1974 1975 1976 1977 1978 1979 1980 1981 1982 1983 1984 1985 1986 1987
 1988 1989 1990]","[0.04113855 0.02830534 0.03997949 0.05037709 0.05564976 0.04201935
 0.04201935 0.04201935 0.04201935 0.04201935 0.04201935 0.04201935
 0.04201935 0.04201935 0.04201935 0.04201935 0.04201935]","[0.04113855 0.06827944 0.10552916 0.15059    0.19785946 0.23156488
 0.26385402 0.2947864  0.32441901 0.35280649 0.38000114 0.40605308
 0.43101035 0.45491892 0.47782287 0.49976441 0.52078399]",1979.0,1990.0,17
2,cpban,Nevada,"[1974 1975 1976 1977 1978 1979 1980 1981 1982 1983 1984 1985 1986 1987
 1988 1989 1990]","[0.01708168 0.03837389 0.01888866 0.0226385  0.01461624 0.03052244
 0.02053333 0.04408606 0.01642434 0.05951182 0.05951182 0.05951182
 0.05951182 0.05951182 0.05951182 0.05951182 0.05951182]","[0.01708168 0.05480008 0.07265363 0.09364737 0.10689483 0.13415458
 0.15193327 0.18932119 0.20263606 0.25008863 0.29471722 0.33668988
 0.37616467 0.41329024 0.4482064  0.48104464 0.51192862]",1983.0,1990.0,17
2,cpban,New Hampshire,[1974 1975 1976 1977 1978 1979 1980 1981 1982 1983 1984],"[0.01734629 0.06276097 0.02674364 0.06495815 0.02997764 0.05294104
 0.03667082 0.04304283 0.0229439  0.16399876 0.16399876]","[0.01734629 0.07901858 0.10364898 0.16187428 0.18699931 0.23004041
 0.25827547 0.29020139 0.30648693 0.42022222 0.51530506]",1983.0,1984.0,11
2,cpban,New Jersey,"[1974 1975 1976 1977 1978 1979 1980 1981 1982 1983 1984 1985 1986 1987
 1988 1989 1990]","[0.02434879 0.03184412 0.03534763 0.04608397 0.04355964 0.04321001
 0.04321001 0.04321001 0.04321001 0.04321001 0.04321001 0.04321001
 0.04321001 0.04321001 0.04321001 0.04321001 0.04321001]","[0.02434879 0.05541754 0.08880629 0.13079771 0.16865986 0.20458207
 0.23895208 0.27183697 0.3033009  0.33340527 0.36220884 0.3897678
 0.41613593 0.44136471 0.46550334 0.48859895 0.51069659]",1979.0,1990.0,17
2,cpban,New Mexico,"[1974 1975 1976 1977 1978 1979 1980 1981 1982 1983 1984 1985 1986 1987
 1988 1989]","[0.01527536 0.0297237  0.01741337 0.01342997 0.01335156 0.05244475
 0.06354831 0.04306297 0.03271618 0.08597233 0.0583597  0.0583597
 0.0583597  0.0583597  0.0583597  0.0583597 ]","[0.01527536 0.04454503 0.06118271 0.07379101 0.08615734 0.13408358
 0.18911111 0.22403039 0.24941715 0.31394651 0.35398438 0.39168566
 0.42718671 0.46061592 0.49209421 0.52173544]",1984.0,1989.0,16
2,cpban,New York,[1974 1975 1976 1977 1978 1979 1980 1981 1982 1983 1984],"[0.03580914 0.05478892 0.03789555 0.07463167 0.07463167 0.07463167
 0.07463167 0.07463167 0.07463167 0.07463167 0.07463167]","[0.03580914 0.08863611 0.12317274 0.18861183 0.24916708 0.305203
 0.35705686 0.40504079 0.44944359 0.49053253 0.52855494]",1977.0,1984.0,11
2,cpban,North Carolina,"[1974 1975 1976 1977 1978 1979 1980 1981 1982 1983 1984 1985 1986 1987
 1988 1989]","[0.01488387 0.01249008 0.01571212 0.01491474 0.02514393 0.08518945
 0.06896525 0.07094605 0.04343113 0.07572931 0.06027984 0.03967039
 0.03967039 0.03967039 0.03967039 0.03967039]","[0.01488387 0.02718804 0.04247298 0.05675425 0.08047115 0.15880531
 0.21681851 0.27238215 0.30398341 0.35669227 0.39547076 0.41945267
 0.4424832  0.46460011 0.48583963 0.50623658]",1985.0,1989.0,16
2,cpban,North Dakota,[1974 1975 1976 1977 1978 1979 1980 1981 1982 1983 1984 1985],"[0.02813826 0.07851202 0.03406575 0.04867592 0.03875302 0.12197593
 0.0717376  0.0906188  0.07890642 0.12204062 0.0616372  0.12533463]","[0.02813826 0.10444109 0.13494897 0.17705613 0.20894769 0.30543703
 0.35526331 0.41368858 0.45995231 0.52586007 0.55508472 0.61084801]",1985.0,1983.0,12
2,cpban,Ohio,[1974 1975 1976 1977 1978 1979 1980 1981 1982 1983 1984],"[0.05903196 0.04098966 0.05117156 0.12266376 0.09041071 0.08452572
 0.09947887 0.1037576  0.08859605 0.13748588 0.16860649]","[0.05903196 0.09760192 0.14377904 0.24880633 0.31672228 0.37447682
 0.43670316 0.49514949 0.53987725 0.60313763 0.6700512 ]",1984.0,1982.0,11
2,cpban,Oklahoma,"[1974 1975 1976 1977 1978 1979 1980 1981 1982 1983 1984 1985 1986 1987
 1988 1989 1990 1991 1992 1993 1994 1995 1996 1997 1998 1999 2000]","[0.01105531 0.01703282 0.01406983 0.01733721 0.02313707 0.04960141
 0.05268269 0.05449115 0.03678762 0.06510222 0.08358069 0.11535456
 0.12173309 0.11841746 0.13323886 0.13054185 0.15516405 0.1575397
 0.14613944 0.13824894 0.11553807 0.09208884 0.12765803 0.09933252
 0.09121711 0.18125767 0.28049275]","[0.01105531 0.02789982 0.0415771  0.05819349 0.07998413 0.12561822
 0.17168301 0.21681895 0.24563032 0.29474146 0.35368746 0.42824255
 0.49784435 0.55730835 0.61629208 0.66638202 0.71814754 0.76255049
 0.79725123 0.82528103 0.84546772 0.85969842 0.87760904 0.88976645
 0.89982163 0.91797973 0.94098582]",2000.0,1987.0,27
2,cpban,Oregon,[1974 1975 1976 1977 1978 1979 1980 1981 1982 1983 1984 1985],"[0.02899644 0.03101681 0.02920361 0.03893982 0.03833879 0.02740209
 0.02374641 0.05725869 0.05090688 0.11322933 0.13742606 0.1632503 ]","[0.02899644 0.05911387 0.08659114 0.12215912 0.15581448 0.17894692
 0.19844398 0.24434003 0.28280831 0.36401545 0.4514163  0.54097275]",1985.0,1985.0,12
2,cpban,Pennsylvania,"[1974 1975 1976 1977 1978 1979 1980 1981 1982 1983 1984 1985 1986 1987
 1988 1989 1990 1991 1992 1993 1994 1995]","[0.03200397 0.02793659 0.03456785 0.0460758  0.04102022 0.06216959
 0.07546626 0.07086606 0.08539723 0.09620802 0.09823492 0.09553741
 0.06727586 0.06312956 0.06746481 0.0656188  0.0659109  0.07332014
 0.06673718 0.08242812 0.1144011  0.12806577]","[0.03200397 0.05904648 0.09157322 0.1334297  0.1689766  0.22064099
 0.2794563  0.33051839 0.38769026 0.44659937 0.50096264 0.54863937
 0.57900505 0.60558228 0.63219159 0.65632674 0.67897855 0.70251589
 0.72236914 0.74525373 0.77439698 0.80328901]",1995.0,1984.0,22
2,cpban,Rhode Island,"[1974 1975 1976 1977 1978 1979 1980 1981 1982 1983 1984 1985 1986 1987
 1988 1989 1990 1991 1992 1993 1994 1995 1996 1997 1998 1999 2000 2001]","[0.0218497  0.02803464 0.02638062 0.09261657 0.08225818 0.07350399
 0.06765711 0.04501244 0.0783006  0.04903458 0.03928707 0.12121771
 0.07632973 0.0765225  0.08442442 0.07674627 0.10016737 0.09463567
 0.12822892 0.1024466  0.11842925 0.1684411  0.20112325 0.221669
 0.22324045 0.16494881 0.16863498 0.14737226]","[0.0218497  0.04927179 0.07435259 0.16008287 0.22917293 0.28583179
 0.33415035 0.36412187 0.4139115  0.44265011 0.46454675 0.52945317
 0.56536988 0.59862887 0.63251439 0.66071754 0.69470257 0.7235946
 0.75903777 0.78372353 0.80933699 0.84145248 0.87334007 0.90141665
 0.92342444 0.93605549 0.94683877 0.95467326]",2001.0,1985.0,28
2,cpban,South Carolina,[1974 1975 1976 1977 1978 1979 1980 1981 1982 1983 1984 1985 1986 1987],"[0.0121423  0.01285437 0.01681307 0.01470536 0.06749554 0.08990441
 0.13165925 0.08283803 0.04670471 0.07450231 0.07265549 0.12857735
 0.16330723 0.1694127 ]","[0.0121423  0.02484059 0.04123601 0.05533498 0.11909566 0.19829285
 0.30384501 0.36151312 0.39133347 0.43668053 0.47760878 0.54477646
 0.61911775 0.68364404]",1987.0,1985.0,14
2,cpban,South Dakota,"[1974 1975 1976 1977 1978 1979 1980 1981 1982 1983 1984 1985 1986 1987
 1988 1989 1990 1991 1992 1993 1994 1995]","[0.02048465 0.04796135 0.03692935 0.03926417 0.03130135 0.03130135
 0.03130135 0.03130135 0.03130135 0.03130135 0.03130135 0.03130135
 0.03130135 0.03130135 0.03130135 0.03130135 0.03130135 0.03130135
 0.03130135 0.03130135 0.03130135 0.03130135]","[0.02048465 0.06746353 0.1019015  0.13716458 0.1641725  0.19033503
 0.21567863 0.24022895 0.26401081 0.28704826 0.30936461 0.33098243
 0.35192358 0.37220925 0.39185995 0.41089555 0.42933532 0.44719789
 0.46450134 0.48126317 0.49750034 0.51322925]",1978.0,1995.0,22
2,cpban,Tennessee,"[1974 1975 1976 1977 1978 1979 1980 1981 1982 1983 1984 1985 1986 1987
 1988 1989 1990]","[0.03667491 0.03319649 0.0372992  0.02950458 0.03889514 0.0674454
 0.07881043 0.08003497 0.06451631 0.09488622 0.10754712 0.13225628
 0.12604938 0.12443537 0.12667239 0.19131356 0.16120959]","[0.03667491 0.06865392 0.10339238 0.12984641 0.16369115 0.22009633
 0.28156088 0.33906114 0.38170247 0.44037039 0.50055694 0.56661142
 0.62123978 0.66837095 0.71037919 0.76578758 0.80354487]",1990.0,1984.0,17
2,cpban,Texas,[1974 1975 1976 1977 1978 1979 1980 1981 1982 1983 1984 1985 1986 1987],"[0.01793506 0.01979448 0.01436634 0.03404479 0.01733206 0.07011272
 0.03337972 0.04605968 0.01695303 0.06690577 0.08009707 0.09346952
 0.09346952 0.09346952]","[0.01793506 0.03737452 0.05120392 0.08350549 0.09939022 0.16253443
 0.19048879 0.22777462 0.24086618 0.29165661 0.34839284 0.40929825
 0.46451086 0.51456277]",1985.0,1987.0,14
2,cpban,Utah,"[1974 1975 1976 1977 1978 1979 1980 1981 1982 1983 1984 1985 1986 1987
 1988 1989 1990 1991 1992 1993 1994 1995 1996 1997 1998 1999 2000 2001]","[0.0268755  0.02668244 0.01892277 0.01351462 0.01387413 0.03701238
 0.02288116 0.03169113 0.02074182 0.0706504  0.08816572 0.06049719
 0.05891154 0.07845804 0.07634086 0.08511924 0.11006726 0.0829707
 0.07902512 0.08172334 0.04877382 0.07619121 0.06779557 0.07469858
 0.11149813 0.18907901 0.21613143 0.17125432]","[0.0268755  0.05284083 0.07076371 0.08332199 0.0960401  0.1294978
 0.1494159  0.17637187 0.19345542 0.25043811 0.31652378 0.35787216
 0.3957009  0.44311303 0.48562626 0.52940936 0.58120598 0.61595362
 0.64630293 0.67520823 0.69104957 0.71458888 0.73393849 0.7538129
 0.7812623  0.82262101 0.86095819 0.8847697 ]",2001.0,1989.0,28
2,cpban,Virginia,[1974 1975 1976 1977 1978 1979 1980 1981 1982 1983 1984 1985 1986],"[0.01915644 0.05606891 0.03029494 0.02663801 0.02401124 0.06982384
 0.06982384 0.06982384 0.06982384 0.06982384 0.06982384 0.06982384
 0.06982384]","[0.01915644 0.07415127 0.1021998  0.12611542 0.14709847 0.20665133
 0.26204598 0.31357277 0.36150175 0.40608415 0.44755364 0.48612757
 0.52200811]",1979.0,1986.0,13
2,cpban,Washington,[1974 1975 1976 1977 1978 1979 1980 1981 1982 1983 1984 1985 1986],"[0.02098647 0.04495097 0.03558622 0.03356256 0.02346031 0.03071304
 0.01779311 0.03802909 0.05132683 0.123715   0.10030783 0.10030783
 0.10030783]","[0.02098647 0.06499407 0.0982674  0.12853185 0.14897677 0.17511428
 0.18979156 0.22060305 0.26060703 0.35208103 0.41707237 0.47554458
 0.52815156]",1984.0,1986.0,13
2,cpban,West Virginia,[1974 1975 1976 1977 1978 1979 1980 1981 1982 1983 1984 1985],"[0.02611703 0.05123121 0.0642637  0.06278322 0.04183535 0.06218352
 0.06218352 0.06218352 0.06218352 0.06218352 0.06218352 0.06218352]","[0.02611703 0.07601023 0.13538923 0.18967228 0.22357263 0.27185362
 0.31713232 0.35959544 0.39941805 0.43676435 0.47178832 0.50463439]",1979.0,1985.0,12
2,cpban,Wisconsin,[1974 1975 1976 1977 1978 1979 1980 1981 1982 1983 1984 1985 1986 1987],"[0.02746881 0.02694644 0.0294469  0.04959754 0.04255486 0.0334716
 0.03774735 0.07427217 0.09270785 0.1338963  0.12995171 0.11647351
 0.10066195 0.10338499]","[0.02746881 0.05367507 0.0815414  0.12709469 0.16424105 0.19221523
 0.22270697 0.28043821 0.34714723 0.4345618  0.50804147 0.5653416
 0.60909516 0.64950885]",1987.0,1984.0,14
2,cpban,Wyoming,"[1974 1975 1976 1977 1978 1979 1980 1981 1982 1983 1984 1985 1986 1987
 1988 1989 1990 1991 1992 1993 1994 1995 1996 1997 1998 1999]","[0.01359858 0.01744743 0.02252544 0.02466868 0.05332141 0.14537515
 0.13929751 0.10557134 0.10517927 0.0907859  0.12235183 0.09464504
 0.08997776 0.1026624  0.10588158 0.12679708 0.14709291 0.14489881
 0.14284208 0.14552427 0.11686737 0.11407253 0.1187259  0.16575646
 0.17179247 0.24156155]","[0.01359858 0.03080875 0.05264022 0.07601033 0.12527876 0.25244149
 0.35657453 0.42450182 0.4850323  0.5317841  0.58907118 0.62796355
 0.66143856 0.69619609 0.72836333 0.76280606 0.79769561 0.82700928
 0.85171963 0.87329803 0.88810535 0.90086946 0.91263882 0.9271195
 0.93963982 0.95422052]",1999.0,1983.0,26
2,dnaforexon,Alabama,[1997 1998 1999 2000 2001 2002 2003 2004 2005 2006 2007 2008],"[0.0082443  0.01319037 0.01553071 0.02992195 0.09262928 0.05658299
 0.1519244  0.09963676 0.09217274 0.08670745 0.09797651 0.15485427]","[0.0082443  0.02132592 0.03652543 0.06535447 0.15193002 0.19991635
 0.32146858 0.38907525 0.44538586 0.49347504 0.54310258 0.6138551 ]",,2007.0,12
2,dnaforexon,Arizona,[1997 1998 1999 2000 2001 2002 2003 2004 2005 2006 2007 2008 2009 2010],"[0.02885161 0.03529635 0.02881483 0.05455954 0.05455954 0.05455954
 0.05455954 0.05455954 0.05455954 0.05455954 0.05455954 0.05455954
 0.05455954 0.05455954]","[0.02885161 0.0631296  0.09012536 0.1397677  0.18670157 0.23107476
 0.27302696 0.31269028 0.35018958 0.38564293 0.41916197 0.45085222
 0.48081347 0.50914005]",2000.0,2010.0,14
2,dnaforexon,Arkansas,[1997 1998 1999 2000 2001 2002 2003 2004 2005],"[0.01463008 0.01578541 0.02332135 0.0648201  0.37137877 0.1594823
 0.24461625 0.17502157 0.21702032]","[0.01463008 0.03018455 0.05280196 0.11419943 0.44316696 0.53197197
 0.64645923 0.70833649 0.7716334 ]",2005.0,2002.0,9
2,dnaforexon,California,[1997 1998 1999 2000],[0.22192526 0.22668915 0.16904623 0.26137954],[0.22192526 0.39830636 0.5000204  0.63070484],2000.0,1999.0,4
2,dnaforexon,Colorado,[1997 1998 1999 2000 2001 2002 2003],"[0.02370834 0.03563876 0.03706581 0.12733422 0.49843972 0.29155747
 0.27455828]","[0.02370834 0.05850217 0.09339954 0.20884081 0.60318598 0.71888007
 0.79606387]",2003.0,2001.0,7
2,dnaforexon,Connecticut,[1997 1998 1999 2000 2001 2002 2003],"[0.03671998 0.0494864  0.11698646 0.12638301 0.12638301 0.12638301
 0.12638301]","[0.03671998 0.08438925 0.19150331 0.29368356 0.38294996 0.4609346
 0.52906331]",2000.0,2003.0,7
2,dnaforexon,Delaware,"[1997 1998 1999 2000 2001 2002 2003 2004 2005 2006 2007 2008 2009 2010
 2011 2012 2013 2014 2015]","[0.03231719 0.03562464 0.03839611 0.03594392 0.03594392 0.03594392
 0.03594392 0.03594392 0.03594392 0.03594392 0.03594392 0.03594392
 0.03594392 0.03594392 0.03594392 0.03594392 0.03594392 0.03594392
 0.03594392]","[0.03231719 0.06679054 0.10262215 0.13487743 0.16597333 0.19595152
 0.22485217 0.25271402 0.27957441 0.30546933 0.33043348 0.35450033
 0.37770212 0.40006994 0.42163378 0.44242253 0.46246405 0.4817852
 0.50041187]",2000.0,2015.0,19
2,dnaforexon,Florida,[1997 1998 1999 2000 2001 2002 2003 2004 2005],"[0.0361348  0.06868968 0.07254047 0.0880077  0.08598992 0.08598992
 0.08598992 0.08598992 0.08598992]","[0.0361348  0.10234239 0.16745889 0.24072892 0.30601858 0.36569398
 0.42023791 0.4700916  0.51565838]",2001.0,2005.0,9
2,dnaforexon,Georgia,[1997 1998 1999 2000 2001 2002 2003],"[0.01624152 0.0243488  0.03817242 0.0528038  0.2978966  0.18354918
 0.15937283]","[0.01624152 0.04019486 0.07683294 0.12557967 0.38606651 0.4987535
 0.57863858]",2003.0,2003.0,7
2,dnaforexon,Idaho,[1997 1998 1999 2000 2001 2002 2003 2004 2005 2006],"[0.03472521 0.02065924 0.01878714 0.03875851 0.10824433 0.10824433
 0.10824433 0.10824433 0.10824433 0.10824433]","[0.03472521 0.05466705 0.07242715 0.1083785  0.20489147 0.29095746
 0.36770729 0.43614939 0.49718302 0.55161011]",2001.0,2006.0,10
2,dnaforexon,Illinois,[1997],[0.65234489],[0.65234489],1997.0,1997.0,1
2,dnaforexon,Indiana,[1997 1998 1999 2000 2001 2002],[0.02299113 0.03871102 0.04781239 0.21094317 0.21814875 0.21814875],[0.02299113 0.06081214 0.10571696 0.29435986 0.44829437 0.56864826],2001.0,2002.0,6
2,dnaforexon,Iowa,[1997 1998 1999 2000 2001 2002 2003 2004 2005],"[0.01936188 0.02964314 0.09758234 0.10480112 0.30536453 0.13073589
 0.13337835 0.10590248 0.20709343]","[0.01936188 0.04843107 0.14128739 0.23128143 0.46602081 0.53583106
 0.59774115 0.64034136 0.7148243 ]",2005.0,2002.0,9
2,dnaforexon,Kansas,[1997 1998 1999 2000 2001 2002],[0.00942506 0.02357794 0.01873657 0.065706   0.30004118 0.30004118],[0.00942506 0.03278078 0.05090315 0.11326451 0.37932167 0.56555072],2001.0,2002.0,6
2,dnaforexon,Kentucky,[1997 1998 1999 2000 2001 2002 2003],"[0.00840047 0.02743432 0.02340106 0.13604532 0.24361301 0.12135996
 0.12135996]","[0.00840047 0.03560433 0.0581722  0.18630346 0.38453052 0.45922387
 0.52485244]",2002.0,2003.0,7
2,dnaforexon,Louisiana,[1997 1998 1999 2000 2001 2002 2003 2004 2005 2006 2007 2008],"[0.03631438 0.02225703 0.02105659 0.02266626 0.07421783 0.07421783
 0.07421783 0.07421783 0.07421783 0.07421783 0.07421783 0.07421783]","[0.03631438 0.05776316 0.07760345 0.09851073 0.16541731 0.22735823
 0.28470203 0.3377899  0.38693769 0.43243785 0.47456108 0.51355802]",2001.0,2008.0,12
2,dnaforexon,Maine,[1997 1998 1999 2000 2001 2002 2003 2004 2005 2006 2007 2008],"[0.0449177  0.05475324 0.07311947 0.06343393 0.05800071 0.05800071
 0.05800071 0.05800071 0.05800071 0.05800071 0.05800071 0.05800071]","[0.0449177  0.09721156 0.16322297 0.21630302 0.261758   0.30457656
 0.34491162 0.38290721 0.41869903 0.4524149  0.48417523 0.51409343]",2001.0,2008.0,12
2,dnaforexon,Maryland,[1997 1998 1999 2000 2001 2002],[0.04451117 0.04158261 0.04153093 0.06898665 0.23010388 0.23010388],[0.04451117 0.08424289 0.12227514 0.18282644 0.37086125 0.51562852],2001.0,2002.0,6
2,dnaforexon,Massachusetts,[1997 1998 1999 2000 2001 2002 2003 2004 2005 2006 2007 2008],"[0.01971168 0.03204069 0.05649956 0.2601538  0.18439083 0.15423092
 0.10098083 0.14895981 0.19548447 0.18311193 0.17506474 0.14626051]","[0.01971168 0.0511208  0.10473205 0.33763941 0.45977263 0.54309239
 0.5892313  0.65041932 0.71875692 0.77025588 0.81047598 0.83819586]",,2002.0,12
2,dnaforexon,Michigan,[1997 1998 1999 2000 2001 2002 2003 2004 2005 2006 2007],"[0.05359118 0.06910978 0.05813516 0.06420017 0.06420017 0.06420017
 0.06420017 0.06420017 0.06420017 0.06420017 0.06420017]","[0.05359118 0.11899728 0.17021451 0.22348688 0.27333916 0.31999091
 0.36364761 0.40450154 0.44273265 0.47850931 0.5119891 ]",2000.0,2007.0,11
2,dnaforexon,Minnesota,[1997 1998 1999 2000 2001 2002 2003 2004 2005 2006 2007 2008 2009 2010],"[0.04368085 0.04437888 0.05208974 0.05208974 0.05208974 0.05208974
 0.05208974 0.05208974 0.05208974 0.05208974 0.05208974 0.05208974
 0.05208974 0.05208974]","[0.04368085 0.08612122 0.13372493 0.17884897 0.22162251 0.26216799
 0.30060147 0.33703295 0.37156673 0.40430166 0.43533143 0.46474486
 0.49262616 0.51905513]",1999.0,2010.0,14
2,dnaforexon,Mississippi,[1997 1998 1999 2000 2001 2002 2003 2004 2005 2006 2007 2008],"[0.00848411 0.01191647 0.01082165 0.03415903 0.21242796 0.08823429
 0.08723527 0.04679527 0.11719731 0.12236096 0.13023652 0.19339638]","[0.00848411 0.02029948 0.03090146 0.06400492 0.26283644 0.32787955
 0.38651216 0.41522049 0.48375508 0.54692331 0.60593044 0.68214206]",,2006.0,12
2,dnaforexon,Missouri,[1997 1998 1999 2000 2001 2002],[0.02897321 0.04718106 0.04747144 0.17351412 0.30848242 0.30848242],[0.02897321 0.07478728 0.11870847 0.27162499 0.49631588 0.65169358],2001.0,2002.0,6
2,dnaforexon,Montana,"[1997 1998 1999 2000 2001 2002 2003 2004 2005 2006 2007 2008 2009 2010
 2011 2012 2013]","[0.01256916 0.02219334 0.02966706 0.02547896 0.06020594 0.02858075
 0.0485577  0.0485577  0.0485577  0.0485577  0.0485577  0.0485577
 0.0485577  0.0485577  0.0485577  0.0485577  0.0485577 ]","[0.01256916 0.03448354 0.06312758 0.08699811 0.14196625 0.1664895
 0.20696286 0.24547092 0.28210912 0.31696825 0.35013471 0.38169068
 0.41171436 0.44028016 0.46745887 0.49331784 0.51792117]",2003.0,2013.0,17
2,dnaforexon,Nevada,[1997 1998 1999 2000 2001 2002 2003],"[0.0292388  0.04885159 0.05104091 0.1359432  0.4831204  0.24569341
 0.34447642]","[0.0292388  0.07666203 0.12379004 0.24290483 0.60867295 0.70481943
 0.80650217]",2003.0,2001.0,7
2,dnaforexon,New Hampshire,[1997 1998 1999 2000 2001 2002 2003 2004 2005 2006 2007],"[0.01210642 0.02127212 0.02736873 0.02941946 0.05474509 0.0342363
 0.03956561 0.11143589 0.11143589 0.11143589 0.11143589]","[0.01210642 0.03312102 0.05958327 0.08724982 0.13721841 0.16675686
 0.19972463 0.28890403 0.36814565 0.4385569  0.50112181]",2004.0,2007.0,11
2,dnaforexon,New Jersey,[1997 1998 1999 2000 2001],[0.04263904 0.05457693 0.12280168 0.35165918 0.26213328],[0.04263904 0.09488887 0.20603804 0.48524205 0.62017724],2001.0,2001.0,5
2,dnaforexon,New Mexico,[1997 1998 1999 2000 2001 2002],[0.01572464 0.03341233 0.03961694 0.11389562 0.22521835 0.22521835],[0.01572464 0.04861157 0.08630267 0.19036879 0.3727126  0.51398923],2001.0,2002.0,6
2,dnaforexon,New York,[1997 1998 1999 2000 2001 2002 2003 2004 2005 2006],"[0.04326207 0.06038121 0.0710937  0.0710937  0.0710937  0.0710937
 0.0710937  0.0710937  0.0710937  0.0710937 ]","[0.04326207 0.10103106 0.16494209 0.22430945 0.27945616 0.33068229
 0.37826657 0.4224679  0.46352679 0.50166666]",1999.0,2006.0,10
2,dnaforexon,North Carolina,[1997 1998 1999 2000 2001 2002 2003],"[0.01878274 0.03567939 0.04248379 0.05284917 0.18192243 0.18192243
 0.18192243]","[0.01878274 0.05379198 0.09399048 0.14187233 0.297985   0.42569727
 0.53017582]",2001.0,2003.0,7
2,dnaforexon,North Dakota,[1997 1998 1999 2000 2001 2002 2003 2004 2005 2006],"[0.01941449 0.03190667 0.07991304 0.05793892 0.05836564 0.0484867
 0.12778985 0.08524317 0.11161573 0.11161573]","[0.01941449 0.05070171 0.12656302 0.17716901 0.22519407 0.26276185
 0.3569734  0.41178703 0.47744085 0.53576667]",2005.0,2006.0,10
2,dnaforexon,Ohio,[1997 1998 1999 2000 2001 2002 2003],"[0.02785654 0.03566142 0.03710749 0.05511839 0.12805663 0.19328016
 0.22249041]","[0.02785654 0.06252455 0.09731192 0.14706663 0.2562904  0.40003471
 0.53352123]",2003.0,2003.0,7
2,dnaforexon,Oklahoma,"[1997 1998 1999 2000 2001 2002 2003 2004 2005 2006 2007 2008 2009 2010
 2011 2012 2013 2014 2015 2016 2017]","[0.02043006 0.02516831 0.02434059 0.03572185 0.03572185 0.03572185
 0.03572185 0.03572185 0.03572185 0.03572185 0.03572185 0.03572185
 0.03572185 0.03572185 0.03572185 0.03572185 0.03572185 0.03572185
 0.03572185 0.03572185 0.03572185]","[0.02043006 0.04508417 0.06832739 0.10160846 0.13370067 0.16464649
 0.19448686 0.22326128 0.25100783 0.27776322 0.30356286 0.32844088
 0.35243022 0.37556261 0.39786867 0.41937792 0.44011882 0.46011881
 0.47940437 0.49800101 0.51593334]",2000.0,2017.0,21
2,dnaforexon,Oregon,[1997 1998 1999 2000 2001 2002],[0.03287659 0.04191083 0.03698662 0.20360143 0.18842725 0.18842725],[0.03287659 0.07340954 0.10768099 0.28935841 0.42326265 0.53193568],2001.0,2002.0,6
2,dnaforexon,Pennsylvania,[1997 1998 1999 2000 2001 2002],[0.03012399 0.03986751 0.04577119 0.10809828 0.27438336 0.23454141],[0.03012399 0.06879053 0.1114131  0.20746781 0.42492546 0.55980425],2002.0,2002.0,6
2,dnaforexon,Rhode Island,[1997 1998 1999 2000 2001 2002 2003],"[0.03403689 0.03487527 0.04060497 0.23749733 0.18184216 0.08203992
 0.08203992]","[0.03403689 0.06772511 0.1055801  0.31800244 0.44201835 0.48779512
 0.52981637]",2002.0,2003.0,7
2,dnaforexon,South Carolina,[1997 1998 1999 2000 2001 2002 2003 2004 2005 2006 2007 2008],"[0.02579147 0.02153664 0.04147742 0.03919475 0.16454157 0.08152035
 0.29938415 0.2271958  0.18496155 0.19544849 0.23226935 0.2308242 ]","[0.02579147 0.04677265 0.08631005 0.1221219  0.26656934 0.32635886
 0.52803634 0.6352645  0.70272655 0.76082819 0.81638047 0.8587643 ]",,2003.0,12
2,dnaforexon,South Dakota,[1997 1998 1999 2000 2001 2002 2003 2004 2005 2006 2007 2008],"[0.00978605 0.02031216 0.03368692 0.03744803 0.07158191 0.04572205
 0.05343978 0.04910642 0.25782651 0.23648636 0.23005739 0.21784951]","[0.00978605 0.02989943 0.06257914 0.0976837  0.16227323 0.20057581
 0.24329687 0.28045585 0.46597341 0.59226341 0.68606623 0.75445655]",,2006.0,12
2,dnaforexon,Tennessee,"[1997 1998 1999 2000 2001 2002 2003 2004 2005 2006 2007 2008 2009 2010
 2011 2012 2013 2014 2015 2016 2017]","[0.0105132  0.0248068  0.03206694 0.03477331 0.03477331 0.03477331
 0.03477331 0.03477331 0.03477331 0.03477331 0.03477331 0.03477331
 0.03477331 0.03477331 0.03477331 0.03477331 0.03477331 0.03477331
 0.03477331 0.03477331 0.03477331]","[0.0105132  0.0350592  0.0660019  0.0984801  0.12982894 0.16008767
 0.1892942  0.21748513 0.24469577 0.2709602  0.29631133 0.32078091
 0.34439961 0.36719701 0.38920167 0.41044115 0.43094206 0.45073009
 0.46983003 0.48826579 0.50606049]",2000.0,2017.0,21
2,dnaforexon,Texas,[1997 1998 1999 2000 2001 2002],[0.03085737 0.02233846 0.03279789 0.06400635 0.40030096 0.40030096],[0.03085737 0.05250653 0.08358232 0.14223887 0.48560148 0.6915157 ],2001.0,2002.0,6
2,dnaforexon,Utah,[1997 1998 1999 2000 2001 2002 2003 2004],"[0.00903474 0.01810507 0.01331172 0.04193672 0.1575694  0.1575694
 0.1575694  0.1575694 ]","[0.00903474 0.02697624 0.03992885 0.08019109 0.22512483 0.34722145
 0.45007938 0.53673004]",2001.0,2004.0,8
2,dnaforexon,Vermont,[1997 1998 1999 2000 2001 2002 2003 2004 2005],"[0.05008757 0.05983543 0.10108052 0.07093979 0.05392921 0.05260999
 0.04636917 0.15249881 0.15249881]","[0.05008757 0.10692599 0.19719838 0.25414895 0.29437211 0.33149519
 0.3624932  0.45971223 0.54210547]",2004.0,2005.0,9
2,dnaforexon,Virginia,[1997 1998 1999 2000 2001 2002],[0.01450692 0.0256115  0.02722168 0.04819744 0.25066581 0.25066581],[0.01450692 0.03974687 0.06588657 0.11090845 0.3337733  0.50077355],2001.0,2002.0,6
2,dnaforexon,Washington,[1997 1998 1999 2000 2001 2002 2003 2004 2005 2006 2007 2008],"[0.02956173 0.0437622  0.03829613 0.06262796 0.06262796 0.06262796
 0.06262796 0.06262796 0.06262796 0.06262796 0.06262796 0.06262796]","[0.02956173 0.07203024 0.10756789 0.16345909 0.21584994 0.26495966
 0.31099374 0.35414479 0.39459338 0.43250876 0.46804958 0.50136455]",2000.0,2008.0,12
2,dnaforexon,West Virginia,[1997 1998 1999 2000 2001 2002 2003 2004],"[0.02344137 0.03127243 0.04440495 0.04327141 0.11391088 0.17495058
 0.24234459 0.27273528]","[0.02344137 0.05398073 0.09598866 0.1351065  0.23362728 0.36770464
 0.520938   0.65159511]",2004.0,2003.0,8
2,dnaforexon,Wisconsin,[1997 1998 1999 2000 2001 2002 2003 2004 2005],"[0.05074454 0.05496765 0.1744593  0.35991744 0.29711716 0.1919589
 0.19171462 0.15748494 0.29061778]","[0.05074454 0.10292289 0.25942633 0.52597171 0.66681365 0.73077173
 0.78238673 0.81665754 0.86994012]",2005.0,2000.0,9
2,dnaforexon,Wyoming,[1997 1998 1999 2000 2001 2002 2003 2004 2005 2006 2007 2008],"[0.01457368 0.02179006 0.01916515 0.0163112  0.07220065 0.06278215
 0.19876407 0.19631936 0.19158205 0.18156131 0.16594199 0.21972303]","[0.01457368 0.03604618 0.0545205  0.06994241 0.13709317 0.19126832
 0.35201512 0.4792271  0.57899784 0.65543554 0.71261325 0.77575874]",2008.0,2005.0,12
2,hazing,Alabama,"[1973 1974 1975 1976 1977 1978 1979 1980 1981 1982 1983 1984 1985 1986
 1987 1988 1989 1990 1991 1992 1993 1994 1995 1996 1997 1998 1999 2000
 2001]","[0.04946627 0.03405805 0.13894355 0.10187687 0.12935289 0.041566
 0.06623284 0.05568037 0.05275623 0.08176786 0.06150669 0.06664375
 0.06258639 0.06419668 0.0742419  0.07804596 0.09100506 0.15440292
 0.13181205 0.13551041 0.13720479 0.12132952 0.1387901  0.1016972
 0.13051777 0.19681105 0.23997016 0.16392347 0.27940193]","[0.04946627 0.08183959 0.20941206 0.28995469 0.3818011  0.40749715
 0.4467403  0.477546   0.50510871 0.54557491 0.57352509 0.60194698
 0.62685968 0.65081405 0.67673828 0.70196755 0.72909001 0.7709193
 0.8011149  0.8280659  0.85165608 0.86965458 0.88774523 0.89916123
 0.91232248 0.92957839 0.94647747 0.95525107 0.96775401]",2001.0,1981.0,29
2,hazing,Arizona,"[1971 1972 1973 1974 1975 1976 1977 1978 1979 1980 1981 1982 1983 1984
 1985 1986 1987 1988 1989 1990 1991 1992 1993 1994 1995 1996 1997 1998
 1999 2000 2001]","[0.03227574 0.0247482  0.02877613 0.02845716 0.0302937  0.03570095
 0.05095098 0.08221897 0.06179369 0.05219376 0.04655178 0.05340227
 0.05490755 0.05901856 0.0489329  0.04678285 0.06660193 0.05884112
 0.07512361 0.08483764 0.08583309 0.07096519 0.09091042 0.07645025
 0.088812   0.0827618  0.12098704 0.13644254 0.20165985 0.20391359
 0.39466899]","[0.03227574 0.05622518 0.08338336 0.10946767 0.13644518 0.16727491
 0.20970307 0.27468048 0.31950065 0.35501847 0.38504351 0.41788358
 0.44984617 0.48231545 0.50764726 0.53068092 0.56193848 0.58771451
 0.61868689 0.65103659 0.6809892  0.70362786 0.73057118 0.75116908
 0.77326825 0.79203298 0.81719429 0.84213677 0.87397144 0.89967038
 0.93926737]",2001.0,1985.0,31
2,hazing,Arkansas,"[1971 1972 1973 1974 1975 1976 1977 1978 1979 1980 1981 1982 1983 1984
 1985 1986 1987 1988 1989 1990 1991 1992 1993 1994 1995 1996 1997]","[0.03250749 0.02161977 0.04805464 0.02004995 0.18020466 0.02993093
 0.07419123 0.03499803 0.09617481 0.0497855  0.08971051 0.04551406
 0.06688772 0.04150179 0.06095084 0.03905851 0.08894125 0.06740691
 0.09562653 0.07643767 0.13600087 0.06585053 0.13645664 0.07339997
 0.19451501 0.09736126 0.24593353]","[0.03250749 0.05342446 0.09891181 0.11697857 0.27610315 0.29777006
 0.34986936 0.37262265 0.43296055 0.46119089 0.50952773 0.53185111
 0.56316453 0.58129398 0.60681446 0.6221717  0.65577622 0.67897929
 0.70967738 0.73186897 0.76833502 0.78359028 0.81312083 0.82683775
 0.86052041 0.87410032 0.90506327]",1997.0,1981.0,27
2,hazing,California,"[1971 1972 1973 1974 1975 1976 1977 1978 1979 1980 1981 1982 1983 1984
 1985 1986 1987 1988]","[0.02825792 0.03120467 0.02987361 0.04534438 0.03448147 0.0424477
 0.06462203 0.07204359 0.07954518 0.08044183 0.06469241 0.12106518
 0.12353256 0.1123051  0.07442079 0.07757029 0.11817297 0.11925758]","[0.02825792 0.05858081 0.08670439 0.12811722 0.15818102 0.1939143
 0.2460052  0.30032569 0.35598141 0.40778744 0.4460991  0.51315721
 0.57329815 0.62121894 0.64940813 0.67660364 0.71482035 0.74883018]",1988.0,1982.0,18
2,hazing,Colorado,"[1971 1972 1973 1974 1975 1976 1977 1978 1979 1980 1981 1982 1983 1984
 1985 1986 1987 1988 1989 1990 1991 1992 1993 1994 1995 1996 1997 1998
 1999]","[0.02925092 0.0371889  0.02504917 0.02115455 0.02798326 0.03087519
 0.04602811 0.03563421 0.07582    0.05475186 0.05092925 0.05186584
 0.05532503 0.07255345 0.05415977 0.04637676 0.06573331 0.0689202
 0.07859452 0.08176855 0.08220119 0.07418645 0.09217553 0.11961525
 0.13780102 0.16618407 0.21540369 0.25315272 0.27033762]","[0.02925092 0.065352   0.08876416 0.10804094 0.13300086 0.15976963
 0.19844384 0.22700666 0.28561501 0.32472892 0.35911997 0.39235975
 0.42597747 0.46762478 0.4964581  0.51981074 0.55137517 0.58229449
 0.61512385 0.64659462 0.67564496 0.69970771 0.72738731 0.75999595
 0.79306875 0.82745743 0.86462373 0.8988946  0.9262272 ]",1999.0,1986.0,29
2,hazing,Connecticut,"[1971 1972 1973 1974 1975 1976 1977 1978 1979 1980 1981 1982 1983 1984
 1985 1986 1987 1988]","[0.03432653 0.03109879 0.0799607  0.04557216 0.04116625 0.02698149
 0.03232956 0.03872064 0.05641408 0.06855739 0.08030431 0.12061688
 0.0801691  0.06644975 0.1011788  0.12326412 0.04088324 0.05140613]","[0.03432653 0.06435781 0.13917241 0.17840218 0.21222428 0.23347964
 0.25826091 0.28698152 0.3272058  0.37333081 0.42365505 0.49317198
 0.53380393 0.56478255 0.60881733 0.65703611 0.67105759 0.68796725]",1988.0,1983.0,18
2,hazing,Delaware,"[1971 1972 1973 1974 1975 1976 1977 1978 1979 1980 1981 1982 1983 1984
 1985 1986 1987 1988 1989 1990 1991 1992 1993 1994 1995 1996 1997 1998
 1999]","[0.03410457 0.03551027 0.04819998 0.04444902 0.03946482 0.03885307
 0.04827714 0.04794482 0.06676492 0.08796797 0.06392922 0.10296844
 0.06746651 0.07641675 0.03989248 0.06906165 0.07777983 0.10390884
 0.1560958  0.07886648 0.0791882  0.08603348 0.09447192 0.09249049
 0.13689309 0.2457148  0.25576212 0.28052335 0.27803518]","[0.03410457 0.06840377 0.11330669 0.15271934 0.18615711 0.21777741
 0.25554088 0.29123384 0.33855455 0.39674057 0.43530647 0.49345209
 0.52762711 0.56372431 0.58112843 0.61005639 0.64038614 0.6777532
 0.72805457 0.74950195 0.76933844 0.78918306 0.80909934 0.82675583
 0.85047176 0.88721306 0.91605969 0.93960691 0.95639831]",1999.0,1983.0,29
2,hazing,Florida,"[1971 1972 1973 1974 1975 1976 1977 1978 1979 1980 1981 1982 1983 1984
 1985 1986 1987 1988 1989 1990 1991 1992 1993 1994 1995 1996]","[0.03019824 0.05760763 0.02797255 0.04413929 0.03995496 0.04226429
 0.12421081 0.07200079 0.06658518 0.0630923  0.0504992  0.04576163
 0.05061441 0.05857659 0.0710794  0.05192794 0.06571882 0.08659822
 0.10560643 0.10566674 0.09633609 0.09854529 0.11003939 0.08936054
 0.11589227 0.13293207]","[0.03019824 0.08606622 0.11163128 0.15084325 0.18477127 0.21922633
 0.31620686 0.36544051 0.40769277 0.44506279 0.47308668 0.49719909
 0.52264806 0.55060971 0.5825521  0.60422931 0.63023889 0.66225955
 0.69792711 0.72984617 0.75587173 0.77992942 0.80414585 0.82164749
 0.84231716 0.86327827]",1996.0,1983.0,26
2,hazing,Georgia,"[1971 1972 1973 1974 1975 1976 1977 1978 1979 1980 1981 1982 1983 1984
 1985 1986 1987 1988]","[0.04881596 0.09205956 0.07585593 0.07255007 0.09007916 0.07615898
 0.06262416 0.0817821  0.0960083  0.10669046 0.08903135 0.06786476
 0.06976079 0.06899644 0.06001095 0.06249402 0.11071306 0.11011217]","[0.04881596 0.13638154 0.20189213 0.25979491 0.32647196 0.37776717
 0.41673397 0.46443469 0.51585341 0.56750724 0.60601265 0.63275051
 0.65837012 0.68194137 0.70102837 0.71971231 0.75074381 0.77818996]",1988.0,1979.0,18
2,hazing,Idaho,"[1971 1972 1973 1974 1975 1976 1977 1978 1979 1980 1981 1982 1983 1984
 1985 1986 1987 1988 1989 1990 1991]","[0.0494479  0.03169614 0.03517126 0.03807177 0.03606756 0.03847645
 0.04373479 0.0441136  0.07127026 0.06656636 0.07844419 0.07149541
 0.07292892 0.07094993 0.09058709 0.07647423 0.08003218 0.05885649
 0.06718922 0.106585   0.10511298]","[0.0494479  0.07957674 0.11194918 0.14575885 0.17656925 0.20825194
 0.24287887 0.27627821 0.32785805 0.3726001  0.42181597 0.46315347
 0.50230511 0.53761653 0.5795025  0.61165973 0.64273944 0.66376654
 0.68635781 0.71978736 0.74924135]",1991.0,1983.0,21
2,hazing,Illinois,"[1971 1972 1973 1974 1975 1976 1977 1978 1979 1980 1981 1982 1983 1984
 1985 1986 1987 1988 1989 1990 1991 1992 1993 1994 1995]","[0.02316345 0.02086628 0.02925665 0.02910547 0.02691414 0.04028512
 0.05351724 0.04219633 0.07878421 0.06361936 0.05620803 0.06797399
 0.09240451 0.11520901 0.0592198  0.06617253 0.10312388 0.10067623
 0.1096879  0.08419553 0.09169215 0.07631752 0.10172644 0.12232978
 0.18908279]","[0.02316345 0.0435464  0.07152903 0.09855261 0.1228143  0.15815183
 0.20320522 0.23682704 0.29695301 0.34168042 0.37868326 0.42091664
 0.47442656 0.53497735 0.5625159  0.59146533 0.63359501 0.67048328
 0.70662728 0.73132795 0.75596307 0.77458736 0.79751779 0.82228739
 0.85588979]",1995.0,1984.0,25
2,hazing,Indiana,"[1971 1972 1973 1974 1975 1976 1977 1978 1979 1980 1981 1982 1983 1984
 1985 1986]","[0.03051792 0.02319957 0.0341189  0.02814788 0.03941084 0.04895108
 0.04895108 0.04895108 0.04895108 0.04895108 0.04895108 0.04895108
 0.04895108 0.04895108 0.04895108 0.04895108]","[0.03051792 0.05300949 0.08531977 0.11106607 0.1460997  0.18789905
 0.22765227 0.26545953 0.30141608 0.33561252 0.368135   0.39906548
 0.42848187 0.4564583  0.48306526 0.50836977]",1976.0,1986.0,16
2,hazing,Iowa,"[1971 1972 1973 1974 1975 1976 1977 1978 1979 1980 1981 1982 1983 1984
 1985 1986 1987 1988 1989 1990 1991 1992 1993 1994 1995 1996 1997 1998
 1999 2000 2001 2002 2003]","[0.03469627 0.02884069 0.02537616 0.02439842 0.03468554 0.03128126
 0.04081342 0.03481114 0.05323592 0.05304214 0.05286124 0.07327437
 0.07093486 0.07556444 0.063218   0.0573063  0.07935834 0.07417739
 0.07769912 0.06527301 0.05603475 0.04952252 0.06610656 0.06993678
 0.11004044 0.11994027 0.18011441 0.24073263 0.33142207 0.19547154
 0.37570422 0.32982347 0.38945795]","[0.03469627 0.06253629 0.08632553 0.10861774 0.13953581 0.16645222
 0.20047216 0.22830463 0.26938655 0.30813985 0.34471244 0.39272822
 0.43580496 0.47843804 0.51141015 0.53940943 0.57596113 0.60741523
 0.63791872 0.66155286 0.68051766 0.69633923 0.7164132  0.73624635
 0.76526991 0.79342351 0.83063091 0.87140358 0.91402327 0.93082927
 0.95681701 0.97105977 0.98233077]",2003.0,1985.0,33
2,hazing,Kansas,"[1971 1972 1973 1974 1975 1976 1977 1978 1979 1980 1981 1982 1983 1984
 1985 1986 1987 1988]","[0.02457701 0.0300901  0.0210056  0.0195846  0.02663554 0.03545234
 0.03716103 0.03135175 0.05578385 0.04432708 0.06034651 0.04338424
 0.04517591 0.04418486 0.04974514 0.04326884 0.04326884 0.04326884]","[0.02457701 0.05392758 0.0738004  0.09193965 0.11612633 0.14746172
 0.17914293 0.20487824 0.24923319 0.28251249 0.32581036 0.35505957
 0.38419534 0.41140458 0.44068434 0.46488528 0.48803907 0.51019102]",1986.0,1988.0,18
2,hazing,Kentucky,"[1972 1973 1974 1975 1976 1977 1978 1979 1980 1981 1982 1983 1984 1985
 1986]","[0.03524144 0.01981741 0.05745609 0.02861734 0.0604473  0.0496435
 0.10404509 0.05567077 0.08194005 0.05044619 0.08399956 0.05237515
 0.09441995 0.04401712 0.05301256]","[0.03524144 0.05436045 0.1086932  0.13420004 0.18653531 0.22691855
 0.30735388 0.34591402 0.39950986 0.4298023  0.47769865 0.50505427
 0.55178702 0.57151606 0.59423109]",1986.0,1983.0,15
2,hazing,Louisiana,"[1971 1972 1973 1974 1975 1976 1977 1978 1979 1980 1981 1982 1983 1984
 1985 1986 1987 1988 1989 1990 1991 1992 1993 1994 1995 1996 1997 1998
 1999 2000 2001 2002 2003 2004]","[0.04395667 0.05901696 0.03413907 0.05493206 0.0466112  0.04638568
 0.04529542 0.04696762 0.0780634  0.07284956 0.07766596 0.0809598
 0.09194464 0.06730123 0.06398355 0.06956263 0.10329491 0.09336487
 0.08043416 0.18006299 0.1505729  0.15549618 0.13921593 0.14819415
 0.10984836 0.1048287  0.10487323 0.16603476 0.21929874 0.25678287
 0.36957563 0.42110563 0.42660567 0.32892223]","[0.04395667 0.10037944 0.13109165 0.17882257 0.21709864 0.25341405
 0.28723097 0.32070804 0.37373588 0.41935894 0.46445499 0.5078126
 0.55306659 0.58314576 0.60981758 0.63695969 0.67445991 0.70485392
 0.72859374 0.77746396 0.81097186 0.84036501 0.86258875 0.88295229
 0.89580979 0.90673191 0.91651324 0.93037494 0.94564363 0.95960142
 0.97453175 0.98525657 0.9915462  0.99432684]",2004.0,1982.0,34
2,hazing,Maine,"[1971 1972 1973 1974 1975 1976 1977 1978 1979 1980 1981 1982 1983 1984
 1985 1986 1987 1988 1989 1990 1991 1992 1993 1994 1995 1996 1997 1998
 1999]","[0.04228602 0.01925657 0.03650576 0.02980386 0.0995309  0.0200825
 0.03369255 0.03275409 0.06820188 0.06335172 0.10383936 0.08263997
 0.08103994 0.07153624 0.06029617 0.07634012 0.0658466  0.07229655
 0.05670246 0.0507137  0.05109592 0.04948174 0.05083766 0.05193414
 0.08518846 0.1848525  0.09011732 0.1351524  0.38251344]","[0.04228602 0.06072831 0.09501714 0.12198911 0.20937833 0.22525598
 0.25135909 0.27588014 0.32526648 0.36801201 0.43363723 0.48044143
 0.52254643 0.55670167 0.58343086 0.6152318  0.64056747 0.6665532
 0.68546046 0.70141192 0.71666856 0.73068829 0.74437947 0.7576549
 0.77829991 0.81928172 0.83556757 0.85779101 0.91218786]",1999.0,1983.0,29
2,hazing,Maryland,"[1973 1974 1975 1976 1977 1978 1979 1980 1981 1982 1983 1984 1985 1986
 1987 1988 1989 1990 1991 1992 1993 1994 1995 1996]","[0.03746036 0.03385072 0.03992493 0.03994155 0.05731278 0.05719089
 0.07618516 0.08527159 0.133582   0.10590708 0.09155103 0.08154731
 0.07899988 0.08635656 0.06658595 0.07375275 0.07238646 0.07780016
 0.07178827 0.06979003 0.07259672 0.08386149 0.08370244 0.16084641]","[0.03746036 0.07004302 0.10717149 0.14283245 0.19195911 0.23817169
 0.2962117  0.35622485 0.44222162 0.5012943  0.54695132 0.58389622
 0.61676837 0.64986293 0.67317714 0.69728123 0.71919397 0.74104072
 0.75963096 0.77640632 0.79263849 0.81002814 0.82592925 0.8539279 ]",1996.0,1982.0,24
2,hazing,Massachusetts,"[1971 1972 1973 1974 1975 1976 1977 1978 1979 1980 1981 1982 1983 1984
 1985]","[0.02982196 0.02864023 0.02932079 0.02664384 0.0283616  0.02782378
 0.06372124 0.04348807 0.06589642 0.08092283 0.09660096 0.08029925
 0.08846128 0.06465654 0.07717487]","[0.02982196 0.05760808 0.08523976 0.10961248 0.1348653  0.15893661
 0.21253021 0.24677575 0.29641054 0.35334699 0.41581429 0.46272397
 0.51025209 0.5419175  0.57726996]",1985.0,1983.0,15
2,hazing,Michigan,"[1971 1972 1973 1974 1975 1976 1977 1978 1979 1980 1981 1982 1983 1984
 1985 1986 1987 1988 1989 1990 1991 1992 1993 1994 1995 1996 1997 1998
 1999 2000 2001 2002 2003 2004]","[0.02398544 0.03009486 0.02559298 0.02905535 0.0313649  0.03929886
 0.0557712  0.05763508 0.06681264 0.08228515 0.07397001 0.07503039
 0.11753079 0.13750561 0.090697   0.10812188 0.07006852 0.0800176
 0.07225569 0.04690793 0.04580644 0.04534869 0.07178844 0.08008467
 0.18519035 0.23564196 0.24321566 0.2809433  0.36858128 0.42666361
 0.33202116 0.19952342 0.32860759 0.28594149]","[0.02398544 0.05335846 0.07758584 0.10438691 0.13247772 0.16657036
 0.21305173 0.25840756 0.30795531 0.36490031 0.41187864 0.45600561
 0.5199417  0.58595241 0.62350528 0.6642126  0.68774072 0.71272696
 0.73348407 0.74598578 0.75762127 0.76861283 0.78522375 0.80242404
 0.8390132  0.87694844 0.90687651 0.93303893 0.95771953 0.97575907
 0.98380757 0.98703834 0.99129764 0.993786  ]",2004.0,1983.0,34
2,hazing,Minnesota,"[1971 1972 1973 1974 1975 1976 1977 1978 1979 1980 1981 1982 1983 1984
 1985 1986 1987 1988 1989 1990 1991 1992 1993 1994 1995 1996 1997]","[0.02713822 0.016748   0.02532406 0.03417621 0.08637018 0.03414695
 0.04411525 0.04069209 0.05600135 0.07355813 0.05971873 0.08513339
 0.08051664 0.0932076  0.06634924 0.08024373 0.05984825 0.06636712
 0.08450089 0.04791254 0.0521082  0.04401297 0.04947964 0.06402571
 0.11383521 0.1535578  0.16985955]","[0.02713822 0.04343171 0.06765591 0.0995199  0.17729452 0.20538741
 0.24044194 0.27134994 0.31215533 0.3627519  0.40080755 0.45181883
 0.49595654 0.54293722 0.57326299 0.60750596 0.63099604 0.65548577
 0.68459753 0.69970926 0.71535687 0.72788486 0.74134902 0.75790933
 0.78546777 0.81841087 0.84925552]",1997.0,1984.0,27
2,hazing,Mississippi,"[1974 1975 1976 1977 1978 1979 1980 1981 1982 1983 1984 1985 1986 1987
 1988 1989 1990]","[0.07265869 0.08121693 0.05353649 0.03553575 0.02330566 0.05303877
 0.047907   0.04509907 0.06412296 0.05565091 0.06211792 0.06206838
 0.06312463 0.08362324 0.08715614 0.08484214 0.09697315]","[0.07265869 0.1479745  0.19358896 0.22224538 0.24037147 0.28066123
 0.3151226  0.34600993 0.38794571 0.42200709 0.45791081 0.49155741
 0.52365266 0.56348637 0.60153121 0.63533816 0.67070056]",1990.0,1986.0,17
2,hazing,Missouri,"[1971 1972 1973 1974 1975 1976 1977 1978 1979 1980 1981 1982 1983 1984
 1985 1986 1987 1988 1989 1990 1991 1992 1993 1994 1995]","[0.0312396  0.01972617 0.02204617 0.02505848 0.0327739  0.03981385
 0.07901456 0.04782739 0.05612902 0.05125378 0.04234653 0.06217545
 0.0644312  0.0538335  0.03923321 0.05265711 0.08147039 0.08916454
 0.08610627 0.07206975 0.07603026 0.05345706 0.08705553 0.11685057
 0.15024356]","[0.0312396  0.05034953 0.07128569 0.09455785 0.12423273 0.15910039
 0.2255437  0.26258393 0.30397437 0.33964831 0.36761192 0.40693093
 0.44514308 0.47501297 0.4956099  0.52216962 0.56109865 0.60023308
 0.63465552 0.66098581 0.68676115 0.70350597 0.72931742 0.76094683
 0.79686303]",1995.0,1986.0,25
2,hazing,Montana,"[1971 1972 1973 1974 1975 1976 1977 1978 1979 1980 1981 1982 1983 1984
 1985 1986 1987 1988 1989 1990 1991 1992 1993 1994 1995 1996 1997 1998
 1999 2000 2001 2002 2003 2004]","[0.03112215 0.02001204 0.06933212 0.03656413 0.03734634 0.0402754
 0.06435412 0.0857962  0.10230053 0.05408217 0.07126915 0.04900272
 0.07289053 0.04276941 0.06209401 0.03216962 0.08252113 0.04733576
 0.08868165 0.05942057 0.08463543 0.04453524 0.0632436  0.04880197
 0.1242146  0.08028015 0.10182034 0.14856362 0.15386849 0.14021355
 0.1930726  0.16189467 0.24479718 0.1963861 ]","[0.03112215 0.05051137 0.11634143 0.14865164 0.18044638 0.21345422
 0.26407169 0.32721154 0.39603816 0.42870172 0.46941766 0.49541764
 0.53219692 0.55220458 0.58000999 0.59352091 0.62706403 0.64471723
 0.67622429 0.69546323 0.72123783 0.73365257 0.75049734 0.76267356
 0.79215297 0.80883896 0.82830304 0.85381096 0.87630485 0.89364859
 0.91418213 0.92807559 0.94568248 0.95634969]",,1983.0,34
2,hazing,Nevada,"[1971 1972 1973 1974 1975 1976 1977 1978 1979 1980 1981 1982 1983 1984
 1985 1986 1987 1988 1989 1990 1991 1992 1993 1994 1995 1996 1997 1998
 1999]","[0.03322894 0.03786715 0.04305924 0.02498417 0.0394343  0.03939721
 0.06305405 0.03576319 0.05448845 0.03594528 0.05068897 0.03512464
 0.05031196 0.04411536 0.04864615 0.03174861 0.07308453 0.05174199
 0.11581044 0.06005066 0.13103443 0.06769589 0.1887191  0.14219355
 0.30761054 0.18016043 0.15855479 0.2447661  0.29541262]","[0.03322894 0.06983781 0.10988989 0.13212855 0.16635246 0.19919584
 0.24968979 0.27652328 0.3159444  0.34053298 0.37396068 0.39595009
 0.42634102 0.45164819 0.4783234  0.4948859  0.53180193 0.55602743
 0.60744409 0.63101733 0.67936676 0.70107232 0.75748568 0.79196965
 0.85596198 0.88191193 0.90063536 0.92495646 0.94712527]",1999.0,1987.0,29
2,hazing,New Hampshire,"[1971 1972 1973 1974 1975 1976 1977 1978 1979 1980 1981 1982 1983 1984
 1985 1986 1987 1988 1989 1990 1991 1992 1993]","[0.11203535 0.0303247  0.03966508 0.01805001 0.05735335 0.02261411
 0.04111145 0.02100897 0.0702668  0.06164346 0.06341271 0.04126261
 0.06581732 0.04386192 0.05777458 0.06153767 0.09376648 0.06915337
 0.08882216 0.09913911 0.11456665 0.07612759 0.09072159]","[0.11203535 0.13896261 0.17311573 0.188041   0.23460957 0.25191819
 0.28267292 0.29774322 0.34708856 0.38733628 0.42618694 0.44986397
 0.48607245 0.50861429 0.53700389 0.5654956  0.60623755 0.63346755
 0.66602375 0.69913386 0.73360308 0.75388324 0.77621134]",1993.0,1984.0,23
2,hazing,New Jersey,[1972 1973 1974 1975 1976 1977 1978 1979 1980 1981 1982 1983 1984],"[0.0310972  0.0330078  0.02512212 0.03812217 0.03584272 0.03486056
 0.04710953 0.08928457 0.06948781 0.06948781 0.06948781 0.06948781
 0.06948781]","[0.0310972  0.06307855 0.08661601 0.12143619 0.1529263  0.18245576
 0.22096988 0.29052525 0.3398251  0.3856992  0.42838562 0.46810585
 0.505066  ]",1980.0,1984.0,13
2,hazing,New Mexico,"[1971 1972 1973 1974 1975 1976 1977 1978 1979 1980 1981 1982 1983 1984
 1985 1986 1987 1988 1989 1990 1991 1992 1993 1994 1995 1996 1997 1998
 1999 2000 2001 2002 2003 2004]","[0.06473389 0.0623765  0.03998144 0.03992033 0.06761957 0.05170483
 0.03558923 0.039481   0.08509881 0.09787377 0.08102558 0.07618848
 0.08938569 0.09418702 0.05893106 0.06471843 0.08469744 0.08529436
 0.11624212 0.14507978 0.16352351 0.11263507 0.17897717 0.16402402
 0.15600688 0.17884043 0.17189526 0.15883519 0.26229735 0.17817059
 0.33676421 0.24807222 0.30631004 0.28766128]","[0.06473389 0.12307252 0.15813334 0.19174094 0.24639507 0.28536009
 0.31079357 0.33800413 0.39433919 0.4536175  0.49788846 0.53614357
 0.5776057  0.61738976 0.63993739 0.66324007 0.69176278 0.71805367
 0.75082771 0.78697757 0.82181175 0.84188199 0.87018151 0.89147486
 0.90840553 0.92478632 0.9377152  0.94760821 0.96135044 0.96823666
 0.97893341 0.98415945 0.98901157 0.99217251]",,1982.0,34
2,hazing,New York,"[1971 1972 1973 1974 1975 1976 1977 1978 1979 1980 1981 1982 1983 1984
 1985 1986 1987 1988]","[0.03813198 0.05421242 0.03596376 0.03608652 0.05774081 0.03547756
 0.06519051 0.05476424 0.07062743 0.08606318 0.08431452 0.11701898
 0.09618369 0.10526237 0.13624302 0.14801268 0.14237206 0.16026672]","[0.03813198 0.09027717 0.12299423 0.15464232 0.20345395 0.23171346
 0.28179846 0.32113022 0.36907705 0.42337628 0.47199404 0.53378075
 0.57862344 0.62297854 0.67434508 0.72254614 0.76204781 0.80018363]",1988.0,1982.0,18
2,hazing,North Dakota,"[1971 1972 1973 1974 1975 1976 1977 1978 1979 1980 1981 1982 1983 1984
 1985 1986 1987 1988 1989 1990 1991 1992 1993 1994 1995]","[0.0502056  0.02703071 0.14376056 0.0379724  0.05212941 0.02312029
 0.07129041 0.03050044 0.08486105 0.05138964 0.07530577 0.06427794
 0.17872324 0.09249515 0.10726439 0.09763518 0.09502261 0.06684113
 0.09523434 0.05039703 0.08029153 0.04981737 0.08315615 0.06264353
 0.09727525]","[0.0502056  0.07587922 0.20873134 0.23877771 0.27845978 0.295142
 0.34539162 0.36535746 0.41921389 0.44906029 0.49054922 0.52329567
 0.60849381 0.64470624 0.68281661 0.71378486 0.74098177 0.75829484
 0.78131348 0.79233463 0.8090084  0.8185231  0.83361402 0.84403702
 0.85920836]",1995.0,1982.0,25
2,hazing,Ohio,"[1971 1972 1973 1974 1975 1976 1977 1978 1979 1980 1981 1982 1983 1984
 1985 1986 1987 1988 1989 1990 1991 1992 1993 1994 1995 1996 1997 1998
 1999]","[0.02284398 0.03071096 0.02992334 0.05330766 0.03208248 0.04486182
 0.05861152 0.04950936 0.06091068 0.06459179 0.05531937 0.07654884
 0.07824108 0.08191768 0.04851463 0.0787093  0.10731516 0.0923026
 0.09522413 0.06726416 0.06036129 0.04846683 0.08321713 0.07890127
 0.11988144 0.13587122 0.18047339 0.20592288 0.26958204]","[0.02284398 0.05285338 0.08119517 0.13017451 0.15808067 0.1958507
 0.24298312 0.28046254 0.32429006 0.36793537 0.40290079 0.44860804
 0.49174954 0.53338424 0.55602193 0.59096713 0.63486256 0.6685657
 0.70012624 0.720297   0.73718023 0.74991827 0.77072935 0.7888191
 0.81413577 0.83938937 0.86837531 0.89547985 0.9236566 ]",1999.0,1984.0,29
2,hazing,Oklahoma,"[1971 1972 1973 1974 1975 1976 1977 1978 1979 1980 1981 1982 1983 1984
 1985 1986 1987 1988 1989 1990]","[0.02282796 0.03051411 0.03571627 0.04071322 0.03040633 0.03916872
 0.03397217 0.03800995 0.04493202 0.04699251 0.0556146  0.0484265
 0.04742864 0.04828015 0.04587935 0.04672331 0.07835354 0.07849697
 0.06140527 0.11688069]","[0.02282796 0.0526455  0.08648146 0.12367374 0.15031961 0.1836005
 0.21133536 0.24131247 0.27540183 0.30945252 0.34785704 0.37943804
 0.40887044 0.43741027 0.46322152 0.48830158 0.52839496 0.56541453
 0.59210037 0.63977596]",1990.0,1987.0,20
2,hazing,Oregon,[1971 1972 1973 1974 1975 1976 1977 1978 1979 1980 1981 1982 1983],"[0.06370683 0.03825711 0.03056747 0.02804332 0.0497096  0.02776858
 0.04109635 0.06073996 0.07082768 0.07522511 0.08000808 0.07974718
 0.08202841]","[0.06370683 0.0995267  0.12705189 0.15153226 0.19370925 0.2160988
 0.24831427 0.29397163 0.34397798 0.39332731 0.44186603 0.48637564
 0.52850743]",1983.0,1983.0,13
2,hazing,Pennsylvania,"[1971 1972 1973 1974 1975 1976 1977 1978 1979 1980 1981 1982 1983 1984
 1985 1986 1987 1988 1989 1990 1991 1992 1993 1994 1995 1996 1997 1998
 1999 2000]","[0.03280892 0.04619458 0.03325611 0.03172309 0.02685467 0.02720442
 0.04165891 0.03819214 0.0551629  0.05982262 0.06030033 0.08912228
 0.08486394 0.07248508 0.06062934 0.07794673 0.05631882 0.0667658
 0.07747415 0.05823816 0.04933039 0.03951354 0.06125369 0.07001846
 0.09825064 0.20830947 0.19596166 0.33915379 0.48296833 0.38214852]","[0.03280892 0.07748791 0.10816707 0.13645877 0.15964888 0.18251014
 0.21656588 0.2464869  0.28805287 0.33064341 0.37100584 0.42706323
 0.4756849  0.51368993 0.54317458 0.57878263 0.6025051  0.62904416
 0.65778365 0.6777137  0.69361221 0.70571868 0.72374449 0.74308748
 0.7683293  0.8165885  0.85253012 0.90254509 0.94961273 0.96886815]",2000.0,1984.0,30
2,hazing,Rhode Island,"[1971 1972 1973 1974 1975 1976 1977 1978 1979 1980 1981 1982 1983 1984
 1985 1986]","[0.02714689 0.03114659 0.03813884 0.06087913 0.05304869 0.04989222
 0.05074298 0.10154603 0.19415159 0.12231719 0.10408539 0.10840338
 0.10142314 0.09477248 0.10130207 0.10648194]","[0.02714689 0.05744794 0.09339579 0.14858907 0.1937553  0.23398063
 0.27285074 0.34668986 0.47353106 0.53792726 0.58602228 0.63089886
 0.66833426 0.69976705 0.73018127 0.75891209]",1986.0,1980.0,16
2,hazing,South Carolina,"[1971 1972 1973 1974 1975 1976 1977 1978 1979 1980 1981 1982 1983 1984
 1985 1986 1987]","[0.07775222 0.10653929 0.08517842 0.08161755 0.07376192 0.08659897
 0.10760555 0.1052893  0.11009256 0.09896089 0.0696323  0.0655367
 0.08215995 0.08155075 0.06299368 0.06228582 0.14371495]","[0.07775222 0.17600784 0.24619419 0.30771797 0.35878202 0.41431083
 0.47733424 0.53236535 0.58384845 0.62503118 0.65114112 0.67400418
 0.70078798 0.72518895 0.74250031 0.75853888 0.79324046]",1987.0,1978.0,17
2,hazing,South Dakota,"[1971 1972 1973 1974 1975 1976 1977 1978 1979 1980 1981 1982 1983 1984
 1985 1986 1987 1988 1989 1990 1991 1992 1993 1994 1995 1996 1997 1998
 1999 2000 2001 2002 2003 2004]","[0.03648251 0.02750113 0.02835745 0.02699818 0.04643583 0.0400171
 0.06386939 0.04419296 0.07336134 0.05781397 0.05318718 0.07779029
 0.09605435 0.08171613 0.06402649 0.0567723  0.08340227 0.08472987
 0.08124211 0.08080088 0.07294162 0.06459362 0.07470384 0.07116168
 0.07756396 0.09819507 0.14543381 0.15532184 0.17985081 0.14160752
 0.21756121 0.24698137 0.29671402 0.26451606]","[0.03648251 0.06298034 0.08955182 0.11413226 0.15526827 0.18907198
 0.24086546 0.27441386 0.32764384 0.36651541 0.40020868 0.44686662
 0.49999749 0.54085576 0.57025315 0.59465087 0.62845791 0.65993862
 0.68756593 0.71281087 0.73375891 0.75095639 0.7695609  0.78595934
 0.80256118 0.8219487  0.84784338 0.87147662 0.89459166 0.90951827
 0.92920359 0.94668898 0.96250711 0.97242458]",,1984.0,34
2,hazing,Tennessee,"[1971 1972 1973 1974 1975 1976 1977 1978 1979 1980 1981 1982 1983 1984
 1985 1986 1987 1988 1989 1990 1991 1992 1993 1994 1995]","[0.04198737 0.05241176 0.04354654 0.05142185 0.058058   0.0691951
 0.0837686  0.05847732 0.06854789 0.06599883 0.04910392 0.04433519
 0.05766418 0.07261111 0.04888199 0.0606414  0.09804074 0.12408348
 0.1874471  0.11881104 0.14859915 0.08946971 0.13554392 0.11288649
 0.12469515]","[0.04198737 0.0921985  0.13173011 0.17637816 0.224196   0.27787783
 0.338369   0.37705941 0.41976067 0.45805579 0.48466738 0.50751475
 0.53591351 0.56961134 0.59064959 0.61547317 0.65317247 0.69620804
 0.75315296 0.78248111 0.81480423 0.83137365 0.85422992 0.8706854
 0.8868103 ]",1995.0,1982.0,25
2,hazing,Texas,"[1971 1972 1973 1974 1975 1976 1977 1978 1979 1980 1981 1982 1983 1984
 1985 1986 1987]","[0.03729788 0.02947402 0.11338922 0.04160972 0.0672392  0.03960345
 0.04955046 0.03092448 0.07573962 0.04151861 0.07997055 0.0439268
 0.0577205  0.04366369 0.04867678 0.05510642 0.07581639]","[0.03729788 0.06567258 0.17161523 0.20608409 0.25946636 0.28879404
 0.32403463 0.3449385  0.39455261 0.41968995 0.46609766 0.48955029
 0.5190137  0.54001534 0.56240591 0.58652015 0.6178687 ]",1987.0,1983.0,17
2,hazing,Utah,"[1971 1972 1973 1974 1975 1976 1977 1978 1979 1980 1981 1982 1983 1984
 1985 1986 1987 1988 1989]","[0.02626085 0.02447683 0.0259763  0.03250487 0.02850313 0.03873452
 0.03613132 0.02676768 0.07587353 0.0595823  0.06316658 0.07382746
 0.11929768 0.09743436 0.09300085 0.09631323 0.07237823 0.06803731
 0.07129319]","[0.02626085 0.0500949  0.07476992 0.1048444  0.13035913 0.16404425
 0.19424843 0.21581653 0.2753153  0.31849369 0.36154211 0.40867783
 0.47922119 0.52996295 0.57367679 0.61473735 0.64262198 0.66693702
 0.69068214]",1989.0,1984.0,19
2,hazing,Vermont,[1989 1990 1991 1992 1993 1994 1995 1996 1997 1998 1999 2000],"[0.0742544  0.06967826 0.04417973 0.04847657 0.1083793  0.08268708
 0.12186378 0.10779166 0.22769273 0.19334672 0.30402745 0.34332043]","[0.0742544  0.13875874 0.17680814 0.21671366 0.30160569 0.35935387
 0.43742543 0.49806628 0.61235293 0.68730322 0.78237163 0.85708789]",2000.0,1997.0,12
2,hazing,Washington,"[1971 1972 1973 1974 1975 1976 1977 1978 1979 1980 1981 1982 1983 1984
 1985 1986 1987 1988 1989 1990 1991 1992 1993]","[0.02972662 0.01921315 0.04395528 0.02120562 0.06421647 0.02445457
 0.03972712 0.02980963 0.06885974 0.05105864 0.04465522 0.0797326
 0.11724002 0.12073316 0.09010706 0.10580192 0.07226729 0.08199864
 0.09205893 0.06212627 0.04734359 0.05973506 0.14934647]","[0.02972662 0.04836863 0.09019785 0.10949077 0.16667613 0.1870547
 0.21935068 0.24262154 0.29477443 0.33078228 0.36066635 0.41164208
 0.48062118 0.54332742 0.58447685 0.62843999 0.65529163 0.68355725
 0.71268863 0.73053821 0.7432955  0.75862976 0.79467755]",1993.0,1984.0,23
2,hazing,West Virginia,"[1971 1972 1973 1974 1975 1976 1977 1978 1979 1980 1981 1982 1983 1984
 1985 1986 1987 1988 1989 1990 1991 1992 1993 1994 1995]","[0.05440601 0.03441316 0.03695196 0.03809554 0.06415699 0.05669408
 0.08281328 0.06955633 0.07953105 0.07772015 0.0851303  0.08035958
 0.09004624 0.09336007 0.06614197 0.12196242 0.09055041 0.09581899
 0.09649328 0.07050056 0.08684818 0.07282765 0.05859248 0.07121634
 0.05944823]","[0.05440601 0.08694689 0.12068599 0.15418393 0.20844895 0.25332521
 0.3151598  0.36279477 0.41347237 0.45905739 0.505108   0.54487732
 0.5858594  0.6245236  0.64935835 0.69212345 0.7200018  0.74683094
 0.77126006 0.78738635 0.80585146 0.81999084 0.83053802 0.84260649
 0.85196325]",1995.0,1981.0,25
2,hazing,Wisconsin,[1971 1972 1973 1974 1975 1976 1977 1978 1979 1980 1981 1982 1983 1984],"[0.05743168 0.03834686 0.04218263 0.03064558 0.03045998 0.02596189
 0.05378501 0.03936756 0.06219119 0.05537673 0.08175635 0.06969378
 0.06734658 0.06734658]","[0.05743168 0.09357622 0.13181155 0.15841769 0.18405227 0.20523582
 0.24798222 0.27758733 0.32251503 0.36003194 0.41235339 0.4533087
 0.49012649 0.52446473]",1983.0,1984.0,14
2,hazing,Wyoming,"[1971 1972 1973 1974 1975 1976 1977 1978 1979 1980 1981 1982 1983 1984
 1985 1986 1987 1988 1989 1990 1991 1992 1993 1994 1995 1996 1997 1998
 1999 2000 2001 2002 2003 2004]","[0.03830047 0.0296215  0.02927662 0.02842227 0.03404223 0.03856367
 0.04131341 0.04553404 0.07258563 0.05129568 0.05126852 0.06854245
 0.06186505 0.06223105 0.06187358 0.05897558 0.06771674 0.06082296
 0.05752513 0.08222724 0.10379701 0.08284832 0.10685353 0.11973807
 0.117418   0.09852566 0.1479149  0.12633947 0.1964932  0.18386338
 0.21787952 0.3154256  0.26276568 0.27028363]","[0.03830047 0.06678746 0.09410876 0.11985625 0.14981831 0.18260444
 0.21637384 0.2520555  0.30634552 0.341927   0.37566543 0.41845885
 0.45443592 0.48838695 0.52004228 0.54834806 0.57893246 0.60454303
 0.62729174 0.65793851 0.69344347 0.71884116 0.74888398 0.77895213
 0.80490713 0.82412878 0.85014275 0.86907564 0.89480139 0.91414356
 0.93284992 0.95403077 0.96610991 0.97526985]",,1985.0,34
2,idtheft,Alabama,[1996 1997 1998 1999 2000 2001],[0.02464612 0.05583015 0.16149625 0.33859182 0.25575493 0.28404072],[0.02464612 0.07910028 0.22782213 0.48927524 0.61989562 0.72786074],2001.0,2000.0,6
2,idtheft,Arizona,[1996],[0.65307523],[0.65307523],1996.0,1996.0,1
2,idtheft,Arkansas,[1996 1997 1998 1999],[0.03119636 0.06876451 0.07086385 0.41705049],[0.03119636 0.09781567 0.16174792 0.51134136],1999.0,1999.0,4
2,idtheft,California,[1996 1997 1998],[0.23171314 0.25488149 0.25488149],[0.23171314 0.42753524 0.57344592],1997.0,1998.0,3
2,idtheft,Colorado,[1996 1997 1998 1999 2000 2001 2002 2003 2004 2005 2006],"[0.0433862  0.13298594 0.21565648 0.34442752 0.33399625 0.28350032
 0.28132184 0.27549964 0.29377579 0.28280055 0.2799124 ]","[0.0433862  0.17060239 0.34946735 0.5735287  0.71596852 0.79649153
 0.85374291 0.89403668 0.92516614 0.9463292  0.96135232]",2006.0,1999.0,11
2,idtheft,Connecticut,[1996 1997 1998 1999 2000 2001],[0.02088347 0.03752816 0.16125297 0.18253072 0.18253072 0.18253072],[0.02088347 0.05762791 0.2095882  0.35386264 0.47180255 0.56821481],1999.0,2001.0,6
2,idtheft,Delaware,[1996 1997 1998 1999 2000],[0.03160952 0.07636495 0.09697324 0.20854031 0.28383806],[0.03160952 0.10556062 0.1922973  0.36073587 0.54218336],2000.0,2000.0,5
2,idtheft,Florida,[1996 1997 1998 1999],[0.05833618 0.27810705 0.32369781 0.31863505],[0.05833618 0.32021952 0.54026297 0.6867513 ],1999.0,1998.0,4
2,idtheft,Georgia,[1996 1997 1998 1999 2000 2001 2002 2003],"[0.05251237 0.09397928 0.10244861 0.10244861 0.10244861 0.10244861
 0.10244861 0.10244861]","[0.05251237 0.14155658 0.22950291 0.30843927 0.3792887  0.44287971
 0.4999559  0.55118473]",1998.0,2003.0,8
2,idtheft,Idaho,[1996 1997 1998 1999 2000],[0.08053237 0.13458569 0.09882896 0.18142515 0.18142515],[0.08053237 0.20427956 0.28291978 0.41301617 0.5195098 ],1999.0,2000.0,5
2,idtheft,Illinois,[1996 1997 1998 1999],[0.04879321 0.16175953 0.20808982 0.30689978],[0.04879321 0.20265997 0.36857831 0.56236149],1999.0,1999.0,4
2,idtheft,Indiana,[1996 1997 1998 1999 2000 2001],[0.04090539 0.08309808 0.08464236 0.2627089  0.40090246 0.35037687],[0.04090539 0.12060431 0.19503844 0.40650901 0.64444101 0.76902065],2001.0,2000.0,6
2,idtheft,Iowa,[1996 1997 1998 1999 2000],[0.02547399 0.08739181 0.0965895  0.34115736 0.34115736],[0.02547399 0.11063958 0.19654246 0.47064791 0.65124027],1999.0,2000.0,5
2,idtheft,Kansas,[1996 1997 1998 1999 2000 2001 2002 2003 2004],"[0.05398487 0.06664136 0.08280203 0.08280203 0.08280203 0.08280203
 0.08280203 0.08280203 0.08280203]","[0.05398487 0.11702861 0.19014043 0.25719844 0.31870392 0.37511662
 0.42685823 0.47431553 0.51784327]",1998.0,2004.0,9
2,idtheft,Kentucky,[1996 1997 1998 1999 2000 2001],[0.060757   0.04219286 0.09933985 0.18220908 0.23477769 0.23477769],[0.060757   0.10038634 0.18975383 0.33738804 0.49295454 0.6119975 ],2000.0,2001.0,6
2,idtheft,Louisiana,[1996 1997 1998 1999 2000],[0.09880423 0.06079698 0.11832734 0.29412874 0.29412874],[0.09880423 0.15359421 0.25374715 0.47324156 0.62817636],1999.0,2000.0,5
2,idtheft,Maine,[1996 1997 1998 1999 2000 2001 2002 2003 2004 2005 2006],"[0.01863475 0.06489716 0.05939152 0.38835076 0.42430702 0.26576383
 0.21076439 0.21420428 0.20833181 0.2095707  0.2325329 ]","[0.01863475 0.08232256 0.13682482 0.47203955 0.69605688 0.77683397
 0.82386942 0.86159734 0.89043102 0.91339347 0.93353234]",2006.0,2000.0,11
2,idtheft,Maryland,[1996 1997 1998 1999 2000 2001 2002 2003 2004 2005],"[0.02990711 0.0501651  0.099687   0.0748982  0.0748982  0.0748982
 0.0748982  0.0748982  0.0748982  0.0748982 ]","[0.02990711 0.07857192 0.17042632 0.23255989 0.29003977 0.34321451
 0.39240656 0.43791421 0.48001342 0.51895948]",1999.0,2005.0,10
2,idtheft,Massachusetts,"[1996 1997 1998 1999 2000 2001 2002 2003 2004 2005 2006 2007 2008 2009
 2010 2011 2012 2013 2014]","[0.02400878 0.03547518 0.03722634 0.03722634 0.03722634 0.03722634
 0.03722634 0.03722634 0.03722634 0.03722634 0.03722634 0.03722634
 0.03722634 0.03722634 0.03722634 0.03722634 0.03722634 0.03722634
 0.03722634]","[0.02400878 0.05863224 0.09367592 0.12741505 0.15989819 0.19117211
 0.22128181 0.25027064 0.27818032 0.30505103 0.33092143 0.35582878
 0.37980892 0.40289636 0.42512434 0.44652486 0.46712871 0.48696556
 0.50606396]",1998.0,2014.0,19
2,idtheft,Michigan,[1996 1997 1998 1999 2000],[0.0340788  0.12314495 0.14574706 0.45583158 0.3907584 ],[0.0340788  0.15302712 0.27647093 0.60627833 0.76012838],2000.0,1999.0,5
2,idtheft,Minnesota,[1996 1997 1998 1999],[0.01533544 0.09556393 0.13183223 0.44022902],[0.01533544 0.10943386 0.22683918 0.56720701],1999.0,1999.0,4
2,idtheft,Mississippi,"[1996 1997 1998 1999 2000 2001 2002 2003 2004 2005 2006 2007 2008 2009
 2010 2011 2012 2013 2014 2015 2016 2017]","[0.02856294 0.03019845 0.02997526 0.02997526 0.02997526 0.02997526
 0.02997526 0.02997526 0.02997526 0.02997526 0.02997526 0.02997526
 0.02997526 0.02997526 0.02997526 0.02997526 0.02997526 0.02997526
 0.02997526 0.02997526 0.02997526 0.02997526]","[0.02856294 0.05789884 0.08613857 0.1135318  0.14010392 0.16587953
 0.19088251 0.21513602 0.23866253 0.26148382 0.28362103 0.30509468
 0.32592465 0.34613024 0.36573016 0.38474256 0.40318506 0.42107475
 0.43842819 0.45526145 0.47159013 0.48742935]",1998.0,,22
2,idtheft,Missouri,[1996 1997 1998 1999],[0.03772567 0.08507059 0.12534117 0.36053465],[0.03772567 0.11958691 0.22993891 0.50757262],1999.0,1999.0,4
2,idtheft,Montana,[1996 1997 1998 1999 2000 2001],[0.08609223 0.06165979 0.09882804 0.3371183  0.29809905 0.32744747],[0.08609223 0.14244359 0.22719421 0.48772119 0.64043102 0.75817097],2001.0,2000.0,6
2,idtheft,Nevada,[1996 1997 1998 1999],[0.05760392 0.24262234 0.22321779 0.32420928],[0.05760392 0.28625027 0.4455719  0.62532264],1999.0,1999.0,4
2,idtheft,New Hampshire,[1996 1997 1998 1999 2000 2001 2002],"[0.02086651 0.04732661 0.14350043 0.14113592 0.14113592 0.14113592
 0.14113592]","[0.02086651 0.06720558 0.20106198 0.31382084 0.41066537 0.49384165
 0.56527878]",1999.0,2002.0,7
2,idtheft,New Jersey,[1996 1997 1998 1999 2000 2001 2002 2003 2004 2005 2006 2007],"[0.02939624 0.05373856 0.1141628  0.05714788 0.05714788 0.05714788
 0.05714788 0.05714788 0.05714788 0.05714788 0.05714788 0.05714788]","[0.02939624 0.08155509 0.18640733 0.23290242 0.27674042 0.31807317
 0.35704384 0.39378742 0.42843118 0.46109512 0.49189239 0.52092966]",1999.0,2007.0,12
2,idtheft,New Mexico,[1996 1997 1998 1999 2000 2001],[0.05618767 0.13539539 0.19223944 0.32790176 0.31206722 0.19902305],[0.05618767 0.1839755  0.34084759 0.55698482 0.69523534 0.75589053],2001.0,1999.0,6
2,idtheft,New York,[1996 1997 1998 1999 2000 2001 2002],"[0.02554424 0.04808233 0.07683335 0.17229815 0.32714984 0.26856397
 0.27924103]","[0.02554424 0.07239834 0.14366908 0.29121332 0.52309277 0.65117287
 0.74857972]",2002.0,2000.0,7
2,idtheft,North Carolina,[1996 1997 1998 1999 2000],[0.03269917 0.09069026 0.14198773 0.23335527 0.23335527],[0.03269917 0.12042394 0.24531294 0.42142315 0.5564371 ],1999.0,2000.0,5
2,idtheft,North Dakota,[1996 1997 1998 1999 2000 2001 2002],"[0.01629677 0.05732565 0.05695543 0.14926068 0.14926068 0.14926068
 0.14926068]","[0.01629677 0.0726882  0.12550364 0.25603156 0.3670768  0.46154735
 0.54191716]",1999.0,2002.0,7
2,idtheft,Ohio,[1996 1997 1998 1999 2000 2001],[0.06059335 0.10748576 0.15365028 0.1269484  0.1269484  0.1269484 ],[0.06059335 0.16156618 0.29039178 0.3804754  0.45912306 0.52778652],1999.0,2001.0,6
2,idtheft,Oklahoma,[1996 1997 1998 1999 2000 2001 2002],"[0.02398417 0.04866967 0.075491   0.1292748  0.1292748  0.1292748
 0.1292748 ]","[0.02398417 0.07148653 0.14158095 0.2525529  0.34917898 0.43331374
 0.50657199]",1999.0,2002.0,7
2,idtheft,Oregon,[1996 1997 1998 1999],[0.02537814 0.12955121 0.16011267 0.35539163],[0.02537814 0.15164157 0.28747451 0.5407001 ],1999.0,1999.0,4
2,idtheft,Pennsylvania,[1996 1997 1998 1999 2000],[0.03378873 0.06728515 0.12354098 0.36511542 0.3718456 ],[0.03378873 0.0988004  0.21013548 0.4985272  0.68499765],2000.0,2000.0,5
2,idtheft,Rhode Island,[1996 1997 1998 1999 2000],[0.01438632 0.03524142 0.16122945 0.26078601 0.25492309],[0.01438632 0.04912074 0.20243048 0.41042545 0.56072162],2000.0,2000.0,5
2,idtheft,South Carolina,[1996 1997 1998 1999 2000],[0.07069131 0.14929721 0.2600662  0.3950125  0.36752255],[0.07069131 0.20943451 0.41503387 0.6461028  0.776168  ],2000.0,1999.0,5
2,idtheft,South Dakota,[1996 1997 1998 1999 2000],[0.0249925  0.07547205 0.0820777  0.30556191 0.29709987],[0.0249925  0.09857831 0.17256493 0.42539757 0.59611188],2000.0,2000.0,5
2,idtheft,Tennessee,[1996 1997 1998 1999 2000],[0.03007932 0.06739996 0.10512626 0.28611839 0.28611839],[0.03007932 0.09545194 0.19054369 0.42214403 0.58747925],1999.0,2000.0,5
2,idtheft,Texas,[1996 1997 1998 1999],[0.06455712 0.18474269 0.11065021 0.36999878],[0.06455712 0.23737335 0.32175815 0.5727068 ],1999.0,1999.0,4
2,idtheft,Utah,[1996 1997 1998 1999 2000],[0.04773818 0.11281409 0.10427129 0.32514052 0.24850603],[0.04773818 0.15516674 0.24325859 0.48930588 0.61621645],2000.0,2000.0,5
2,idtheft,Vermont,[1996 1997 1998 1999 2000],[0.04091885 0.0678532  0.16599891 0.23199908 0.19364979],[0.04091885 0.10599558 0.25439934 0.42737801 0.53826613],2000.0,2000.0,5
2,idtheft,Virginia,[1996 1997 1998 1999 2000 2001 2002 2003],"[0.06341364 0.07532476 0.11940099 0.30995326 0.32069996 0.32639966
 0.34930882 0.34286054]","[0.06341364 0.13396178 0.2373676  0.473748   0.64251699 0.75919933
 0.84331313 0.89703487]",2003.0,2000.0,8
2,idtheft,Washington,[1996 1997 1998 1999],[0.04653734 0.0911213  0.15609572 0.37943845],[0.04653734 0.1334181  0.26868782 0.54617578],1999.0,1999.0,4
2,idtheft,West Virginia,[1996 1997 1998 1999 2000 2001 2002 2003 2004 2005 2006 2007 2008 2009],"[0.01314848 0.03234275 0.054936   0.054936   0.054936   0.054936
 0.054936   0.054936   0.054936   0.054936   0.054936   0.054936
 0.054936   0.054936  ]","[0.01314848 0.04506598 0.09752623 0.14710453 0.19395919 0.23823985
 0.2800879  0.31963699 0.35701342 0.39233653 0.42571913 0.45726782
 0.48708335 0.51526094]",1998.0,2009.0,14
2,idtheft,Wisconsin,[1996 1997 1998 1999 2000 2001 2002 2003 2004],"[0.02806793 0.08628607 0.08628607 0.08628607 0.08628607 0.08628607
 0.08628607 0.08628607 0.08628607]","[0.02806793 0.11193213 0.18856002 0.25857599 0.32255055 0.381005
 0.43441565 0.4832177  0.52780882]",1997.0,2004.0,9
2,idtheft,Wyoming,[1996 1997 1998 1999 2000 2001 2002 2003 2004 2005],"[0.02526465 0.05618423 0.07710654 0.07787866 0.07787866 0.07787866
 0.07787866 0.07787866 0.07787866 0.07787866]","[0.02526465 0.08002941 0.15096516 0.21708685 0.27805908 0.33428286
 0.38612802 0.43393555 0.47801989 0.518671  ]",1999.0,2005.0,10
2,meganslaw,Alabama,[1990 1991 1992 1993 1994 1995 1996],"[0.01402746 0.03217323 0.06714524 0.05117982 0.13954709 0.26468079
 0.1760971 ]","[0.01402746 0.04574938 0.10982277 0.15538188 0.27324589 0.46560374
 0.55970937]",1996.0,1996.0,7
2,meganslaw,Arizona,[1990 1991 1992 1993 1994 1995 1996],"[0.0279637  0.04372485 0.12074216 0.10721196 0.0967908  0.13236205
 0.13473105]","[0.0279637  0.07046585 0.1826998  0.27032416 0.34095007 0.42818327
 0.50522473]",1996.0,1996.0,7
2,meganslaw,Arkansas,[1990 1991 1992 1993 1994 1995 1996 1997],"[0.01149016 0.03545383 0.05645638 0.08696866 0.0732846  0.32183928
 0.15386594 0.22833032]","[0.01149016 0.04653663 0.10036572 0.1786057  0.23880126 0.48378491
 0.56321284 0.66294459]",1997.0,1996.0,8
2,meganslaw,California,[1990 1991 1992 1993 1994 1995 1996 1997],"[0.23296553 0.27386747 0.24964582 0.2672264  0.30449089 0.31042559
 0.38898326 0.35934328]","[0.23296553 0.44303132 0.58207622 0.69375649 0.78700485 0.853124
 0.9102563  0.9425051 ]",1997.0,1992.0,8
2,meganslaw,Colorado,[1990 1991 1992 1993 1994 1995 1996 1997 1998],"[0.03213061 0.05957718 0.08438788 0.08265507 0.09202413 0.09202413
 0.09202413 0.09202413 0.09202413]","[0.03213061 0.08979354 0.16660394 0.23548835 0.30584187 0.36972117
 0.42772203 0.48038541 0.52820249]",1994.0,1998.0,9
2,meganslaw,Connecticut,[1990 1991 1992 1993 1994 1995 1996 1997],"[0.04592302 0.07255196 0.0808358  0.07293408 0.10393368 0.10393368
 0.10393368 0.10393368]","[0.04592302 0.11514317 0.18667128 0.24599067 0.32435763 0.39457963
 0.45750319 0.51388688]",1994.0,1997.0,8
2,meganslaw,Delaware,[1990 1991 1992 1993 1994 1995 1996],"[0.03615406 0.06840539 0.10308818 0.09969944 0.12939737 0.12939737
 0.12939737]","[0.03615406 0.10208631 0.1946506  0.27494349 0.3687639  0.45044419
 0.52155527]",1994.0,1996.0,7
2,meganslaw,Florida,[1990 1991 1992 1993 1994 1995],[0.04458365 0.10140399 0.20894443 0.17457313 0.21473719 0.15524221],[0.04458365 0.14146669 0.32085244 0.43941336 0.55979216 0.628131  ],1995.0,1994.0,6
2,meganslaw,Georgia,[1990 1991 1992 1993 1994 1995],[0.01687706 0.05010325 0.08378728 0.07532053 0.24367363 0.24367363],[0.01687706 0.06613471 0.14438075 0.20882644 0.40161458 0.54742533],1994.0,1995.0,6
2,meganslaw,Idaho,[1990 1991 1992 1993 1994],[0.02883171 0.10613191 0.17038704 0.24330759 0.24330759],[0.02883171 0.13190365 0.27981602 0.45504225 0.58763461],1993.0,1994.0,5
2,meganslaw,Illinois,[1990 1991 1992 1993 1994 1995 1996],"[0.03981139 0.08992902 0.13409565 0.10546243 0.14709147 0.14614936
 0.19575167]","[0.03981139 0.12616021 0.24333833 0.32313771 0.42269837 0.50707064
 0.60356238]",1996.0,1995.0,7
2,meganslaw,Indiana,[1990 1991 1992 1993 1994 1995 1996 1997 1998 1999],"[0.02201394 0.04304777 0.06686236 0.07179806 0.08829128 0.08829128
 0.08829128 0.08829128 0.08829128 0.08829128]","[0.02201394 0.06411406 0.1266896  0.18939159 0.26096125 0.32621193
 0.38570154 0.43993874 0.48938727 0.53446992]",1994.0,1999.0,10
2,meganslaw,Iowa,[1990 1991 1992 1993 1994 1995 1996 1997 1998 1999 2000 2001],"[0.03241345 0.04152093 0.05447841 0.05530358 0.07227404 0.06318758
 0.06318758 0.06318758 0.06318758 0.06318758 0.06318758 0.06318758]","[0.03241345 0.07258854 0.12311245 0.17160747 0.23147874 0.28003974
 0.32553229 0.36815027 0.40807532 0.44547761 0.48051654 0.51334144]",1995.0,2001.0,12
2,meganslaw,Kansas,[1990 1991 1992 1993 1994 1995 1996 1997],"[0.01713686 0.03371981 0.09430149 0.07949405 0.11002918 0.11002918
 0.11002918 0.11002918]","[0.01713686 0.05027882 0.13983894 0.20821663 0.2953359  0.37286951
 0.44187216 0.50328251]",1994.0,1997.0,8
2,meganslaw,Kentucky,[1990 1991 1992 1993 1994 1995 1996 1997 1998 1999],"[0.01414166 0.02158538 0.07375287 0.05496886 0.15963721 0.06811488
 0.20058897 0.10004557 0.21466848 0.17166319]","[0.01414166 0.03542178 0.10656219 0.15567345 0.29045938 0.33878966
 0.47142116 0.52430313 0.62642026 0.69055015]",1999.0,1997.0,10
2,meganslaw,Louisiana,[1990 1991 1992 1993 1994 1995 1996],"[0.0210289  0.03745621 0.13911646 0.13911646 0.13911646 0.13911646
 0.13911646]","[0.0210289  0.05769744 0.18878724 0.30164029 0.39879363 0.48243133
 0.55443365]",1992.0,1996.0,7
2,meganslaw,Maine,[1990 1991 1992 1993 1994 1995 1996 1997],"[0.03128118 0.03955664 0.04451696 0.04185557 0.04026332 0.04757189
 0.3014765  0.3014765 ]","[0.03128118 0.06960044 0.111019   0.1482278  0.18252298 0.22141191
 0.45613792 0.62009955]",1996.0,1997.0,8
2,meganslaw,Maryland,[1990 1991 1992 1993 1994 1995],[0.03170025 0.07955302 0.0920571  0.09243661 0.23069069 0.11925936],[0.03170025 0.10873142 0.19077902 0.26558067 0.43500437 0.50238539],1995.0,1995.0,6
2,meganslaw,Massachusetts,[1990 1991 1992 1993 1994 1995 1996 1997 1998],"[0.02823762 0.03881635 0.10480491 0.06998162 0.0626755  0.03245149
 0.1399924  0.1399924  0.1399924 ]","[0.02823762 0.06595789 0.16385009 0.22236521 0.27110386 0.29475763
 0.3934862  0.47839353 0.55141447]",1996.0,1998.0,9
2,meganslaw,Michigan,[1990 1991 1992 1993 1994 1995 1996],"[0.02905423 0.05342848 0.07139702 0.11814191 0.14255179 0.14255179
 0.14255179]","[0.02905423 0.08093039 0.14654922 0.24737752 0.35466521 0.44665884
 0.52553861]",1994.0,1996.0,7
2,meganslaw,Minnesota,[1990 1991 1992 1993 1994 1995 1996],"[0.02996712 0.06765015 0.07075288 0.08397253 0.18561429 0.23366552
 0.28145793]","[0.02996712 0.09558998 0.15957959 0.23015182 0.37304665 0.51954403
 0.65477217]",1996.0,1995.0,7
2,meganslaw,Mississippi,[1990 1991 1992 1993 1994 1995 1996 1997 1998 1999],"[0.01202753 0.01741643 0.07918267 0.08308053 0.13423646 0.0772726
 0.0772726  0.0772726  0.0772726  0.0772726 ]","[0.01202753 0.02923449 0.10610229 0.18036779 0.29039231 0.34522554
 0.39582167 0.4425081  0.48558694 0.52533698]",1995.0,1999.0,10
2,meganslaw,Missouri,[1990 1991 1992 1993 1994 1995 1996 1997],"[0.0269677  0.03974249 0.04817223 0.06850177 0.07877766 0.12040395
 0.18119213 0.17299591]","[0.0269677  0.06563843 0.1106487  0.17157084 0.23683255 0.32872093
 0.45035142 0.54543837]",1997.0,1997.0,8
2,meganslaw,Montana,[1990 1991 1992 1993 1994 1995 1996 1997],"[0.01671443 0.09377119 0.09377119 0.09377119 0.09377119 0.09377119
 0.09377119 0.09377119]","[0.01671443 0.10891829 0.19247608 0.26819856 0.33682045 0.39900758
 0.45536336 0.50643458]",1991.0,1997.0,8
2,meganslaw,Nevada,[1990 1991 1992 1993 1994 1995],[0.0176557  0.06198293 0.11327289 0.29143387 0.21405875 0.21806132],[0.0176557  0.07854428 0.18292023 0.42104495 0.54497534 0.64419862],1995.0,1994.0,6
2,meganslaw,New Hampshire,[1990 1991 1992 1993 1994 1995 1996 1997],"[0.02454236 0.04525897 0.06265188 0.06410112 0.05026774 0.06043981
 0.30239448 0.30239448]","[0.02454236 0.06869056 0.12703885 0.18299664 0.22406555 0.27096288
 0.49141968 0.64521156]",1996.0,1997.0,8
2,meganslaw,New Jersey,[1990 1991 1992 1993 1994 1995],[0.05491844 0.07609643 0.10524927 0.11296495 0.23118126 0.23118126],[0.05491844 0.12683577 0.21873567 0.30699115 0.46720181 0.59037476],1994.0,1995.0,6
2,meganslaw,New Mexico,[1990 1991 1992 1993 1994 1995 1996 1997 1998 1999],"[0.02151447 0.0610031  0.12530437 0.15106732 0.19217781 0.18880189
 0.23750223 0.20945858 0.19607945 0.19117171]","[0.02151447 0.08120512 0.19633414 0.31774179 0.44885668 0.55291358
 0.6590976  0.73050253 0.78334545 0.82476367]",1999.0,1995.0,10
2,meganslaw,New York,[1990 1991 1992 1993 1994 1995 1996],"[0.04583593 0.05365134 0.12774343 0.12108659 0.21903291 0.12833426
 0.18701973]","[0.04583593 0.09702811 0.21237683 0.30774743 0.45937353 0.52875442
 0.61688665]",1996.0,1995.0,7
2,meganslaw,North Carolina,[1990 1991 1992 1993 1994 1995],[0.01802649 0.04691413 0.07509041 0.11686603 0.44997382 0.30267465],[0.01802649 0.06409493 0.13437242 0.23553488 0.57952417 0.70679155],1995.0,1994.0,6
2,meganslaw,North Dakota,[1990 1991 1992 1993 1994 1995 1996 1997],"[0.04808487 0.09832776 0.09832776 0.09832776 0.09832776 0.09832776
 0.09832776 0.09832776]","[0.04808487 0.14168455 0.22608079 0.30217853 0.37079376 0.4326622
 0.48844725 0.53874709]",1991.0,1997.0,8
2,meganslaw,Ohio,[1990 1991 1992 1993 1994 1995 1996 1997],"[0.02708144 0.0476889  0.07708443 0.08616137 0.16734387 0.20208074
 0.22577435 0.17901949]","[0.02708144 0.07347886 0.14489921 0.21857587 0.34934241 0.48082778
 0.59804355 0.67000159]",1997.0,1996.0,8
2,meganslaw,Oklahoma,[1990 1991 1992 1993 1994 1995 1996 1997 1998 1999 2000 2001],"[0.01911041 0.03596791 0.08354066 0.06016409 0.06197938 0.06522598
 0.06522598 0.06522598 0.06522598 0.06522598 0.06522598 0.06522598]","[0.01911041 0.05439096 0.13338776 0.1855267  0.23600726 0.28583943
 0.33242126 0.37596473 0.41666805 0.45471644 0.4902831  0.52352988]",1995.0,2001.0,12
2,meganslaw,Oregon,[1990 1991 1992 1993 1994 1995],[0.06766115 0.08029813 0.07378771 0.16724591 0.16724591 0.16724591],[0.06766115 0.14252621 0.20579724 0.33862441 0.44923677 0.54134967],1993.0,1995.0,6
2,meganslaw,Pennsylvania,[1990 1991 1992 1993 1994 1995 1996],"[0.04652039 0.05169672 0.06701103 0.08403676 0.14644164 0.12982808
 0.12982808]","[0.04652039 0.09581215 0.15640271 0.22729589 0.34045195 0.42607981
 0.50059077]",1995.0,1996.0,7
2,meganslaw,Rhode Island,[1990 1991 1992 1993 1994 1995 1996 1997],"[0.01942564 0.03980631 0.07649296 0.05267528 0.19279642 0.06481337
 0.17819565 0.17819565]","[0.01942564 0.05845869 0.13047997 0.17628218 0.33509202 0.37818695
 0.48899133 0.58005086]",1996.0,1997.0,8
2,meganslaw,South Carolina,[1990 1991 1992 1993 1994],[0.02192689 0.07836903 0.16335935 0.15301918 0.23936245],[0.02192689 0.09857754 0.24583332 0.36123529 0.51413158],1994.0,1994.0,5
2,meganslaw,South Dakota,[1990 1991 1992 1993 1994 1995 1996],"[0.02125899 0.10202611 0.1453563  0.12474419 0.11611964 0.11611964
 0.11611964]","[0.02125899 0.12111613 0.24886743 0.34256686 0.41890776 0.48638398
 0.54602489]",1994.0,1996.0,7
2,meganslaw,Tennessee,[1990 1991 1992 1993 1994 1995 1996 1997 1998],"[0.02075348 0.04698238 0.08301011 0.0670946  0.09386489 0.09386489
 0.09386489 0.09386489 0.09386489]","[0.02075348 0.06676082 0.1442291  0.20164671 0.27658406 0.34448742
 0.40601704 0.46177118 0.51229198]",1994.0,1998.0,9
2,meganslaw,Texas,[1990 1991 1992 1993 1994 1995 1996],"[0.01364396 0.02891571 0.09787745 0.12022533 0.05813424 0.18176249
 0.18176249]","[0.01364396 0.04216514 0.13591558 0.23980042 0.28399405 0.41413707
 0.52062497]",1995.0,1996.0,7
2,meganslaw,Utah,[1990 1991 1992 1993 1994 1995 1996 1997],"[0.0253668  0.02888735 0.06585454 0.08717291 0.08488146 0.16015779
 0.15022969 0.15022969]","[0.0253668  0.05352137 0.11585128 0.1929251  0.2614308  0.37971841
 0.47290312 0.55208872]",1996.0,1997.0,8
2,meganslaw,Vermont,[1990 1991 1992 1993 1994 1995 1996],"[0.03239452 0.06221519 0.09706862 0.11765716 0.08875697 0.13557079
 0.16998642]","[0.03239452 0.09259428 0.1806749  0.27707436 0.34123905 0.43054779
 0.52734693]",1996.0,1996.0,7
2,meganslaw,Virginia,[1990 1991 1992 1993 1994 1995 1996],"[0.01837983 0.04709347 0.12923956 0.1130884  0.12800557 0.12800557
 0.12800557]","[0.01837983 0.06460773 0.18549742 0.27760821 0.37007838 0.45071186
 0.5210238 ]",1994.0,1996.0,7
2,meganslaw,Washington,[1990],[0.65472817],[0.65472817],1990.0,1990.0,1
2,meganslaw,West Virginia,[1990 1991 1992 1993 1994 1995 1996 1997 1998 1999],"[0.02887808 0.03500718 0.06196651 0.04510253 0.06549485 0.08123533
 0.10827738 0.10827738 0.10827738 0.10827738]","[0.02887808 0.06287432 0.12094473 0.16059234 0.21556922 0.27929271
 0.35732901 0.42691574 0.4889678  0.54430103]",1996.0,1999.0,10
2,meganslaw,Wisconsin,[1990 1991 1992 1993 1994 1995 1996],"[0.02623959 0.04532667 0.0603628  0.08248074 0.10687215 0.13857575
 0.27002139]","[0.02623959 0.07037691 0.12649156 0.19853918 0.28419302 0.38338651
 0.54988534]",1996.0,1996.0,7
2,meganslaw,Wyoming,[1990 1991 1992 1993 1994 1995 1996 1997],"[0.01410653 0.05860133 0.10661083 0.14837328 0.28714818 0.23506827
 0.22817762 0.2282162 ]","[0.01410653 0.07188121 0.17082872 0.29385558 0.49662366 0.61495147
 0.70281093 0.77063429]",1997.0,1995.0,8
2,terrorfund,Alabama,[1998 1999 2000 2001 2002 2003 2004 2005],"[0.02634611 0.0606483  0.04167426 0.06760258 0.1332558  0.1332558
 0.1332558  0.1332558 ]","[0.02634611 0.08539656 0.12351198 0.18276483 0.29166616 0.38605575
 0.46786738 0.53877714]",2002.0,2005.0,8
2,terrorfund,Arizona,[1998 1999 2000 2001 2002 2003 2004],"[0.04958162 0.07326799 0.09552612 0.10362016 0.13814684 0.13814684
 0.13814684]","[0.04958162 0.11921687 0.20335466 0.28590318 0.3845534  0.46957541
 0.54285189]",2002.0,2004.0,7
2,terrorfund,Arkansas,[1998 1999 2000 2001 2002 2003 2004],"[0.02017063 0.05828229 0.04675656 0.11551113 0.21383273 0.17388427
 0.17388427]","[0.02017063 0.07727734 0.12042068 0.22202188 0.38837907 0.49473033
 0.58258878]",2003.0,2004.0,7
2,terrorfund,California,[1998 1999 2000 2001 2002 2003],[0.24563776 0.22671524 0.25972088 0.24524759 0.2575447  0.29897342],[0.24563776 0.41666317 0.56816793 0.6740737  0.75801429 0.83036159],,2000.0,6
2,terrorfund,Colorado,[1998 1999 2000 2001 2002 2003 2004],"[0.04815905 0.06282781 0.08778579 0.10490814 0.16011493 0.16011493
 0.16011493]","[0.04815905 0.10796113 0.18626947 0.27163642 0.3882583  0.48620728
 0.56847316]",2002.0,2004.0,7
2,terrorfund,Connecticut,[1998 1999 2000 2001 2002 2003],[0.02379012 0.04512862 0.08668654 0.25692209 0.30963646 0.18718754],[0.02379012 0.06784513 0.14865041 0.36738092 0.56326286 0.64501461],,2002.0,6
2,terrorfund,Delaware,[1998 1999 2000 2001 2002 2003],[0.09226619 0.14259261 0.15479993 0.17083752 0.24383299 0.15413071],[0.09226619 0.22170232 0.34218274 0.45456261 0.58755824 0.65112818],,2002.0,6
2,terrorfund,Florida,[1998 1999 2000 2001],[0.09166458 0.18435769 0.24977602 0.22031855],[0.09166458 0.25912319 0.44417646 0.56663469],2001.0,2001.0,4
2,terrorfund,Georgia,[1998 1999 2000 2001 2002 2003],[0.04550353 0.10517457 0.10373865 0.14730988 0.42883128 0.34024085],[0.04550353 0.14589229 0.23449627 0.34726253 0.62717677 0.75402647],,2002.0,6
2,terrorfund,Idaho,[1998 1999 2000 2001 2002 2003],[0.05099718 0.06025534 0.09543173 0.11914723 0.16994695 0.16994695],[0.05099718 0.10817967 0.19328763 0.28940517 0.41016859 0.51040864],2002.0,2003.0,6
2,terrorfund,Illinois,[1998 1999 2000 2001 2002],[0.13947342 0.18632158 0.18011461 0.19053473 0.4515614 ],[0.13947342 0.29980809 0.42592289 0.53530451 0.74514306],2002.0,2001.0,5
2,terrorfund,Indiana,"[1998 1999 2000 2001 2002 2003 2004 2005 2006 2007 2008 2009 2010 2011
 2012 2013 2014 2015 2016 2017]","[0.02703433 0.02703433 0.02703433 0.02703433 0.02703433 0.02703433
 0.02703433 0.02703433 0.02703433 0.02703433 0.02703433 0.02703433
 0.02703433 0.02703433 0.02703433 0.02703433 0.02703433 0.02703433
 0.02703433 0.02703433]","[0.02703433 0.0533378  0.07893017 0.10383068 0.12805801 0.15163038
 0.17456548 0.19688054 0.21859234 0.23971717 0.2602709  0.28026898
 0.29972643 0.31865785 0.33707748 0.35499914 0.3724363  0.38940207
 0.40590917 0.42197002]",1998.0,,20
2,terrorfund,Iowa,[1998 1999 2000 2001 2002 2003],[0.02816309 0.06538339 0.1079608  0.1278657  0.25213746 0.25213746],[0.02816309 0.09170508 0.18976533 0.29336655 0.47153531 0.60478106],2002.0,2003.0,6
2,terrorfund,Kansas,[1998 1999 2000 2001 2002 2003 2004],"[0.02626792 0.05890115 0.06880036 0.07081227 0.25057091 0.13924683
 0.13924683]","[0.02626792 0.08362186 0.14666901 0.20709531 0.40577417 0.48851823
 0.55974044]",,2004.0,7
2,terrorfund,Kentucky,[1998 1999 2000 2001 2002 2003],[0.0400595  0.04348257 0.10686325 0.12859437 0.22273899 0.35016543],[0.0400595  0.08180018 0.179922   0.28537942 0.44455329 0.63905152],,2003.0,6
2,terrorfund,Louisiana,[1998 1999 2000 2001 2002 2003 2004 2005 2006 2007 2008 2009],"[0.02812627 0.05229374 0.04776524 0.05887399 0.06433484 0.06433484
 0.06433484 0.06433484 0.06433484 0.06433484 0.06433484 0.06433484]","[0.02812627 0.07894918 0.12294339 0.17457922 0.22768253 0.27736945
 0.32385977 0.36735914 0.40805998 0.44614235 0.48177469 0.51511463]",2002.0,2009.0,12
2,terrorfund,Maine,[1998 1999 2000 2001 2002 2003 2004 2005 2006],"[0.02373426 0.06088083 0.09993239 0.14930176 0.10952311 0.06593557
 0.06593557 0.06593557 0.06593557]","[0.02373426 0.08317013 0.17479114 0.29799627 0.3748819  0.41609941
 0.45459923 0.49056054 0.52415072]",,2006.0,9
2,terrorfund,Maryland,[1998 1999 2000 2001 2002 2003],[0.07016834 0.09073863 0.12471379 0.21666376 0.40034165 0.23024556],[0.07016834 0.15453999 0.25998051 0.42031592 0.6523876  0.73242381],,2002.0,6
2,terrorfund,Massachusetts,[1998 1999 2000 2001 2002 2003 2004],"[0.02324904 0.02989549 0.04860269 0.13586496 0.20115535 0.15814493
 0.15814493]","[0.02324904 0.05244949 0.09850299 0.22098485 0.37768791 0.47610341
 0.558955  ]",,2004.0,7
2,terrorfund,Michigan,[1998 1999 2000 2001 2002],[0.06463465 0.10198015 0.13213291 0.1657223  0.50730775],[0.06463465 0.16002336 0.27101191 0.39182149 0.70035517],2002.0,2002.0,5
2,terrorfund,Minnesota,[1998 1999 2000 2001 2002 2003 2004],"[0.03209372 0.06662879 0.08560069 0.12322499 0.21129055 0.11193364
 0.11193364]","[0.03209372 0.09658415 0.17391717 0.27571121 0.42874659 0.49268906
 0.54947423]",,2004.0,7
2,terrorfund,Mississippi,[1998 1999 2000 2001 2002 2003],[0.01477683 0.04876576 0.04663233 0.06152118 0.39317536 0.39714519],[0.01477683 0.06282199 0.10652478 0.16149243 0.49117295 0.69325117],,2003.0,6
2,terrorfund,Missouri,[1998 1999 2000 2001 2002 2003],[0.05104959 0.09061639 0.11905443 0.12768676 0.1958935  0.1958935 ],[0.05104959 0.13704005 0.23977926 0.33684938 0.46675628 0.57121526],2002.0,2003.0,6
2,terrorfund,Montana,[1998 1999 2000 2001 2002 2003 2004 2005],"[0.04240532 0.07344044 0.06567326 0.1091469  0.1048978  0.10477566
 0.10477566 0.10477566]","[0.04240532 0.1127315  0.17100131 0.26148395 0.33895266 0.40821432
 0.47021906 0.5257272 ]",,2005.0,8
2,terrorfund,Nevada,[1998 1999 2000 2001 2002 2003],[0.07021284 0.08285171 0.08586287 0.13032112 0.18147117 0.14840798],[0.07021284 0.14724729 0.22046709 0.32205669 0.44508385 0.52743783],2003.0,2003.0,6
2,terrorfund,New Hampshire,[1998 1999 2000 2001 2002 2003 2004 2005 2006 2007 2008],"[0.02097555 0.05153985 0.06500295 0.06611713 0.06575456 0.06850814
 0.06850814 0.06850814 0.06850814 0.06850814 0.06850814]","[0.02097555 0.07143433 0.13179383 0.18919713 0.24251112 0.29440527
 0.34274426 0.38777163 0.42971426 0.46878347 0.50517613]",,2008.0,11
2,terrorfund,New Jersey,[1998 1999 2000 2001 2002],[0.1473422  0.15434104 0.21126674 0.40497076 0.41956799],[0.1473422  0.2789423  0.43127781 0.66159367 0.80357813],2002.0,2001.0,5
2,terrorfund,New Mexico,[1998 1999 2000 2001 2002 2003 2004],"[0.04062421 0.0873487  0.09384803 0.09249661 0.17446129 0.12580022
 0.12580022]","[0.04062421 0.12442444 0.20659548 0.27998271 0.40559785 0.48037377
 0.54574287]",,2004.0,7
2,terrorfund,New York,[1998 1999 2000 2001 2002 2003],[0.04668592 0.06664369 0.12814994 0.15341521 0.15341521 0.15341521],[0.04668592 0.11021829 0.22424377 0.34325657 0.444011   0.52930817],2001.0,2003.0,6
2,terrorfund,North Carolina,[1998 1999 2000 2001 2002 2003],[0.05084292 0.0816542  0.09543745 0.12598197 0.33531806 0.25034294],[0.05084292 0.12834559 0.21153406 0.31086655 0.54194544 0.65661617],,2002.0,6
2,terrorfund,North Dakota,[1998 1999 2000 2001 2002 2003 2004 2005 2006 2007 2008],"[0.02955867 0.05810341 0.05210316 0.07804271 0.0720405  0.0755881
 0.0755881  0.0755881  0.0755881  0.0755881  0.0755881 ]","[0.02955867 0.08594462 0.1335698  0.20118836 0.25873515 0.31476595
 0.3665615  0.41444191 0.45870314 0.49961874 0.53744161]",,2008.0,11
2,terrorfund,Ohio,[1998 1999 2000 2001 2002],[0.19981902 0.16916511 0.19180153 0.2143811  0.38297147],[0.19981902 0.33518173 0.46269489 0.57788295 0.73954174],2002.0,2001.0,5
2,terrorfund,Oklahoma,[1998 1999 2000 2001 2002 2003 2004 2005],"[0.02614747 0.04233494 0.05996637 0.06502987 0.14472535 0.15338273
 0.15338273 0.15338273]","[0.02614747 0.06737546 0.12330157 0.18031316 0.29894263 0.40647272
 0.49750956 0.57458292]",,2005.0,8
2,terrorfund,Oregon,[1998 1999 2000 2001 2002 2003 2004 2005],"[0.0354622  0.06054189 0.07708592 0.09208829 0.13537054 0.11771709
 0.11771709 0.11771709]","[0.0354622  0.09385715 0.163708   0.2407207  0.34350475 0.42078546
 0.4889689  0.549126  ]",,2005.0,8
2,terrorfund,Pennsylvania,"[1998 1999 2000 2001 2002 2003 2004 2005 2006 2007 2008 2009 2010 2011
 2012 2013 2014 2015 2016 2017]","[0.03377206 0.03377206 0.03377206 0.03377206 0.03377206 0.03377206
 0.03377206 0.03377206 0.03377206 0.03377206 0.03377206 0.03377206
 0.03377206 0.03377206 0.03377206 0.03377206 0.03377206 0.03377206
 0.03377206 0.03377206]","[0.03377206 0.06640357 0.09793305 0.12839771 0.15783352 0.18627522
 0.21375638 0.24030945 0.26596577 0.29075562 0.31470827 0.33785198
 0.36021409 0.38182098 0.40269816 0.42287027 0.44236114 0.46119375
 0.47939035 0.49697241]",1998.0,,20
2,terrorfund,Rhode Island,[1998 1999 2000 2001 2002 2003 2004 2005 2006 2007 2008 2009 2010],"[0.01967858 0.03129886 0.0679024  0.06219058 0.07667936 0.05395208
 0.05395208 0.05395208 0.05395208 0.05395208 0.05395208 0.05395208
 0.05395208]","[0.01967858 0.05036153 0.11484426 0.16989261 0.23354471 0.27489657
 0.31401741 0.3510276  0.38604101 0.41916538 0.45050262 0.48014915
 0.50819619]",,2010.0,13
2,terrorfund,South Carolina,[1998 1999 2000 2001 2002 2003 2004],"[0.04109991 0.08198527 0.11055619 0.10632254 0.15453088 0.15453088
 0.15453088]","[0.04109991 0.11971559 0.21703648 0.30028315 0.40841101 0.49982978
 0.57712152]",2002.0,2004.0,7
2,terrorfund,South Dakota,[1998 1999 2000 2001 2002 2003 2004 2005],"[0.02429268 0.05541124 0.07302994 0.11862374 0.16806811 0.10313346
 0.10313346 0.10313346]","[0.02429268 0.07835783 0.1456653  0.24700968 0.37356333 0.43816991
 0.49611339 0.54808096]",,2005.0,8
2,terrorfund,Tennessee,[1998 1999 2000 2001 2002 2003],[0.02328362 0.06543648 0.06109477 0.08982872 0.23645021 0.23645021],[0.02328362 0.08719651 0.14296403 0.21995048 0.40439335 0.54522467],2002.0,2003.0,6
2,terrorfund,Texas,[1998 1999 2000 2001 2002 2003],[0.06211415 0.15480323 0.11130848 0.18647521 0.14879772 0.22145521],[0.06211415 0.20730191 0.29553593 0.42690101 0.51217684 0.62020782],,2002.0,6
2,terrorfund,Utah,[1998 1999 2000 2001 2002 2003],[0.0304027  0.05190451 0.05822997 0.07456781 0.28956    0.19775287],[0.0304027  0.08072918 0.13425829 0.19881475 0.43080595 0.54336571],,2003.0,6
2,terrorfund,Vermont,[1998 1999 2000 2001 2002 2003 2004],"[0.03798723 0.05649529 0.08521322 0.16784096 0.11682496 0.10026812
 0.10026812]","[0.03798723 0.09233642 0.16968136 0.30904283 0.38976388 0.4509511
 0.5060032 ]",,2004.0,7
2,terrorfund,Virginia,[1998 1999 2000 2001 2002 2003 2004],"[0.02955766 0.0584685  0.06684248 0.11763782 0.15338619 0.15338619
 0.15338619]","[0.02955766 0.08629797 0.14737208 0.24767337 0.36306988 0.46076617
 0.54347719]",2002.0,2004.0,7
2,terrorfund,Washington,[1998 1999 2000 2001 2002 2003],[0.0582868  0.0820792  0.09391085 0.12310996 0.30801896 0.12796932],[0.0582868  0.13558186 0.2167601  0.31318473 0.52473686 0.58555596],,2002.0,6
2,terrorfund,West Virginia,[1998 1999 2000 2001 2002 2003],[0.0323019  0.08314252 0.12472348 0.08719463 0.4035056  0.09974598],[0.0323019  0.11275876 0.22341858 0.29113231 0.57716439 0.61934054],,2002.0,6
2,terrorfund,Wisconsin,[1998 1999 2000 2001 2002 2003],[0.03474178 0.06713076 0.08155754 0.10317225 0.35612503 0.25659001],[0.03474178 0.0995403  0.17297958 0.25830514 0.52244124 0.64497805],,2002.0,6
2,terrorfund,Wyoming,[1998 1999 2000 2001 2002 2003 2004 2005 2006 2007],"[0.02279693 0.03587849 0.05088169 0.05607909 0.09974425 0.08698192
 0.08698192 0.08698192 0.08698192 0.08698192]","[0.02279693 0.0578575  0.1057953  0.15594149 0.24013148 0.3062263
 0.36657207 0.42166885 0.47197321 0.51790199]",,2007.0,10
2,victimrights,Alabama,"[1982 1983 1984 1985 1986 1987 1988 1989 1990 1991 1992 1993 1994 1995
 1996 1997 1998 1999 2000 2001]","[0.00976622 0.01568746 0.01477379 0.0138106  0.01225643 0.01199774
 0.03913077 0.04482741 0.04433959 0.04076702 0.0303016  0.03819201
 0.04906116 0.04906116 0.04906116 0.04906116 0.04906116 0.04906116
 0.04906116 0.04906116]","[0.00976622 0.02530048 0.03970048 0.0529628  0.06457009 0.07579313
 0.11195805 0.15176667 0.18937699 0.22242368 0.24598549 0.27478282
 0.31036282 0.34419722 0.37637167 0.4069676  0.43606246 0.46372989
 0.49003993 0.51505916]",1994.0,2001.0,20
2,victimrights,Arizona,"[1982 1983 1984 1985 1986 1987 1988 1989 1990 1991 1992 1993 1994 1995
 1996 1997 1998 1999]","[0.02847623 0.03864165 0.04172492 0.0372016  0.02426024 0.02197153
 0.02403279 0.04023055 0.04355731 0.04355731 0.04355731 0.04355731
 0.04355731 0.04355731 0.04355731 0.04355731 0.04355731 0.04355731]","[0.02847623 0.06601751 0.10498785 0.13828374 0.15918918 0.17766308
 0.19742613 0.22971412 0.2632657  0.29535586 0.32604827 0.35540379
 0.38348067 0.41033459 0.43601883 0.46058433 0.48407983 0.50655192]",1990.0,1999.0,18
2,victimrights,Arkansas,"[1982 1983 1984 1985 1986 1987 1988 1989 1990 1991 1992 1993 1994 1995
 1996 1997 1998 1999]","[0.0083762  0.01623628 0.01002624 0.02434044 0.00868226 0.01989215
 0.01814677 0.03911218 0.02936774 0.03635383 0.0259997  0.04974882
 0.03274798 0.06207477 0.04073326 0.09377301 0.10233523 0.10233523]","[0.0083762  0.02447649 0.03425732 0.05776392 0.06594466 0.08452502
 0.10113794 0.13629439 0.16165947 0.19213636 0.21314057 0.2522859
 0.27677203 0.32166623 0.34929698 0.41031536 0.47066087 0.52483091]",,1999.0,18
2,victimrights,California,[1982],[0.67961552],[0.67961552],1982.0,1982.0,1
2,victimrights,Colorado,"[1982 1983 1984 1985 1986 1987 1988 1989 1990 1991 1992 1993 1994 1995
 1996 1997]","[0.02680343 0.02775431 0.03603039 0.02675217 0.01700557 0.01731688
 0.04096223 0.03405531 0.04246837 0.04384528 0.06634496 0.06634496
 0.06634496 0.06634496 0.06634496 0.06634496]","[0.02680343 0.05381383 0.08790529 0.11230581 0.12740155 0.14251223
 0.17763684 0.20564268 0.23937774 0.27272743 0.3209783  0.36602796
 0.40808881 0.44735913 0.48402407 0.51825647]",1992.0,1997.0,16
2,victimrights,Connecticut,"[1982 1983 1984 1985 1986 1987 1988 1989 1990 1991 1992 1993 1994 1995
 1996]","[0.03933603 0.03417266 0.02798151 0.02577622 0.0570586  0.0723247
 0.04229912 0.02909011 0.05116222 0.05023785 0.06888952 0.05884823
 0.05951333 0.03376205 0.0328742 ]","[0.03933603 0.07216447 0.09812671 0.1213736  0.17150678 0.23142731
 0.26393726 0.2853494  0.32191251 0.35597817 0.40034453 0.43563319
 0.46922054 0.48714074 0.50400058]",1996.0,1996.0,15
2,victimrights,Delaware,"[1982 1983 1984 1985 1986 1987 1988 1989 1990 1991 1992 1993 1994 1995
 1996 1997 1998]","[0.03242262 0.03188149 0.03062744 0.03145644 0.02793087 0.02027938
 0.02643235 0.03387334 0.03093076 0.05215668 0.06354795 0.05995014
 0.11929934 0.11896256 0.13509965 0.16777452 0.11738822]","[0.03242262 0.06327043 0.09196005 0.12052376 0.1450883  0.16242538
 0.18456445 0.21218597 0.23655366 0.27637249 0.32235754 0.3629823
 0.43897809 0.50571869 0.57249592 0.64422021 0.68598457]",,1995.0,17
2,victimrights,Florida,"[1982 1983 1984 1985 1986 1987 1988 1989 1990 1991 1992 1993 1994 1995
 1996 1997 1998 1999 2000]","[0.02856786 0.0321718  0.03328692 0.06249842 0.03640228 0.03315246
 0.0356643  0.0356643  0.0356643  0.0356643  0.0356643  0.0356643
 0.0356643  0.0356643  0.0356643  0.0356643  0.0356643  0.0356643
 0.0356643 ]","[0.02856786 0.05982057 0.09111625 0.14792005 0.1789377  0.20615794
 0.23446976 0.26177186 0.28810026 0.31348966 0.33797358 0.36158429
 0.38435294 0.40630956 0.42748312 0.44790153 0.46759174 0.48657971
 0.50489049]",1988.0,2000.0,19
2,victimrights,Georgia,"[1982 1983 1984 1985 1986 1987 1988 1989 1990 1991 1992 1993 1994 1995
 1996 1997 1998]","[0.01138054 0.01543633 0.02396284 0.01375283 0.01767395 0.01210534
 0.03098048 0.04191315 0.04115699 0.03510407 0.03940138 0.04167393
 0.05881045 0.07593239 0.13389537 0.14161265 0.20612076]","[0.01138054 0.0266412  0.04996564 0.0630313  0.07959124 0.0907331
 0.11890263 0.15583219 0.1905756  0.21898969 0.24976257 0.28102791
 0.32331099 0.3746936  0.45841924 0.53511392 0.63093659]",,1997.0,17
2,victimrights,Idaho,"[1982 1983 1984 1985 1986 1987 1988 1989 1990 1991 1992 1993 1994 1995
 1996 1997 1998 1999 2000 2001 2002 2003 2004 2005]","[0.0209256  0.03006999 0.02410066 0.04233564 0.01894311 0.01769764
 0.01892618 0.02587838 0.02393669 0.02880012 0.02934362 0.02426955
 0.03370787 0.03370787 0.03370787 0.03370787 0.03370787 0.03370787
 0.03370787 0.03370787 0.03370787 0.03370787 0.03370787 0.03370787]","[0.0209256  0.05036636 0.07325315 0.11248758 0.12929982 0.14470917
 0.16089656 0.1826112  0.20217678 0.22515419 0.24789097 0.26614432
 0.29088103 0.31478392 0.33788109 0.36019971 0.38176601 0.40260536
 0.42274226 0.44220039 0.46100263 0.47917108 0.49672711 0.51369137]",1994.0,2005.0,24
2,victimrights,Illinois,[1982 1983 1984 1985 1986 1987 1988 1989 1990 1991 1992 1993],"[0.03764643 0.05941077 0.05176935 0.04962104 0.04402081 0.03062267
 0.06268111 0.04933966 0.057263   0.06258874 0.10595309 0.10595309]","[0.03764643 0.09482059 0.14168114 0.18427181 0.22018083 0.24406098
 0.29144407 0.32640398 0.36497611 0.40472146 0.46779306 0.52418203]",1992.0,1993.0,12
2,victimrights,Indiana,"[1982 1983 1984 1985 1986 1987 1988 1989 1990 1991 1992 1993 1994 1995
 1996 1997]","[0.02386912 0.03031061 0.02221871 0.02064584 0.01465084 0.0140917
 0.03155027 0.0313792  0.03454043 0.03342587 0.06507622 0.06667512
 0.08588009 0.09151015 0.10029815 0.10029815]","[0.02386912 0.05345624 0.07448723 0.09359522 0.10687481 0.11946046
 0.14724172 0.1740006  0.20253097 0.22918707 0.27934866 0.32739818
 0.38516128 0.44142526 0.49744927 0.54785418]",1996.0,1997.0,16
2,victimrights,Iowa,"[1982 1983 1984 1985 1986 1987 1988 1989 1990 1991 1992 1993 1994 1995
 1996 1997 1998]","[0.02422822 0.04769441 0.03644767 0.03190674 0.03334319 0.02778257
 0.04842523 0.04452927 0.05709852 0.04834604 0.06510711 0.07300891
 0.07055062 0.06930027 0.09036484 0.09804066 0.12444398]","[0.02422822 0.07076708 0.10463545 0.13320362 0.16210538 0.18538424
 0.2248322  0.25934986 0.30163988 0.33540283 0.37867283 0.42403525
 0.46466992 0.50176844 0.54679106 0.59122396 0.64209368]",,1995.0,17
2,victimrights,Kansas,"[1982 1983 1984 1985 1986 1987 1988 1989 1990 1991 1992 1993 1994 1995
 1996 1997 1998 1999 2000]","[0.01407512 0.02151696 0.01740543 0.01778303 0.01250529 0.01253599
 0.02131981 0.02928602 0.03131421 0.01907135 0.05790612 0.05790612
 0.05790612 0.05790612 0.05790612 0.05790612 0.05790612 0.05790612
 0.05790612]","[0.01407512 0.03528923 0.05208043 0.06893731 0.08058052 0.09210635
 0.11146248 0.1374842  0.1644932  0.18042744 0.22788571 0.27259585
 0.314717   0.35439908 0.39178332 0.42700279 0.46018283 0.49144155
 0.52089019]",1992.0,2000.0,19
2,victimrights,Kentucky,"[1982 1983 1984 1985 1986 1987 1988 1989 1990 1991 1992 1993 1994 1995
 1996 1997 1998]","[0.02218569 0.01569984 0.02948774 0.01363776 0.01617235 0.00859584
 0.02626895 0.0193909  0.03418108 0.01628574 0.06159205 0.0320532
 0.06794251 0.03960096 0.09701504 0.06337989 0.14681329]","[0.02218569 0.03753721 0.06591807 0.07865685 0.09355713 0.10134877
 0.1249554  0.1419233  0.17125329 0.18475004 0.23496295 0.25948484
 0.3097973  0.33712999 0.40143835 0.43937512 0.5216823 ]",,1998.0,17
2,victimrights,Louisiana,"[1982 1983 1984 1985 1986 1987 1988 1989 1990 1991 1992 1993 1994 1995
 1996 1997 1998]","[0.01365984 0.01828655 0.01617814 0.02528898 0.01767265 0.0148654
 0.02043729 0.05103488 0.05763233 0.03194003 0.03766792 0.04074393
 0.0537906  0.05844172 0.05946112 0.05699463 0.11666622]","[0.01365984 0.0316966  0.04736195 0.07145319 0.08786308 0.10142236
 0.11978685 0.16470842 0.21284822 0.23798987 0.26669321 0.29657101
 0.33440888 0.37330717 0.41057102 0.44416531 0.50901245]",1998.0,1998.0,17
2,victimrights,Maine,"[1982 1983 1984 1985 1986 1987 1988 1989 1990 1991 1992 1993 1994 1995
 1996 1997 1998]","[0.02364504 0.03264639 0.02838457 0.03071551 0.03618907 0.05527934
 0.06169381 0.0294237  0.02800669 0.03307617 0.05245061 0.04997316
 0.03615509 0.02762428 0.04183949 0.06964676 0.04811777]","[0.02364504 0.0555195  0.08232817 0.11051493 0.14270458 0.1900953
 0.24006141 0.26242161 0.28307874 0.30679175 0.34315095 0.37597577
 0.39853742 0.41515239 0.43962212 0.47865062 0.50373679]",,1998.0,17
2,victimrights,Maryland,"[1982 1983 1984 1985 1986 1987 1988 1989 1990 1991 1992 1993 1994 1995
 1996 1997 1998 1999 2000 2001 2002 2003 2004 2005 2006]","[0.02132861 0.02735026 0.02885866 0.02344793 0.03485422 0.03522658
 0.02183764 0.02058452 0.02812458 0.0205007  0.02960313 0.03272876
 0.02856274 0.02856274 0.02856274 0.02856274 0.02856274 0.02856274
 0.02856274 0.02856274 0.02856274 0.02856274 0.02856274 0.02856274
 0.02856274]","[0.02132861 0.04809552 0.07556621 0.09724227 0.12870719 0.15939985
 0.17775657 0.19468206 0.21733129 0.23337655 0.256071   0.28041887
 0.30097209 0.32093824 0.34033411 0.35917598 0.37747967 0.39526056
 0.41253358 0.42931323 0.44561361 0.46144841 0.47683092 0.49177406
 0.50629039]",1994.0,2006.0,25
2,victimrights,Massachusetts,"[1982 1983 1984 1985 1986 1987 1988 1989 1990 1991 1992 1993 1994 1995
 1996 1997 1998]","[0.04190375 0.08261229 0.04935597 0.04295796 0.07664781 0.06404369
 0.03662278 0.03048379 0.03510327 0.02222339 0.03508427 0.0284663
 0.02373979 0.02042612 0.04979888 0.04588898 0.05061674]","[0.04190375 0.12105428 0.16443549 0.20032964 0.26162262 0.30891103
 0.33422063 0.35451611 0.37717471 0.39101599 0.41238175 0.42910907
 0.4426619  0.45404616 0.48123405 0.50503969 0.53009297]",,1997.0,17
2,victimrights,Michigan,"[1982 1983 1984 1985 1986 1987 1988 1989 1990 1991 1992 1993 1994 1995
 1996]","[0.02881044 0.04150131 0.04388113 0.05350037 0.06471744 0.05029451
 0.05588431 0.02851674 0.03048079 0.0342922  0.05398734 0.05398734
 0.05398734 0.05398734 0.05398734]","[0.02881044 0.06911608 0.10996432 0.15758156 0.21210072 0.25172773
 0.2935444  0.31369022 0.33460948 0.35742719 0.39211798 0.42493592
 0.4559821  0.48535218 0.51313664]",1992.0,1996.0,15
2,victimrights,Minnesota,"[1982 1983 1984 1985 1986 1987 1988 1989 1990 1991 1992 1993 1994 1995
 1996 1997 1998]","[0.03198814 0.05290058 0.0558784  0.04773435 0.05395864 0.03897619
 0.04945594 0.06420357 0.0327821  0.05204401 0.0519876  0.06386632
 0.06449551 0.0589661  0.05757911 0.0562612  0.05509627]","[0.03198814 0.08319653 0.13442604 0.17574365 0.2202194  0.25061228
 0.28767396 0.33340784 0.35526012 0.38881497 0.42058901 0.45759386
 0.49257662 0.5224974  0.54999157 0.57530959 0.59870844]",,1995.0,17
2,victimrights,Mississippi,"[1982 1983 1984 1985 1986 1987 1988 1989 1990 1991 1992 1993 1994 1995
 1996 1997 1998 1999]","[0.01108751 0.01524416 0.01465739 0.01277511 0.01323221 0.01173796
 0.02064428 0.02579065 0.02936826 0.01385432 0.01601556 0.01487765
 0.03355502 0.04921096 0.04993262 0.05083422 0.22350532 0.22350532]","[0.01108751 0.02616264 0.04043656 0.05269508 0.06523002 0.07620232
 0.09527346 0.11860695 0.14449193 0.15634441 0.16985603 0.18220663
 0.2096477  0.24854169 0.28606397 0.32235635 0.47381332 0.59141884]",1998.0,1999.0,18
2,victimrights,Missouri,[1982 1983 1984 1985 1986 1987 1988 1989 1990 1991 1992 1993 1994 1995],"[0.02918287 0.03382849 0.04690382 0.03810804 0.03600286 0.02386615
 0.0624944  0.04152441 0.04224011 0.05173187 0.06840886 0.06840886
 0.06840886 0.06840886]","[0.02918287 0.06202414 0.10601879 0.14008666 0.171046   0.19082994
 0.24139854 0.27289902 0.30361185 0.33963731 0.38481197 0.42689628
 0.46610165 0.50262502]",1992.0,1995.0,14
2,victimrights,Montana,"[1982 1983 1984 1985 1986 1987 1988 1989 1990 1991 1992 1993 1994 1995
 1996 1997 1998 1999 2000 2001 2002]","[0.01269649 0.0346342  0.01566695 0.03252748 0.01561498 0.01589056
 0.02057892 0.03745942 0.02463772 0.0341281  0.02787377 0.04571688
 0.04205056 0.05398707 0.06000706 0.05410664 0.03761792 0.03761792
 0.03761792 0.03761792 0.03761792]","[0.01269649 0.04689095 0.06182327 0.09233979 0.10651289 0.1207109
 0.13880572 0.17106556 0.19148861 0.21908157 0.24084871 0.27555474
 0.30601807 0.34348412 0.3828797  0.41627001 0.43822872 0.45936138
 0.47969908 0.49927172 0.51810807]",1998.0,2002.0,21
2,victimrights,Nevada,"[1982 1983 1984 1985 1986 1987 1988 1989 1990 1991 1992 1993 1994 1995
 1996]","[0.01596401 0.03865509 0.02616892 0.04768662 0.02009743 0.02678232
 0.02738745 0.05404137 0.04096985 0.06384122 0.03367869 0.08656742
 0.111172   0.22262433 0.17606057]","[0.01596401 0.05400201 0.07875776 0.12268868 0.14032039 0.16334461
 0.18625847 0.23023418 0.26177137 0.30890079 0.3321761  0.38998789
 0.45780416 0.57851015 0.65271789]",1996.0,1995.0,15
2,victimrights,New Hampshire,"[1982 1983 1984 1985 1986 1987 1988 1989 1990 1991 1992 1993 1994 1995
 1996 1997 1998 1999 2000 2001]","[0.01464828 0.02998096 0.01765533 0.03015827 0.02187054 0.02357197
 0.02256532 0.03634297 0.04666104 0.04382886 0.03314721 0.03692189
 0.03647432 0.04873159 0.04347666 0.04636504 0.04266082 0.04266082
 0.04266082 0.04266082]","[0.01464828 0.04419006 0.0610652  0.08938185 0.10929756 0.13029317
 0.14991839 0.18081288 0.219037   0.25326571 0.27801787 0.30467482
 0.33003633 0.36268472 0.39039306 0.41865751 0.44345806 0.4672006
 0.48993026 0.51169025]",,2001.0,20
2,victimrights,New Jersey,"[1982 1983 1984 1985 1986 1987 1988 1989 1990 1991 1992 1993 1994 1995
 1996 1997 1998]","[0.02819895 0.04018928 0.04245422 0.02851882 0.0465022  0.04905566
 0.04224142 0.02653145 0.0621901  0.04330805 0.04330805 0.04330805
 0.04330805 0.04330805 0.04330805 0.04330805 0.04330805]","[0.02819895 0.06725493 0.1068539  0.13232537 0.17267415 0.21325916
 0.24649222 0.26648387 0.31210131 0.34189287 0.3703942  0.39766121
 0.42374733 0.44870371 0.47257927 0.49542084 0.51727318]",1991.0,1998.0,17
2,victimrights,New Mexico,[1982 1983 1984 1985 1986 1987 1988 1989 1990 1991 1992 1993 1994],"[0.01394632 0.05827995 0.04225221 0.0300655  0.01652293 0.01470215
 0.03663304 0.04945348 0.07167582 0.0590228  0.1180175  0.1180175
 0.1180175 ]","[0.01394632 0.07141348 0.11064831 0.13738711 0.15164    0.16411272
 0.19473381 0.23455703 0.28942078 0.33136115 0.41027224 0.47987044
 0.54125483]",1992.0,1994.0,13
2,victimrights,New York,"[1982 1983 1984 1985 1986 1987 1988 1989 1990 1991 1992 1993 1994 1995
 1996 1997 1998]","[0.03964903 0.05093649 0.06604759 0.05854157 0.07680208 0.06016617
 0.0430601  0.03642161 0.04224292 0.03160247 0.0339363  0.04784958
 0.04682235 0.03987035 0.07984616 0.0775875  0.09076629]","[0.03964903 0.08856594 0.14876396 0.19859666 0.2601461  0.30466027
 0.33460167 0.35883655 0.38592116 0.40532757 0.42550855 0.45299773
 0.47860966 0.49939768 0.53936885 0.57510807 0.61367393]",,1996.0,17
2,victimrights,North Carolina,"[1982 1983 1984 1985 1986 1987 1988 1989 1990 1991 1992 1993 1994 1995
 1996 1997 1998 1999 2000]","[0.01333241 0.02144107 0.0180597  0.01444785 0.01378733 0.0134627
 0.02615329 0.03171261 0.0359805  0.03758971 0.02706595 0.03585402
 0.03544687 0.03627607 0.0650201  0.0650201  0.0650201  0.0650201
 0.0650201 ]","[0.01333241 0.03448761 0.05192447 0.06562212 0.0785047  0.09091052
 0.1146862  0.14276181 0.17360567 0.20466959 0.22619597 0.25393995
 0.28038544 0.30649023 0.35158231 0.39374249 0.43316141 0.47001731
 0.50447684]",1996.0,2000.0,19
2,victimrights,North Dakota,"[1982 1983 1984 1985 1986 1987 1988 1989 1990 1991 1992 1993 1994 1995
 1996 1997 1998 1999 2000 2001 2002 2003]","[0.01843732 0.04806729 0.02219694 0.02679587 0.03155905 0.06603213
 0.0330155  0.02863868 0.02689513 0.04074287 0.03185985 0.04241655
 0.0243005  0.02515732 0.016289   0.03320764 0.02798556 0.02798556
 0.02798556 0.02798556 0.02798556 0.02798556]","[0.01843732 0.06561839 0.0863588  0.11084061 0.13890163 0.1957618
 0.22231412 0.24458602 0.26490298 0.29485295 0.31731883 0.34627581
 0.36216163 0.37820794 0.3883363  0.40864821 0.42519752 0.44128369
 0.45691968 0.47211809 0.48689116 0.5012508 ]",,2003.0,22
2,victimrights,Ohio,[1982 1983 1984 1985 1986 1987 1988 1989 1990 1991 1992 1993 1994 1995],"[0.02786099 0.04461008 0.05860432 0.09524204 0.04047295 0.03165557
 0.0492398  0.04418848 0.03968205 0.04233457 0.05598751 0.04868237
 0.04873912 0.04873912]","[0.02786099 0.07122819 0.12565823 0.20893233 0.24094917 0.26497736
 0.30116973 0.33204998 0.3585556  0.38571088 0.4201034  0.44833414
 0.47522185 0.50079907]",1994.0,1995.0,14
2,victimrights,Oklahoma,"[1982 1983 1984 1985 1986 1987 1988 1989 1990 1991 1992 1993 1994 1995
 1996]","[0.01272389 0.02312014 0.01813522 0.01590548 0.01589374 0.01999142
 0.03169721 0.03998516 0.05442069 0.03795569 0.1220116  0.08638654
 0.0954374  0.11891849 0.12306994]","[0.01272389 0.03554986 0.05304037 0.06810221 0.08291356 0.10124742
 0.12973537 0.16453304 0.20999972 0.23998473 0.33271541 0.39035982
 0.44854229 0.51412081 0.57391793]",1996.0,1995.0,15
2,victimrights,Oregon,"[1982 1983 1984 1985 1986 1987 1988 1989 1990 1991 1992 1993 1994 1995
 1996]","[0.03923037 0.05766207 0.05842365 0.068201   0.06522934 0.05973024
 0.06701496 0.05576693 0.04927268 0.05216548 0.0662703  0.06745314
 0.08252872 0.06773571 0.0872811 ]","[0.03923037 0.09463033 0.14752533 0.20566495 0.25747891 0.30182987
 0.34861771 0.3849433  0.41524879 0.44575262 0.48248276 0.51739092
 0.55722004 0.58721205 0.62324064]",1996.0,1993.0,15
2,victimrights,Pennsylvania,"[1982 1983 1984 1985 1986 1987 1988 1989 1990 1991 1992 1993 1994 1995
 1996 1997 1998]","[0.04108504 0.04950262 0.04315417 0.03745765 0.04842461 0.03810205
 0.04299385 0.03471101 0.03702243 0.04832489 0.05464552 0.05337525
 0.07042144 0.05765482 0.0688093  0.04906369 0.06092007]","[0.04108504 0.08855385 0.12788654 0.16055386 0.20120372 0.2316395
 0.26467427 0.29019817 0.31647676 0.34950795 0.38505443 0.4178773
 0.45887122 0.4900699  0.52515783 0.54845534 0.57596348]",,1996.0,17
2,victimrights,Rhode Island,"[1982 1983 1984 1985 1986 1987 1988 1989 1990 1991 1992 1993 1994 1995
 1996 1997 1998 1999 2000]","[0.03360546 0.03378134 0.02976595 0.02382719 0.03905346 0.03905346
 0.03905346 0.03905346 0.03905346 0.03905346 0.03905346 0.03905346
 0.03905346 0.03905346 0.03905346 0.03905346 0.03905346 0.03905346
 0.03905346]","[0.03360546 0.06625156 0.09404547 0.11563182 0.15016946 0.18335828
 0.21525096 0.24589813 0.27534842 0.30364857 0.3308435  0.35697638
 0.38208867 0.40622025 0.4294094  0.45169294 0.47310622 0.49368325
 0.51345667]",1986.0,2000.0,19
2,victimrights,South Carolina,"[1982 1983 1984 1985 1986 1987 1988 1989 1990 1991 1992 1993 1994 1995
 1996 1997 1998 1999 2000]","[0.01593882 0.02163181 0.02524862 0.0172158  0.0127191  0.01406903
 0.03021669 0.03140346 0.03263357 0.02764868 0.03598385 0.03375893
 0.03151817 0.03723066 0.0734358  0.0734358  0.0734358  0.0734358
 0.0734358 ]","[0.01593882 0.03722584 0.06153456 0.07769099 0.08942193 0.10223288
 0.12936043 0.15670153 0.18422137 0.20677657 0.23531981 0.26113459
 0.28442227 0.3110637  0.36165629 0.40853357 0.45196838 0.49221352
 0.52950323]",1996.0,2000.0,19
2,victimrights,South Dakota,"[1982 1983 1984 1985 1986 1987 1988 1989 1990 1991 1992 1993 1994 1995
 1996 1997 1998 1999 2000 2001]","[0.0234859  0.03576643 0.02360287 0.02079644 0.0155341  0.02387536
 0.02867734 0.02216934 0.0274768  0.03722024 0.0389566  0.04654948
 0.03956479 0.02981416 0.04729061 0.04780406 0.0556183  0.0556183
 0.0556183  0.0556183 ]","[0.0234859  0.05841232 0.08063648 0.09975598 0.11374046 0.13490022
 0.15970899 0.17833768 0.20091433 0.23065649 0.2606275  0.2950449
 0.3229363  0.34312239 0.37418653 0.40410295 0.43724573 0.46854517
 0.49810378 0.52601839]",,2001.0,20
2,victimrights,Tennessee,"[1982 1983 1984 1985 1986 1987 1988 1989 1990 1991 1992 1993 1994 1995
 1996 1997 1998]","[0.01571875 0.01988322 0.02809804 0.02297469 0.02439198 0.01401565
 0.03329974 0.04603409 0.02981066 0.03130564 0.04656911 0.04458025
 0.04654984 0.05740813 0.07499874 0.07810838 0.11283738]","[0.01571875 0.03528944 0.06239591 0.08393708 0.10628167 0.11880771
 0.14815119 0.18736527 0.21159045 0.23627212 0.27183825 0.30429988
 0.33668461 0.37476431 0.4216562  0.4668297  0.52699124]",1998.0,1998.0,17
2,victimrights,Texas,"[1982 1983 1984 1985 1986 1987 1988 1989 1990 1991 1992 1993 1994 1995
 1996 1997 1998 1999 2000 2001 2002]","[0.01307602 0.0265553  0.0211176  0.02743539 0.01485832 0.01703639
 0.01423132 0.04102867 0.04102867 0.04102867 0.04102867 0.04102867
 0.04102867 0.04102867 0.04102867 0.04102867 0.04102867 0.04102867
 0.04102867 0.04102867 0.04102867]","[0.01307602 0.03928408 0.05957209 0.0853731  0.09896291 0.11431334
 0.12691783 0.16273923 0.19709092 0.23003321 0.26162393 0.29191851
 0.32097015 0.34882984 0.37554649 0.40116699 0.42573631 0.44929758
 0.47189217 0.49355973 0.5143383 ]",1989.0,2002.0,21
2,victimrights,Utah,"[1982 1983 1984 1985 1986 1987 1988 1989 1990 1991 1992 1993 1994 1995
 1996 1997 1998 1999 2000]","[0.0310817  0.04607031 0.03422302 0.02782705 0.02423048 0.0110387
 0.01366396 0.02348167 0.03624745 0.01940735 0.03311062 0.03617353
 0.05463587 0.05463587 0.05463587 0.05463587 0.05463587 0.05463587
 0.05463587]","[0.0310817  0.07572006 0.10735172 0.13219148 0.1532189  0.16256627
 0.17400893 0.19340458 0.2226416  0.23772807 0.26296737 0.28962844
 0.32844021 0.36513146 0.39981805 0.43260951 0.46360938 0.49291555
 0.52062055]",1994.0,2000.0,19
2,victimrights,Vermont,[1989 1990 1991 1992 1993 1994 1995 1996 1997 1998 1999 2000 2001],"[0.04378894 0.04853056 0.05560106 0.055196   0.07274073 0.05713447
 0.0624885  0.03371515 0.0462582  0.06476786 0.06476786 0.06476786
 0.06476786]","[0.04378894 0.0901944  0.14078055 0.18820603 0.24725651 0.29026411
 0.33461444 0.35704801 0.38678981 0.42650612 0.46365009 0.49838832
 0.53087664]",,2001.0,13
2,victimrights,Virginia,"[1982 1983 1984 1985 1986 1987 1988 1989 1990 1991 1992 1993 1994 1995
 1996 1997 1998 1999 2000]","[0.00785341 0.01514324 0.01483091 0.01332502 0.0132361  0.01186235
 0.02133287 0.02247992 0.02815962 0.02080342 0.02041669 0.02073801
 0.05090035 0.05957467 0.07987644 0.07987644 0.07987644 0.07987644
 0.07987644]","[0.00785341 0.02287772 0.03736934 0.05019642 0.06276811 0.07388588
 0.09364256 0.1140174  0.13896633 0.15687878 0.17409252 0.1912202
 0.23238738 0.27811765 0.33577904 0.38883465 0.43765237 0.4825707
 0.52390111]",1996.0,2000.0,19
2,victimrights,Washington,"[1982 1983 1984 1985 1986 1987 1988 1989 1990 1991 1992 1993 1994 1995
 1996]","[0.0288377  0.0705773  0.05423537 0.05338707 0.06153273 0.04839631
 0.0553494  0.04165306 0.04165306 0.04165306 0.04165306 0.04165306
 0.04165306 0.04165306 0.04165306]","[0.0288377  0.09737971 0.14633365 0.1919084  0.24163248 0.27833468
 0.31827842 0.34667421 0.37388723 0.39996674 0.42495996 0.44891214
 0.47186663 0.493865   0.51494707]",1989.0,1996.0,15
2,victimrights,West Virginia,"[1982 1983 1984 1985 1986 1987 1988 1989 1990 1991 1992 1993 1994 1995
 1996 1997 1998]","[0.02169527 0.024941   0.02409143 0.03099234 0.03281978 0.0378294
 0.03331506 0.02718209 0.03700495 0.04114358 0.06275114 0.04694128
 0.06447854 0.04497419 0.04909037 0.05324366 0.05708889]","[0.02169527 0.04609516 0.0690761  0.09792761 0.12753342 0.16053831
 0.18850502 0.21056315 0.23977622 0.27105455 0.31679671 0.34886714
 0.39085124 0.41824721 0.44680567 0.47625976 0.50615951]",,1998.0,17
2,victimrights,Wisconsin,[1982 1983 1984 1985 1986 1987 1988 1989 1990 1991 1992 1993 1994 1995],"[0.02528429 0.04441832 0.04155162 0.04437532 0.03026044 0.02906061
 0.04906115 0.05839003 0.04796344 0.04650375 0.08343472 0.0814512
 0.0814512  0.0814512 ]","[0.02528429 0.06857953 0.10728155 0.14689622 0.17271151 0.19675302
 0.23616125 0.28076182 0.31525895 0.34710198 0.40157635 0.45031868
 0.49509088 0.53621634]",1993.0,1995.0,14
2,victimrights,Wyoming,"[1982 1983 1984 1985 1986 1987 1988 1989 1990 1991 1992 1993 1994 1995
 1996 1997 1998]","[0.02632994 0.01905973 0.01774273 0.01594476 0.01205113 0.01173812
 0.01235725 0.02155724 0.03100644 0.02120791 0.0338471  0.02677224
 0.05911293 0.07664975 0.09749774 0.11076978 0.21323792]","[0.02632994 0.04488783 0.06183414 0.07679296 0.08791865 0.09862477
 0.10976329 0.12895434 0.15596236 0.17386263 0.20182498 0.22319392
 0.2691132  0.3251355  0.39093326 0.45839945 0.57388922]",,1998.0,17
2,zerotol,Alabama,"[1983 1984 1985 1986 1987 1988 1989 1990 1991 1992 1993 1994 1995 1996
 1997 1998 1999 2000]","[0.01463861 0.02507043 0.02233762 0.02170704 0.02054402 0.02939352
 0.02033215 0.02447599 0.02823818 0.03094243 0.05772902 0.05422888
 0.07295519 0.06092353 0.06092353 0.06092353 0.06092353 0.06092353]","[0.01463861 0.03934205 0.06080086 0.08118809 0.10006419 0.12651647
 0.14427627 0.16522095 0.18879359 0.21389428 0.2592754  0.29944406
 0.35055325 0.39011984 0.42727589 0.46216826 0.49493487 0.52570522]",1996.0,2000.0,18
2,zerotol,Arizona,"[1983 1984 1985 1986 1987 1988 1989 1990 1991 1992 1993 1994 1995 1996
 1997 1998 1999 2000 2001 2002 2003]","[0.02636963 0.03262678 0.02738266 0.03075157 0.03334618 0.03142688
 0.03153717 0.03559641 0.03559641 0.03559641 0.03559641 0.03559641
 0.03559641 0.03559641 0.03559641 0.03559641 0.03559641 0.03559641
 0.03559641 0.03559641 0.03559641]","[0.02636963 0.05813606 0.08392679 0.11209748 0.14170563 0.16867915
 0.19489665 0.22355544 0.25119408 0.27784889 0.30355487 0.32834582
 0.3522543  0.37531172 0.39754838 0.4189935  0.43967524 0.45962079
 0.47885635 0.4974072  0.5152977 ]",1990.0,2003.0,21
2,zerotol,Arkansas,"[1983 1984 1985 1986 1987 1988 1989 1990 1991 1992 1993 1994 1995 1996
 1997 1998 1999 2000]","[0.01858442 0.01418113 0.03333841 0.01794193 0.04458624 0.02810342
 0.04784082 0.01934149 0.03078985 0.02039835 0.05594319 0.05594319
 0.05594319 0.05594319 0.05594319 0.05594319 0.05594319 0.05594319]","[0.01858442 0.032502   0.06475684 0.08153692 0.12248773 0.14714883
 0.18794993 0.20365618 0.22817549 0.24391943 0.28621699 0.32614829
 0.36384571 0.39943421 0.43303178 0.46474979 0.49469339 0.52296186]",1993.0,2000.0,18
2,zerotol,California,[1983 1984 1985 1986 1987 1988 1989 1990 1991 1992 1993 1994],"[0.09106935 0.08795083 0.10065273 0.11112354 0.13771617 0.16084445
 0.21460107 0.16341013 0.16375135 0.19059657 0.18702032 0.21104715]","[0.09106935 0.17101056 0.25445061 0.3372987  0.42856339 0.5204758
 0.6233822  0.68492537 0.73651926 0.78673779 0.82662215 0.86321305]",1994.0,1988.0,12
2,zerotol,Colorado,"[1983 1984 1985 1986 1987 1988 1989 1990 1991 1992 1993 1994 1995 1996
 1997]","[0.02307709 0.03637058 0.03028296 0.0357585  0.03122154 0.04770153
 0.03657947 0.05284139 0.05303007 0.0790558  0.07554496 0.1091364
 0.11114785 0.15412972 0.2154489 ]","[0.02307709 0.05860834 0.08711647 0.11975981 0.14724227 0.18792012
 0.21762557 0.25896732 0.29826433 0.35374061 0.40256225 0.46776445
 0.52692129 0.59983678 0.68605151]",1997.0,1995.0,15
2,zerotol,Connecticut,[1983 1984 1985 1986 1987 1988 1989 1990 1991 1992 1993 1994 1995],"[0.03298459 0.03940109 0.0576793  0.06624733 0.04793798 0.05446315
 0.05528374 0.05242844 0.05049907 0.06793147 0.04417135 0.09455521
 0.17748959]","[0.03298459 0.07108605 0.12466515 0.18265375 0.22183568 0.26421696
 0.3048938  0.34133713 0.37459899 0.4170834  0.44283161 0.49551479
 0.58505566]",1995.0,1995.0,13
2,zerotol,Delaware,[1983 1984 1985 1986 1987 1988 1989 1990 1991 1992 1993 1994 1995],"[0.02014789 0.03638408 0.05242392 0.08026374 0.07817907 0.05879775
 0.05528617 0.0971254  0.08166972 0.16219193 0.1317179  0.12289448
 0.15753677]","[0.02014789 0.05579891 0.10529764 0.17710979 0.24144259 0.28604406
 0.32551595 0.39102549 0.44076026 0.53146443 0.59317895 0.64317501
 0.69938807]",1995.0,1992.0,13
2,zerotol,Florida,"[1983 1984 1985 1986 1987 1988 1989 1990 1991 1992 1993 1994 1995 1996
 1997]","[0.02704823 0.02619224 0.04335356 0.03223444 0.03403269 0.03674438
 0.04335312 0.07227248 0.05698378 0.10102578 0.1371653  0.09004159
 0.08238024 0.10096456 0.23989309]","[0.02704823 0.05253203 0.09360814 0.12282518 0.1526778  0.18381213
 0.21919642 0.27562703 0.31690454 0.38591479 0.47014597 0.51785487
 0.5575741  0.60224344 0.69766249]",1997.0,1994.0,15
2,zerotol,Georgia,"[1983 1984 1985 1986 1987 1988 1989 1990 1991 1992 1993 1994 1995 1996
 1997]","[0.01866485 0.02383412 0.02438377 0.02739783 0.02165586 0.02757443
 0.02144161 0.03150664 0.03150857 0.03914687 0.06094307 0.06703044
 0.0742683  0.09711961 0.18726291]","[0.01866485 0.0420541  0.06541243 0.09101811 0.11070289 0.13522475
 0.15376692 0.18042888 0.2062524  0.23732514 0.28380488 0.33181176
 0.38143696 0.44151157 0.54609574]",1997.0,1997.0,15
2,zerotol,Idaho,[1983 1984 1985 1986 1987 1988 1989 1990 1991 1992 1993 1994 1995 1996],"[0.05383635 0.04454538 0.05742206 0.04652352 0.03852502 0.03512497
 0.03915497 0.03342091 0.03724044 0.06222137 0.0731721  0.05667285
 0.05667285 0.05667285]","[0.05383635 0.09598358 0.14789406 0.18753703 0.21883718 0.2462755
 0.27578756 0.2999914  0.32606002 0.36799349 0.41423874 0.4474355
 0.4787509  0.50829158]",1994.0,1996.0,14
2,zerotol,Illinois,[1983 1984 1985 1986 1987 1988 1989 1990 1991 1992 1993 1994 1995],"[0.04106917 0.04474948 0.04786696 0.04633794 0.04781746 0.05525569
 0.05320114 0.05711311 0.05838806 0.09760147 0.07034722 0.07721809
 0.09347937]","[0.04106917 0.08398083 0.12782789 0.16824255 0.20801507 0.25177675
 0.29158308 0.33204297 0.37104369 0.43243075 0.47235767 0.5131012
 0.5586162 ]",1995.0,1994.0,13
2,zerotol,Indiana,"[1983 1984 1985 1986 1987 1988 1989 1990 1991 1992 1993 1994 1995 1996
 1997]","[0.02968867 0.02877632 0.0278487  0.03327803 0.04045584 0.04777015
 0.04059163 0.04419052 0.04321921 0.04717603 0.04978429 0.07640314
 0.08582675 0.12313439 0.14836886]","[0.02968867 0.05761066 0.08385498 0.11434248 0.15017249 0.19076888
 0.22361689 0.25792566 0.28999753 0.32349263 0.35717207 0.40628614
 0.45724267 0.52407477 0.59468725]",1997.0,1996.0,15
2,zerotol,Iowa,[1983 1984 1985 1986 1987 1988 1989 1990 1991 1992 1993 1994 1995 1996],"[0.02928078 0.02632675 0.04403578 0.04181385 0.04089333 0.05225155
 0.04196681 0.04432243 0.04680155 0.04630606 0.0543704  0.06332349
 0.07283563 0.07283563]","[0.02928078 0.05483666 0.09645767 0.13423825 0.16964213 0.21302961
 0.24605625 0.27947287 0.31319465 0.34499791 0.38061063 0.41983253
 0.4620894  0.50126845]",1995.0,1996.0,14
2,zerotol,Kansas,"[1983 1984 1985 1986 1987 1988 1989 1990 1991 1992 1993 1994 1995 1996
 1997]","[0.01843255 0.02820662 0.03142115 0.03012235 0.02392427 0.03701067
 0.02564735 0.03522064 0.02717912 0.04678132 0.06536471 0.0744539
 0.06207541 0.12581481 0.18507648]","[0.01843255 0.04611925 0.07609127 0.10392157 0.1253596  0.15773063
 0.1793326  0.20823704 0.22975646 0.26578947 0.31378092 0.36487261
 0.4042984  0.47924648 0.57562571]",1997.0,1997.0,15
2,zerotol,Kentucky,"[1983 1984 1985 1986 1987 1988 1989 1990 1991 1992 1993 1994 1995 1996
 1997]","[0.01127451 0.03407493 0.01500124 0.02984687 0.01629087 0.04056313
 0.0121503  0.02999098 0.01674826 0.04951678 0.02967558 0.1109672
 0.0502831  0.12865323 0.12865323]","[0.01127451 0.04496527 0.05929197 0.08736916 0.10223671 0.1386528
 0.14911843 0.1746372  0.18846059 0.22864541 0.2515358  0.33459078
 0.36804962 0.44935208 0.52019471]",1996.0,1997.0,15
2,zerotol,Louisiana,"[1983 1984 1985 1986 1987 1988 1989 1990 1991 1992 1993 1994 1995 1996
 1997]","[0.02959944 0.02887929 0.02504109 0.02796574 0.02181637 0.03216233
 0.02388261 0.0289786  0.02403283 0.03571937 0.09684303 0.09138082
 0.05619395 0.07282272 0.10353222]","[0.02959944 0.05762392 0.08122204 0.10691635 0.12640019 0.1544972
 0.17469001 0.19860634 0.2178661  0.24580343 0.31884211 0.38108688
 0.41586605 0.45840427 0.51447688]",1997.0,1997.0,15
2,zerotol,Maine,[1983],[0.57943094],[0.57943094],1983.0,1983.0,1
2,zerotol,Maryland,[1983 1984 1985 1986 1987 1988 1989 1990 1991 1992 1993 1994],"[0.04325972 0.05593325 0.07206058 0.08099708 0.06725889 0.06013374
 0.04735248 0.05139979 0.05139979 0.05139979 0.05139979 0.05139979]","[0.04325972 0.09677332 0.16186035 0.22974722 0.28155356 0.32475644
 0.3567309  0.38979479 0.42115921 0.45091151 0.47913454 0.50590692]",1990.0,1994.0,12
2,zerotol,Massachusetts,"[1983 1984 1985 1986 1987 1988 1989 1990 1991 1992 1993 1994 1995 1996
 1997 1998 1999 2000 2001 2002 2003 2004]","[0.04331689 0.05021709 0.03029994 0.03321215 0.03805659 0.03434972
 0.02974534 0.03348645 0.02678233 0.03564372 0.03127097 0.02802726
 0.02802726 0.02802726 0.02802726 0.02802726 0.02802726 0.02802726
 0.02802726 0.02802726 0.02802726 0.02802726]","[0.04331689 0.09135873 0.11889051 0.14815405 0.1805724  0.20871951
 0.23225642 0.25796543 0.27783884 0.30357935 0.3253571  0.34426549
 0.36264393 0.38050727 0.39786996 0.41474601 0.43114908 0.44709241
 0.46258889 0.47765105 0.49229106 0.50652075]",1994.0,2004.0,22
2,zerotol,Michigan,[1983 1984 1985 1986 1987 1988 1989 1990 1991 1992 1993 1994 1995],"[0.04705508 0.04665171 0.05393034 0.06030603 0.05862005 0.0603316
 0.05366798 0.05255659 0.04807889 0.04523762 0.05380743 0.05956963
 0.05956963]","[0.04705508 0.09151159 0.14050668 0.19233931 0.23968442 0.28555548
 0.32389827 0.35943187 0.39022967 0.41781423 0.44914015 0.48195467
 0.51281444]",1994.0,1995.0,13
2,zerotol,Minnesota,"[1983 1984 1985 1986 1987 1988 1989 1990 1991 1992 1993 1994 1995 1996
 1997]","[0.0432465  0.03919974 0.05025977 0.05050531 0.04450534 0.04588191
 0.05142668 0.04565691 0.04777504 0.04648063 0.04351308 0.04351308
 0.04351308 0.04351308 0.04351308]","[0.0432465  0.08075099 0.12695223 0.17104578 0.20793867 0.24427996
 0.28314413 0.31587355 0.34855772 0.37883716 0.40586587 0.43171848
 0.45644616 0.48009786 0.5027204 ]",1993.0,1997.0,15
2,zerotol,Mississippi,"[1983 1984 1985 1986 1987 1988 1989 1990 1991 1992 1993 1994 1995 1996
 1997 1998]","[0.01758844 0.02918779 0.02842076 0.02665394 0.02925725 0.03827707
 0.02369957 0.02536477 0.02050805 0.02200579 0.0901589  0.08338148
 0.05084041 0.10832916 0.12780476 0.20714404]","[0.01758844 0.04626286 0.0733688  0.09806717 0.12445524 0.15796853
 0.17792431 0.19877608 0.21520761 0.23247759 0.30167656 0.3599038
 0.39244656 0.45826231 0.52749896 0.62537474]",1998.0,1997.0,16
2,zerotol,Missouri,[1983 1984 1985 1986 1987 1988 1989 1990 1991 1992 1993 1994 1995 1996],"[0.02514295 0.0339615  0.03517128 0.04007187 0.03892202 0.04993229
 0.03794856 0.04488069 0.04451623 0.04486939 0.06219781 0.07076052
 0.09105075 0.1136919 ]","[0.02514295 0.05825056 0.09137309 0.12778347 0.1617319  0.20358854
 0.23381121 0.2681983  0.30077535 0.33214913 0.37368799 0.41800616
 0.47099713 0.53114047]",1996.0,1996.0,14
2,zerotol,Montana,"[1983 1984 1985 1986 1987 1988 1989 1990 1991 1992 1993 1994 1995 1996
 1997 1998]","[0.0268532  0.0210362  0.04961458 0.02652843 0.04957841 0.03358909
 0.04578461 0.02316568 0.0338972  0.03977403 0.05189256 0.04343828
 0.06483462 0.06483462 0.06483462 0.06483462]","[0.0268532  0.0473245  0.09459109 0.11861017 0.16230808 0.19044539
 0.22751053 0.24540577 0.2709844  0.29998028 0.3363061  0.36513582
 0.406297   0.44478951 0.48078637 0.51444939]",1995.0,1998.0,16
2,zerotol,Nevada,"[1983 1984 1985 1986 1987 1988 1989 1990 1991 1992 1993 1994 1995 1996
 1997]","[0.01705168 0.01679311 0.02861432 0.0239979  0.04851348 0.03331686
 0.03653728 0.03195003 0.06322262 0.04953418 0.12632772 0.1293493
 0.32753263 0.16884581 0.23865685]","[0.01705168 0.03355845 0.06121251 0.08374144 0.12819234 0.15723823
 0.18803046 0.21397291 0.2636676  0.30014122 0.38855279 0.46764306
 0.64200733 0.70245289 0.77346455]",1997.0,1995.0,15
2,zerotol,New Hampshire,[1983 1984 1985 1986 1987 1988 1989 1990 1991 1992 1993],"[0.07895873 0.08226942 0.08911007 0.0906917  0.07750498 0.0629217
 0.05935708 0.06836363 0.06664931 0.07799903 0.07935237]","[0.07895873 0.15473227 0.23005413 0.29988183 0.35414447 0.3947828
 0.43070673 0.46962568 0.50497476 0.54358625 0.57980377]",1993.0,1991.0,11
2,zerotol,New Jersey,[1983 1984 1985 1986 1987 1988 1989 1990 1991 1992 1993 1994],"[0.05210662 0.05712235 0.05456628 0.05544126 0.05928955 0.06747713
 0.06786172 0.062457   0.05280973 0.05398594 0.05398594 0.05398594]","[0.05210662 0.10625252 0.155021   0.2018677  0.24918861 0.29985121
 0.34736451 0.38812617 0.42043906 0.45172721 0.48132623 0.50932732]",1992.0,1994.0,12
2,zerotol,New Mexico,[1983 1984 1985 1986 1987 1988 1989 1990 1991 1992 1993 1994],"[0.03733964 0.05546047 0.03706651 0.04121058 0.04473758 0.05525634
 0.04841397 0.06804154 0.07000658 0.1223076  0.13626795 0.11550465]","[0.03733964 0.09072924 0.12443273 0.16051537 0.19807188 0.24238349
 0.27906271 0.3281164  0.37515267 0.45157625 0.52630883 0.58102236]",1994.0,1993.0,12
2,zerotol,New York,[1983 1984 1985 1986 1987 1988 1989 1990 1991 1992 1993 1994 1995 1996],"[0.08252978 0.0696825  0.0874413  0.09436514 0.06839971 0.07642164
 0.05581414 0.0527022  0.05133141 0.05734276 0.05469026 0.08257306
 0.16219967 0.1274842 ]","[0.08252978 0.1464614  0.22109592 0.29459731 0.34284665 0.39306738
 0.4269428  0.45714418 0.48500974 0.5145407  0.54109059 0.57898415
 0.64727278 0.69223993]",1996.0,1992.0,14
2,zerotol,North Carolina,"[1983 1984 1985 1986 1987 1988 1989 1990 1991 1992 1993 1994 1995 1996
 1997]","[0.01705057 0.02161441 0.02342965 0.02539448 0.03202452 0.04278418
 0.02525919 0.03568572 0.04173058 0.03564236 0.07969145 0.07826526
 0.07545875 0.07545875 0.07545875]","[0.01705057 0.03829644 0.06082882 0.08467858 0.11399131 0.15189847
 0.17332083 0.20282147 0.2360882  0.26331582 0.32202325 0.37508528
 0.42224056 0.46583757 0.5061448 ]",1995.0,1997.0,15
2,zerotol,North Dakota,"[1983 1984 1985 1986 1987 1988 1989 1990 1991 1992 1993 1994 1995 1996
 1997]","[0.06314805 0.03946013 0.05745456 0.05689068 0.06258045 0.04077644
 0.05405651 0.03526133 0.06176939 0.03665615 0.09538648 0.04255618
 0.1035275  0.0571554  0.13241851]","[0.06314805 0.10011634 0.15181876 0.20007237 0.2501322  0.28070915
 0.3195915  0.34358361 0.38413005 0.40670547 0.46329775 0.48613774
 0.53933662 0.56566602 0.62317988]",1997.0,1995.0,15
2,zerotol,Ohio,[1983 1984 1985 1986 1987 1988 1989 1990 1991 1992 1993 1994 1995 1996],"[0.03644748 0.04042298 0.04215062 0.04786011 0.04218212 0.0493423
 0.04673375 0.04629923 0.04862308 0.05506227 0.05962342 0.06612831
 0.06612831 0.06612831]","[0.03644748 0.07539715 0.11436973 0.15675609 0.1923259  0.2321784
 0.26806158 0.30194977 0.33589112 0.37245846 0.40987463 0.44889862
 0.48534202 0.51937548]",1994.0,1996.0,14
2,zerotol,Oklahoma,"[1983 1984 1985 1986 1987 1988 1989 1990 1991 1992 1993 1994 1995 1996
 1997 1998 1999]","[0.0182911  0.02724415 0.02188665 0.02357024 0.02320016 0.03620639
 0.02630033 0.03598346 0.02705112 0.04945005 0.05127207 0.04231955
 0.04120626 0.0634555  0.0634555  0.0634555  0.0634555 ]","[0.0182911  0.04503692 0.06593786 0.08795394 0.10911355 0.14136933
 0.1639516  0.19403551 0.21583776 0.25461462 0.29283207 0.3227591
 0.35066566 0.3918695  0.43045872 0.46659925 0.50044646]",1996.0,1999.0,17
2,zerotol,Oregon,[1983 1984 1985 1986 1987 1988 1989 1990 1991 1992 1993 1994],"[0.11175323 0.04504256 0.05716667 0.05334719 0.05077444 0.05368943
 0.05822024 0.0542716  0.05165745 0.05165745 0.05165745 0.05165745]","[0.11175323 0.15176213 0.20025307 0.24291732 0.28135777 0.31994126
 0.35953444 0.39429353 0.42558278 0.45525571 0.48339582 0.51008227]",1991.0,1994.0,12
2,zerotol,Pennsylvania,[1983 1984 1985 1986 1987 1988 1989 1990 1991 1992 1993 1994 1995 1996],"[0.05177764 0.04527613 0.05062093 0.05278103 0.05351833 0.05182572
 0.05188178 0.06218681 0.06308488 0.09198755 0.07929005 0.10370816
 0.12500211 0.19394869]","[0.05177764 0.09470947 0.14053612 0.18589951 0.22946881 0.26940215
 0.30730686 0.35038323 0.39136423 0.44735114 0.4911707  0.54394045
 0.60094886 0.6783443 ]",1996.0,1994.0,14
2,zerotol,Rhode Island,[1983 1984 1985 1986 1987 1988 1989 1990 1991 1992 1993 1994 1995],"[0.03575506 0.0390456  0.05354139 0.05411158 0.05522102 0.0489339
 0.05295894 0.04751189 0.05279446 0.05531347 0.04427765 0.05143038
 0.13169265]","[0.03575506 0.07340459 0.1230158  0.1704708  0.21627824 0.2546288
 0.29410287 0.32764138 0.36313819 0.39836523 0.4250042  0.45457645
 0.52640472]",1995.0,1995.0,13
2,zerotol,South Carolina,"[1983 1984 1985 1986 1987 1988 1989 1990 1991 1992 1993 1994 1995 1996
 1997 1998]","[0.0196086  0.03266068 0.02155629 0.02116508 0.03296762 0.0492123
 0.02457408 0.03818094 0.04760967 0.06304045 0.07138702 0.06831108
 0.07174556 0.08059033 0.16622503 0.16705925]","[0.0196086  0.05162885 0.07207221 0.09171187 0.12165597 0.1648813
 0.18540357 0.21650563 0.25380753 0.30084784 0.35075823 0.39510864
 0.43850691 0.48375782 0.56957019 0.64147747]",1998.0,1997.0,16
2,zerotol,South Dakota,"[1983 1984 1985 1986 1987 1988 1989 1990 1991 1992 1993 1994 1995 1996
 1997 1998]","[0.0501234  0.03914902 0.03495289 0.04540623 0.05092386 0.04980385
 0.05562777 0.04595301 0.05055349 0.05756079 0.05774444 0.06449334
 0.10364165 0.11948046 0.16400867 0.19199456]","[0.0501234  0.08731013 0.11921128 0.15920458 0.20202112 0.24176355
 0.28394255 0.31684754 0.35138328 0.38871817 0.4240163  0.46116341
 0.51700933 0.57471728 0.64446733 0.71272767]",1998.0,1995.0,16
2,zerotol,Tennessee,"[1983 1984 1985 1986 1987 1988 1989 1990 1991 1992 1993 1994 1995 1996
 1997 1998]","[0.01675493 0.03118823 0.02990409 0.03377351 0.03314818 0.04112518
 0.05569887 0.04054442 0.03890179 0.04820979 0.05157972 0.05157972
 0.05157972 0.05157972 0.05157972 0.05157972]","[0.01675493 0.0474206  0.07590663 0.1071165  0.13671397 0.17221676
 0.21832335 0.25001597 0.2791917  0.31394171 0.3493284  0.38288986
 0.41472023 0.44490879 0.47354024 0.50069489]",1993.0,1998.0,16
2,zerotol,Texas,"[1983 1984 1985 1986 1987 1988 1989 1990 1991 1992 1993 1994 1995 1996
 1997]","[0.02429266 0.01657682 0.02445017 0.01709806 0.02635769 0.02068597
 0.0235389  0.01994499 0.02825799 0.03078672 0.08949794 0.04411074
 0.11957826 0.09318077 0.2550947 ]","[0.02429266 0.04046679 0.06392754 0.07993256 0.10418342 0.12271425
 0.14336459 0.16045017 0.18417416 0.20929076 0.28005761 0.3118148
 0.39410679 0.45056438 0.5907225 ]",1997.0,1997.0,15
2,zerotol,Utah,[1983 1984 1985 1986 1987 1988 1989 1990 1991 1992 1993],"[0.15595176 0.09940172 0.08592893 0.09143814 0.03033247 0.03129446
 0.02937224 0.0555139  0.03613245 0.04156281 0.04156281]","[0.15595176 0.23985161 0.30517035 0.36870428 0.38785303 0.40700984
 0.42442729 0.45637958 0.47602192 0.49779992 0.51867276]",1992.0,1993.0,11
2,zerotol,Vermont,[1989 1990 1991 1992 1993 1994 1995 1996 1997],"[0.07228985 0.06192491 0.11419651 0.09677713 0.06532358 0.06022563
 0.0870321  0.08806658 0.09659625]","[0.07228985 0.12973822 0.22911907 0.30372272 0.34920604 0.38840052
 0.44162931 0.4908031  0.53998961]",1997.0,1997.0,9
2,zerotol,Virginia,[1983 1984 1985 1986 1987 1988 1989 1990 1991 1992 1993 1994 1995],"[0.01637156 0.02421146 0.02458985 0.02169099 0.02401584 0.0376774
 0.02760347 0.05127345 0.04149584 0.04647258 0.07931479 0.136854
 0.136854  ]","[0.01637156 0.04018664 0.06378831 0.08409567 0.10609188 0.13977201
 0.1635173  0.20640665 0.23933747 0.27468743 0.33221544 0.42360443
 0.50248647]",1994.0,1995.0,13
2,zerotol,Washington,[1983 1984 1985 1986 1987 1988 1989 1990 1991 1992 1993 1994],"[0.02992849 0.04350565 0.0539842  0.05539408 0.04799895 0.05728768
 0.05082923 0.05669218 0.14267503 0.09553958 0.08942938 0.15545269]","[0.02992849 0.07213208 0.12222229 0.17084598 0.2106445  0.25586485
 0.29368867 0.333731   0.42879095 0.48336402 0.52956645 0.60269661]",1994.0,1993.0,12
2,zerotol,West Virginia,[1983 1984 1985 1986 1987 1988 1989 1990 1991 1992 1993 1994 1995],"[0.02011305 0.03236967 0.03113419 0.03698342 0.04409992 0.05189516
 0.0428295  0.05907865 0.05953548 0.09309871 0.05698154 0.10367192
 0.10367192]","[0.02011305 0.05183167 0.08135212 0.11532686 0.15434088 0.19822649
 0.23256605 0.27790501 0.32089529 0.38411906 0.41921291 0.47942422
 0.53339332]",1994.0,1995.0,13
2,zerotol,Wisconsin,"[1983 1984 1985 1986 1987 1988 1989 1990 1991 1992 1993 1994 1995 1996
 1997]","[0.02431646 0.03824518 0.04759675 0.04116362 0.04483177 0.05119233
 0.05207991 0.04668305 0.04683179 0.05276858 0.06412717 0.07377972
 0.15656402 0.14976306 0.18586114]","[0.02431646 0.06163164 0.10629493 0.14308307 0.18150017 0.22340109
 0.26384629 0.29821219 0.33107816 0.36637622 0.40700872 0.45075945
 0.53675076 0.60612838 0.67933381]",1997.0,1995.0,15
2,zerotol,Wyoming,"[1983 1984 1985 1986 1987 1988 1989 1990 1991 1992 1993 1994 1995 1996
 1997 1998]","[0.03059717 0.02852517 0.03090548 0.02828336 0.02899061 0.02956023
 0.02611908 0.02941631 0.02758265 0.05575502 0.05587956 0.07514609
 0.09520574 0.10043089 0.21902567 0.25870637]","[0.03059717 0.05824955 0.0873548  0.11316747 0.13887729 0.16433227
 0.18615915 0.21009934 0.23188689 0.27471305 0.31524177 0.36669867
 0.4269926  0.48454024 0.59743916 0.70158422]",1998.0,1997.0,16
3,antistalk,Alabama,[1990 1991 1992 1993 1994 1995 1996],"[0.00889764 0.01898548 0.12756721 0.12756721 0.12756721 0.12756721
 0.12756721]","[0.00889764 0.02771419 0.15174598 0.25995538 0.3543608  0.43672319
 0.50857884]",1992.0,1996.0,7
3,antistalk,Arizona,[1990 1991 1992 1993 1994],[0.06225536 0.04360511 0.09769892 0.22118479 0.22118479],[0.06225536 0.10314582 0.19076751 0.36975742 0.5091575 ],1993.0,1994.0,5
3,antistalk,Arkansas,[1990 1991 1992 1993 1994 1995],[0.01788985 0.02333214 0.10580473 0.17605784 0.17605784 0.17605784],[0.01788985 0.04080458 0.142292   0.29329821 0.4177186  0.5202338 ],1993.0,1995.0,6
3,antistalk,California,[1990],[0.59878975],[0.59878975],1990.0,1990.0,1
3,antistalk,Colorado,[1990 1991 1992 1993 1994 1995],[0.03010211 0.03112562 0.15691096 0.23106574 0.37630934 0.4421985 ],[0.03010211 0.06029078 0.20774146 0.39080527 0.62005094 0.78806384],1995.0,1994.0,6
3,antistalk,Connecticut,[1990 1991 1992 1993 1994 1995],[0.08552779 0.04141565 0.15535004 0.15535004 0.15535004 0.15535004],[0.08552779 0.12340125 0.2595809  0.37460503 0.47176016 0.55382224],1992.0,1995.0,6
3,antistalk,Delaware,[1990 1991 1992 1993 1994 1995 1996 1997 1998 1999 2000 2001],"[0.04064884 0.03179128 0.06020473 0.06020473 0.06020473 0.06020473
 0.06020473 0.06020473 0.06020473 0.06020473 0.06020473 0.06020473]","[0.04064884 0.07114784 0.12706913 0.17962369 0.22901422 0.27543121
 0.31905368 0.36004986 0.39857789 0.43478634 0.46881487 0.50079473]",1992.0,2001.0,12
3,antistalk,Florida,[1990 1991 1992 1993 1994 1995 1996],"[0.04654872 0.08937133 0.11229873 0.11229873 0.11229873 0.11229873
 0.11229873]","[0.04654872 0.13175993 0.22926219 0.31581506 0.39264816 0.460853
 0.52139852]",1992.0,1996.0,7
3,antistalk,Georgia,[1990 1991 1992 1993 1994],[0.0176257  0.02038118 0.17296892 0.2352658  0.2352658 ],[0.0176257  0.03764765 0.20410469 0.39135164 0.53454578],1993.0,1994.0,5
3,antistalk,Idaho,[1990 1991 1992 1993 1994 1995 1996 1997],"[0.01067676 0.01300678 0.11958468 0.11958468 0.11958468 0.11958468
 0.11958468 0.11958468]","[0.01067676 0.02354467 0.14031377 0.24311907 0.33363044 0.41331803
 0.48347621 0.54524454]",1992.0,1997.0,8
3,antistalk,Illinois,[1990 1991 1992 1993 1994 1995 1996 1997],"[0.03113788 0.0424995  0.09798831 0.09798831 0.09798831 0.09798831
 0.09798831 0.09798831]","[0.03113788 0.07231404 0.16321642 0.24521142 0.31917188 0.38588507
 0.44606116 0.50034069]",1992.0,1997.0,8
3,antistalk,Indiana,[1990 1991 1992 1993 1994],[0.02668244 0.02707751 0.15801528 0.21950063 0.21950063],[0.02668244 0.05303746 0.202672   0.377686   0.51428432],1993.0,1994.0,5
3,antistalk,Iowa,[1990 1991 1992 1993 1994 1995],[0.05030156 0.02789191 0.0853459  0.19407124 0.2376274  0.2376274 ],[0.05030156 0.07679047 0.15558262 0.31945975 0.48117476 0.60446186],1994.0,1995.0,6
3,antistalk,Kansas,[1990 1991 1992 1993 1994 1995 1996 1997 1998 1999 2000 2001],"[0.01588518 0.01628738 0.06677315 0.06677315 0.06677315 0.06677315
 0.06677315 0.06677315 0.06677315 0.06677315 0.06677315 0.06677315]","[0.01588518 0.03191384 0.096556   0.1568818  0.21317946 0.26571795
 0.31474828 0.36050469 0.40320581 0.44305564 0.48024457 0.51495028]",1992.0,2001.0,12
3,antistalk,Kentucky,[1990 1991 1992 1993 1994 1995],[0.01457499 0.0112072  0.16914897 0.16914897 0.16914897 0.16914897],[0.01457499 0.02561884 0.19043441 0.32737159 0.44114599 0.53567557],1992.0,1995.0,6
3,antistalk,Louisiana,[1990 1991 1992 1993 1994 1995 1996],"[0.01035317 0.01860358 0.12957799 0.12957799 0.12957799 0.12957799
 0.12957799]","[0.01035317 0.02876415 0.15461494 0.26415824 0.35950714 0.44250092
 0.51474053]",1992.0,1996.0,7
3,antistalk,Maine,[1990 1991 1992 1993 1994 1995],[0.02991515 0.02325799 0.02356809 0.11308994 0.1699636  0.28886632],[0.02991515 0.05247738 0.07480868 0.17943851 0.31890409 0.51564976],1995.0,1995.0,6
3,antistalk,Maryland,[1990 1991 1992 1993 1994],[0.04464417 0.02961155 0.16903412 0.28978586 0.28978586],[0.04464417 0.07293373 0.22963957 0.45287913 0.61142702],1993.0,1994.0,5
3,antistalk,Massachusetts,[1990 1991 1992 1993 1994 1995 1996 1997 1998],"[0.02833368 0.02763317 0.09437879 0.09437879 0.09437879 0.09437879
 0.09437879 0.09437879 0.09437879]","[0.02833368 0.05518391 0.14435451 0.2251093  0.29824254 0.36447357
 0.42445378 0.47877314 0.5279659 ]",1992.0,1998.0,9
3,antistalk,Michigan,[1990 1991 1992 1993 1994],[0.02288374 0.03098149 0.11159564 0.25481921 0.25481921],[0.02288374 0.05315626 0.15881989 0.37316874 0.53289739],1993.0,1994.0,5
3,antistalk,Minnesota,[1990 1991 1992 1993 1994 1995],[0.0357634  0.02538136 0.04782455 0.21601368 0.21601368 0.21601368],[0.0357634  0.06023704 0.10518078 0.29847397 0.45001319 0.56881787],1993.0,1995.0,6
3,antistalk,Mississippi,[1990 1991 1992 1993 1994 1995],[0.01378608 0.01302514 0.16403443 0.16403443 0.16403443 0.16403443],[0.01378608 0.02663165 0.18629758 0.31977279 0.43135347 0.52463108],1992.0,1995.0,6
3,antistalk,Missouri,[1990 1991 1992 1993 1994 1995],[0.02380993 0.02280107 0.11074535 0.22191096 0.22191096 0.22191096],[0.02380993 0.04606811 0.15171163 0.33995612 0.48642709 0.60039455],1993.0,1995.0,6
3,antistalk,Montana,[1990 1991 1992 1993 1994 1995 1996 1997],"[0.01367507 0.05058676 0.11150571 0.11150571 0.11150571 0.11150571
 0.11150571 0.11150571]","[0.01367507 0.06357005 0.16798734 0.2607615  0.34319081 0.41642878
 0.48150031 0.53931598]",1992.0,1997.0,8
3,antistalk,Nevada,[1990 1991 1992 1993 1994],[0.03050157 0.04509383 0.11116498 0.23549493 0.23549493],[0.03050157 0.07421997 0.17713429 0.37091499 0.51906132],1993.0,1994.0,5
3,antistalk,New Hampshire,[1990 1991 1992 1993 1994 1995],[0.03846488 0.03409995 0.11351907 0.21178678 0.21178678 0.21178678],[0.03846488 0.07125319 0.17668366 0.35105118 0.48848997 0.59682103],1993.0,1995.0,6
3,antistalk,New Jersey,[1990 1991 1992 1993],[0.10205883 0.08741307 0.20150499 0.40232145],[0.10205883 0.18055062 0.34567376 0.60892324],1993.0,1993.0,4
3,antistalk,New Mexico,[1990 1991 1992 1993 1994 1995 1996],"[0.01536606 0.01608533 0.09875031 0.15948051 0.15948051 0.15948051
 0.15948051]","[0.01536606 0.03120422 0.12687311 0.26611983 0.38315942 0.48153347
 0.56421878]",1993.0,1996.0,7
3,antistalk,New York,[1990 1991 1992 1993 1994],[0.03206498 0.0345342  0.12215885 0.25409089 0.25409089],[0.03206498 0.06549185 0.17965029 0.38809368 0.5435735 ],1993.0,1994.0,5
3,antistalk,North Carolina,[1990 1991 1992 1993 1994 1995],[0.01182293 0.02244512 0.13377406 0.20966848 0.20966848 0.20966848],[0.01182293 0.03400268 0.16322806 0.33867276 0.47733223 0.58691919],1993.0,1995.0,6
3,antistalk,North Dakota,[1990 1991 1992 1993 1994 1995],[0.02225556 0.06024065 0.10132191 0.15871587 0.15871587 0.15871587],[0.02225556 0.08115552 0.17425459 0.3053135  0.41557127 0.50832939],1993.0,1995.0,6
3,antistalk,Ohio,[1990 1991 1992 1993 1994 1995 1996 1997 1998],"[0.02676755 0.02559259 0.09175398 0.09175398 0.09175398 0.09175398
 0.09175398 0.09175398 0.09175398]","[0.02676755 0.05167509 0.13868767 0.2177165  0.28949413 0.35468587
 0.41389601 0.46767338 0.51651647]",1992.0,1998.0,9
3,antistalk,Oklahoma,"[1990 1991 1992 1993 1994 1995 1996 1997 1998 1999 2000 2001 2002 2003
 2004 2005 2006 2007 2008 2009 2010]","[0.01617653 0.016569   0.03481076 0.03481076 0.03481076 0.03481076
 0.03481076 0.03481076 0.03481076 0.03481076 0.03481076 0.03481076
 0.03481076 0.03481076 0.03481076 0.03481076 0.03481076 0.03481076
 0.03481076 0.03481076 0.03481076]","[0.01617653 0.0324775  0.0661577  0.09866546 0.1300416  0.16032551
 0.18955521 0.21776741 0.24499752 0.27127973 0.29664704 0.32113129
 0.34476322 0.36757251 0.38958779 0.41083671 0.43134593 0.45114121
 0.4702474  0.48868849 0.50648763]",1992.0,2010.0,21
3,antistalk,Oregon,[1990 1991 1992 1993 1994],[0.04989093 0.0625016  0.14434974 0.24978848 0.24978848],[0.04989093 0.10927426 0.23785029 0.42822651 0.57104894],1993.0,1994.0,5
3,antistalk,Pennsylvania,[1990 1991 1992 1993 1994 1995],[0.0322669  0.03462217 0.10300016 0.21945355 0.21945355 0.21945355],[0.0322669  0.06577191 0.16199756 0.34590017 0.4894447  0.60148787],1993.0,1995.0,6
3,antistalk,Rhode Island,[1990 1991 1992 1993 1994 1995],[0.01578468 0.02684465 0.16296649 0.16296649 0.16296649 0.16296649],[0.01578468 0.0422056  0.19829399 0.32894521 0.43830465 0.52984217],1992.0,1995.0,6
3,antistalk,South Carolina,"[1990 1991 1992 1993 1994 1995 1996 1997 1998 1999 2000 2001 2002 2003
 2004 2005 2006 2007 2008 2009 2010 2011]","[0.01308453 0.02281981 0.03311256 0.03311256 0.03311256 0.03311256
 0.03311256 0.03311256 0.03311256 0.03311256 0.03311256 0.03311256
 0.03311256 0.03311256 0.03311256 0.03311256 0.03311256 0.03311256
 0.03311256 0.03311256 0.03311256 0.03311256]","[0.01308453 0.03560576 0.06753932 0.09841548 0.12826925 0.15713449
 0.18504392 0.2120292  0.23812093 0.2633487  0.28774111 0.31132582
 0.33412959 0.35617826 0.37749685 0.39810952 0.41803965 0.43730985
 0.45594196 0.47395712 0.49137574 0.50821759]",1992.0,2011.0,22
3,antistalk,South Dakota,"[1990 1991 1992 1993 1994 1995 1996 1997 1998 1999 2000 2001 2002 2003
 2004 2005 2006 2007 2008 2009 2010 2011]","[0.02094089 0.02064035 0.03293683 0.03293683 0.03293683 0.03293683
 0.03293683 0.03293683 0.03293683 0.03293683 0.03293683 0.03293683
 0.03293683 0.03293683 0.03293683 0.03293683 0.03293683 0.03293683
 0.03293683 0.03293683 0.03293683 0.03293683]","[0.02094089 0.04114901 0.07273052 0.10327184 0.13280722 0.1613698
 0.18899162 0.21570366 0.2415359  0.2665173  0.29067589 0.31403878
 0.33663216 0.3584814  0.37961099 0.40004463 0.41980526 0.43891503
 0.45739539 0.47526707 0.49255011 0.5092639 ]",1992.0,2011.0,22
3,antistalk,Tennessee,[1990 1991 1992 1993 1994 1995 1996 1997],"[0.01834105 0.02410477 0.10326283 0.10326283 0.10326283 0.10326283
 0.10326283 0.10326283]","[0.01834105 0.04200371 0.14092912 0.22963922 0.30918885 0.38052397
 0.44449282 0.50185607]",1992.0,1997.0,8
3,antistalk,Texas,[1990 1991 1992 1993 1994 1995],[0.011401   0.01498522 0.06650877 0.2002536  0.26462694 0.38753075],[0.011401   0.02621538 0.09098059 0.273015   0.46539482 0.67257077],1995.0,1995.0,6
3,antistalk,Utah,"[1990 1991 1992 1993 1994 1995 1996 1997 1998 1999 2000 2001 2002 2003
 2004 2005 2006 2007 2008 2009 2010 2011]","[0.01619599 0.01490977 0.02773083 0.02773083 0.02773083 0.02773083
 0.02773083 0.02773083 0.02773083 0.02773083 0.02773083 0.02773083
 0.02773083 0.02773083 0.02773083 0.02773083 0.02773083 0.02773083
 0.02773083 0.02773083 0.02773083 0.02773083]","[0.01619599 0.03086428 0.05773922 0.08386889 0.10927397 0.13397454
 0.15799014 0.18133978 0.2040419  0.22611448 0.24757497 0.26844034
 0.2887271  0.30845129 0.32762851 0.34627393 0.36440229 0.38202795
 0.39916482 0.41582648 0.4320261  0.44777649]",1992.0,,22
3,antistalk,Vermont,[1990 1991 1992 1993 1994 1995],[0.04190656 0.02876594 0.10757211 0.19581451 0.19581451 0.19581451],[0.04190656 0.06946702 0.16956641 0.33217736 0.46294673 0.56810956],1993.0,1995.0,6
3,antistalk,Virginia,[1990 1991 1992 1993 1994 1995 1996],"[0.01514388 0.02342128 0.14792052 0.14792052 0.14792052 0.14792052
 0.14792052]","[0.01514388 0.03821047 0.18047888 0.30170287 0.40499534 0.49300874
 0.56800315]",1992.0,1996.0,7
3,antistalk,Washington,[1990 1991 1992 1993 1994 1995],[0.05847029 0.04051202 0.1553973  0.1553973  0.1553973  0.1553973 ],[0.05847029 0.09661356 0.23699737 0.35556592 0.45570923 0.54029054],1992.0,1995.0,6
3,antistalk,West Virginia,[1990 1991 1992 1993 1994 1995 1996 1997 1998],"[0.02490858 0.02393274 0.09956143 0.09956143 0.09956143 0.09956143
 0.09956143 0.09956143 0.09956143]","[0.02490858 0.04824519 0.14300326 0.22832708 0.30515593 0.3743356
 0.43662764 0.49271779 0.54322353]",1992.0,1998.0,9
3,antistalk,Wisconsin,[1990 1991 1992 1993 1994],[0.02495526 0.02624684 0.05841683 0.28735176 0.28735176],[0.02495526 0.05054711 0.10601114 0.36290041 0.5459721 ],1993.0,1994.0,5
3,antistalk,Wyoming,[1990 1991 1992 1993 1994 1995],[0.01258013 0.01637517 0.17260155 0.19506467 0.19506467 0.19506467],[0.01258013 0.0287493  0.19638868 0.35314485 0.47932344 0.58088904],1993.0,1995.0,6
3,dui,Alabama,"[1983 1984 1985 1986 1987 1988 1989 1990 1991 1992 1993 1994 1995 1996
 1997 1998]","[0.02148326 0.02101851 0.02012068 0.0267505  0.03348073 0.03133928
 0.01977506 0.02797091 0.02354853 0.02332312 0.03644024 0.10733033
 0.08329956 0.08329956 0.08329956 0.08329956]","[0.02148326 0.04205022 0.06132482 0.08643485 0.11702168 0.14469358
 0.16160731 0.18505792 0.20424861 0.22280801 0.25112908 0.33150564
 0.38719092 0.43823765 0.4850322  0.52792879]",1995.0,1998.0,16
3,dui,Arizona,"[1983 1984 1985 1986 1987 1988 1989 1990 1991 1992 1993 1994 1995 1996
 1997 1998 1999 2000 2001]","[0.04149696 0.08376601 0.04551006 0.0576283  0.08182152 0.05317401
 0.07307614 0.10199887 0.05869557 0.04829189 0.08204326 0.16702616
 0.1543201  0.19229179 0.25585378 0.26941528 0.22355935 0.19663275
 0.19457179]","[0.04149696 0.12178694 0.16175446 0.21006113 0.27469513 0.31326249
 0.36344662 0.42837434 0.46192624 0.48791084 0.5299243  0.60843924
 0.66886494 0.73253949 0.80097027 0.85459192 0.88709926 0.90929924
 0.92694705]",2001.0,1993.0,19
3,dui,Arkansas,"[1983 1984 1985 1986 1987 1988 1989 1990 1991 1992 1993 1994 1995 1996
 1997 1998 1999 2000 2001]","[0.07519377 0.01068903 0.02142401 0.01989823 0.03129199 0.02480293
 0.0628933  0.02439472 0.03149496 0.01949935 0.05001865 0.03892379
 0.05833853 0.03085319 0.10167325 0.05084461 0.09456096 0.05667271
 0.17435711]","[0.07519377 0.08507905 0.10468033 0.1224956  0.14995446 0.17103807
 0.22317422 0.24212467 0.26599392 0.28030656 0.31630466 0.34291667
 0.38124995 0.40034036 0.46130971 0.4886992  0.5370483  0.56328503
 0.63942939]",2001.0,1999.0,19
3,dui,California,[1983 1984 1985 1986 1987 1988 1989 1990],"[0.05909265 0.05961721 0.06223315 0.08113758 0.08931274 0.16362117
 0.0804205  0.0804205 ]","[0.05909265 0.11518692 0.17025163 0.2375754  0.30566963 0.41927678
 0.46597883 0.50892508]",1989.0,1990.0,8
3,dui,Colorado,"[1983 1984 1985 1986 1987 1988 1989 1990 1991 1992 1993 1994 1995 1996
 1997 1998 1999 2000 2001 2002 2003 2004]","[0.03880812 0.04311781 0.03621225 0.04135429 0.04102041 0.04125524
 0.02250665 0.04868315 0.02812844 0.03287181 0.08895822 0.19531975
 0.19403614 0.15825322 0.25693276 0.21229666 0.23994059 0.19937703
 0.28470176 0.23189936 0.25156057 0.20346034]","[0.03880812 0.08025261 0.11355873 0.15021688 0.18507534 0.21869525
 0.23627981 0.27346011 0.29389655 0.31710744 0.37785635 0.49937329
 0.59651296 0.66036609 0.74762917 0.80120665 0.84890525 0.87903007
 0.91347042 0.93353658 0.95025615 0.96037705]",2004.0,1995.0,22
3,dui,Connecticut,"[1983 1984 1985 1986 1987 1988 1989 1990 1991 1992 1993 1994 1995 1996
 1997 1998 1999 2000 2001 2002]","[0.01369553 0.01465474 0.01640719 0.02191031 0.02477331 0.0446604
 0.08078955 0.08062004 0.07970726 0.06832783 0.08966432 0.15295475
 0.15887337 0.1524387  0.1259315  0.1159471  0.12753135 0.16329667
 0.12383128 0.12530667]","[0.01369553 0.02814956 0.04409489 0.06503907 0.08820115 0.12892244
 0.19929641 0.26384916 0.32252572 0.36881607 0.42541075 0.5132969
 0.59062107 0.65302626 0.69672118 0.73188548 0.76607848 0.80427709
 0.82851371 0.85000208]",2002.0,1994.0,20
3,dui,Delaware,"[1983 1984 1985 1986 1987 1988 1989 1990 1991 1992 1993 1994 1995 1996
 1997 1998 1999 2000 2001 2002 2003 2004]","[0.02037132 0.03029697 0.03962422 0.03672255 0.03029679 0.04420241
 0.04705215 0.07559448 0.04972963 0.04764657 0.0600962  0.10923193
 0.15126866 0.12201627 0.1550207  0.13634815 0.14597694 0.16993956
 0.11967307 0.15013028 0.18338282 0.22007226]","[0.02037132 0.0500511  0.08769209 0.12119436 0.14781935 0.18548779
 0.22381234 0.28248785 0.31816946 0.35065635 0.38967944 0.45634593
 0.53858376 0.59488405 0.6576854  0.70435937 0.74751608 0.79042309
 0.8155038  0.84320227 0.87195628 0.90013515]",2004.0,1995.0,22
3,dui,Florida,"[1983 1984 1985 1986 1987 1988 1989 1990 1991 1992 1993 1994 1995 1996
 1997]","[0.02848957 0.02496173 0.04373044 0.04497399 0.05667634 0.07223927
 0.03515791 0.05394899 0.04834384 0.03098303 0.0519544  0.0519544
 0.0519544  0.0519544  0.0519544 ]","[0.02848957 0.05274015 0.09416424 0.13490328 0.1839338  0.24288583
 0.26950438 0.30891388 0.34232363 0.36270044 0.39581096 0.42720124
 0.45696066 0.48517394 0.51192142]",1993.0,1997.0,15
3,dui,Georgia,"[1983 1984 1985 1986 1987 1988 1989 1990 1991 1992 1993 1994 1995 1996
 1997 1998 1999 2000 2001]","[0.03168667 0.03525153 0.02667646 0.03155378 0.03809383 0.03292383
 0.02222236 0.03213076 0.02609321 0.02621141 0.0906222  0.16429466
 0.15502759 0.13814418 0.27958839 0.22890707 0.24796961 0.22719979
 0.20308991]","[0.03168667 0.06582119 0.09074178 0.11943231 0.15297651 0.18086377
 0.19906691 0.22480149 0.24502891 0.26481776 0.33144159 0.44128217
 0.52789885 0.59311687 0.70687667 0.77397468 0.83002209 0.86864103
 0.89531871]",2001.0,1995.0,19
3,dui,Idaho,"[1983 1984 1985 1986 1987 1988 1989 1990 1991 1992 1993 1994 1995 1996
 1997]","[0.1410385  0.19672067 0.21678839 0.12266078 0.11366411 0.08079805
 0.10600512 0.09714864 0.05695428 0.05824277 0.0662881  0.20497713
 0.13403768 0.14637805 0.14694017]","[0.1410385  0.31001398 0.45959494 0.52588145 0.57977171 0.61372534
 0.65467243 0.68822053 0.70597771 0.72310238 0.7414574  0.79445272
 0.8220038  0.84805854 0.87038484]",1997.0,1986.0,15
3,dui,Illinois,"[1983 1984 1985 1986 1987 1988 1989 1990 1991 1992 1993 1994 1995 1996
 1997]","[0.01655704 0.01767149 0.01906739 0.02206136 0.02845184 0.05330978
 0.03982442 0.05372891 0.0393757  0.04802751 0.06553747 0.10524664
 0.23293587 0.20053365 0.13757488]","[0.01655704 0.03393595 0.05235626 0.07326257 0.09962995 0.14762848
 0.18157368 0.22554683 0.25604147 0.29177194 0.33818741 0.40784096
 0.54577605 0.63686323 0.68682173]",1997.0,1995.0,15
3,dui,Indiana,"[1983 1984 1985 1986 1987 1988 1989 1990 1991 1992 1993 1994 1995 1996
 1997 1998 1999 2000 2001]","[0.02164389 0.02506332 0.0235462  0.02466931 0.03107654 0.03424725
 0.02353312 0.05069987 0.02786425 0.02679408 0.03933717 0.08135424
 0.06728836 0.05941348 0.19128375 0.16272574 0.15503282 0.18444137
 0.1760665 ]","[0.02164389 0.04616474 0.06862394 0.09160034 0.11983026 0.14997366
 0.16997743 0.21205946 0.23401484 0.2545387  0.28386304 0.34212382
 0.38639123 0.42284786 0.53324768 0.6092003  0.66978708 0.730692
 0.77810812]",2001.0,1997.0,19
3,dui,Iowa,"[1983 1984 1985 1986 1987 1988 1989 1990 1991 1992 1993 1994 1995 1996
 1997 1998 1999 2000 2001 2002 2003]","[0.01756073 0.02416469 0.01479741 0.02151909 0.02854858 0.03522378
 0.02289378 0.04709739 0.03100931 0.02356001 0.03526688 0.05335358
 0.09361893 0.06048888 0.12815635 0.13494722 0.14299947 0.13185164
 0.13025174 0.14484063 0.28491928]","[0.01756073 0.04130108 0.05548733 0.07581239 0.10219663 0.13382066
 0.15365078 0.19351161 0.21852026 0.23693193 0.26384296 0.30311958
 0.36836077 0.40656792 0.48262001 0.552439   0.61643998 0.667013
 0.71038514 0.75233314 0.8228982 ]",2003.0,1998.0,21
3,dui,Kansas,"[1983 1984 1985 1986 1987 1988 1989 1990 1991 1992 1993 1994 1995 1996
 1997 1998 1999 2000 2001 2002 2003 2004 2005 2006 2007 2008]","[0.02843595 0.0213995  0.02131306 0.02507841 0.03097497 0.03320996
 0.02084009 0.02984312 0.02912645 0.02582063 0.02720001 0.02720001
 0.02720001 0.02720001 0.02720001 0.02720001 0.02720001 0.02720001
 0.02720001 0.02720001 0.02720001 0.02720001 0.02720001 0.02720001
 0.02720001 0.02720001]","[0.02843595 0.04922693 0.06949082 0.09282651 0.12092619 0.1501202
 0.16783177 0.19266627 0.21618103 0.23641973 0.25718913 0.27739359
 0.2970485  0.31616879 0.334769   0.3528633  0.37046542 0.38758877
 0.40424637 0.42045087 0.43621462 0.45154959 0.46646745 0.48097954
 0.4950969  0.50883027]",1993.0,2008.0,26
3,dui,Kentucky,"[1983 1984 1985 1986 1987 1988 1989 1990 1991 1992 1993 1994 1995 1996
 1997 1998 1999 2000]","[0.01146818 0.01656663 0.01443082 0.02312139 0.01492562 0.02882685
 0.01078322 0.03080227 0.01309106 0.02366936 0.0210964  0.07005099
 0.03818223 0.05377976 0.07060203 0.13217078 0.12182276 0.12927616]","[0.01146818 0.02784483 0.04187383 0.06402704 0.07799702 0.10457546
 0.11423102 0.14151471 0.1527532  0.17280699 0.19025778 0.24698103
 0.27573297 0.31468387 0.36306858 0.44725231 0.51458956 0.57734156]",2000.0,1999.0,18
3,dui,Louisiana,"[1983 1984 1985 1986 1987 1988 1989 1990 1991 1992 1993 1994 1995 1996
 1997 1998 1999 2000 2001]","[0.02587557 0.0271214  0.03104743 0.03192678 0.03310082 0.02440512
 0.02169339 0.03022655 0.02623622 0.03263479 0.02625419 0.09216444
 0.06290994 0.06889123 0.11511461 0.10470197 0.14966026 0.10150247
 0.166268  ]","[0.02587557 0.05229518 0.08171898 0.11103673 0.14046215 0.16143927
 0.17963049 0.20442744 0.22530025 0.25058242 0.27025777 0.33751406
 0.37919101 0.4219593  0.48850023 0.54205526 0.61059139 0.65011733
 0.70829162]",2001.0,1998.0,19
3,dui,Maine,"[1983 1984 1985 1986 1987 1988 1989 1990 1991 1992 1993 1994 1995 1996
 1997 1998 1999 2000 2001 2002 2003 2004 2005 2006]","[0.02367228 0.01618335 0.02159372 0.01600759 0.03007874 0.03102578
 0.03102578 0.03102578 0.03102578 0.03102578 0.03102578 0.03102578
 0.03102578 0.03102578 0.03102578 0.03102578 0.03102578 0.03102578
 0.03102578 0.03102578 0.03102578 0.03102578 0.03102578 0.03102578]","[0.02367228 0.03947253 0.06021389 0.0752576  0.10307269 0.13090056
 0.15786505 0.18399294 0.2093102  0.23384197 0.25761262 0.28064577
 0.3029643  0.32459038 0.34554549 0.36585045 0.38552544 0.40458999
 0.42306306 0.44096298 0.45830754 0.47511397 0.49139897 0.50717871]",1988.0,2006.0,24
3,dui,Maryland,"[1983 1984 1985 1986 1987 1988 1989 1990 1991 1992 1993 1994 1995 1996
 1997 1998 1999 2000 2001]","[0.0151607  0.01483411 0.02605979 0.02242929 0.02711313 0.03633795
 0.06462812 0.13281993 0.0827979  0.06171342 0.08178798 0.12094114
 0.14999977 0.18183617 0.13324042 0.10103475 0.11955091 0.1153128
 0.10614963]","[0.0151607  0.02976991 0.0550539  0.07624837 0.10129417 0.13395129
 0.18992239 0.29751684 0.35568097 0.3954441  0.44488951 0.5120252
 0.58522131 0.66064308 0.70585914 0.73557759 0.76718953 0.79403555
 0.8158986 ]",2001.0,1994.0,19
3,dui,Massachusetts,"[1983 1984 1985 1986 1987 1988 1989 1990 1991 1992 1993 1994 1995 1996
 1997 1998 1999 2000 2001 2002 2003]","[0.0475337  0.0261009  0.03330486 0.02327789 0.02666845 0.04100518
 0.04258077 0.03118467 0.06332021 0.12374601 0.08727744 0.15014127
 0.1474041  0.14810066 0.12388813 0.11276094 0.1268049  0.12453598
 0.13959817 0.15080326 0.14197505]","[0.0475337  0.07239393 0.10328772 0.1241613  0.14751856 0.18247472
 0.21728557 0.24169427 0.28971035 0.37760586 0.43192682 0.51721805
 0.58838209 0.64934297 0.69278522 0.72742704 0.76199063 0.79163136
 0.82071924 0.84775536 0.8693703 ]",2003.0,1994.0,21
3,dui,Michigan,"[1983 1984 1985 1986 1987 1988 1989 1990 1991 1992 1993 1994 1995 1996
 1997 1998 1999 2000 2001 2002 2003]","[0.01995555 0.01859369 0.0216238  0.01770289 0.02094388 0.04996526
 0.04401349 0.04783314 0.04870791 0.03726247 0.06367628 0.15734763
 0.21078087 0.16350234 0.18829936 0.16284167 0.21790845 0.17414202
 0.1254836  0.14143044 0.2565587 ]","[0.01995555 0.03817819 0.05897644 0.07563528 0.09499506 0.14021386
 0.17805606 0.21737222 0.25549238 0.28323457 0.32887553 0.43447538
 0.55367715 0.62665198 0.69695317 0.74630183 0.8015848  0.83613722
 0.85669931 0.87696639 0.90853173]",2003.0,1995.0,21
3,dui,Minnesota,"[1983 1984 1985 1986 1987 1988 1989 1990 1991 1992 1993 1994 1995 1996
 1997 1998 1999 2000 2001 2002 2003 2004]","[0.02210697 0.02168027 0.02348798 0.02047673 0.02316076 0.03625837
 0.03758656 0.05388818 0.04265436 0.03917611 0.09107276 0.08119297
 0.09018764 0.10164687 0.12176587 0.12108839 0.15684412 0.11969547
 0.08634465 0.11922017 0.27693683 0.23492764]","[0.02210697 0.04330795 0.06577872 0.08490851 0.10610273 0.13851399
 0.17089428 0.21557327 0.2490325  0.27845248 0.3441658  0.39741493
 0.45176066 0.50748747 0.56745868 0.61983442 0.67946115 0.7178282
 0.74219223 0.77292811 0.83581268 0.87438482]",2004.0,1996.0,22
3,dui,Mississippi,"[1983 1984 1985 1986 1987 1988 1989 1990 1991 1992 1993 1994 1995 1996
 1997 1998 1999 2000 2001 2002]","[0.02459839 0.01938481 0.02866624 0.0289631  0.04088029 0.02942879
 0.02055382 0.03195607 0.02269607 0.02014829 0.0224535  0.05531605
 0.06463877 0.07249172 0.07209223 0.10233734 0.08604956 0.07225087
 0.19208833 0.22440197]","[0.02459839 0.04350637 0.07092544 0.09783432 0.13471512 0.16017941
 0.17744094 0.20372669 0.22179896 0.23747838 0.25459967 0.29583227
 0.34134881 0.38909557 0.43313703 0.49114828 0.53493474 0.56853611
 0.65141529 0.72963839]",2002.0,1999.0,20
3,dui,Missouri,"[1983 1984 1985 1986 1987 1988 1989 1990 1991 1992 1993 1994 1995 1996
 1997 1998 1999 2000 2001]","[0.02363708 0.02211844 0.02204268 0.02413823 0.02830598 0.04659552
 0.02464812 0.05425919 0.03363829 0.03055498 0.04988543 0.09903849
 0.10018957 0.0924924  0.19121323 0.16352236 0.19405358 0.17248749
 0.24780525]","[0.02363708 0.0452327  0.06627834 0.08881672 0.11460866 0.15586393
 0.17667029 0.22134349 0.24753617 0.27052769 0.30691772 0.37555955
 0.43812197 0.49009141 0.58759268 0.6550305  0.72197306 0.76992923
 0.82694198]",2001.0,1997.0,19
3,dui,Montana,"[1983 1984 1985 1986 1987 1988 1989 1990 1991 1992 1993 1994 1995 1996
 1997 1998 1999 2000 2001 2002 2003]","[0.01875205 0.01287919 0.0202378  0.01906597 0.03096989 0.02159119
 0.02416051 0.01568672 0.0255675  0.0174602  0.04089141 0.02921061
 0.08672805 0.04824713 0.10089134 0.16259669 0.12008981 0.09110908
 0.08998777 0.15716132 0.24769103]","[0.01875205 0.03138973 0.05099227 0.06908602 0.09791633 0.11739339
 0.13871761 0.15222831 0.1739037  0.18832751 0.22151794 0.24425788
 0.30980192 0.34310199 0.40937731 0.50541061 0.56480575 0.6044559
 0.64005003 0.69662025 0.77176469]",2003.0,1998.0,21
3,dui,Nevada,"[1983 1984 1985 1986 1987 1988 1989 1990 1991 1992 1993 1994 1995 1996
 1997 1998 1999 2000 2001 2002 2003]","[0.0655925  0.05550358 0.08060737 0.05826175 0.08535234 0.07886229
 0.12308049 0.06369017 0.065099   0.04365311 0.08937125 0.17010523
 0.27026389 0.15481679 0.35632993 0.25256579 0.37964788 0.28414859
 0.27564556 0.20395355 0.28917556]","[0.0655925  0.11745545 0.18859505 0.23586893 0.3010893  0.356207
 0.43544536 0.47140194 0.50581315 0.52738594 0.56962405 0.64283325
 0.73936253 0.77971358 0.85820823 0.89401998 0.93425507 0.9529364
 0.96590927 0.9728622  0.98070979]",2003.0,1991.0,21
3,dui,New Hampshire,[1983 1984 1985 1986 1987 1988 1989 1990 1991 1992 1993],"[0.02369935 0.01588876 0.03473521 0.03645099 0.03694577 0.07580266
 0.06071807 0.09284946 0.14890521 0.12670241 0.17023685]","[0.02369935 0.03921155 0.07258474 0.10638995 0.13940506 0.20464045
 0.25293315 0.3222979  0.42321127 0.49629179 0.58204149]",1993.0,1993.0,11
3,dui,New Jersey,"[1983 1984 1985 1986 1987 1988 1989 1990 1991 1992 1993 1994 1995 1996
 1997 1998 1999 2000 2001 2002 2003 2004]","[0.01416996 0.01685796 0.01477733 0.01800631 0.02489265 0.05371815
 0.06560998 0.09914246 0.11285047 0.17787905 0.13609545 0.19529373
 0.15776775 0.15597396 0.12321573 0.12051243 0.14663491 0.12827771
 0.11170452 0.14588966 0.16348256 0.20464911]","[0.01416996 0.03078904 0.04511139 0.06230541 0.08564711 0.13476446
 0.19153255 0.271686   0.35387657 0.46880839 0.54110116 0.63072122
 0.6889815  0.73749229 0.76983737 0.79757483 0.82725743 0.84941645
 0.86623731 0.8857519  0.90442948 0.9239879 ]",2004.0,1993.0,22
3,dui,New Mexico,"[1983 1984 1985 1986 1987 1988 1989 1990 1991 1992 1993 1994 1995 1996
 1997 1998 1999]","[0.04470026 0.05430746 0.04955837 0.05009875 0.04720956 0.05725454
 0.04459389 0.05370457 0.03477097 0.03231482 0.03467073 0.03467073
 0.03467073 0.03467073 0.03467073 0.03467073 0.03467073]","[0.04470026 0.09658016 0.14135218 0.18436936 0.22287492 0.26736886
 0.30003973 0.3376308  0.36066202 0.38132211 0.40277213 0.42347845
 0.44346688 0.46276229 0.48138871 0.49936934 0.51672657]",1993.0,1999.0,17
3,dui,New York,"[1983 1984 1985 1986 1987 1988 1989 1990 1991 1992 1993 1994 1995 1996
 1997 1998 1999 2000 2001 2002]","[0.0179348  0.0239748  0.02815644 0.03286005 0.0364356  0.05039435
 0.0582455  0.05729132 0.09159998 0.10798689 0.09137769 0.1141905
 0.15151671 0.18558286 0.13071785 0.10247814 0.10408522 0.12251515
 0.11778586 0.14905077]","[0.0179348  0.04147961 0.06846813 0.09907832 0.13190394 0.17565108
 0.2236657  0.26814291 0.33518101 0.40697274 0.4611622  0.52269236
 0.59501244 0.67017119 0.71328571 0.74266765 0.76945215 0.79769775
 0.8215261  0.84812777]",2002.0,1994.0,20
3,dui,North Carolina,"[1983 1984 1985 1986 1987 1988 1989 1990 1991 1992 1993 1994 1995 1996
 1997 1998 1999 2000 2001 2002 2003 2004 2005 2006]","[0.02686285 0.02682522 0.01983209 0.0268167  0.0353846  0.0333082
 0.01918312 0.02908609 0.02581444 0.02381659 0.03024127 0.03024127
 0.03024127 0.03024127 0.03024127 0.03024127 0.03024127 0.03024127
 0.03024127 0.03024127 0.03024127 0.03024127 0.03024127 0.03024127]","[0.02686285 0.05296747 0.0717491  0.09664173 0.1286067  0.15763124
 0.1737905  0.19782171 0.2185295  0.23714146 0.26021127 0.28258342
 0.30427902 0.32531851 0.34572173 0.36550794 0.38469579 0.40330337
 0.42134824 0.43884741 0.45581738 0.47227415 0.48823325 0.50370973]",1993.0,2006.0,24
3,dui,North Dakota,"[1983 1984 1985 1986 1987 1988 1989 1990 1991 1992 1993 1994 1995 1996
 1997 1998 1999 2000 2001 2002 2003]","[0.05156708 0.0186392  0.02138005 0.01997515 0.02662654 0.02801851
 0.04203778 0.03482884 0.05293199 0.02644083 0.05841665 0.03533062
 0.08095606 0.03766728 0.0813198  0.06095895 0.1053546  0.05895299
 0.0629458  0.06093788 0.14811558]","[0.05156708 0.0692451  0.08914469 0.10733916 0.13110763 0.15545271
 0.1909556  0.21913368 0.26046649 0.28002037 0.32207916 0.34603053
 0.39897332 0.42161236 0.46864672 0.50103746 0.55360546 0.57992175
 0.60636391 0.63035126 0.685102  ]",2003.0,1998.0,21
3,dui,Ohio,"[1983 1984 1985 1986 1987 1988 1989 1990 1991 1992 1993 1994 1995 1996
 1997 1998 1999 2000 2001 2002 2003]","[0.01805329 0.02103623 0.02192593 0.02394856 0.02796881 0.03902654
 0.02622184 0.04424914 0.041443   0.02490821 0.04466801 0.14489076
 0.13077573 0.1400698  0.22040723 0.17893183 0.19529583 0.16015074
 0.13831926 0.14225003 0.22113668]","[0.01805329 0.03870975 0.05978693 0.08230368 0.10797056 0.14278338
 0.16526118 0.20219765 0.23526098 0.25430926 0.28761778 0.39083538
 0.47049933 0.54466638 0.6450252  0.70854149 0.76546212 0.80302354
 0.83026918 0.85441339 0.88660793]",2003.0,1996.0,21
3,dui,Oklahoma,"[1983 1984 1985 1986 1987 1988 1989 1990 1991 1992 1993 1994 1995 1996
 1997 1998 1999 2000 2001]","[0.01899381 0.0257283  0.02020267 0.02266236 0.02660061 0.02932871
 0.02072219 0.04103166 0.02113368 0.02291562 0.04694521 0.08699434
 0.0989953  0.17815694 0.1195788  0.12002603 0.15803464 0.11502283
 0.2277509 ]","[0.01899381 0.04423343 0.06354247 0.0847648  0.10911062 0.13523925
 0.15315899 0.18790628 0.20506881 0.22328515 0.25974819 0.32414591
 0.39105229 0.49954055 0.55938489 0.61227017 0.67354492 0.7110947
 0.77689314]",2001.0,1997.0,19
3,dui,Oregon,"[1983 1984 1985 1986 1987 1988 1989 1990 1991 1992 1993 1994 1995 1996
 1997 1998 1999 2000 2001 2002]","[0.02354342 0.02354342 0.02354342 0.02354342 0.02354342 0.02354342
 0.02354342 0.02354342 0.02354342 0.02354342 0.02354342 0.02354342
 0.02354342 0.02354342 0.02354342 0.02354342 0.02354342 0.02354342
 0.02354342 0.02354342]","[0.02354342 0.04653254 0.06898042 0.09089981 0.11230313 0.13320255
 0.15360992 0.17353684 0.19299461 0.21199427 0.23054662 0.24866218
 0.26635124 0.28362384 0.30048978 0.31695864 0.33303977 0.34874229
 0.36407513 0.37904697]",1983.0,,20
3,dui,Pennsylvania,"[1983 1984 1985 1986 1987 1988 1989 1990 1991 1992 1993 1994 1995 1996
 1997 1998 1999 2000 2001 2002 2003]","[0.02634235 0.0180137  0.01912437 0.01674787 0.01864739 0.03653098
 0.03705988 0.04635258 0.03523459 0.02655718 0.04225762 0.08830725
 0.13448746 0.17181729 0.15569128 0.14183698 0.15919599 0.16894946
 0.12899583 0.19700279 0.19227017]","[0.02634235 0.04388152 0.06216669 0.0778734  0.09506865 0.12812668
 0.1604382  0.19935406 0.22756449 0.2480782  0.27985263 0.34344686
 0.43174502 0.52938105 0.60265232 0.65901091 0.71329501 0.76173366
 0.79246903 0.83335321 0.86539442]",2003.0,1996.0,21
3,dui,Rhode Island,"[1983 1984 1985 1986 1987 1988 1989 1990 1991 1992 1993 1994 1995 1996
 1997 1998 1999 2000]","[0.0209163  0.01936283 0.01835357 0.03090655 0.02740658 0.03374101
 0.04218241 0.03807637 0.05300423 0.03587803 0.05006853 0.05908154
 0.1076363  0.12019388 0.10673602 0.08983913 0.10003091 0.0893708 ]","[0.0209163  0.03987413 0.05749587 0.08662541 0.11165788 0.14163145
 0.1778395  0.20914439 0.25106308 0.27793345 0.31408627 0.35461111
 0.42407838 0.49330064 0.54738371 0.58804636 0.62925446 0.66238829]",2000.0,1997.0,18
3,dui,South Carolina,"[1983 1984 1985 1986 1987 1988 1989 1990 1991 1992 1993 1994 1995 1996
 1997 1998 1999 2000 2001 2002 2003]","[0.02540707 0.02609011 0.02079845 0.02508071 0.02988505 0.03349156
 0.02284281 0.02807557 0.02194177 0.02091597 0.0698255  0.16417584
 0.11666693 0.15582936 0.20342573 0.22614551 0.20923427 0.22168089
 0.34481674 0.24909987 0.25503205]","[0.02540707 0.0508343  0.07057548 0.0938861  0.12096537 0.15040561
 0.16981273 0.19312071 0.21082507 0.22733143 0.2812834  0.39927929
 0.46936354 0.55205228 0.64317637 0.72387043 0.7816462  0.83005106
 0.8886523  0.916389   0.93771248]",2003.0,1996.0,21
3,dui,South Dakota,"[1983 1984 1985 1986 1987 1988 1989 1990 1991 1992 1993 1994 1995 1996
 1997 1998 1999 2000 2001 2002]","[0.02616948 0.02259069 0.02194923 0.03097522 0.02323039 0.03071721
 0.03838542 0.03676904 0.02850246 0.02271664 0.03773644 0.05564887
 0.0510775  0.05015991 0.08935472 0.10802514 0.13381508 0.08007936
 0.07109979 0.09022684]","[0.02616948 0.04816898 0.06906094 0.09789698 0.11885318 0.14591955
 0.17870379 0.20890206 0.2314503  0.24890917 0.27725266 0.31747273
 0.35233452 0.38482136 0.43979048 0.50030719 0.56717362 0.60183408
 0.63014359 0.66351457]",2002.0,1998.0,20
3,dui,Tennessee,"[1983 1984 1985 1986 1987 1988 1989 1990 1991 1992 1993 1994 1995 1996
 1997 1998 1999 2000 2001 2002]","[0.01837543 0.01805963 0.02196696 0.02198382 0.02794156 0.03450971
 0.02796363 0.04404854 0.02860356 0.02456164 0.04686495 0.12687887
 0.12770291 0.10088593 0.15191362 0.17750331 0.19796731 0.18287496
 0.31211153 0.25783983]","[0.01837543 0.03610321 0.05727709 0.07800174 0.10376381 0.13469266
 0.15888979 0.19593947 0.21893846 0.23812261 0.27382796 0.36596384
 0.4469321  0.50272887 0.57827113 0.6531294  0.72179844 0.77267454
 0.84362544 0.88394503]",2002.0,1996.0,20
3,dui,Texas,"[1983 1984 1985 1986 1987 1988 1989 1990 1991 1992 1993 1994 1995 1996
 1997 1998 1999]","[0.02778738 0.01953573 0.02768574 0.02130982 0.05177516 0.01713031
 0.03849428 0.02574669 0.03545849 0.0167844  0.04909588 0.09460129
 0.16620786 0.08998073 0.24435782 0.18528607 0.20202336]","[0.02778738 0.04678027 0.07317086 0.09292142 0.13988556 0.15461959
 0.1871619  0.20808979 0.23616974 0.24899017 0.28586166 0.35342007
 0.46088673 0.50939654 0.62927933 0.69796871 0.75898608]",1999.0,1996.0,17
3,dui,Utah,"[1983 1984 1985 1986 1987 1988 1989 1990 1991 1992 1993 1994 1995 1996
 1997 1998 1999 2000 2001 2002]","[0.01943053 0.01943053 0.01943053 0.01943053 0.01943053 0.01943053
 0.01943053 0.01943053 0.01943053 0.01943053 0.01943053 0.01943053
 0.01943053 0.01943053 0.01943053 0.01943053 0.01943053 0.01943053
 0.01943053 0.01943053]","[0.01943053 0.03848351 0.05716629 0.07548604 0.09344984 0.11106459
 0.12833707 0.14527394 0.16188172 0.1781668  0.19413546 0.20979383
 0.22514795 0.24020374 0.25496698 0.26944337 0.28363847 0.29755775
 0.31120658 0.3245902 ]",1983.0,,20
3,dui,Vermont,[1989 1990 1991 1992 1993 1994 1995 1996 1997 1998 1999 2000 2001],"[0.04393435 0.04318029 0.05729025 0.05729025 0.05729025 0.05729025
 0.05729025 0.05729025 0.05729025 0.05729025 0.05729025 0.05729025
 0.05729025]","[0.04393435 0.08521755 0.13762566 0.18703131 0.23360649 0.27751336
 0.3189048  0.35792492 0.39470956 0.4293868  0.46207738 0.4928951
 0.52194727]",1991.0,2001.0,13
3,dui,Virginia,[1983 1984 1985 1986 1987 1988 1989 1990 1991 1992 1993 1994 1995],"[0.02090861 0.02922943 0.02406123 0.02952049 0.03599789 0.03295479
 0.02850885 0.02771649 0.02201473 0.02358125 0.05065205 0.20676072
 0.20676072]","[0.02090861 0.0495269  0.07239645 0.09977975 0.13218578 0.16078441
 0.18470948 0.20730647 0.2247574  0.24303859 0.28138024 0.42996258
 0.54782392]",1994.0,1995.0,13
3,dui,Washington,"[1983 1984 1985 1986 1987 1988 1989 1990 1991 1992 1993 1994 1995 1996
 1997 1998]","[0.09071555 0.10534486 0.11337238 0.12736935 0.09519695 0.10544308
 0.12003384 0.13017794 0.08856271 0.07755467 0.13362058 0.21204808
 0.21746725 0.19923985 0.4843098  0.41342078]","[0.09071555 0.186504   0.27873197 0.37059941 0.43051643 0.49056453
 0.55171402 0.61007097 0.64460414 0.67216675 0.71597202 0.7761996
 0.82486886 0.85976196 0.92768062 0.95757895]",1998.0,1989.0,16
3,dui,West Virginia,"[1983 1984 1985 1986 1987 1988 1989 1990 1991 1992 1993 1994 1995 1996
 1997 1998 1999 2000 2001 2002 2003 2004]","[0.0129801  0.01327815 0.01779706 0.01947089 0.02097903 0.03569919
 0.04059841 0.05609225 0.04407184 0.06398243 0.04797016 0.08162056
 0.07797252 0.07666344 0.05273594 0.07523568 0.10022054 0.09360687
 0.09540101 0.08134809 0.11139641 0.21956474]","[0.0129801  0.02608589 0.0434187  0.06204419 0.0817216  0.11450339
 0.15045315 0.19810614 0.23344708 0.282493   0.31691192 0.37266595
 0.42158077 0.46592438 0.49408936 0.53215189 0.57903988 0.61844464
 0.65484541 0.68292307 0.71824431 0.78010792]",2004.0,1998.0,22
3,dui,Wisconsin,"[1983 1984 1985 1986 1987 1988 1989 1990 1991 1992 1993 1994 1995 1996
 1997 1998 1999 2000 2001 2002 2003]","[0.02206725 0.02237561 0.02191202 0.02776543 0.03225612 0.04012588
 0.03781748 0.04929885 0.03935247 0.02667955 0.05549275 0.06507193
 0.11442477 0.12143701 0.19661539 0.15377676 0.16542978 0.13257039
 0.11244996 0.10937809 0.17682625]","[0.02206725 0.04394909 0.0648981  0.0908616  0.12018688 0.15549015
 0.18742739 0.22748629 0.25788661 0.27768586 0.31776905 0.36216314
 0.43514747 0.50374147 0.60131354 0.66262225 0.71843458 0.75576181
 0.78322639 0.80693667 0.84107534]",2003.0,1996.0,21
3,dui,Wyoming,"[1983 1984 1985 1986 1987 1988 1989 1990 1991 1992 1993 1994 1995 1996
 1997 1998 1999 2000 2001 2002]","[0.02670308 0.03390904 0.03105509 0.03835142 0.03954673 0.02411358
 0.0253019  0.03241928 0.0323775  0.02737562 0.02897373 0.08521629
 0.07576978 0.05781928 0.14277868 0.15440895 0.14414912 0.09073089
 0.08962903 0.08843121]","[0.02670308 0.05970664 0.08890753 0.12384922 0.15849812 0.17878974
 0.19956792 0.22551735 0.25059317 0.27110864 0.29222734 0.3525411
 0.40159892 0.43619804 0.51669694 0.59132326 0.65023365 0.68196827
 0.71047314 0.73607635]",2002.0,1997.0,20
3,hatecrime,Alabama,"[1978 1979 1980 1981 1982 1983 1984 1985 1986 1987 1988 1989 1990 1991
 1992 1993 1994 1995 1996 1997 1998 1999 2000 2001]","[0.01162991 0.00902147 0.01369261 0.02017994 0.02473285 0.02463607
 0.04041931 0.04558823 0.05005893 0.04478532 0.04157874 0.06414604
 0.05749708 0.06992861 0.08469654 0.08575642 0.130271   0.1305388
 0.15248437 0.10089731 0.07938565 0.10449375 0.25729578 0.28404013]","[0.01162991 0.02054646 0.03395774 0.05345241 0.07686323 0.09960569
 0.13599901 0.17538728 0.21666651 0.25174835 0.28285971 0.32886142
 0.36744993 0.41168328 0.46151167 0.5076905  0.57182415 0.62771771
 0.68448494 0.71631956 0.73883972 0.76612934 0.82630327 0.87564011]",2001.0,1993.0,24
3,hatecrime,Arizona,"[1978 1979 1980 1981 1982 1983 1984 1985 1986 1987 1988 1989 1990 1991
 1992 1993 1994 1995 1996 1997 1998 1999 2000 2001]","[0.04932148 0.03279599 0.02303792 0.02654155 0.02272577 0.044619
 0.06239202 0.06322781 0.06622373 0.0600412  0.06459588 0.07808223
 0.08139908 0.06519478 0.0885965  0.08130109 0.10102937 0.09397406
 0.11929457 0.09391042 0.0935499  0.08368011 0.0843031  0.15430698]","[0.04932148 0.08049992 0.10168329 0.12552601 0.1453991  0.18353055
 0.23447172 0.2828744  0.33036514 0.37057081 0.41122934 0.45720187
 0.50138514 0.53389223 0.57518774 0.60972544 0.64915463 0.682125
 0.72004576 0.74633638 0.77006659 0.78930744 0.80706948 0.83684   ]",2001.0,1990.0,24
3,hatecrime,Arkansas,"[1978 1979 1980 1981 1982 1983 1984 1985 1986 1987 1988 1989 1990 1991
 1992 1993 1994 1995 1996 1997 1998 1999 2000 2001 2002 2003]","[0.00523929 0.01693172 0.00694083 0.02329295 0.01184773 0.03518412
 0.01622266 0.04253334 0.01633349 0.04747801 0.04460084 0.12899318
 0.03822365 0.07187318 0.04059195 0.09784209 0.0655092  0.12005416
 0.07403581 0.1715506  0.07915501 0.11260083 0.17625946 0.18478755
 0.17019279 0.19947584]","[0.00523929 0.0220823  0.02886986 0.05149035 0.06272804 0.09570513
 0.11037521 0.14821392 0.16212656 0.20190712 0.23750273 0.33585968
 0.36124554 0.40715486 0.4312196  0.48687026 0.52048498 0.57805275
 0.60929196 0.67631816 0.7019392  0.73550109 0.78212153 0.82238276
 0.85261193 0.88201229]",,1994.0,26
3,hatecrime,California,[1978],[0.7081753],[0.7081753],1978.0,1978.0,1
3,hatecrime,Colorado,"[1978 1979 1980 1981 1982 1983 1984 1985 1986 1987 1988 1989 1990 1991
 1992 1993 1994 1995 1996]","[0.02027485 0.05113055 0.01797648 0.02557304 0.02476388 0.03567036
 0.05634065 0.04478595 0.04170329 0.04389512 0.03953553 0.03953553
 0.03953553 0.03953553 0.03953553 0.03953553 0.03953553 0.03953553
 0.03953553]","[0.02027485 0.07036874 0.08708023 0.11042637 0.13245566 0.16340128
 0.2105358  0.2458927  0.27734146 0.30906264 0.33637921 0.36261582
 0.38781514 0.41201819 0.43526437 0.45759149 0.4790359  0.49963249
 0.51941479]",1988.0,1996.0,19
3,hatecrime,Connecticut,[1978 1979 1980 1981 1982 1983 1984 1985 1986 1987 1988 1989 1990],"[0.0217411  0.01466193 0.01273087 0.02009136 0.12120656 0.09572299
 0.09942259 0.10472533 0.08010893 0.06415908 0.12856361 0.10176472
 0.12241335]","[0.0217411  0.03608426 0.04835575 0.06747557 0.18050365 0.25894829
 0.33262557 0.40251658 0.45038034 0.48564343 0.55177097 0.59738487
 0.64667034]",1990.0,1988.0,13
3,hatecrime,Delaware,"[1978 1979 1980 1981 1982 1983 1984 1985 1986 1987 1988 1989 1990 1991
 1992 1993 1994 1995 1996 1997 1998 1999 2000 2001]","[0.01335222 0.01958968 0.02907077 0.03057074 0.10076858 0.07353926
 0.0838627  0.05888989 0.06043614 0.04867783 0.05744868 0.07254394
 0.13994608 0.13929197 0.12916926 0.11733642 0.14806992 0.13799163
 0.11410971 0.12965149 0.12059731 0.16662361 0.24519755 0.19679715]","[0.01335222 0.03268033 0.06080106 0.08951306 0.18126153 0.24147095
 0.30508324 0.34600682 0.38553164 0.41544263 0.44902468 0.4889946
 0.56050781 0.62172554 0.67058697 0.70923912 0.75229206 0.78647368
 0.81083911 0.8353641  0.85521874 0.87934272 0.90892759 0.92685038]",2001.0,1990.0,24
3,hatecrime,Florida,[1978 1979 1980 1981 1982 1983 1984 1985 1986 1987 1988 1989],"[0.05281564 0.02661582 0.05174374 0.03417304 0.02950909 0.0481314
 0.07463815 0.09680718 0.06686415 0.059138   0.08990593 0.05568873]","[0.05281564 0.07802572 0.12573212 0.15560851 0.18052574 0.21996818
 0.27818831 0.34806487 0.39165596 0.42763221 0.47909146 0.5081002 ]",1989.0,1989.0,12
3,hatecrime,Georgia,"[1978 1979 1980 1981 1982 1983 1984 1985 1986 1987 1988 1989 1990 1991
 1992 1993 1994 1995 1996 1997 1998 1999 2000]","[0.0720137  0.03281015 0.0376803  0.04176932 0.04426667 0.03388839
 0.0620532  0.05117565 0.05022728 0.05304341 0.05016821 0.05710702
 0.06291994 0.08768606 0.11457937 0.12518572 0.12414602 0.0863177
 0.09367245 0.08506787 0.07866476 0.07128617 0.13723336]","[0.0720137  0.10246108 0.13628062 0.17235759 0.20899456 0.23580046
 0.28322149 0.3199031  0.35406251 0.38832524 0.41901187 0.45219037
 0.48665852 0.53167141 0.58533221 0.63724269 0.68227757 0.70970264
 0.73689551 0.75927724 0.77821364 0.79402394 0.82229073]",2000.0,1991.0,23
3,hatecrime,Idaho,[1978 1979 1980 1981 1982 1983 1984 1985 1986 1987],"[0.01038713 0.00703521 0.01213645 0.08433541 0.06756472 0.11591076
 0.11591076 0.11591076 0.11591076 0.11591076]","[0.01038713 0.01734927 0.02927517 0.11114164 0.17119711 0.26726429
 0.35219624 0.42728367 0.49366766 0.55235702]",1983.0,1987.0,10
3,hatecrime,Illinois,"[1978 1979 1980 1981 1982 1983 1984 1985 1986 1987 1988 1989 1990 1991
 1992 1993 1994]","[0.03714127 0.03498869 0.02770619 0.03128936 0.03418885 0.04517496
 0.04517496 0.04517496 0.04517496 0.04517496 0.04517496 0.04517496
 0.04517496 0.04517496 0.04517496 0.04517496 0.04517496]","[0.03714127 0.07083043 0.09657417 0.12484179 0.15476244 0.19294602
 0.22940465 0.26421627 0.29745527 0.3291927  0.3594964  0.38843112
 0.41605872 0.44243825 0.46762608 0.49167605 0.51463957]",1983.0,1994.0,17
3,hatecrime,Indiana,"[1978 1979 1980 1981 1982 1983 1984 1985 1986 1987 1988 1989 1990 1991
 1992 1993 1994 1995 1996 1997 1998 1999 2000 2001 2002 2003]","[0.01791294 0.02459908 0.02806116 0.02633049 0.02947905 0.05015076
 0.05687429 0.06158135 0.05983815 0.10651518 0.11687746 0.1019129
 0.09565779 0.10801213 0.09672861 0.10890112 0.13288991 0.13040871
 0.11181119 0.12309605 0.11424619 0.13062513 0.13952537 0.25797639
 0.24480623 0.2351176 ]","[0.01791294 0.04207138 0.06895196 0.09346692 0.12019065 0.16431376
 0.21184282 0.2603786  0.30463618 0.37870298 0.4513186  0.50723632
 0.554373   0.60250612 0.64095515 0.68005554 0.72257293 0.75875183
 0.78572608 0.81210235 0.83356894 0.85530902 0.87549708 0.9076159
 0.9302321  0.94663576]",,1989.0,26
3,hatecrime,Iowa,"[1978 1979 1980 1981 1982 1983 1984 1985 1986 1987 1988 1989 1990 1991
 1992]","[0.01723282 0.01221209 0.01695226 0.01635171 0.02854065 0.03846877
 0.05048223 0.0256536  0.03561301 0.06349288 0.08395453 0.09899298
 0.08541184 0.08541184 0.08541184]","[0.01723282 0.02923447 0.04569114 0.06129572 0.08808696 0.12316713
 0.16743161 0.18878998 0.21767962 0.26735139 0.32886056 0.39529866
 0.44694731 0.49418456 0.53738718]",1990.0,1992.0,15
3,hatecrime,Kansas,"[1978 1979 1980 1981 1982 1983 1984 1985 1986 1987 1988 1989 1990 1991
 1992 1993 1994 1995 1996 1997 1998 1999 2000 2001 2002]","[0.01453843 0.01451674 0.0104075  0.0160811  0.02232848 0.02287859
 0.03996977 0.04169621 0.03996342 0.05323591 0.11077553 0.0900025
 0.08130229 0.08125897 0.14180496 0.12206302 0.16580626 0.16132324
 0.13399433 0.14333676 0.17307862 0.13680112 0.2598521  0.21072283
 0.20192874]","[0.01453843 0.02884412 0.03895142 0.05440614 0.07551981 0.09667061
 0.13277648 0.16893642 0.20214856 0.24462291 0.32830021 0.38875487
 0.4384505  0.48408143 0.55724125 0.61128572 0.67573698 0.72804814
 0.76448815 0.79824566 0.83316502 0.85598823 0.89340999 0.91587094
 0.93285902]",2002.0,1992.0,25
3,hatecrime,Kentucky,"[1978 1979 1980 1981 1982 1983 1984 1985 1986 1987 1988 1989 1990 1991
 1992 1993 1994 1995 1996 1997 1998 1999 2000 2001]","[0.02149489 0.00936111 0.01667293 0.01505508 0.02520012 0.01843317
 0.04284003 0.02625193 0.0451569  0.04763017 0.1016068  0.06272423
 0.11475128 0.05693373 0.12193813 0.06564413 0.1522217  0.09270822
 0.12092802 0.09580426 0.10304091 0.30806445 0.33088451 0.15048227]","[0.02149489 0.03065479 0.04681662 0.06116687 0.08482558 0.10169514
 0.14017855 0.16275053 0.20055812 0.23863567 0.31599547 0.35889912
 0.43246627 0.46477808 0.53004204 0.56089202 0.62773379 0.66224592
 0.70308986 0.73153511 0.75919798 0.83338052 0.88851233 0.90528924]",2001.0,1992.0,24
3,hatecrime,Louisiana,"[1978 1979 1980 1981 1982 1983 1984 1985 1986 1987 1988 1989 1990 1991
 1992 1993 1994 1995 1996 1997 1998 1999 2000]","[0.0299868  0.01424297 0.01262015 0.02261098 0.01676446 0.03638641
 0.04850633 0.07337847 0.06508457 0.04438975 0.04124897 0.02769168
 0.03006053 0.02832663 0.05210646 0.06317172 0.12054741 0.14912871
 0.08516575 0.17886951 0.13072823 0.18566963 0.26498787]","[0.0299868  0.04380267 0.05587002 0.07721773 0.09268768 0.12570151
 0.16811053 0.2291533  0.27932353 0.31131417 0.33972175 0.35800596
 0.37730464 0.3949435  0.42647086 0.46270168 0.5274716  0.59793915
 0.63218097 0.69797258 0.73745609 0.78620252 0.84285626]",2000.0,1994.0,23
3,hatecrime,Maine,"[1978 1979 1980 1981 1982 1983 1984 1985 1986 1987 1988 1989 1990 1991
 1992 1993 1994 1995 1996 1997 1998 1999 2000 2001]","[0.01586679 0.01447497 0.01588105 0.03097381 0.02767499 0.03104026
 0.02019493 0.03170675 0.02510563 0.04157539 0.0287992  0.03417733
 0.11602354 0.0521832  0.05224362 0.05687398 0.07144487 0.1038458
 0.10332258 0.08789524 0.07366683 0.13854389 0.11502968 0.0847534 ]","[0.01586679 0.03011209 0.04551493 0.07507897 0.10067615 0.1285914
 0.14618944 0.17326099 0.1940168  0.22752586 0.2497725  0.27541327
 0.35948238 0.39290664 0.4246234  0.45734736 0.4961171  0.54844323
 0.59509924 0.63068809 0.65789412 0.7052908  0.73919111 0.76129555]",2001.0,1995.0,24
3,hatecrime,Maryland,"[1978 1979 1980 1981 1982 1983 1984 1985 1986 1987 1988 1989 1990 1991
 1992 1993]","[0.01641954 0.01637853 0.01986995 0.0234593  0.05569003 0.05106526
 0.03189635 0.02480767 0.02195716 0.03126538 0.05293349 0.05337109
 0.0761952  0.0761952  0.0761952  0.0761952 ]","[0.01641954 0.03252915 0.05175274 0.07399796 0.12556704 0.17022018
 0.19668713 0.21661545 0.23381634 0.25777137 0.29706012 0.33457679
 0.38527884 0.43211764 0.47538755 0.5153605 ]",1990.0,1993.0,16
3,hatecrime,Massachusetts,"[1978 1979 1980 1981 1982 1983 1984 1985 1986 1987 1988 1989 1990 1991
 1992]","[0.02396782 0.03019378 0.02411619 0.02721368 0.05263617 0.05263617
 0.05263617 0.05263617 0.05263617 0.05263617 0.05263617 0.05263617
 0.05263617 0.05263617 0.05263617]","[0.02396782 0.05343791 0.07626538 0.10140361 0.14870227 0.19351132
 0.23596179 0.27617784 0.31427706 0.35037088 0.38456487 0.41695902
 0.44764806 0.47672175 0.50426511]",1982.0,1992.0,15
3,hatecrime,Michigan,[1978 1979 1980 1981 1982 1983 1984 1985 1986 1987 1988 1989 1990],"[0.03853408 0.05329129 0.02469066 0.03364108 0.0392116  0.05209579
 0.04450334 0.05049332 0.03765085 0.06666208 0.1060244  0.1060244
 0.1060244 ]","[0.03853408 0.08977184 0.11224598 0.14211098 0.17575018 0.21869013
 0.25346102 0.29115626 0.31784482 0.36331871 0.43082246 0.49116917
 0.54511766]",1988.0,1990.0,13
3,hatecrime,Minnesota,"[1978 1979 1980 1981 1982 1983 1984 1985 1986 1987 1988 1989 1990 1991
 1992 1993 1994]","[0.02397955 0.01384684 0.01910037 0.02637739 0.04728534 0.05498782
 0.05213213 0.04256853 0.0309703  0.03655318 0.04893371 0.05559287
 0.05559287 0.05559287 0.05559287 0.05559287 0.05559287]","[0.02397955 0.03749434 0.05587855 0.08078202 0.12424755 0.17240327
 0.21554765 0.24894063 0.27220117 0.29880452 0.33311662 0.37019058
 0.40520349 0.43826993 0.46949812 0.49899024 0.52684281]",1989.0,1994.0,17
3,hatecrime,Mississippi,"[1978 1979 1980 1981 1982 1983 1984 1985 1986 1987 1988 1989 1990 1991
 1992 1993 1994 1995 1996]","[0.00774541 0.02222721 0.00799636 0.01198092 0.01396994 0.02053759
 0.04088352 0.05088926 0.04299595 0.03997137 0.03634012 0.03926704
 0.03720606 0.03221011 0.05038243 0.04865884 0.06044974 0.07447349
 0.07447349]","[0.00774541 0.02980047 0.03755853 0.04908946 0.06237363 0.08163021
 0.11917641 0.16400087 0.19994544 0.23192472 0.25983667 0.2889007
 0.3153579  0.3374103  0.37079318 0.40140965 0.43759428 0.4794786
 0.51824364]",1995.0,1996.0,19
3,hatecrime,Missouri,"[1978 1979 1980 1981 1982 1983 1984 1985 1986 1987 1988 1989 1990 1991
 1992]","[0.01823938 0.01840849 0.02361344 0.02405815 0.03536539 0.04495239
 0.04134067 0.04342088 0.05000496 0.05008109 0.06727287 0.06727287
 0.06727287 0.06727287 0.06727287]","[0.01823938 0.03631211 0.0590681  0.08170518 0.11418103 0.15400071
 0.18897488 0.22419031 0.26298464 0.29989517 0.34699323 0.39092287
 0.43189724 0.47011514 0.50576201]",1988.0,1992.0,15
3,hatecrime,Montana,"[1978 1979 1980 1981 1982 1983 1984 1985 1986 1987 1988 1989 1990 1991
 1992 1993]","[0.02104407 0.03169952 0.01486714 0.0462467  0.01781536 0.06337893
 0.04344158 0.05818085 0.03479111 0.05917168 0.03358071 0.05580784
 0.05580784 0.05580784 0.05580784 0.05580784]","[0.02104407 0.05207651 0.06616942 0.109356   0.12522315 0.18066557
 0.21625876 0.26185749 0.28753828 0.32969584 0.35220513 0.38835716
 0.42249162 0.45472112 0.48515195 0.51388451]",1989.0,1993.0,16
3,hatecrime,Nevada,[1978 1979 1980 1981 1982 1983 1984 1985 1986 1987 1988 1989],"[0.01675751 0.02638008 0.01349694 0.06650822 0.03049102 0.09053127
 0.06096721 0.11825205 0.0724913  0.11406738 0.06085791 0.08611999]","[0.01675751 0.04269553 0.0556162  0.11842549 0.1453056  0.22268217
 0.27007307 0.35638842 0.40304467 0.4711378  0.50332324 0.54609704]",1989.0,1988.0,12
3,hatecrime,New Hampshire,[1978 1979 1980 1981 1982 1983 1984 1985 1986 1987 1988 1989 1990],"[0.00923215 0.01448646 0.0371317  0.01973348 0.04151813 0.07764755
 0.04083799 0.08429169 0.07061037 0.07392543 0.05645755 0.16901066
 0.17866693]","[0.00923215 0.02358488 0.05984083 0.07839344 0.11665682 0.18524625
 0.21851916 0.2843915  0.33492088 0.38408714 0.41886007 0.51707891
 0.60336094]",1990.0,1989.0,13
3,hatecrime,New Jersey,[1978 1979 1980 1981 1982 1983 1984 1985 1986 1987 1988 1989 1990],"[0.01966681 0.02083714 0.01912399 0.05150784 0.11356294 0.11188041
 0.12162102 0.06053533 0.07030543 0.06175713 0.08030618 0.09420706
 0.1015429 ]","[0.01966681 0.04009415 0.05845138 0.10694852 0.20836607 0.29693439
 0.38244195 0.41982603 0.46061541 0.49392626 0.5345671  0.57841417
 0.62122322]",1990.0,1988.0,13
3,hatecrime,New Mexico,"[1978 1979 1980 1981 1982 1983 1984 1985 1986 1987 1988 1989 1990 1991
 1992 1993 1994 1995 1996 1997 1998 1999 2000 2001 2002 2003]","[0.01140705 0.01394013 0.01942129 0.02462186 0.02062646 0.06115468
 0.06197851 0.05868222 0.05403811 0.06049926 0.08409444 0.08508048
 0.07106681 0.05994661 0.07243493 0.1192138  0.16756761 0.07274944
 0.06587401 0.06655834 0.07353268 0.07809018 0.08021889 0.17163416
 0.17505431 0.19887124]","[0.01140705 0.02518816 0.04412027 0.0676558  0.08688676 0.14272791
 0.19586035 0.24304905 0.28395325 0.32727355 0.3838461  0.43626877
 0.47633136 0.50772351 0.54338153 0.59781675 0.66520963 0.68956544
 0.71001501 0.72931593 0.74922006 0.76880351 0.78734983 0.82384787
 0.85468406 0.88358322]",2003.0,1991.0,26
3,hatecrime,New York,[1978 1979 1980 1981 1982 1983 1984 1985 1986],"[0.03565535 0.02933866 0.03001657 0.05879966 0.11402857 0.11402857
 0.11402857 0.11402857 0.11402857]","[0.03565535 0.06394793 0.092045   0.14543244 0.24287756 0.32921115
 0.40570025 0.4734674  0.53350716]",1982.0,1986.0,9
3,hatecrime,North Carolina,"[1978 1979 1980 1981 1982 1983 1984 1985 1986 1987 1988 1989 1990 1991
 1992 1993 1994 1995]","[0.01634197 0.04355288 0.01747573 0.01694722 0.01533664 0.02882181
 0.04040598 0.04196985 0.05861591 0.05938231 0.03892244 0.03830718
 0.03653359 0.05087048 0.05087048 0.05087048 0.05087048 0.05087048]","[0.01634197 0.05918311 0.07562457 0.09129016 0.10522672 0.1310157
 0.16612787 0.20112535 0.24795212 0.29261046 0.32014378 0.34618716
 0.37007329 0.40211796 0.43253251 0.46139985 0.4887987  0.51480376]",1991.0,1995.0,18
3,hatecrime,North Dakota,"[1978 1979 1980 1981 1982 1983 1984 1985 1986 1987 1988 1989 1990 1991
 1992 1993 1994 1995 1996 1997 1998 1999 2000 2001 2002]","[0.01055201 0.02011426 0.0355775  0.02107381 0.02088554 0.06328378
 0.01933766 0.04082601 0.02206289 0.03998286 0.02422465 0.12836339
 0.06325128 0.08578744 0.03869899 0.10630062 0.07354243 0.10702401
 0.07237401 0.13951909 0.13387236 0.1682304  0.14382009 0.17531348
 0.13765034]","[0.01055201 0.03045402 0.06494805 0.08465315 0.10377066 0.16048745
 0.17672166 0.21033283 0.22775517 0.25863172 0.27659111 0.36945033
 0.4093334  0.46000517 0.48090243 0.53608283 0.57020042 0.6161993
 0.64397649 0.69364857 0.73466056 0.77929872 0.81104    0.84416723
 0.86561767]",2002.0,1993.0,25
3,hatecrime,Ohio,[1978 1979 1980 1981 1982 1983 1984 1985 1986 1987 1988 1989 1990],"[0.022071   0.02282565 0.02426837 0.02457112 0.03888104 0.04865399
 0.0641196  0.05662484 0.05297728 0.09545776 0.09545776 0.09545776
 0.09545776]","[0.022071   0.04439286 0.06758389 0.0904944  0.12585692 0.16838747
 0.22171013 0.26578067 0.30467761 0.37105153 0.43108954 0.48539646
 0.53451936]",1987.0,1990.0,13
3,hatecrime,Oklahoma,"[1978 1979 1980 1981 1982 1983 1984 1985 1986 1987 1988 1989 1990 1991
 1992 1993 1994 1995 1996 1997 1998 1999]","[0.01437031 0.00946183 0.00971239 0.01507233 0.01620767 0.02730743
 0.04368848 0.04171907 0.03664309 0.03649996 0.03649996 0.03649996
 0.03649996 0.03649996 0.03649996 0.03649996 0.03649996 0.03649996
 0.03649996 0.03649996 0.03649996 0.03649996]","[0.01437031 0.02369617 0.03317841 0.04775066 0.06318441 0.08876644
 0.12857685 0.16493182 0.1955313  0.22489437 0.2531857  0.28044439
 0.30670814 0.33201327 0.35639475 0.37988632 0.40252044 0.42432842
 0.44534041 0.46558547 0.48509158 0.50388571]",1987.0,1999.0,22
3,hatecrime,Oregon,[1978 1979 1980 1981 1982 1983 1984 1985 1986 1987],"[0.04308949 0.04012742 0.03150033 0.09107895 0.09107895 0.09107895
 0.09107895 0.09107895 0.09107895 0.09107895]","[0.04308949 0.08148784 0.11042127 0.19144317 0.26508567 0.3320209
 0.39285973 0.44815743 0.49841867 0.54410217]",1981.0,1987.0,10
3,hatecrime,Pennsylvania,"[1978 1979 1980 1981 1982 1983 1984 1985 1986 1987 1988 1989 1990 1991
 1992 1993 1994 1995 1996 1997 1998 1999]","[0.03066739 0.01997136 0.02263541 0.02572779 0.03358514 0.03358514
 0.03358514 0.03358514 0.03358514 0.03358514 0.03358514 0.03358514
 0.03358514 0.03358514 0.03358514 0.03358514 0.03358514 0.03358514
 0.03358514 0.03358514 0.03358514 0.03358514]","[0.03066739 0.05002627 0.07152932 0.09541681 0.12579737 0.15515758
 0.18353173 0.21095293 0.23745319 0.26306343 0.28781355 0.31173243
 0.33484799 0.35718721 0.37877617 0.39964006 0.41980323 0.43928922
 0.45812077 0.47631986 0.49390773 0.51090491]",1982.0,1999.0,22
3,hatecrime,Rhode Island,"[1978 1979 1980 1981 1982 1983 1984 1985 1986 1987 1988 1989 1990 1991
 1992]","[0.0339649  0.11113542 0.03102794 0.03365572 0.04478976 0.04478976
 0.04478976 0.04478976 0.04478976 0.04478976 0.04478976 0.04478976
 0.04478976 0.04478976 0.04478976]","[0.0339649  0.14132562 0.16796851 0.19597113 0.23198339 0.26638267
 0.29924121 0.33062802 0.36060903 0.3892472  0.41660267 0.44273289
 0.46769275 0.49153467 0.5143087 ]",1982.0,1992.0,15
3,hatecrime,South Carolina,"[1978 1979 1980 1981 1982 1983 1984 1985 1986 1987 1988 1989 1990 1991
 1992 1993 1994 1995 1996 1997 1998 1999 2000 2001 2002 2003]","[0.01311491 0.01227479 0.01515008 0.02036918 0.02425138 0.03735284
 0.05933447 0.04678106 0.05772329 0.05608995 0.04408569 0.02694354
 0.03386852 0.08862458 0.09379439 0.0936544  0.11942197 0.09230871
 0.10743738 0.08081911 0.08028264 0.07021228 0.17182679 0.27555673
 0.20090007 0.21311521]","[0.01311491 0.02522872 0.03999659 0.05955107 0.08235825 0.11663478
 0.16904879 0.20792156 0.25364293 0.29550607 0.32656417 0.34470891
 0.36690265 0.42301064 0.477129   0.52609817 0.58269246 0.62121358
 0.6619094  0.68923358 0.71418273 0.73425061 0.77991348 0.8405598
 0.87259135 0.89974407]",,1993.0,26
3,hatecrime,South Dakota,"[1978 1979 1980 1981 1982 1983 1984 1985 1986 1987 1988 1989 1990 1991
 1992 1993]","[0.0418364  0.01776525 0.01444884 0.02075844 0.02993288 0.04065316
 0.0396335  0.04664084 0.0359506  0.0292622  0.03529341 0.0596616
 0.08079165 0.09392395 0.06578903 0.07128952]","[0.0418364  0.05885841 0.07245682 0.09171117 0.11889887 0.15471841
 0.18821988 0.22608199 0.25390481 0.2757372  0.3012989  0.34298453
 0.39606589 0.45278976 0.4887902  0.5252341 ]",1993.0,1993.0,16
3,hatecrime,Tennessee,"[1978 1979 1980 1981 1982 1983 1984 1985 1986 1987 1988 1989 1990 1991
 1992 1993 1994 1995 1996]","[0.01392409 0.01560996 0.01725895 0.0227072  0.01928867 0.02964209
 0.03767756 0.04318289 0.03877039 0.0425978  0.04489399 0.04710447
 0.04710447 0.04710447 0.04710447 0.04710447 0.04710447 0.04710447
 0.04710447]","[0.01392409 0.0293167  0.04606967 0.06773075 0.08571299 0.11281436
 0.14624136 0.18310912 0.2147803  0.24822893 0.28197894 0.31580094
 0.34802977 0.37874049 0.40800459 0.43589022 0.46246231 0.48778274
 0.51191046]",1989.0,1996.0,19
3,hatecrime,Texas,"[1978 1979 1980 1981 1982 1983 1984 1985 1986 1987 1988 1989 1990 1991
 1992 1993 1994 1995]","[0.0093177  0.01563361 0.01136105 0.03830931 0.0163371  0.03553064
 0.03049627 0.0664013  0.04390329 0.06812816 0.02955055 0.03790463
 0.02364049 0.04398579 0.04881019 0.07328478 0.07328478 0.07328478]","[0.0093177  0.02480564 0.03588487 0.07281946 0.0879669  0.12037201
 0.14719739 0.20382459 0.23877931 0.29063987 0.31160185 0.33769533
 0.35335253 0.38179584 0.4119705  0.45506411 0.49499962 0.53200846]",1993.0,1995.0,18
3,hatecrime,Utah,"[1978 1979 1980 1981 1982 1983 1984 1985 1986 1987 1988 1989 1990 1991
 1992 1993 1994 1995 1996 1997 1998 1999 2000 2001 2002]","[0.00935674 0.01871602 0.01052026 0.01380767 0.01290528 0.02719713
 0.03877656 0.04181132 0.04361443 0.03908355 0.05190287 0.05545435
 0.07666615 0.05439157 0.06351766 0.06294585 0.10806356 0.13222372
 0.13253128 0.08035701 0.06754383 0.07534421 0.1237007  0.16406845
 0.13485662]","[0.00935674 0.02789763 0.03812441 0.05140567 0.06364755 0.08911364
 0.12443468 0.16104322 0.19763384 0.22899315 0.26901062 0.30954717
 0.36248152 0.39715715 0.43544832 0.47098451 0.52815181 0.59054133
 0.64480741 0.67334963 0.69541285 0.71836172 0.75320058 0.79369258
 0.8215145 ]",2002.0,1994.0,25
3,hatecrime,Vermont,[1989 1990 1991 1992 1993 1994 1995 1996],"[0.0842655 0.0842655 0.0842655 0.0842655 0.0842655 0.0842655 0.0842655
 0.0842655]","[0.0842655  0.16143032 0.23209281 0.29680089 0.35605632 0.41031855
 0.46000835 0.50551102]",1989.0,1996.0,8
3,hatecrime,Virginia,"[1978 1979 1980 1981 1982 1983 1984 1985 1986 1987 1988 1989 1990 1991
 1992 1993 1994]","[0.00819597 0.01388824 0.01089998 0.01847597 0.01535794 0.02533202
 0.03796312 0.03693963 0.03512877 0.04615192 0.04322305 0.04592532
 0.06572161 0.0914015  0.11963111 0.1129803  0.21851202]","[0.00819597 0.02197038 0.03263088 0.05050397 0.06508627 0.08876952
 0.12336268 0.15574533 0.18540296 0.22299818 0.25658257 0.29072425
 0.337339   0.3979072  0.46993624 0.529823   0.63256233]",1994.0,1993.0,17
3,hatecrime,Washington,[1978 1979 1980 1981 1982 1983 1984 1985 1986],"[0.11892393 0.02059677 0.01164742 0.08589758 0.08589758 0.08589758
 0.08589758 0.08589758 0.08589758]","[0.11892393 0.13707126 0.14712215 0.22038229 0.28734957 0.34856452
 0.40452125 0.45567144 0.50242794]",1981.0,1986.0,9
3,hatecrime,West Virginia,"[1978 1979 1980 1981 1982 1983 1984 1985 1986 1987 1988 1989 1990 1991
 1992 1993]","[0.01401429 0.01499878 0.01561377 0.02333913 0.0353886  0.04462363
 0.03845659 0.04066799 0.02786744 0.0611305  0.0611305  0.0611305
 0.0611305  0.0611305  0.0611305  0.0611305 ]","[0.01401429 0.02880287 0.04396692 0.0662799  0.09932295 0.13951442
 0.17260576 0.20625422 0.22837388 0.27554378 0.31983015 0.36140928
 0.40044665 0.43709765 0.47150815 0.50381512]",1987.0,1993.0,16
3,hatecrime,Wisconsin,"[1978 1979 1980 1981 1982 1983 1984 1985 1986 1987 1988 1989 1990 1991
 1992]","[0.02703773 0.0181083  0.01819989 0.05459036 0.03537327 0.05205741
 0.06024401 0.05185929 0.05398151 0.05711149 0.05711149 0.05711149
 0.05711149 0.05711149 0.05711149]","[0.02703773 0.04465643 0.06204358 0.11324696 0.14461432 0.18914348
 0.23799273 0.27750988 0.31651099 0.35554607 0.39235179 0.42705549
 0.4597772  0.49063013 0.51972101]",1987.0,1992.0,15
3,hatecrime,Wyoming,"[1978 1979 1980 1981 1982 1983 1984 1985 1986 1987 1988 1989 1990 1991
 1992 1993 1994 1995 1996 1997 1998 1999 2000 2001 2002 2003]","[0.01408617 0.01669941 0.01536461 0.01077945 0.01475322 0.01979783
 0.04205753 0.0404555  0.03435564 0.03448661 0.05147439 0.05533081
 0.06468701 0.08522043 0.09108081 0.08614131 0.10891862 0.09873745
 0.08658579 0.12912762 0.1208264  0.21466846 0.2169352  0.12222552
 0.18219075 0.17252181]","[0.01408617 0.03055034 0.04544556 0.05573513 0.06966608 0.08808467
 0.12643757 0.16177797 0.19057563 0.21848993 0.25871769 0.29973344
 0.34503159 0.40084828 0.4554195  0.50233038 0.55653587 0.60032238
 0.63492879 0.68206956 0.72048395 0.78048723 0.82810728 0.84911696
 0.87660645 0.89789453]",,1993.0,26
3,repsodomy,Alabama,"[1973 1974 1975 1976 1977 1978 1979 1980 1981 1982 1983 1984 1985 1986
 1987 1988 1989 1990 1991 1992 1993 1994 1995 1996 1997 1998 1999 2000
 2001 2002 2003]","[0.01689043 0.00598014 0.0127243  0.01571147 0.01910431 0.02089434
 0.01873192 0.01501067 0.01867745 0.03126772 0.03259557 0.02212458
 0.02204349 0.03423148 0.03409424 0.0400862  0.03843693 0.02570784
 0.02046774 0.03028354 0.03626995 0.0490267  0.03382508 0.05217675
 0.04914886 0.0871801  0.06644842 0.06155142 0.08136944 0.05672655
 0.14019385]","[0.01689043 0.02276956 0.03520413 0.05036249 0.06850466 0.08796764
 0.10505176 0.11848553 0.13494998 0.16199812 0.18931327 0.20724937
 0.22472437 0.2512632  0.27679081 0.30578152 0.33246514 0.34962602
 0.3629377  0.38223021 0.40463669 0.43382538 0.45297628 0.4815182
 0.50700099 0.54998069 0.57988376 0.60574251 0.63782303 0.65836808
 0.70626277]",2003.0,1997.0,31
3,repsodomy,Arizona,"[1971 1972 1973 1974 1975 1976 1977 1978 1979 1980 1981 1982 1983 1984
 1985 1986 1987 1988 1989 1990 1991 1992 1993 1994 1995 1996 1997 1998
 1999 2000 2001]","[0.02736451 0.04733354 0.0435713  0.03694197 0.05451954 0.05596329
 0.07200473 0.06913081 0.06332893 0.0590292  0.06121011 0.07810167
 0.09603961 0.09982922 0.09087623 0.09706773 0.09831921 0.08652543
 0.07869063 0.06764552 0.04277682 0.05332844 0.0774072  0.06729276
 0.09766362 0.1496689  0.13550523 0.30604689 0.08539371 0.07902845
 0.1504545 ]","[0.02736451 0.07340279 0.11377584 0.1465147  0.19304633 0.23820611
 0.29305887 0.34193029 0.38360514 0.41999044 0.45549289 0.4980198
 0.54622978 0.59152931 0.62864959 0.66469573 0.69766258 0.72382246
 0.74555504 0.7627671  0.77291517 0.78502525 0.80166584 0.8150123
 0.83307887 0.85806177 0.87729514 0.91484858 0.92211998 0.92827471
 0.93906611]",2001.0,1983.0,31
3,repsodomy,Arkansas,"[1971 1972 1973 1974 1975 1976 1977 1978 1979 1980 1981 1982 1983 1984
 1985 1986 1987 1988 1989 1990 1991 1992 1993 1994 1995 1996 1997 1998
 1999 2000 2001 2002]","[0.03113225 0.01487237 0.01897909 0.0070275  0.03210951 0.01543061
 0.03125743 0.01524399 0.02773912 0.00577275 0.03108583 0.01975233
 0.03824305 0.01461084 0.03440137 0.01557498 0.0408282  0.0226408
 0.0618982  0.02744324 0.03386873 0.02698979 0.05522696 0.02719414
 0.03837449 0.02790417 0.05523501 0.0336285  0.03527972 0.03112676
 0.04180631 0.03626999]","[0.03113225 0.04554162 0.06365637 0.07023652 0.10009078 0.11397692
 0.14167173 0.15475608 0.1782024  0.18294643 0.20834522 0.22398224
 0.25365953 0.26456419 0.28986419 0.30092454 0.32946653 0.34464795
 0.38521306 0.4020848  0.42233543 0.43792647 0.46896809 0.48340904
 0.50323296 0.51709483 0.5437681  0.5591105  0.57466495 0.58790426
 0.60513246 0.6194543 ]",2002.0,1995.0,32
3,repsodomy,California,[1971 1972 1973 1974 1975 1976 1977 1978 1979 1980 1981],"[0.05401006 0.07186977 0.06603715 0.08049225 0.06248008 0.0642171
 0.0642171  0.0642171  0.0642171  0.0642171  0.0642171 ]","[0.05401006 0.12199815 0.17997888 0.24598423 0.29309519 0.33849057
 0.38097079 0.42072305 0.45792253 0.49273318 0.52530838]",1976.0,1981.0,11
3,repsodomy,Colorado,"[1971 1972 1973 1974 1975 1976 1977 1978 1979 1980 1981 1982 1983 1984
 1985 1986 1987 1988 1989 1990 1991]","[0.01375366 0.01473466 0.01473466 0.01473466 0.01473466 0.01473466
 0.01473466 0.01473466 0.01473466 0.01473466 0.01473466 0.01473466
 0.01473466 0.01473466 0.01473466 0.01473466 0.01473466 0.01473466
 0.01473466 0.01473466 0.01473466]","[0.01375366 0.02828566 0.04260354 0.05671046 0.07060951 0.08430377
 0.09779624 0.11108991 0.1241877  0.1370925  0.14980715 0.16233445
 0.17467717 0.18683802 0.19881969 0.21062481 0.22225599 0.23371578
 0.24500672 0.25613129 0.26709195]",1972.0,,21
3,repsodomy,Connecticut,"[1971 1972 1973 1974 1975 1976 1977 1978 1979 1980 1981 1982 1983 1984
 1985 1986]","[0.04411409 0.04411409 0.04411409 0.04411409 0.04411409 0.04411409
 0.04411409 0.04411409 0.04411409 0.04411409 0.04411409 0.04411409
 0.04411409 0.04411409 0.04411409 0.04411409]","[0.04411409 0.08628212 0.12658995 0.16511964 0.20194963 0.23715489
 0.27080711 0.30297479 0.33372342 0.3631156  0.39121117 0.41806734
 0.44373877 0.46827772 0.49173417 0.51415585]",1971.0,1986.0,16
3,repsodomy,Delaware,[1971 1972 1973 1974 1975 1976 1977 1978 1979 1980 1981 1982 1983],"[0.03166757 0.03227399 0.05935462 0.05935462 0.05935462 0.05935462
 0.05935462 0.05935462 0.05935462 0.05935462 0.05935462 0.05935462
 0.05935462]","[0.03166757 0.06291951 0.11853957 0.17085832 0.2200717  0.26636405
 0.30990873 0.35086883 0.38939777 0.42563983 0.45973076 0.49179823
 0.52196235]",1973.0,1983.0,13
3,repsodomy,Florida,"[1971 1972 1973 1974 1975 1976 1977 1978 1979 1980 1981 1982 1983 1984
 1985 1986 1987 1988 1989 1990 1991 1992 1993 1994 1995 1996 1997 1998
 1999 2000 2001 2002 2003]","[0.02400651 0.04922329 0.03899774 0.04423738 0.03857781 0.03907964
 0.05816249 0.0568702  0.02802016 0.03740168 0.02944001 0.02635672
 0.04373202 0.03559127 0.04928495 0.0409804  0.03962033 0.07605676
 0.05629603 0.05276648 0.05110688 0.04227991 0.06638485 0.05959558
 0.05402172 0.05737815 0.04929207 0.16407756 0.13763185 0.07532881
 0.19255047 0.13627189 0.23988989]","[0.02400651 0.07204812 0.10823615 0.14768544 0.18056587 0.21258906
 0.25838684 0.30056253 0.32016088 0.34558801 0.36485391 0.38159427
 0.40863841 0.42968572 0.45779363 0.48001346 0.5006155  0.53859707
 0.56457222 0.58754821 0.60862733 0.62517454 0.65005727 0.67091231
 0.68869019 0.70655257 0.7210172  0.76679202 0.79888886 0.81403833
 0.84984533 0.87030719 0.90141919]",2003.0,1987.0,33
3,repsodomy,Georgia,"[1971 1972 1973 1974 1975 1976 1977 1978 1979 1980 1981 1982 1983 1984
 1985 1986 1987 1988 1989 1990 1991 1992 1993 1994 1995 1996 1997 1998]","[0.01468041 0.01870323 0.01994395 0.01477767 0.03050942 0.0297801
 0.0193025  0.06452465 0.02936132 0.03374541 0.03251432 0.03165899
 0.02594364 0.03441839 0.02267444 0.02696895 0.04533402 0.06185503
 0.02822501 0.02767031 0.02787879 0.0334361  0.04199486 0.03606331
 0.03074735 0.05565951 0.03758745 0.04446919]","[0.01468041 0.03310907 0.05239269 0.06639612 0.09487984 0.12183441
 0.1387852  0.19435479 0.2180096  0.24439819 0.26896607 0.29210986
 0.31047511 0.33420745 0.34930393 0.36685251 0.39555563 0.43294356
 0.44894873 0.46419649 0.47913404 0.49654977 0.51769209 0.53508571
 0.54938059 0.57446185 0.59045674 0.6086688 ]",1998.0,1993.0,28
3,repsodomy,Idaho,"[1971 1972 1973 1974 1975 1976 1977 1978 1979 1980 1981 1982 1983 1984
 1985 1986 1987 1988 1989 1990 1991 1992 1993 1994 1995 1996 1997 1998
 1999 2000 2001 2002 2003]","[0.05195906 0.0330074  0.03026736 0.01795117 0.02721992 0.05442534
 0.05962363 0.05002422 0.04266196 0.04624999 0.07881701 0.06970675
 0.08559903 0.08555004 0.1303673  0.08985475 0.11771088 0.08719982
 0.08563208 0.0877806  0.05922629 0.06815915 0.08081962 0.13045707
 0.09336863 0.09991572 0.13818898 0.10707692 0.1095442  0.11885309
 0.13155178 0.12513909 0.12134517]","[0.05195906 0.08325142 0.11099898 0.12695758 0.15072173 0.19694399
 0.2448251  0.28260214 0.31320774 0.34497187 0.39659923 0.43866034
 0.48671047 0.53062241 0.5918139  0.62849136 0.67222197 0.70080415
 0.72642492 0.7504395  0.76522004 0.78122245 0.79890396 0.82513837
 0.84146496 0.8573051  0.87702396 0.89019186 0.9022207  0.91384207
 0.9251763  0.93453967 0.94248297]",2003.0,1984.0,33
3,repsodomy,Indiana,[1971 1972 1973 1974 1975 1976 1977 1978 1979 1980],"[0.03893255 0.03936089 0.03965811 0.06382782 0.06896589 0.11129154
 0.09148405 0.09148405 0.09148405 0.09148405]","[0.03893255 0.07676102 0.11337494 0.16996628 0.2272103  0.31321526
 0.3760451  0.43312702 0.48498686 0.53210234]",1977.0,1980.0,10
3,repsodomy,Iowa,"[1971 1972 1973 1974 1975 1976 1977 1978 1979 1980 1981 1982 1983 1984
 1985 1986 1987]","[0.02437554 0.02734138 0.02621435 0.02658743 0.02856568 0.02331859
 0.0428759  0.04938519 0.04938519 0.04938519 0.04938519 0.04938519
 0.04938519 0.04938519 0.04938519 0.04938519 0.04938519]","[0.02437554 0.05105046 0.07592656 0.10049529 0.12619026 0.14656627
 0.18315801 0.22349791 0.26184561 0.29829951 0.33295312 0.36589536
 0.39721074 0.4269796  0.45527832 0.48217951 0.50775217]",1978.0,1987.0,17
3,repsodomy,Kansas,"[1971 1972 1973 1974 1975 1976 1977 1978 1979 1980 1981 1982 1983 1984
 1985 1986 1987 1988 1989 1990 1991 1992 1993 1994 1995 1996 1997 1998
 1999 2000 2001 2002 2003]","[0.02162272 0.03970327 0.05169621 0.04966223 0.05988588 0.07350706
 0.0605703  0.06178237 0.05091737 0.04422435 0.06429359 0.07338465
 0.08805487 0.0773609  0.08635275 0.07191123 0.08831294 0.09717195
 0.06436917 0.0637961  0.04741717 0.07318633 0.07004959 0.06960739
 0.06849016 0.12171167 0.11913448 0.08012318 0.06018459 0.06709035
 0.08450586 0.07171877 0.16028859]","[0.02162272 0.0604675  0.10903777 0.15328494 0.20399121 0.26250348
 0.30717386 0.3499783  0.3830757  0.41035877 0.44826892 0.48875751
 0.5337749  0.56984249 0.60698778 0.63524977 0.66746194 0.69977531
 0.71910052 0.73702081 0.74949054 0.76782441 0.78408821 0.79911727
 0.81287576 0.83565096 0.8552306  0.86682998 0.87484477 0.88324148
 0.89310826 0.9007744  0.91667913]",2003.0,1983.0,33
3,repsodomy,Kentucky,"[1972 1973 1974 1975 1976 1977 1978 1979 1980 1981 1982 1983 1984 1985
 1986 1987 1988 1989 1990 1991 1992]","[0.02320416 0.02698952 0.06285495 0.0412066  0.08489537 0.03742874
 0.11621138 0.03863361 0.07213583 0.05823804 0.14493821 0.05298711
 0.12323219 0.05613952 0.12560605 0.05658683 0.11509355 0.05856754
 0.11310678 0.04079204 0.0979162 ]","[0.02320416 0.04956741 0.1093068  0.14600924 0.2185091  0.24775932
 0.33517825 0.36086271 0.40696742 0.44150447 0.52245181 0.54775571
 0.60348676 0.62574682 0.67275528 0.69127303 0.72680551 0.74280584
 0.77189624 0.78120106 0.80262502]",1992.0,1982.0,21
3,repsodomy,Louisiana,"[1971 1972 1973 1974 1975 1976 1977 1978 1979 1980 1981 1982 1983 1984
 1985 1986 1987 1988 1989 1990 1991 1992 1993 1994 1995 1996 1997 1998
 1999 2000 2001 2002 2003]","[0.03647224 0.07431794 0.02559323 0.01362458 0.01988629 0.02158436
 0.04487307 0.05200951 0.02612942 0.01982066 0.03614995 0.02404321
 0.04016951 0.02277253 0.02748603 0.03116702 0.03373778 0.04729333
 0.02325145 0.02372222 0.02980712 0.02436893 0.03448034 0.04667055
 0.03219302 0.03895606 0.07104427 0.03847649 0.02879912 0.02893221
 0.02933351 0.04879725 0.13678311]","[0.03647224 0.10807963 0.13090676 0.14274778 0.15979535 0.17793063
 0.2148194  0.25565627 0.27510554 0.28947343 0.31515893 0.3316247
 0.35847301 0.37308221 0.39031369 0.40931579 0.42924417 0.45623711
 0.46888039 0.48147972 0.49693531 0.50919446 0.52611761 0.54823396
 0.56277767 0.57981013 0.60966222 0.62468105 0.6354899  0.64603598
 0.65641899 0.6731848  0.7178876 ]",2003.0,1992.0,33
3,repsodomy,Maine,"[1971 1972 1973 1974 1975 1976 1977 1978 1979 1980 1981 1982 1983 1984
 1985 1986 1987 1988 1989 1990 1991]","[0.03762352 0.01472001 0.01735222 0.01458927 0.10207055 0.03083556
 0.03083556 0.03083556 0.03083556 0.03083556 0.03083556 0.03083556
 0.03083556 0.03083556 0.03083556 0.03083556 0.03083556 0.03083556
 0.03083556 0.03083556 0.03083556]","[0.03762352 0.05178972 0.06824327 0.08183692 0.17555433 0.20097658
 0.22561492 0.24949352 0.27263581 0.29506449 0.31680158 0.33786839
 0.35828559 0.37807321 0.39725068 0.41583679 0.43384979 0.45130736
 0.4682266  0.48462414 0.50051604]",1976.0,1991.0,21
3,repsodomy,Maryland,"[1973 1974 1975 1976 1977 1978 1979 1980 1981 1982 1983 1984 1985 1986
 1987 1988 1989 1990 1991 1992 1993 1994 1995 1996 1997 1998]","[0.05927437 0.06404386 0.05073296 0.08166571 0.08073733 0.0562247
 0.08475989 0.14248813 0.11100687 0.12337238 0.1178239  0.12302431
 0.07869124 0.06645847 0.05762686 0.05864953 0.06146248 0.12268169
 0.20225486 0.10898971 0.07992128 0.10691752 0.08809131 0.07948949
 0.06598395 0.05710266]","[0.05927437 0.11952207 0.16419132 0.23244823 0.29441831 0.33408943
 0.39053194 0.4773739  0.53538899 0.59270916 0.64069775 0.68490066
 0.70969622 0.72898937 0.74460686 0.75958555 0.77436201 0.80204366
 0.84208129 0.85929281 0.87053831 0.88438003 0.89456515 0.90294611
 0.90935011 0.91452646]",1998.0,1981.0,26
3,repsodomy,Massachusetts,"[1971 1972 1973 1974 1975 1976 1977 1978 1979 1980 1981 1982 1983 1984
 1985 1986 1987 1988 1989 1990 1991 1992 1993 1994 1995 1996 1997 1998
 1999 2000 2001 2002]","[0.03816631 0.02859867 0.02495556 0.02572451 0.05093926 0.04599399
 0.13943887 0.08263722 0.0823217  0.11251333 0.10761901 0.11842033
 0.09836747 0.10245596 0.14860167 0.10215503 0.11415528 0.12542893
 0.10342799 0.07777516 0.09410814 0.09154616 0.05715632 0.07555428
 0.07562058 0.09577344 0.11121389 0.13818707 0.150101   0.20795012
 0.16643163 0.14622267]","[0.03816631 0.06567348 0.08899012 0.1124254  0.1576378  0.1963814
 0.30843707 0.36558591 0.41781195 0.48331587 0.53892091 0.59352205
 0.63350625 0.67105572 0.71993739 0.7485472  0.77725186 0.80519092
 0.82533963 0.83892387 0.85408245 0.86744064 0.87501724 0.88446023
 0.89319741 0.90342626 0.9141666  0.92602767 0.93713099 0.95020461
 0.95849214 0.96456153]",2002.0,1981.0,32
3,repsodomy,Michigan,"[1971 1972 1973 1974 1975 1976 1977 1978 1979 1980 1981 1982 1983 1984
 1985 1986 1987 1988 1989 1990]","[0.0464979  0.03837696 0.04631788 0.10372131 0.06772672 0.08456886
 0.09559861 0.07602822 0.08359636 0.10998005 0.10065181 0.0826207
 0.08636996 0.11142266 0.12143009 0.07414443 0.0835285  0.1275047
 0.08853112 0.09773572]","[0.0464979  0.08309041 0.12555972 0.21625781 0.2693381  0.33112934
 0.39507245 0.44106401 0.48778902 0.54412201 0.59000695 0.62388087
 0.65636626 0.69465485 0.73173294 0.75162345 0.77236997 0.80139387
 0.81897669 0.83666913]",1990.0,1980.0,20
3,repsodomy,Minnesota,"[1971 1972 1973 1974 1975 1976 1977 1978 1979 1980 1981 1982 1983 1984
 1985 1986 1987 1988 1989 1990 1991 1992 1993 1994 1995 1996 1997 1998
 1999 2000 2001]","[0.03280372 0.01424304 0.03389821 0.04497101 0.02908584 0.05729979
 0.07439694 0.08474172 0.08141581 0.12219689 0.12591005 0.129185
 0.16122522 0.20055971 0.20788325 0.18743378 0.16421602 0.10870835
 0.17223141 0.16165881 0.14491385 0.14081943 0.10860756 0.16222402
 0.16385049 0.15826328 0.10273145 0.21216415 0.29238808 0.25162588
 0.2330356 ]","[0.03280372 0.04657954 0.07889879 0.12032164 0.14590782 0.19484712
 0.25474804 0.31790197 0.37343553 0.44999976 0.51925032 0.58135596
 0.64885194 0.71927809 0.77763548 0.8193141  0.84898562 0.86540214
 0.88858412 0.90659548 0.92013109 0.93137818 0.93883103 0.94875411
 0.95715077 0.96393223 0.96763753 0.97450368 0.9819585  0.98649821
 0.98964461]",2001.0,1981.0,31
3,repsodomy,Mississippi,"[1974 1975 1976 1977 1978 1979 1980 1981 1982 1983 1984 1985 1986 1987
 1988 1989 1990 1991 1992 1993 1994 1995 1996 1997 1998 1999 2000 2001
 2002 2003]","[0.01173727 0.00979304 0.01314957 0.01587307 0.01682265 0.01668507
 0.01091294 0.01217713 0.03021094 0.01972495 0.02031827 0.02148965
 0.02419234 0.03540885 0.03885698 0.03440092 0.03200892 0.02058817
 0.02634901 0.03680667 0.03548661 0.02866441 0.04503479 0.05760946
 0.05208608 0.02910839 0.02981206 0.03024388 0.07926596 0.20101743]","[0.01173727 0.02141537 0.03428334 0.04961222 0.06560026 0.08119078
 0.09121769 0.10228405 0.12940489 0.14657734 0.16391741 0.18188453
 0.20167666 0.22994438 0.25986642 0.2853277  0.30820359 0.32244641
 0.34029928 0.36458066 0.38712954 0.40469711 0.43150645 0.46425705
 0.4921618  0.50694415 0.52164316 0.53611053 0.57288117 0.6587395 ]",2003.0,1999.0,30
3,repsodomy,Missouri,"[1971 1972 1973 1974 1975 1976 1977 1978 1979 1980 1981 1982 1983 1984
 1985 1986 1987 1988 1989 1990 1991 1992 1993 1994 1995 1996 1997 1998
 1999 2000 2001 2002 2003]","[0.02086153 0.01605285 0.03277808 0.02349403 0.0428684  0.02979483
 0.03780441 0.06736731 0.05619205 0.05102971 0.06443411 0.08206152
 0.09809774 0.08709609 0.09341569 0.10451545 0.09446995 0.08210343
 0.08679449 0.08173083 0.0511389  0.08459576 0.07806213 0.08612375
 0.12100046 0.09279117 0.07414235 0.11645213 0.10121694 0.06474748
 0.11064992 0.13241361 0.15687347]","[0.02086153 0.0365795  0.06815857 0.09005128 0.12905933 0.15500886
 0.18695325 0.24172603 0.284335   0.32085517 0.36461527 0.41675591
 0.47397083 0.51978592 0.56464545 0.61014672 0.64697614 0.67596061
 0.70408545 0.72827079 0.74216672 0.76397832 0.78240268 0.80114298
 0.82520477 0.84142422 0.8531814  0.87027874 0.88340873 0.89095772
 0.90302324 0.91586428 0.92906294]",2003.0,1984.0,33
3,repsodomy,Montana,"[1971 1972 1973 1974 1975 1976 1977 1978 1979 1980 1981 1982 1983 1984
 1985 1986 1987 1988 1989 1990 1991 1992 1993 1994 1995 1996 1997]","[0.03480219 0.02818097 0.12569995 0.05909679 0.06254422 0.05598631
 0.08830017 0.07471057 0.12160214 0.06614859 0.12827039 0.0858355
 0.16747868 0.07724109 0.14757604 0.09033783 0.16440971 0.09648587
 0.16813763 0.07210752 0.08538905 0.083027   0.12654734 0.08935535
 0.15551478 0.11182114 0.17637676]","[0.03480219 0.0620024  0.17990865 0.22837342 0.2766342  0.31713278
 0.37743007 0.42394262 0.49399243 0.52746412 0.58807648 0.62343414
 0.6865009  0.71071591 0.75340731 0.77568396 0.81256369 0.83064865
 0.85912298 0.86928127 0.88044322 0.89036966 0.90424309 0.91279948
 0.92636045 0.93459491 0.94613085]",1997.0,1980.0,27
3,repsodomy,Nevada,"[1971 1972 1973 1974 1975 1976 1977 1978 1979 1980 1981 1982 1983 1984
 1985 1986 1987 1988 1989 1990 1991 1992 1993]","[0.02312901 0.02764059 0.0629892  0.02896243 0.09040747 0.04683667
 0.06690673 0.04289761 0.04881273 0.02492131 0.04864224 0.02557237
 0.08214001 0.04322041 0.07164684 0.03130279 0.09451403 0.04012803
 0.05303839 0.02413689 0.03561882 0.02734866 0.06155709]","[0.02312901 0.05013031 0.10996184 0.13573951 0.21387511 0.25069458
 0.30082816 0.33082096 0.36348542 0.3793482  0.40953809 0.4246376
 0.47189787 0.49472267 0.53092419 0.54560757 0.58855403 0.60506455
 0.62601129 0.63503821 0.64803772 0.65766342 0.67873666]",1993.0,1985.0,23
3,repsodomy,New Hampshire,[1971 1972 1973 1974 1975 1976 1977 1978 1979 1980 1981 1982 1983 1984],"[0.06608739 0.01777423 0.02831991 0.01338327 0.05565341 0.05565341
 0.05565341 0.05565341 0.05565341 0.05565341 0.05565341 0.05565341
 0.05565341 0.05565341]","[0.06608739 0.08268697 0.1086652  0.12059418 0.16953611 0.21575426
 0.25940022 0.30061712 0.33954017 0.37629702 0.41100822 0.44378762
 0.47474274 0.5039751 ]",1975.0,1984.0,14
3,repsodomy,New Jersey,[1972 1973 1974 1975 1976 1977 1978 1979 1980 1981 1982 1983 1984],"[0.03456421 0.03983079 0.05871022 0.03247723 0.04414558 0.04107947
 0.03692146 0.06740062 0.06740062 0.06740062 0.06740062 0.06740062
 0.06740062]","[0.03456421 0.07301827 0.12744157 0.15577985 0.19304844 0.22619758
 0.25476749 0.30499663 0.35184028 0.39552665 0.43626853 0.47426438
 0.50969928]",1979.0,1984.0,13
3,repsodomy,New Mexico,[1971 1972 1973 1974 1975 1976 1977 1978 1979 1980],"[0.05732314 0.06861449 0.05337727 0.0491419  0.08336232 0.08336232
 0.08336232 0.08336232 0.08336232 0.08336232]","[0.05732314 0.12200443 0.16886944 0.20971278 0.27559295 0.33598121
 0.39133535 0.44207505 0.48858497 0.53121771]",1975.0,1980.0,10
3,repsodomy,New York,[1971 1972 1973 1974 1975 1976 1977 1978 1979 1980],"[0.08270098 0.10108647 0.06036286 0.07037314 0.0645995  0.04119991
 0.0892822  0.06012433 0.08380797 0.12908193]","[0.08270098 0.1754275  0.22520105 0.27972609 0.32625542 0.35401364
 0.41168872 0.44706055 0.49340128 0.55879402]",1980.0,1980.0,10
3,repsodomy,North Carolina,"[1973 1974 1975 1976 1977 1978 1979 1980 1981 1982 1983 1984 1985 1986
 1987 1988 1989 1990 1991 1992 1993 1994 1995 1996 1997 1998 1999 2000
 2001 2002 2003]","[0.01762733 0.01940055 0.01979033 0.02114997 0.03386275 0.02781375
 0.02475623 0.01566405 0.02161675 0.02084075 0.03862365 0.02345481
 0.022859   0.03670467 0.04028143 0.04101735 0.03351882 0.02365565
 0.019204   0.02508046 0.03237286 0.03377897 0.04277207 0.06321053
 0.04545565 0.11487607 0.10432381 0.05417876 0.11153338 0.07334199
 0.17134784]","[0.01762733 0.0366859  0.05575021 0.07572106 0.10701969 0.13185682
 0.15334878 0.16661076 0.18462593 0.20161894 0.23245533 0.25045794
 0.26759172 0.29447452 0.3228941  0.35066719 0.37243206 0.38727759
 0.39904431 0.41411656 0.43308328 0.45223314 0.47566227 0.50880593
 0.53113348 0.58499502 0.62828992 0.64842871 0.68764064 0.7105497
 0.76014638]",2003.0,1996.0,31
3,repsodomy,North Dakota,[1971 1972 1973 1974 1975 1976 1977 1978 1979],"[0.0368138  0.01124061 0.08941479 0.08941479 0.08941479 0.08941479
 0.08941479 0.08941479 0.08941479]","[0.0368138  0.0476406  0.13279561 0.21033651 0.2809441  0.34523833
 0.40378371 0.45709426 0.50563806]",1973.0,1979.0,9
3,repsodomy,Ohio,[1971 1972 1973 1974 1975 1976 1977 1978 1979 1980 1981 1982],"[0.02409378 0.03013156 0.02798072 0.06898551 0.06898551 0.06898551
 0.06898551 0.06898551 0.06898551 0.06898551 0.06898551 0.06898551]","[0.02409378 0.05349935 0.07998312 0.14345096 0.20254043 0.25755359
 0.30877163 0.35645637 0.40085156 0.44218412 0.48066533 0.5164919 ]",1974.0,1982.0,12
3,repsodomy,Oklahoma,"[1971 1972 1973 1974 1975 1976 1977 1978 1979 1980 1981 1982 1983 1984
 1985 1986 1987 1988 1989 1990 1991 1992 1993 1994 1995 1996 1997 1998
 1999 2000 2001 2002 2003]","[0.01480411 0.01659575 0.02240722 0.01179133 0.05096918 0.04060286
 0.06485186 0.05186745 0.03876349 0.03832367 0.04938758 0.04143063
 0.06848645 0.04896524 0.04557202 0.04486315 0.05948515 0.07420078
 0.0424023  0.05639957 0.03301679 0.04946228 0.04681046 0.04448685
 0.0595726  0.09174455 0.06271582 0.04936038 0.04654495 0.06802807
 0.03856324 0.04180209 0.10681883]","[0.01480411 0.03115417 0.05286331 0.06403131 0.11173687 0.1478029
 0.20306947 0.24440422 0.27369375 0.30152848 0.3360243  0.36353323
 0.40712258 0.43615296 0.46184861 0.48599178 0.51656763 0.55243869
 0.57141632 0.59558826 0.60894064 0.62828332 0.64568355 0.66144597
 0.68161452 0.71082465 0.72896052 0.74233913 0.75433194 0.77104427
 0.77987354 0.78907529 0.81160602]",2003.0,1987.0,33
3,repsodomy,Oregon,"[1971 1972 1973 1974 1975 1976 1977 1978 1979 1980 1981 1982 1983 1984
 1985 1986 1987 1988 1989 1990 1991]","[0.03984922 0.02830318 0.02830318 0.02830318 0.02830318 0.02830318
 0.02830318 0.02830318 0.02830318 0.02830318 0.02830318 0.02830318
 0.02830318 0.02830318 0.02830318 0.02830318 0.02830318 0.02830318
 0.02830318 0.02830318 0.02830318]","[0.03984922 0.06702454 0.09343072 0.11908951 0.14402208 0.16824898
 0.19179018 0.21466509 0.23689257 0.25849094 0.27947801 0.29987107
 0.31968695 0.33894197 0.35765202 0.37583251 0.39349844 0.41066436
 0.42734444 0.44355241 0.45930165]",1972.0,,21
3,repsodomy,Pennsylvania,[1971 1972 1973 1974 1975 1976 1977 1978 1979 1980],"[0.05051066 0.05133373 0.03062875 0.06284552 0.03959888 0.05688862
 0.06069909 0.05250012 0.20156042 0.05708128]","[0.05051066 0.09925149 0.12684029 0.18171447 0.21411766 0.25882542
 0.30381404 0.34036389 0.47332042 0.50338397]",1980.0,1980.0,10
3,repsodomy,Rhode Island,"[1971 1972 1973 1974 1975 1976 1977 1978 1979 1980 1981 1982 1983 1984
 1985 1986 1987 1988 1989 1990 1991 1992 1993 1994 1995 1996 1997 1998]","[0.09811767 0.07353021 0.04232526 0.06498773 0.05733173 0.05144095
 0.06766888 0.04938848 0.08763767 0.08993332 0.06956359 0.06886337
 0.06936683 0.07122233 0.07270559 0.0659917  0.06718784 0.07379337
 0.08448824 0.07049845 0.07022352 0.06159879 0.04482958 0.04578937
 0.06571886 0.07648297 0.06374035 0.05963382]","[0.09811767 0.16443327 0.19979884 0.2518021  0.29469759 0.33097901
 0.37625091 0.40705693 0.45902108 0.50767311 0.54192114 0.57346599
 0.60305331 0.63132478 0.65812953 0.68069014 0.70214388 0.72412369
 0.74743199 0.76523765 0.78172348 0.79516905 0.80435154 0.81331016
 0.8255792  0.83891942 0.84918675 0.85818032]",1998.0,1980.0,28
3,repsodomy,South Carolina,"[1971 1972 1973 1974 1975 1976 1977 1978 1979 1980 1981 1982 1983 1984
 1985 1986 1987 1988 1989 1990 1991 1992 1993 1994 1995 1996 1997 1998
 1999 2000 2001 2002 2003]","[0.02536239 0.0159379  0.01331218 0.01274089 0.02197069 0.031768
 0.02498618 0.03251367 0.02581977 0.0224601  0.03025677 0.03369713
 0.04065959 0.03563517 0.02411534 0.04092364 0.05045457 0.04515552
 0.03377113 0.02976234 0.02232844 0.03112003 0.03700228 0.03747064
 0.02925836 0.04421622 0.03454616 0.12155196 0.11846023 0.06835592
 0.09635917 0.09496163 0.17679104]","[0.02536239 0.04089606 0.05366383 0.065721   0.08624776 0.11527583
 0.13738171 0.16542859 0.18697703 0.20523761 0.22928456 0.25525546
 0.28553647 0.31099649 0.32761205 0.35512861 0.38766532 0.41531561
 0.43506106 0.45187497 0.46411374 0.48079054 0.50000248 0.5187377
 0.53281865 0.55347564 0.56890134 0.62130223 0.66616285 0.6889826
 0.71895198 0.74564075 0.79060919]",2003.0,1993.0,33
3,repsodomy,South Dakota,[1971 1972 1973 1974 1975 1976 1977 1978 1979 1980],"[0.0347358  0.0209081  0.02399697 0.01756    0.06067203 0.05685821
 0.1275228  0.1275228  0.1275228  0.1275228 ]","[0.0347358  0.05491764 0.07759676 0.09379416 0.14877551 0.19717461
 0.29955316 0.3888761  0.46680834 0.53480243]",1977.0,1980.0,10
3,repsodomy,Tennessee,"[1971 1972 1973 1974 1975 1976 1977 1978 1979 1980 1981 1982 1983 1984
 1985 1986 1987 1988 1989 1990 1991 1992 1993 1994 1995 1996]","[0.02002508 0.02110867 0.01941311 0.01256951 0.02763036 0.03050242
 0.02786237 0.02698818 0.02515831 0.02079992 0.03913247 0.03295554
 0.03633148 0.04294803 0.03950553 0.03949986 0.0388411  0.04353396
 0.05202576 0.03781745 0.02386589 0.03724746 0.04637708 0.03645641
 0.03848161 0.04261274]","[0.02002508 0.04071104 0.05933382 0.07115754 0.09682179 0.12437091
 0.14876801 0.17174121 0.19257881 0.2093731  0.24031228 0.2653482
 0.29203919 0.32244471 0.34921189 0.37491793 0.3991968  0.42535214
 0.45524863 0.47584974 0.48835905 0.50741638 0.53026097 0.54738597
 0.56480329 0.58334821]",1996.0,1992.0,26
3,repsodomy,Texas,"[1971 1972 1973 1974 1975 1976 1977 1978 1979 1980 1981 1982 1983 1984
 1985 1986 1987 1988 1989 1990 1991 1992 1993 1994 1995 1996 1997 1998
 1999 2000 2001 2002 2003]","[0.01432214 0.00837693 0.0428484  0.00753948 0.03491869 0.02097254
 0.03321988 0.02995594 0.04875169 0.0207246  0.0584501  0.02057155
 0.06602851 0.03061093 0.0431271  0.03377542 0.06602542 0.03815398
 0.04539704 0.0288027  0.03361217 0.03459345 0.05237979 0.04631757
 0.15842766 0.10035301 0.11440478 0.11513448 0.07137774 0.07855031
 0.2164603  0.20295929 0.30319231]","[0.01432214 0.02257909 0.06446001 0.0715135  0.10393503 0.12272779
 0.15187066 0.17727717 0.2173863  0.23360566 0.27840148 0.29324588
 0.3399118  0.36011771 0.38771398 0.4083942  0.44745522 0.468537
 0.49266385 0.5072765  0.52383801 0.54031009 0.56438855 0.58456502
 0.65038141 0.68546669 0.7214508  0.75352142 0.7711145  0.78909353
 0.83474641 0.86828616 0.90822078]",2003.0,1990.0,33
3,repsodomy,Utah,"[1971 1972 1973 1974 1975 1976 1977 1978 1979 1980 1981 1982 1983 1984
 1985 1986 1987 1988 1989 1990 1991 1992 1993 1994 1995 1996 1997 1998
 1999 2000 2001 2002 2003]","[0.02772029 0.02244378 0.02278966 0.02278032 0.0542368  0.04944637
 0.0410951  0.04464518 0.05061965 0.07050347 0.05807568 0.07102401
 0.07217411 0.06326519 0.05901223 0.06238308 0.08243816 0.07713779
 0.06895934 0.07807774 0.0515802  0.05365875 0.07221306 0.11745832
 0.09725854 0.11736114 0.09679209 0.07004614 0.04261116 0.05959313
 0.11637028 0.09565412 0.12696709]","[0.02772029 0.04954192 0.07120254 0.09236084 0.14158828 0.18403362
 0.21756584 0.25249776 0.29033606 0.34036983 0.3786783  0.42280706
 0.46446545 0.49834614 0.52794985 0.5573978  0.59388511 0.62521191
 0.65105705 0.67830173 0.69489499 0.71126654 0.73211687 0.76358197
 0.78657565 0.81162337 0.82985674 0.84177462 0.84851679 0.85754415
 0.87412177 0.88616254 0.90061616]",2003.0,1985.0,33
3,repsodomy,Virginia,"[1972 1973 1974 1975 1976 1977 1978 1979 1980 1981 1982 1983 1984 1985
 1986 1987 1988 1989 1990 1991 1992 1993 1994 1995 1996 1997 1998 1999
 2000 2001 2002 2003]","[0.03213804 0.01652735 0.01467142 0.03955549 0.04531805 0.03254354
 0.0336476  0.02787073 0.02277528 0.04939597 0.04789148 0.03263671
 0.02647317 0.02891577 0.02791431 0.03718099 0.04458673 0.03140952
 0.02497304 0.02344054 0.04023179 0.05523418 0.10109423 0.11172793
 0.12677938 0.08562873 0.21387792 0.1121633  0.08044587 0.24498578
 0.17054007 0.24747827]","[0.03213804 0.04813424 0.06209946 0.09919857 0.14002114 0.16800789
 0.19600244 0.21841043 0.23621135 0.27393943 0.30871155 0.33127293
 0.34897626 0.36780111 0.38544851 0.40829814 0.43468019 0.45243661
 0.46611094 0.47862558 0.49960141 0.52724051 0.57503377 0.62251437
 0.67037176 0.69859741 0.76306077 0.78963666 0.80655952 0.85394969
 0.87885712 0.90883735]",2003.0,1993.0,32
3,repsodomy,Washington,"[1971 1972 1973 1974 1975 1976 1977 1978 1979 1980 1981 1982 1983 1984
 1985 1986 1987 1988 1989 1990 1991 1992 1993]","[0.04204657 0.0432779  0.05984276 0.02920983 0.05345895 0.02543257
 0.02543257 0.02543257 0.02543257 0.02543257 0.02543257 0.02543257
 0.02543257 0.02543257 0.02543257 0.02543257 0.02543257 0.02543257
 0.02543257 0.02543257 0.02543257 0.02543257 0.02543257]","[0.04204657 0.08350479 0.13835039 0.16351903 0.20823642 0.228373
 0.24799746 0.26712281 0.28576176 0.30392667 0.3216296  0.3388823
 0.35569622 0.37208252 0.38805207 0.40361548 0.41878306 0.4335649
 0.4479708  0.46201032 0.47569278 0.48902725 0.5020226 ]",1976.0,1993.0,23
3,repsodomy,West Virginia,"[1971 1972 1973 1974 1975 1976 1977 1978 1979 1980 1981 1982 1983 1984
 1985]","[0.07612456 0.03076096 0.01701205 0.03109946 0.03771849 0.04913992
 0.04913992 0.04913992 0.04913992 0.04913992 0.04913992 0.04913992
 0.04913992 0.04913992 0.04913992]","[0.07612456 0.10454386 0.1197774  0.14715185 0.17931999 0.21964814
 0.25799457 0.29445665 0.329127   0.36209364 0.39344031 0.4232466
 0.45158822 0.47853713 0.50416177]",1976.0,1985.0,15
3,repsodomy,Wisconsin,[1971 1972 1973 1974 1975 1976 1977 1978 1979 1980 1981 1982 1983],"[0.06900958 0.05469725 0.06631899 0.05640396 0.03382175 0.04766454
 0.0467409  0.06522947 0.06664913 0.06487037 0.10142768 0.09726455
 0.11168517]","[0.06900958 0.11993219 0.1782974  0.22464468 0.25086855 0.28657556
 0.31992166 0.36428281 0.40665281 0.44514346 0.50142127 0.5499153
 0.60018309]",1983.0,1981.0,13
3,repsodomy,Wyoming,"[1971 1972 1973 1974 1975 1976 1977 1978 1979 1980 1981 1982 1983 1984
 1985 1986 1987 1988 1989 1990]","[0.02270968 0.01006329 0.02497285 0.01229609 0.02322649 0.02407424
 0.04248686 0.04248686 0.04248686 0.04248686 0.04248686 0.04248686
 0.04248686 0.04248686 0.04248686 0.04248686 0.04248686 0.04248686
 0.04248686 0.04248686]","[0.02270968 0.03254443 0.05670456 0.0683034  0.08994345 0.11185237
 0.14958698 0.18571836 0.22031463 0.25344101 0.28515996 0.31553127
 0.3446122  0.37245757 0.39911988 0.42464939 0.44909423 0.47250049
 0.49491229 0.51637188]",1977.0,1990.0,20
3,shoplift,Alabama,"[1973 1974 1975 1976 1977 1978 1979 1980 1981 1982 1983 1984 1985 1986
 1987 1988 1989 1990 1991 1992 1993 1994]","[0.0121911  0.00775346 0.01336604 0.01336604 0.01336604 0.01336604
 0.01336604 0.01336604 0.01336604 0.01336604 0.01336604 0.01336604
 0.01336604 0.01336604 0.01336604 0.01336604 0.01336604 0.01336604
 0.01336604 0.01336604 0.01336604 0.01336604]","[0.0121911  0.01985004 0.03295076 0.04587639 0.05862924 0.07121165
 0.08362587 0.09587417 0.10795876 0.11988182 0.13164552 0.14325198
 0.15470331 0.16600159 0.17714885 0.18814711 0.19899837 0.2097046
 0.22026772 0.23068965 0.24097229 0.25111749]",1975.0,,22
3,shoplift,Arizona,"[1971 1972 1973 1974 1975 1976 1977 1978 1979 1980 1981 1982 1983 1984
 1985 1986 1987 1988 1989 1990 1991 1992 1993 1994 1995 1996 1997 1998
 1999 2000]","[0.04421169 0.04831866 0.06327861 0.05425724 0.05914161 0.06113993
 0.0719234  0.06506822 0.1105098  0.08013065 0.07953742 0.11267485
 0.1493335  0.12206777 0.1416323  0.18093836 0.17601415 0.15054954
 0.07868929 0.08171699 0.08050759 0.0835902  0.08496029 0.11010633
 0.11855686 0.18768956 0.25564807 0.34252716 0.28392108 0.31987669]","[0.04421169 0.0903941  0.1479527  0.19418243 0.24183978 0.28819365
 0.33938918 0.38237395 0.45062768 0.49464924 0.53484354 0.58725497
 0.64889163 0.69175065 0.73540871 0.78328343 0.82142861 0.84831245
 0.86024864 0.8716687  0.88200034 0.89186396 0.90105123 0.91194611
 0.92238551 0.93695294 0.9530708  0.96914532 0.97790562 0.98497309]",2000.0,1981.0,30
3,shoplift,Arkansas,"[1971 1972 1973 1974 1975 1976 1977 1978 1979 1980 1981 1982 1983 1984
 1985 1986 1987 1988 1989 1990 1991 1992 1993]","[0.02667525 0.00633116 0.01567034 0.00773986 0.03344581 0.03344581
 0.03344581 0.03344581 0.03344581 0.03344581 0.03344581 0.03344581
 0.03344581 0.03344581 0.03344581 0.03344581 0.03344581 0.03344581
 0.03344581 0.03344581 0.03344581 0.03344581 0.03344581]","[0.02667525 0.03283752 0.04799328 0.05536168 0.08695587 0.11749337
 0.14700952 0.17553848 0.20311326 0.22976578 0.25552689 0.28042639
 0.30449311 0.3277549  0.35023869 0.37197048 0.39297543 0.41327786
 0.43290126 0.45186833 0.47020104 0.4879206  0.50504751]",1975.0,1993.0,23
3,shoplift,California,[1971 1972 1973 1974 1975 1976 1977 1978 1979],"[0.06594356 0.06681554 0.09595441 0.06163844 0.06562421 0.08266099
 0.08266099 0.08266099 0.08266099]","[0.06594356 0.12835304 0.21199141 0.26056304 0.309088   0.36619947
 0.41859005 0.46664997 0.51073722]",1976.0,1979.0,9
3,shoplift,Colorado,"[1971 1972 1973 1974 1975 1976 1977 1978 1979 1980 1981 1982 1983 1984
 1985]","[0.02641987 0.01456173 0.03935681 0.02734611 0.05534634 0.0373672
 0.03871978 0.03381899 0.07430898 0.05649977 0.06209503 0.12806978
 0.13329105 0.14893708 0.1517476 ]","[0.02641987 0.04059688 0.07835593 0.10355931 0.15317403 0.18481754
 0.21638122 0.24288242 0.29914306 0.33874131 0.37980219 0.45923079
 0.53131048 0.60111573 0.66164546]",1985.0,1983.0,15
3,shoplift,Connecticut,[1971 1972 1973 1974 1975 1976 1977 1978 1979 1980],"[0.10853153 0.08407141 0.06607802 0.06607802 0.06607802 0.06607802
 0.06607802 0.06607802 0.06607802 0.06607802]","[0.10853153 0.18347854 0.23743266 0.2878216  0.33488094 0.37883069
 0.41987633 0.45820975 0.49401018 0.52744498]",1973.0,1980.0,10
3,shoplift,Florida,[1971 1972 1973 1974 1975 1976 1977 1978 1979 1980],"[0.02168762 0.04763971 0.02619827 0.04185252 0.07236563 0.07447609
 0.08263521 0.11236908 0.11236908 0.11236908]","[0.02168762 0.06829413 0.09270321 0.13067587 0.19358505 0.25364369
 0.315319   0.39225598 0.46054761 0.52116538]",1978.0,1980.0,10
3,shoplift,Georgia,[1971 1972 1973 1974 1975 1976 1977 1978 1979 1980 1981],"[0.014689   0.0156511  0.03960886 0.03990127 0.06427328 0.06490978
 0.0594262  0.11779783 0.11779783 0.11779783 0.11779783]","[0.014689   0.0301102  0.06852643 0.1056934  0.16317342 0.21749165
 0.26399315 0.35069316 0.42718009 0.49465703 0.55418533]",1978.0,1981.0,11
3,shoplift,Idaho,[1971 1972 1973 1974 1975 1976 1977 1978 1979 1980 1981 1982],"[0.09915854 0.03478421 0.06822882 0.05406837 0.05406837 0.05406837
 0.05406837 0.05406837 0.05406837 0.05406837 0.05406837 0.05406837]","[0.09915854 0.13049359 0.18981899 0.23362416 0.27506085 0.31425713
 0.35133413 0.38640644 0.41958244 0.45096467 0.48065012 0.50873052]",1974.0,1982.0,12
3,shoplift,Illinois,[1971 1972 1973 1974 1975 1976 1977 1978 1979 1980 1981 1982 1983 1984],"[0.03418264 0.03479951 0.05131458 0.04578803 0.0354851  0.06126245
 0.0698017  0.05635346 0.05412348 0.05412348 0.05412348 0.05412348
 0.05412348 0.05412348]","[0.03418264 0.06779261 0.11562845 0.15612207 0.18606716 0.23593068
 0.28926402 0.32931646 0.36561619 0.39995125 0.43242797 0.46314695
 0.49220331 0.51968703]",1979.0,1984.0,14
3,shoplift,Indiana,[1971 1972 1973 1974 1975 1976 1977 1978 1979],"[0.03044262 0.02804754 0.0315341  0.08216301 0.07839858 0.13000377
 0.13000377 0.13000377 0.13000377]","[0.03044262 0.05763633 0.08735291 0.16233875 0.2280102  0.32837179
 0.41568598 0.49164901 0.55773655]",1976.0,1979.0,9
3,shoplift,Iowa,[1971 1972 1973 1974 1975 1976 1977 1978 1979 1980 1981 1982 1983],"[0.02026747 0.01953323 0.02069001 0.02002083 0.02785486 0.02214127
 0.05694496 0.04615941 0.04681221 0.06743515 0.05604088 0.11745995
 0.16668461]","[0.02026747 0.03940481 0.05927954 0.07811355 0.10379256 0.12363573
 0.17354026 0.21168915 0.24859172 0.29926305 0.33853297 0.41622885
 0.51353451]",1983.0,1983.0,13
3,shoplift,Kansas,"[1971 1972 1973 1974 1975 1976 1977 1978 1979 1980 1981 1982 1983 1984
 1985 1986 1987 1988 1989 1990 1991 1992 1993]","[0.02592686 0.01451704 0.02155299 0.02426084 0.02855715 0.03216171
 0.05234851 0.06619022 0.05359125 0.02921218 0.03596727 0.09503656
 0.11763821 0.08484716 0.16698344 0.15939638 0.17525087 0.15047186
 0.07967141 0.08893477 0.10851124 0.12332866 0.12193618]","[0.02592686 0.04006751 0.06075693 0.08354375 0.10971513 0.13834821
 0.1834544  0.23750174 0.27836497 0.2994455  0.32464253 0.38882618
 0.46072358 0.50647965 0.58888938 0.65441892 0.7149823  0.75786945
 0.77716033 0.79697852 0.81900864 0.84133006 0.86067766]",1993.0,1984.0,23
3,shoplift,Kentucky,[1972 1973 1974 1975 1976 1977 1978 1979 1980 1981 1982 1983],"[0.01490828 0.01502687 0.06602695 0.06602695 0.06602695 0.06602695
 0.06602695 0.06602695 0.06602695 0.06602695 0.06602695 0.06602695]","[0.01490828 0.02971113 0.09377634 0.15361153 0.20949598 0.26169055
 0.31043887 0.35596849 0.39849193 0.43820767 0.47530111 0.50994538]",1974.0,1983.0,12
3,shoplift,Louisiana,"[1971 1972 1973 1974 1975 1976 1977 1978 1979 1980 1981 1982 1983 1984
 1985 1986 1987]","[0.01788764 0.04915948 0.05374551 0.03960547 0.05378713 0.06534868
 0.0931587  0.09629582 0.14428561 0.09722679 0.10220423 0.10291732
 0.11661438 0.07718799 0.10437786 0.13399863 0.14033504]","[0.01788764 0.06616778 0.11635707 0.15135417 0.19700039 0.24947536
 0.31939326 0.38493285 0.47367819 0.52485077 0.57341303 0.61731622
 0.66194265 0.68803662 0.72059869 0.75803808 0.79199382]",1987.0,1980.0,17
3,shoplift,Maine,[1971 1972 1973 1974 1975 1976 1977 1978 1979],"[0.08156651 0.04654335 0.06497632 0.03123705 0.0954452  0.0954452
 0.0954452  0.0954452  0.0954452 ]","[0.08156651 0.12431348 0.18121237 0.20678887 0.28249707 0.35097928
 0.41292519 0.46895866 0.519644  ]",1975.0,1979.0,9
3,shoplift,Massachusetts,[1971 1972 1973 1974 1975 1976 1977 1978 1979 1980 1981],"[0.08222203 0.09010381 0.11767025 0.09254041 0.09781435 0.10245518
 0.14453039 0.09982374 0.100138   0.10403971 0.11885603]","[0.08222203 0.16491733 0.26318172 0.33136718 0.39676907 0.4585732
 0.53682583 0.58306161 0.62481298 0.66384733 0.7038011 ]",1981.0,1977.0,11
3,shoplift,Michigan,[1971 1972 1973 1974 1975 1976 1977 1978 1979 1980 1981],"[0.02959168 0.03089959 0.04475423 0.06234837 0.04600068 0.07874575
 0.08627547 0.07042664 0.06446125 0.10670105 0.10670105]","[0.02959168 0.0595769  0.10166481 0.15767454 0.19642209 0.25970043
 0.32357012 0.3712088  0.41174147 0.47450928 0.53057969]",1980.0,1981.0,11
3,shoplift,Minnesota,"[1971 1972 1973 1974 1975 1976 1977 1978 1979 1980 1981 1982 1983 1984
 1985 1986 1987 1988 1989 1990 1991 1992 1993 1994]","[0.0228499  0.01393913 0.0413205  0.0237006  0.02753608 0.02753608
 0.02753608 0.02753608 0.02753608 0.02753608 0.02753608 0.02753608
 0.02753608 0.02753608 0.02753608 0.02753608 0.02753608 0.02753608
 0.02753608 0.02753608 0.02753608 0.02753608 0.02753608 0.02753608]","[0.0228499  0.03647052 0.07628404 0.09817666 0.12300934 0.14715822
 0.17064213 0.19347939 0.21568781 0.23728469 0.25828687 0.27871074
 0.29857222 0.31788679 0.33666951 0.35493502 0.37269758 0.38997103
 0.40676883 0.42310409 0.43898954 0.45443757 0.46946022 0.4840692 ]",1975.0,,24
3,shoplift,Mississippi,"[1974 1975 1976 1977 1978 1979 1980 1981 1982 1983 1984 1985 1986 1987
 1988]","[0.01332929 0.07807581 0.0736026  0.16644213 0.10198084 0.11550186
 0.09012525 0.09155301 0.15440862 0.13344948 0.09776083 0.13783323
 0.15682416 0.20795942 0.1860384 ]","[0.01332929 0.0903644  0.15731595 0.29757407 0.36920806 0.4420657
 0.49234967 0.53882658 0.61003574 0.66207626 0.69511197 0.73713567
 0.77835915 0.82445145 0.85711022]",1988.0,1981.0,15
3,shoplift,Missouri,[1971 1972 1973 1974 1975 1976 1977 1978 1979 1980 1981 1982 1983],"[0.02471087 0.01379494 0.02151393 0.0241114  0.06389653 0.05548228
 0.06862879 0.06862879 0.06862879 0.06862879 0.06862879 0.06862879
 0.06862879]","[0.02471087 0.03816492 0.05885777 0.08155003 0.1402358  0.18793748
 0.24366834 0.29557447 0.34391834 0.38894443 0.43088044 0.46993842
 0.50631591]",1977.0,1983.0,13
3,shoplift,Montana,[1971 1972 1973 1974 1975 1976 1977],"[0.04387246 0.02655111 0.13322369 0.13322369 0.13322369 0.13322369
 0.13322369]","[0.04387246 0.06925871 0.1932555  0.30073298 0.39389191 0.47463987
 0.54463028]",1973.0,1977.0,7
3,shoplift,Nevada,[1971 1972 1973 1974 1975 1976 1977 1978 1979 1980 1981 1982],"[0.06619816 0.02330325 0.06007059 0.06007059 0.06007059 0.06007059
 0.06007059 0.06007059 0.06007059 0.06007059 0.06007059 0.06007059]","[0.06619816 0.08795878 0.14274564 0.19424141 0.2426438  0.28813864
 0.33090057 0.37109376 0.40887253 0.44438191 0.47775821 0.50912959]",1973.0,1982.0,12
3,shoplift,New Hampshire,[1971 1972 1973 1974 1975 1976 1977 1978 1979 1980 1981],"[0.06605876 0.06605876 0.06605876 0.06605876 0.06605876 0.06605876
 0.06605876 0.06605876 0.06605876 0.06605876 0.06605876]","[0.06605876 0.12775376 0.18537327 0.2391865  0.2894449  0.33638329
 0.38022098 0.42116282 0.45940009 0.49511145 0.52846376]",1971.0,1981.0,11
3,shoplift,New Jersey,[1972 1973 1974 1975 1976 1977 1978 1979],"[0.08614914 0.08209292 0.08331451 0.06078092 0.1000125  0.0713051
 0.08171631 0.10482423]","[0.08614914 0.16116983 0.23105656 0.27779365 0.35002331 0.39636996
 0.44569638 0.50380083]",1979.0,1979.0,8
3,shoplift,North Carolina,"[1973 1974 1975 1976 1977 1978 1979 1980 1981 1982 1983 1984 1985 1986
 1987 1988 1989 1990 1991 1992]","[0.01156717 0.01156717 0.01156717 0.01156717 0.01156717 0.01156717
 0.01156717 0.01156717 0.01156717 0.01156717 0.01156717 0.01156717
 0.01156717 0.01156717 0.01156717 0.01156717 0.01156717 0.01156717
 0.01156717 0.01156717]","[0.01156717 0.02300054 0.03430166 0.04547205 0.05651324 0.06742671
 0.07821394 0.0888764  0.09941552 0.10983273 0.12012945 0.13030706
 0.14036694 0.15031046 0.16013897 0.16985378 0.17945622 0.18894759
 0.19832917 0.20760223]",1973.0,,20
3,shoplift,North Dakota,[1971 1972 1973 1974],[0.03807018 0.01451409 0.27433434 0.27433434],[0.03807018 0.05203172 0.31209198 0.50080877],1973.0,1974.0,4
3,shoplift,Ohio,[1971 1972 1973 1974 1975 1976 1977 1978 1979 1980 1981],"[0.03466933 0.04278514 0.03842734 0.07457958 0.07457958 0.07457958
 0.07457958 0.07457958 0.07457958 0.07457958 0.07457958]","[0.03466933 0.07597114 0.11147911 0.17774462 0.23906808 0.29581807
 0.34833566 0.39693651 0.44191273 0.48353465 0.52205242]",1974.0,1981.0,11
3,shoplift,Oklahoma,"[1971 1972 1973 1974 1975 1976 1977 1978 1979 1980 1981 1982 1983 1984
 1985 1986 1987 1988 1989 1990]","[0.02558574 0.01391171 0.04661888 0.03551038 0.05229674 0.05251156
 0.1599042  0.09437373 0.08548935 0.09027774 0.11011516 0.09892042
 0.11952245 0.09528089 0.15305731 0.14722203 0.16774118 0.13637742
 0.08907196 0.10004312]","[0.02558574 0.03914151 0.08393566 0.11646545 0.16267143 0.20664086
 0.33350231 0.39640219 0.44800337 0.49783638 0.55313221 0.59733656
 0.64546388 0.6792444  0.72833839 0.76833296 0.80719306 0.83348758
 0.84831916 0.86349379]",1990.0,1981.0,20
3,shoplift,Oregon,"[1971 1972 1973 1974 1975 1976 1977 1978 1979 1980 1981 1982 1983 1984
 1985 1986 1987 1988 1989 1990]","[0.03561573 0.03561573 0.03561573 0.03561573 0.03561573 0.03561573
 0.03561573 0.03561573 0.03561573 0.03561573 0.03561573 0.03561573
 0.03561573 0.03561573 0.03561573 0.03561573 0.03561573 0.03561573
 0.03561573 0.03561573]","[0.03561573 0.06996298 0.10308693 0.13503114 0.16583764 0.19554694
 0.22419813 0.25182888 0.27847554 0.30417316 0.32895554 0.35285528
 0.37590381 0.39813146 0.41956744 0.44023997 0.46017624 0.47940245
 0.49794392 0.51582501]",1971.0,1990.0,20
3,shoplift,Pennsylvania,"[1971 1972 1973 1974 1975 1976 1977 1978 1979 1980 1981 1982 1983 1984
 1985 1986 1987 1988 1989 1990 1991 1992 1993 1994 1995 1996]","[0.06886173 0.08949356 0.06568766 0.05441326 0.05367018 0.06175958
 0.0625462  0.05718287 0.05169101 0.06887597 0.05810409 0.05921973
 0.06709113 0.10505295 0.07757287 0.05356004 0.05141085 0.05021357
 0.10035799 0.08238164 0.04847299 0.04585411 0.05382789 0.08629964
 0.14401659 0.15215652]","[0.06886173 0.1521926  0.20788309 0.25098475 0.29118454 0.33496068
 0.37655637 0.41220667 0.4425903  0.48098243 0.51113947 0.54008966
 0.57094557 0.616019   0.64580551 0.66477618 0.68201032 0.69797772
 0.72828807 0.75067214 0.76275781 0.77363634 0.78582102 0.80430458
 0.83248797 0.85797602]",1996.0,1981.0,26
3,shoplift,South Carolina,[1971 1972 1973 1974 1975 1976 1977 1978 1979 1980 1981],"[0.01478942 0.01273702 0.04578587 0.05287121 0.05353694 0.05865547
 0.082253   0.10947452 0.10947452 0.10947452 0.10947452]","[0.01478942 0.02733807 0.07187225 0.12094348 0.16800548 0.21680651
 0.28122652 0.35991391 0.42998703 0.49238892 0.5479594 ]",1978.0,1981.0,11
3,shoplift,South Dakota,"[1971 1972 1973 1974 1975 1976 1977 1978 1979 1980 1981 1982 1983 1984
 1985 1986 1987 1988 1989]","[0.03614311 0.02052524 0.05975525 0.06109461 0.12698021 0.14872105
 0.14043298 0.09235145 0.08607699 0.07993886 0.06909439 0.12564653
 0.12869786 0.1949621  0.17915566 0.1891585  0.09583146 0.1548431
 0.14064816]","[0.03614311 0.0559265  0.11233985 0.16657111 0.27240008 0.38060951
 0.46759236 0.51676098 0.55835674 0.5936612  0.62173693 0.66926437
 0.71182934 0.7680117  0.80957371 0.84559446 0.86039137 0.8820088
 0.89860405]",1989.0,1978.0,19
3,shoplift,Tennessee,"[1971 1972 1973 1974 1975 1976 1977 1978 1979 1980 1981 1982 1983 1984
 1985 1986 1987 1988 1989 1990 1991]","[0.02713592 0.02022236 0.01271835 0.03058295 0.0689598  0.07269794
 0.08963225 0.07994629 0.07287136 0.09423925 0.08651638 0.10776479
 0.13229713 0.13844001 0.14276821 0.1154193  0.12221132 0.09896595
 0.25232963 0.18225198 0.19637382]","[0.02713592 0.04680952 0.05893254 0.08771316 0.15062428 0.21237214
 0.282969   0.34029297 0.38836671 0.44600657 0.49393608 0.54847195
 0.60820781 0.66244753 0.71063929 0.7440371  0.77531867 0.79755447
 0.84863747 0.87622359 0.90053004]",1991.0,1982.0,21
3,shoplift,Texas,[1971 1972 1973 1974 1975 1976 1977 1978 1979 1980 1981 1982],"[0.02924773 0.0161267  0.06430578 0.06430578 0.06430578 0.06430578
 0.06430578 0.06430578 0.06430578 0.06430578 0.06430578 0.06430578]","[0.02924773 0.04490275 0.10632103 0.16378975 0.21756291 0.26787814
 0.3149578  0.35900998 0.40022934 0.43879806 0.47488659 0.50865442]",1973.0,1982.0,12
3,shoplift,Utah,[1971 1972 1973 1974 1975 1976 1977 1978 1979 1980 1981 1982 1983],"[0.04273499 0.02363521 0.04439949 0.05434449 0.06554966 0.04417012
 0.0467571  0.04386305 0.06219646 0.06219646 0.06219646 0.06219646
 0.06219646]","[0.04273499 0.06536015 0.10685768 0.15539504 0.21075861 0.24561949
 0.28089214 0.3124344  0.35519854 0.39530291 0.43291292 0.46818373
 0.50126082]",1979.0,1983.0,13
3,shoplift,Virginia,[1972 1973 1974 1975 1976 1977],[0.0536943  0.05238334 0.09875038 0.16817496 0.16817496 0.16817496],[0.0536943  0.10326495 0.19181788 0.32773388 0.4407922  0.53483695],1975.0,1977.0,6
3,shoplift,Washington,[1971 1972 1973 1974 1975 1976 1977 1978 1979 1980 1981],"[0.04924455 0.03389098 0.05522639 0.04615345 0.07523827 0.07523827
 0.07523827 0.07523827 0.07523827 0.07523827 0.07523827]","[0.04924455 0.08146658 0.13219387 0.17224612 0.23452488 0.29211791
 0.34537773 0.39463037 0.44017733 0.48229742 0.52124847]",1975.0,1981.0,11
3,shoplift,West Virginia,[1971 1972 1973 1974 1975 1976 1977 1978 1979 1980 1981],"[0.08810183 0.04027427 0.03625485 0.05956232 0.09024519 0.10138493
 0.10791634 0.0941892  0.08087368 0.08386262 0.09331277]","[0.08810183 0.12482786 0.15655709 0.20679451 0.27837749 0.35153914
 0.42151866 0.47600535 0.51838273 0.55877241 0.59994458]",1981.0,1979.0,11
3,shoplift,Wisconsin,"[1971 1972 1973 1974 1975 1976 1977 1978 1979 1980 1981 1982 1983 1984
 1985 1986 1987]","[0.05835122 0.04270189 0.04599552 0.0290953  0.04324061 0.04419943
 0.0411667  0.0411667  0.0411667  0.0411667  0.0411667  0.0411667
 0.0411667  0.0411667  0.0411667  0.0411667  0.0411667 ]","[0.05835122 0.09856141 0.14002354 0.16504481 0.20114879 0.23645755
 0.26789008 0.29802863 0.32692647 0.35463468 0.38120224 0.40667611
 0.43110129 0.45452097 0.47697654 0.49850769 0.51915248]",1977.0,1987.0,17
3,shoplift,Wyoming,[1971 1972 1973 1974 1975 1976 1977 1978 1979 1980 1981 1982],"[0.04471438 0.00851942 0.01388125 0.05468605 0.05329529 0.05276088
 0.04660636 0.05643146 0.09861697 0.07309156 0.06473003 0.15279824]","[0.04471438 0.05285285 0.06600044 0.11707719 0.16413282 0.2082339
 0.24513523 0.28773336 0.35797493 0.40490154 0.44342229 0.52846638]",1982.0,1982.0,12
3,sonofsam,Alabama,[1974 1975 1976 1977 1978 1979],[0.09149074 0.13346366 0.11553361 0.20079046 0.10907845 0.17063078],[0.09149074 0.21274371 0.30369827 0.44350902 0.50421019 0.5888072 ],1979.0,1978.0,6
3,sonofsam,Arizona,"[1974 1975 1976 1977 1978 1979 1980 1981 1982 1983 1984 1985 1986 1987
 1988 1989 1990]","[0.02281969 0.02486271 0.0254078  0.03016819 0.04700531 0.04700531
 0.04700531 0.04700531 0.04700531 0.04700531 0.04700531 0.04700531
 0.04700531 0.04700531 0.04700531 0.04700531 0.04700531]","[0.02281969 0.04711504 0.07132575 0.09934217 0.14167788 0.18202358
 0.22047282 0.25711474 0.29203429 0.32531244 0.35702634 0.38724952
 0.41605205 0.44350071 0.46965913 0.49458797 0.51834502]",1978.0,1990.0,17
3,sonofsam,Arkansas,[1974 1975 1976 1977 1978 1979 1980 1981 1982 1983 1984 1985],"[0.07368885 0.10856888 0.0326026  0.03793148 0.02411684 0.10323526
 0.0393732  0.12016433 0.06179489 0.13888045 0.05600749 0.14018189]","[0.07368885 0.17425741 0.20117877 0.23147924 0.25001353 0.32743858
 0.35391947 0.4315553  0.46668228 0.54074968 0.56647114 0.62724404]",1985.0,1983.0,12
3,sonofsam,California,[1974 1975 1976 1977 1978 1979 1980 1981 1982 1983],"[0.02064595 0.01972615 0.0168166  0.04059976 0.06995979 0.0806362
 0.08211312 0.14419251 0.18586297 0.15636991]","[0.02064595 0.03996484 0.05610936 0.0944311  0.15778451 0.22569756
 0.28927795 0.39175874 0.50480827 0.58224136]",1983.0,1982.0,10
3,sonofsam,Colorado,[1974 1975 1976 1977 1978 1979 1980 1981 1982 1983 1984],"[0.00846137 0.01403767 0.01785664 0.03711397 0.08158261 0.13489758
 0.10218899 0.13791315 0.1422996  0.14889596 0.17751818]","[0.00846137 0.02238026 0.03983727 0.07547272 0.15089807 0.26543987
 0.34050383 0.43145703 0.51236046 0.58496802 0.65864374]",1984.0,1982.0,11
3,sonofsam,Connecticut,[1974 1975 1976 1977 1978 1979 1980 1981 1982 1983],"[0.03928408 0.0251637  0.01400974 0.09733497 0.08875989 0.06230385
 0.07605262 0.0767606  0.12408045 0.12408045]","[0.03928408 0.06345924 0.07657994 0.166461   0.24044583 0.28776897
 0.34193601 0.3924494  0.46783455 0.53386588]",1982.0,1983.0,10
3,sonofsam,Delaware,"[1974 1975 1976 1977 1978 1979 1980 1981 1982 1983 1984 1985 1986 1987
 1988 1989 1990 1991 1992]","[0.03088773 0.0227134  0.02345841 0.03283551 0.02969155 0.03538125
 0.0419221  0.0419221  0.0419221  0.0419221  0.0419221  0.0419221
 0.0419221  0.0419221  0.0419221  0.0419221  0.0419221  0.0419221
 0.0419221 ]","[0.03088773 0.05289956 0.07511704 0.10548604 0.13204555 0.16275486
 0.19785394 0.23148159 0.26369949 0.29456676 0.32414    0.35247348
 0.37961915 0.40562682 0.43054419 0.45441698 0.47728897 0.49920211
 0.52019661]",1980.0,1992.0,19
3,sonofsam,Florida,[1974 1975 1976 1977 1978 1979 1980 1981 1982 1983],"[0.05845721 0.03875085 0.03921911 0.08599562 0.08599562 0.08599562
 0.08599562 0.08599562 0.08599562 0.08599562]","[0.05845721 0.09494279 0.13043833 0.20521683 0.2735647  0.33603496
 0.39313305 0.44532095 0.49302092 0.5366189 ]",1977.0,1983.0,10
3,sonofsam,Georgia,[1974 1975 1976 1977 1978 1979],[0.06785629 0.08260705 0.06838982 0.14231355 0.1225804  0.17619604],[0.06785629 0.14485793 0.20334094 0.31671632 0.4004735  0.5061077 ],1979.0,1979.0,6
3,sonofsam,Idaho,"[1974 1975 1976 1977 1978 1979 1980 1981 1982 1983 1984 1985 1986 1987
 1988 1989 1990 1991 1992 1993 1994 1995 1996 1997]","[0.02078762 0.01445315 0.01706808 0.03223794 0.02813422 0.02813422
 0.02813422 0.02813422 0.02813422 0.02813422 0.02813422 0.02813422
 0.02813422 0.02813422 0.02813422 0.02813422 0.02813422 0.02813422
 0.02813422 0.02813422 0.02813422 0.02813422 0.02813422 0.02813422]","[0.02078762 0.03494032 0.05141203 0.08199256 0.10781998 0.13292077
 0.15731537 0.18102365 0.20406491 0.22645792 0.24822093 0.26937164
 0.2899273  0.30990465 0.32931994 0.348189   0.3665272  0.38434946
 0.40167031 0.41850385 0.43486379 0.45076346 0.4662158  0.48123341]",1978.0,,24
3,sonofsam,Illinois,"[1974 1975 1976 1977 1978 1979 1980 1981 1982 1983 1984 1985 1986 1987
 1988 1989 1990 1991 1992 1993 1994 1995 1996 1997 1998]","[0.03419424 0.02257633 0.01831067 0.03386001 0.03358701 0.02616054
 0.02616054 0.02616054 0.02616054 0.02616054 0.02616054 0.02616054
 0.02616054 0.02616054 0.02616054 0.02616054 0.02616054 0.02616054
 0.02616054 0.02616054 0.02616054 0.02616054 0.02616054 0.02616054
 0.02616054]","[0.03419424 0.05599858 0.07328388 0.1046625  0.13473421 0.15737003
 0.17941368 0.20088067 0.22178606 0.24214456 0.26197047 0.28127772
 0.30007988 0.31839017 0.33622145 0.35358626 0.37049679 0.38696494
 0.40300226 0.41862005 0.43382926 0.44864059 0.46306445 0.47711098
 0.49079004]",1979.0,,25
3,sonofsam,Indiana,[1974 1975 1976 1977 1978 1979 1980 1981 1982],"[0.03090874 0.01689175 0.03368821 0.04963056 0.05599689 0.09368009
 0.09827711 0.15632244 0.13951378]","[0.03090874 0.04727838 0.07937387 0.12506506 0.17405869 0.25143295
 0.32499995 0.43051761 0.50996825]",1982.0,1982.0,9
3,sonofsam,Iowa,[1974 1975 1976 1977 1978 1979 1980 1981 1982 1983 1984 1985 1986],"[0.00751377 0.01164445 0.00837941 0.01723035 0.02217047 0.05727213
 0.06024407 0.06439495 0.08458983 0.08458983 0.08458983 0.08458983
 0.08458983]","[0.00751377 0.01907072 0.02729033 0.04405045 0.0652443  0.11877975
 0.17186805 0.22519556 0.29073614 0.35073265 0.40565406 0.45592968
 0.5019525 ]",1982.0,1986.0,13
3,sonofsam,Kansas,[1974 1975 1976 1977 1978 1979 1980 1981 1982 1983 1984 1985 1986],"[0.01478037 0.01435773 0.02085694 0.02389147 0.08910692 0.0718427
 0.05132922 0.09328209 0.10673715 0.09305227 0.11312506 0.14856615
 0.09076751]","[0.01478037 0.02892589 0.04917952 0.07189602 0.15459651 0.21533258
 0.25560895 0.3250473  0.39708983 0.45319199 0.51504967 0.58709687
 0.62457506]",1986.0,1984.0,13
3,sonofsam,Kentucky,"[1974 1975 1976 1977 1978 1979 1980 1981 1982 1983 1984 1985 1986 1987
 1988 1989 1990 1991 1992 1993]","[0.03841636 0.02440302 0.01929381 0.02809346 0.03635704 0.03635704
 0.03635704 0.03635704 0.03635704 0.03635704 0.03635704 0.03635704
 0.03635704 0.03635704 0.03635704 0.03635704 0.03635704 0.03635704
 0.03635704 0.03635704]","[0.03841636 0.0618819  0.07998177 0.10582827 0.1383377  0.1696652
 0.19985371 0.22894466 0.25697795 0.28399204 0.31002397 0.33510945
 0.35928291 0.38257748 0.40502514 0.42665666 0.44750173 0.46758893
 0.48694582 0.50559895]",1978.0,1993.0,20
3,sonofsam,Louisiana,[1974 1975 1976 1977 1978 1979 1980 1981 1982 1983 1984],"[0.03050091 0.03181429 0.03142923 0.07157676 0.04403889 0.08990357
 0.08920929 0.09817819 0.0772278  0.0772278  0.0772278 ]","[0.03050091 0.06134484 0.09084605 0.15592035 0.19309268 0.26563653
 0.33114857 0.39681519 0.44339783 0.48638299 0.52604851]",1982.0,1984.0,11
3,sonofsam,Maine,"[1974 1975 1976 1977 1978 1979 1980 1981 1982 1983 1984 1985 1986 1987
 1988 1989 1990 1991 1992 1993 1994 1995 1996 1997]","[0.01186999 0.02007335 0.0056957  0.01130813 0.02142478 0.01747978
 0.02353126 0.02852609 0.02983445 0.04433064 0.03408429 0.04244403
 0.03581203 0.04445232 0.03230886 0.03482089 0.03164003 0.02150328
 0.01822324 0.02873149 0.03972166 0.04668352 0.03938154 0.05292679]","[0.01186999 0.03170506 0.03722019 0.04810743 0.06850151 0.0847839
 0.10632009 0.13181328 0.15771516 0.19505418 0.22249018 0.25549083
 0.28215322 0.31406317 0.33622501 0.35933824 0.3796088  0.39294924
 0.40401167 0.42113531 0.44412877 0.4700788  0.49094791 0.51789041]",1997.0,1997.0,24
3,sonofsam,Maryland,"[1974 1975 1976 1977 1978 1979 1980 1981 1982 1983 1984 1985 1986 1987
 1988 1989]","[0.01512477 0.02118981 0.01812628 0.02680505 0.02844809 0.02096416
 0.03591879 0.03724736 0.06200366 0.10645301 0.08547452 0.05494983
 0.04534621 0.03947668 0.03947668 0.03947668]","[0.01512477 0.03599409 0.05346793 0.07883977 0.10504503 0.12380701
 0.1552788  0.18674243 0.23716738 0.31837321 0.37663493 0.41088874
 0.4376027  0.45980428 0.48112941 0.5016127 ]",1987.0,1989.0,16
3,sonofsam,Massachusetts,[1974 1975 1976 1977 1978 1979 1980 1981],"[0.01626888 0.02347596 0.0188759  0.12486291 0.12486291 0.12486291
 0.12486291 0.12486291]","[0.01626888 0.03936291 0.0574958  0.17517962 0.27816909 0.368299
 0.44717502 0.51620236]",1977.0,1981.0,8
3,sonofsam,Michigan,[1974 1975 1976 1977 1978 1979 1980 1981 1982 1983 1984 1985],"[0.02074554 0.03019642 0.02170226 0.06447785 0.03542346 0.05148441
 0.03869541 0.03515028 0.06528491 0.11324672 0.10802486 0.09748797]","[0.02074554 0.05031552 0.07092582 0.13083052 0.16161951 0.20478303
 0.23555428 0.26242476 0.3105773  0.38865216 0.45469292 0.5078538 ]",1985.0,1985.0,12
3,sonofsam,Minnesota,[1974 1975 1976 1977 1978 1979 1980 1981 1982 1983 1984 1985 1986],"[0.01185039 0.01345283 0.0092588  0.01858676 0.02636386 0.01610831
 0.02884641 0.02830442 0.10721907 0.16608906 0.19376694 0.18088036
 0.13082593]","[0.01185039 0.0251438  0.0341698  0.05212146 0.0771112  0.09197738
 0.11817057 0.14313024 0.23500302 0.36206065 0.4856722  0.578704
 0.63382044]",1986.0,1985.0,13
3,sonofsam,Mississippi,[1974 1975 1976 1977 1978 1979 1980 1981 1982 1983 1984 1985 1986 1987],"[0.11983051 0.10711323 0.08704221 0.07232724 0.06774817 0.22392051
 0.17856771 0.13744628 0.23568116 0.13730912 0.13656957 0.16332572
 0.15286757 0.15692589]","[0.11983051 0.2141083  0.28251405 0.33440783 0.37950048 0.51844305
 0.60443357 0.65880271 0.73921648 0.77502443 0.80574925 0.83747539
 0.86232013 0.88392567]",1987.0,1979.0,14
3,sonofsam,Missouri,"[1974 1975 1976 1977 1978 1979 1980 1981 1982 1983 1984 1985 1986 1987
 1988 1989 1990 1991]","[0.02630058 0.02853949 0.02757415 0.05982911 0.0809536  0.07565536
 0.07199425 0.09506614 0.12580146 0.11527925 0.1194325  0.17309299
 0.15013548 0.14409551 0.1375684  0.10795176 0.12258152 0.09471955]","[0.02630058 0.05408946 0.08017213 0.13520462 0.20521292 0.26534283
 0.31823392 0.38304679 0.4606604  0.52283506 0.57982407 0.65255358
 0.70471761 0.74726648 0.78203463 0.80556437 0.82939859 0.84555788]",1991.0,1983.0,18
3,sonofsam,Montana,"[1974 1975 1976 1977 1978 1979 1980 1981 1982 1983 1984 1985 1986 1987
 1988 1989 1990 1991 1992 1993 1994 1995 1996]","[0.02930292 0.01370111 0.02063783 0.02593901 0.02593901 0.02593901
 0.02593901 0.02593901 0.02593901 0.02593901 0.02593901 0.02593901
 0.02593901 0.02593901 0.02593901 0.02593901 0.02593901 0.02593901
 0.02593901 0.02593901 0.02593901 0.02593901 0.02593901]","[0.02930292 0.04260255 0.06236115 0.08668258 0.11037313 0.13344917
 0.15592665 0.17782108 0.19914759 0.21992091 0.24015539 0.25986501
 0.27906338 0.29776376 0.31597908 0.33372191 0.3510045  0.3678388
 0.38423644 0.40020874 0.41576673 0.43092117 0.44568251]",1977.0,,23
3,sonofsam,Nevada,[1974 1975 1976 1977 1978 1979 1980 1981 1982 1983],"[0.0250935  0.0350333  0.03500903 0.0409299  0.08695824 0.09287802
 0.05795605 0.10383196 0.10383196 0.10383196]","[0.0250935  0.0592477  0.09218252 0.1293394  0.20505051 0.27888385
 0.32067689 0.39121234 0.45442395 0.51107218]",1981.0,1983.0,10
3,sonofsam,New Hampshire,"[1974 1975 1976 1977 1978 1979 1980 1981 1982 1983 1984 1985 1986 1987
 1988 1989 1990 1991 1992 1993 1994 1995 1996 1997]","[0.00998409 0.02071081 0.00893998 0.07590952 0.04505297 0.0657181
 0.0629144  0.06061748 0.03146409 0.08470687 0.03662415 0.08905812
 0.06677926 0.06311085 0.05677043 0.05348203 0.07664813 0.1268774
 0.06969369 0.125782   0.06794465 0.06713076 0.07757786 0.14428847]","[0.00998409 0.03048813 0.03915554 0.11209279 0.15209565 0.20781831
 0.25765795 0.30265685 0.32459812 0.3818093  0.40445001 0.45748858
 0.49371709 0.52566903 0.55259701 0.57652503 0.60898359 0.65859474
 0.68238853 0.72233834 0.74120397 0.75857714 0.77730621 0.80943835]",,1987.0,24
3,sonofsam,New Jersey,[1974 1975 1976 1977 1978 1979 1980 1981 1982 1983],"[0.01863898 0.03440172 0.02842672 0.05807236 0.05096943 0.08049877
 0.09434081 0.09357165 0.10557639 0.12362312]","[0.01863898 0.05239949 0.07933666 0.13280175 0.17700236 0.24325265
 0.31464481 0.37877462 0.44436135 0.51305114]",1983.0,1983.0,10
3,sonofsam,New Mexico,[1974 1975 1976 1977 1978 1979 1980 1981 1982 1983],"[0.03199267 0.02748318 0.02908268 0.01848367 0.04983102 0.16430766
 0.18543591 0.15835986 0.11783304 0.14426955]","[0.03199267 0.05859659 0.08597513 0.10286966 0.14757458 0.28763461
 0.41973274 0.51162378 0.56917064 0.6313262 ]",1983.0,1981.0,10
3,sonofsam,New York,[1974 1975 1976 1977 1978 1979 1980 1981 1982 1983 1984],"[0.02140097 0.03061139 0.02003893 0.07685526 0.07685526 0.07685526
 0.07685526 0.07685526 0.07685526 0.07685526 0.07685526]","[0.02140097 0.05135724 0.07036703 0.14181422 0.20777031 0.26865733
 0.32486486 0.37675254 0.42465239 0.46887088 0.50969094]",1977.0,1984.0,11
3,sonofsam,North Carolina,"[1974 1975 1976 1977 1978 1979 1980 1981 1982 1983 1984 1985 1986 1987
 1988 1989 1990 1991 1992 1993 1994 1995 1996 1997]","[0.06034711 0.06413814 0.04054215 0.06218989 0.04558885 0.10134924
 0.17929657 0.18736797 0.12854037 0.12668734 0.10308795 0.11003652
 0.12305268 0.12255865 0.10941202 0.08011297 0.10689326 0.11533551
 0.10621191 0.09923335 0.08013373 0.09215687 0.0938559  0.12174571]","[0.06034711 0.12061469 0.15626687 0.20873854 0.24481124 0.32134904
 0.44302883 0.54738739 0.60556638 0.65553613 0.6910462  0.7250424
 0.75887667 0.78842842 0.8115769  0.82667203 0.84519962 0.8630536
 0.87759894 0.88974521 0.89858034 0.90792686 0.91656846 0.92672589]",,1981.0,24
3,sonofsam,North Dakota,"[1974 1975 1976 1977 1978 1979 1980 1981 1982 1983 1984 1985 1986 1987
 1988 1989 1990 1991 1992 1993]","[0.01092803 0.02272273 0.01370531 0.08942067 0.04243809 0.08563694
 0.03811129 0.05499529 0.04496554 0.13287005 0.05911336 0.18157292
 0.05087952 0.10011298 0.05566359 0.1370194  0.0646774  0.10123014
 0.04552163 0.12370713]","[0.01092803 0.03340244 0.04664996 0.13189916 0.1687397  0.23992629
 0.26889368 0.30910109 0.34016773 0.42783968 0.46166199 0.55940959
 0.58182662 0.62369121 0.64463791 0.69332941 0.71316407 0.74220051
 0.75393596 0.78437584]",1993.0,1985.0,20
3,sonofsam,Ohio,[1974 1975 1976 1977 1978 1979 1980 1981 1982 1983 1984 1985],"[0.02802509 0.01292969 0.01871434 0.02594447 0.03411085 0.03339584
 0.03590971 0.03899718 0.07974252 0.13823022 0.1777872  0.1777872 ]","[0.02802509 0.04059242 0.0585471  0.0829726  0.11425318 0.14383343
 0.17457813 0.20676726 0.27002164 0.37092671 0.48276789 0.57472513]",1984.0,1985.0,12
3,sonofsam,Oklahoma,"[1974 1975 1976 1977 1978 1979 1980 1981 1982 1983 1984 1985 1986 1987
 1988 1989 1990]","[0.0265533  0.04859362 0.0246582  0.0298478  0.02385188 0.03334734
 0.04254014 0.04958744 0.04958744 0.04958744 0.04958744 0.04958744
 0.04958744 0.04958744 0.04958744 0.04958744 0.04958744]","[0.0265533  0.0738566  0.09669363 0.12365534 0.1445578  0.17308452
 0.20826162 0.2475219  0.28483536 0.32029854 0.3540032  0.38603652
 0.4164814  0.44541659 0.47291696 0.49905366 0.5238943 ]",1981.0,1990.0,17
3,sonofsam,Oregon,[1974 1975 1976 1977 1978 1979 1980 1981 1982 1983 1984 1985],"[0.01031926 0.02001291 0.01230964 0.01923981 0.05556504 0.07852009
 0.07907215 0.09373509 0.07821869 0.16352899 0.1406167  0.17302853]","[0.01031926 0.03012565 0.04206445 0.06049495 0.11269859 0.18236958
 0.24702137 0.31760189 0.37097818 0.47384148 0.54782815 0.62606678]",1985.0,1984.0,12
3,sonofsam,Pennsylvania,"[1974 1975 1976 1977 1978 1979 1980 1981 1982 1983 1984 1985 1986 1987
 1988 1989]","[0.01796912 0.01487834 0.01557154 0.02946298 0.02784503 0.0207889
 0.05913324 0.04923032 0.05720996 0.05720996 0.05720996 0.05720996
 0.05720996 0.05720996 0.05720996 0.05720996]","[0.01796912 0.03258012 0.04764434 0.07570357 0.10144063 0.12012069
 0.17215081 0.21290609 0.2579357  0.30038917 0.34041388 0.37814878
 0.41372487 0.44726565 0.47888756 0.50870038]",1982.0,1989.0,16
3,sonofsam,Rhode Island,[1974 1975 1976 1977 1978 1979 1980 1981 1982 1983 1984],"[0.02703731 0.03170317 0.02796347 0.08092679 0.06421503 0.0762216
 0.07667334 0.06902606 0.09372174 0.09823465 0.09823465]","[0.02703731 0.05788331 0.08422816 0.15833863 0.21238594 0.27241914
 0.3282052  0.37457654 0.43319232 0.48887247 0.53908291]",1983.0,1984.0,11
3,sonofsam,South Carolina,[1974 1975 1976 1977 1978 1979 1980 1981 1982 1983],"[0.03641395 0.03201268 0.04782799 0.03189834 0.03173405 0.09151805
 0.11665947 0.11665947 0.11665947 0.11665947]","[0.03641395 0.06726092 0.11187195 0.14020177 0.16748665 0.24367665
 0.33190893 0.40984808 0.47869488 0.53951006]",1980.0,1983.0,10
3,sonofsam,South Dakota,[1974 1975 1976 1977 1978 1979 1980 1981 1982 1983],"[0.01940209 0.01326008 0.01763561 0.04548505 0.10077837 0.07825215
 0.08397636 0.0918619  0.14200934 0.14200934]","[0.01940209 0.0324049  0.04946902 0.09270398 0.18413979 0.24798261
 0.31113429 0.3744148  0.46325375 0.53947673]",1982.0,1983.0,10
3,sonofsam,Tennessee,[1974],[0.67172773],[0.67172773],1974.0,1974.0,1
3,sonofsam,Texas,"[1974 1975 1976 1977 1978 1979 1980 1981 1982 1983 1984 1985 1986 1987
 1988]","[0.06468914 0.0536919  0.04070352 0.02043135 0.01366357 0.05025037
 0.05025037 0.05025037 0.05025037 0.05025037 0.05025037 0.05025037
 0.05025037 0.05025037 0.05025037]","[0.06468914 0.11490776 0.15093413 0.16828169 0.17964594 0.22086903
 0.26002066 0.2972049  0.33252061 0.3660617  0.39791734 0.42817222
 0.45690678 0.48419742 0.51011669]",1979.0,1988.0,15
3,sonofsam,Utah,"[1974 1975 1976 1977 1978 1979 1980 1981 1982 1983 1984 1985 1986 1987
 1988 1989 1990 1991]","[0.01240733 0.01446833 0.02422872 0.013119   0.1402045  0.17136971
 0.15115222 0.1852209  0.15199935 0.14254308 0.11217155 0.11438882
 0.0964355  0.10519607 0.08346403 0.07585579 0.13535255 0.13472792]","[0.01240733 0.02669615 0.05027806 0.06273746 0.19414589 0.33224487
 0.43317754 0.53816491 0.60836354 0.66418861 0.70185709 0.73596131
 0.76142401 0.78652127 0.80433906 0.81918108 0.84365538 0.86471936]",1991.0,1981.0,18
3,sonofsam,Vermont,[1989 1990 1991 1992 1993 1994 1995 1996 1997],"[0.07437023 0.06850262 0.0368425  0.03248356 0.04382708 0.06329688
 0.09358781 0.10299328 0.15068867]","[0.07437023 0.1377783  0.16954469 0.19652084 0.23173499 0.28036377
 0.34771294 0.41489412 0.50306295]",,1997.0,9
3,sonofsam,Virginia,"[1974 1975 1976 1977 1978 1979 1980 1981 1982 1983 1984 1985 1986 1987
 1988 1989 1990]","[0.0382074  0.05329643 0.04294463 0.04505078 0.10247019 0.18393275
 0.10670223 0.16702988 0.13234442 0.06407595 0.0643003  0.07203492
 0.0596476  0.07345841 0.09187162 0.05537268 0.07013721]","[0.0382074  0.08946751 0.12856999 0.1678286  0.25310136 0.39048048
 0.45551757 0.54646241 0.60648558 0.63170039 0.65538217 0.68020669
 0.69928159 0.72137188 0.7469699  0.76098086 0.77774499]",1990.0,1981.0,17
3,sonofsam,Washington,[1974 1975 1976 1977 1978 1979 1980 1981 1982 1983 1984 1985],"[0.01758802 0.03618474 0.00970831 0.02110844 0.07348794 0.07687952
 0.07687952 0.07687952 0.07687952 0.07687952 0.07687952 0.07687952]","[0.01758802 0.05313635 0.0623288  0.08212157 0.14957457 0.21495486
 0.27530875 0.33102267 0.38245332 0.42993001 0.47375671 0.51421404]",1979.0,1985.0,12
3,sonofsam,West Virginia,"[1974 1975 1976 1977 1978 1979 1980 1981 1982 1983 1984 1985 1986 1987
 1988 1989 1990 1991 1992 1993 1994 1995]","[0.01167335 0.011111   0.01651005 0.04619571 0.04718845 0.0436091
 0.03353993 0.02880141 0.07546193 0.0830538  0.08003545 0.09448349
 0.07163596 0.09368849 0.10460889 0.1426331  0.12638804 0.10634524
 0.07382691 0.10445983 0.15955901 0.14822041]","[0.01167335 0.02265465 0.03879067 0.08319441 0.12645704 0.16455147
 0.19257235 0.2158274  0.27500258 0.33521637 0.38842263 0.44620659
 0.48587812 0.53404542 0.58278841 0.64229659 0.68750603 0.72073827
 0.7413553  0.76837328 0.80533141 0.83418527]",1995.0,1987.0,22
3,sonofsam,Wisconsin,[1974 1975 1976 1977 1978 1979 1980 1981 1982 1983 1984 1985],"[0.01164048 0.011943   0.01245197 0.02379707 0.02529378 0.02658404
 0.04343633 0.09236532 0.08341668 0.13524558 0.13524558 0.13524558]","[0.01164048 0.02344446 0.0356045  0.05855429 0.08236701 0.1067614
 0.14556041 0.224481   0.28917222 0.38530853 0.46844284 0.54033359]",1983.0,1985.0,12
3,sonofsam,Wyoming,"[1974 1975 1976 1977 1978 1979 1980 1981 1982 1983 1984 1985 1986 1987
 1988 1989 1990 1991 1992 1993 1994 1995 1996 1997]","[0.01827448 0.02522257 0.01699009 0.04099694 0.1152949  0.136427
 0.13612883 0.1312343  0.16299972 0.08086818 0.10021009 0.13408486
 0.08704218 0.08143485 0.08484173 0.07631072 0.1022745  0.15437275
 0.1184762  0.10398261 0.1069803  0.10305243 0.10346204 0.16390428]","[0.01827448 0.04303612 0.05929502 0.09786105 0.20187307 0.31075914
 0.40458468 0.4827236  0.56703951 0.60205223 0.64193062 0.6899423
 0.7169304  0.73998213 0.7620425  0.7802012  0.80268102 0.83314169
 0.85291043 0.86820519 0.88230464 0.89443343 0.90535556 0.92086819]",1997.0,1982.0,24
3,statrape,Alabama,"[1973 1974 1975 1976 1977 1978 1979 1980 1981 1982 1983 1984 1985 1986
 1987]","[0.01620392 0.01116904 0.01582391 0.01709738 0.05971886 0.05971886
 0.05971886 0.05971886 0.05971886 0.05971886 0.05971886 0.05971886
 0.05971886 0.05971886 0.05971886]","[0.01620392 0.02719197 0.04258561 0.05895489 0.11515303 0.16799509
 0.21768148 0.26440065 0.30832981 0.34963557 0.38847459 0.4249942
 0.45933289 0.49162092 0.52198074]",1977.0,1987.0,15
3,statrape,Arizona,"[1971 1972 1973 1974 1975 1976 1977 1978 1979 1980 1981 1982 1983 1984
 1985 1986 1987 1988 1989 1990 1991 1992 1993]","[0.02322367 0.03438118 0.02723155 0.03117018 0.05554383 0.05506252
 0.07978446 0.05328614 0.06293937 0.06198114 0.06280442 0.11235933
 0.12885044 0.13363623 0.11733164 0.11434217 0.10381725 0.08778517
 0.06898059 0.0619757  0.05087903 0.07444224 0.08904599]","[0.02322367 0.05680639 0.08249102 0.11108994 0.16046341 0.20669041
 0.26998419 0.30888391 0.35238232 0.3925224  0.43067468 0.49464369
 0.55975907 0.61859121 0.66334253 0.70183667 0.73279117 0.75624814
 0.77306229 0.78712691 0.79795769 0.81299817 0.82964993]",1993.0,1983.0,23
3,statrape,Arkansas,"[1971 1972 1973 1974 1975 1976 1977 1978 1979 1980 1981 1982 1983 1984
 1985 1986 1987 1988]","[0.02097669 0.00821569 0.02283246 0.0097883  0.04541764 0.04541764
 0.04541764 0.04541764 0.04541764 0.04541764 0.04541764 0.04541764
 0.04541764 0.04541764 0.04541764 0.04541764 0.04541764 0.04541764]","[0.02097669 0.02902004 0.0511899  0.06047713 0.10314805 0.14388095
 0.18276385 0.21988079 0.25531197 0.28913394 0.3214198  0.35223931
 0.38165908 0.40974266 0.43655076 0.46214129 0.48656957 0.50988837]",1975.0,1988.0,18
3,statrape,California,"[1971 1972 1973 1974 1975 1976 1977 1978 1979 1980 1981 1982 1983 1984
 1985 1986 1987 1988 1989 1990 1991 1992 1993]","[0.06637061 0.06472333 0.0663783  0.07768701 0.06117632 0.06413545
 0.1036801  0.11943553 0.10332527 0.16474213 0.16723741 0.14803011
 0.12432266 0.1139213  0.12665852 0.14056911 0.19706163 0.20985012
 0.14578633 0.11584904 0.12591157 0.13297798 0.15941862]","[0.06637061 0.12679822 0.18475987 0.24809343 0.29409231 0.33936602
 0.40786061 0.47858309 0.53245863 0.60948239 0.67479155 0.72293219
 0.757378   0.78501781 0.81224714 0.83863939 0.87043737 0.89762611
 0.91255082 0.92268172 0.93241699 0.94140404 0.95074533]",1993.0,1979.0,23
3,statrape,Colorado,"[1971 1972 1973 1974 1975 1976 1977 1978 1979 1980 1981 1982 1983 1984
 1985 1986]","[0.02196957 0.02173886 0.02327904 0.02504618 0.05289487 0.05289487
 0.05289487 0.05289487 0.05289487 0.05289487 0.05289487 0.05289487
 0.05289487 0.05289487 0.05289487 0.05289487]","[0.02196957 0.04323083 0.0655035  0.08890907 0.13710111 0.18274404
 0.22597269 0.26691476 0.30569121 0.34241659 0.37719938 0.41014234
 0.44134278 0.47089288 0.49887994 0.52538662]",1975.0,1986.0,16
3,statrape,Connecticut,"[1971 1972 1973 1974 1975 1976 1977 1978 1979 1980 1981 1982 1983 1984
 1985 1986 1987 1988 1989 1990 1991 1992 1993]","[0.05561891 0.03624382 0.03589589 0.02546098 0.03353311 0.04102823
 0.03515859 0.07957965 0.09256577 0.10381061 0.07387993 0.10441122
 0.04919392 0.04850088 0.11484106 0.0595786  0.0454797  0.07708806
 0.06599192 0.07181564 0.10547843 0.05561192 0.05243098]","[0.05561891 0.08984688 0.12251763 0.14485919 0.17353472 0.20744312
 0.2353083  0.2961622  0.36131349 0.42761593 0.46990363 0.52525164
 0.54860637 0.57049936 0.61982367 0.64247404 0.65873422 0.68504173
 0.70582643 0.7269527  0.7557533  0.76933633 0.78143025]",1993.0,1982.0,23
3,statrape,Delaware,"[1971 1972 1973 1974 1975 1976 1977 1978 1979 1980 1981 1982 1983 1984
 1985 1986 1987 1988]","[0.02928974 0.03359078 0.04882659 0.04181178 0.03926051 0.08082585
 0.06478842 0.08947025 0.06739332 0.08330344 0.11111339 0.06679858
 0.09657436 0.16058571 0.11147076 0.13718779 0.10201065 0.13411254]","[0.02928974 0.06189666 0.10770105 0.14500965 0.17857701 0.24496922
 0.29388647 0.35706262 0.40039231 0.45034169 0.51141609 0.5440528
 0.58808561 0.65423317 0.69277607 0.73492344 0.76196407 0.79388767]",1988.0,1981.0,18
3,statrape,Florida,"[1971 1972 1973 1974 1975 1976 1977 1978 1979 1980 1981 1982 1983 1984
 1985 1986 1987 1988 1989 1990 1991 1992 1993 1994 1995 1996]","[0.02530321 0.05514545 0.03761471 0.05119323 0.03883713 0.03472042
 0.10947586 0.05623746 0.0473889  0.07201801 0.07727542 0.10148083
 0.10591372 0.1038367  0.13292458 0.08299344 0.08300382 0.08380045
 0.07256944 0.06683239 0.06307485 0.0728719  0.08927941 0.11408191
 0.19850251 0.21452114]","[0.02530321 0.0790533  0.11369445 0.1590673  0.1917267  0.2197903
 0.30520442 0.34427797 0.37535191 0.42033782 0.46513146 0.51941036
 0.5703114  0.61492884 0.66611427 0.69382459 0.71923832 0.74276627
 0.76143358 0.77737755 0.79141943 0.80661909 0.82388402 0.84397567
 0.87494689 0.90177343]",1996.0,1982.0,26
3,statrape,Georgia,"[1971 1972 1973 1974 1975 1976 1977 1978 1979 1980 1981 1982 1983 1984
 1985 1986 1987 1988 1989 1990 1991 1992 1993 1994 1995]","[0.01431577 0.01514975 0.02024518 0.01962359 0.03611172 0.03216205
 0.06820083 0.05783277 0.04329378 0.05472807 0.05782296 0.05832756
 0.06010923 0.06501583 0.03751772 0.04130128 0.04932297 0.12038756
 0.05591902 0.06728682 0.08130533 0.0663154  0.08754623 0.07537195
 0.1179714 ]","[0.01431577 0.02924864 0.04890168 0.06756565 0.10123745 0.1301435
 0.18946843 0.23634372 0.26940528 0.30938933 0.34932248 0.38727491
 0.42410534 0.46154761 0.48174912 0.50315354 0.52765948 0.58452341
 0.60775645 0.63414928 0.66389489 0.68618384 0.71365726 0.73523947
 0.76647364]",1995.0,1986.0,25
3,statrape,Idaho,"[1971 1972 1973 1974 1975 1976 1977 1978 1979 1980 1981 1982 1983 1984
 1985 1986 1987 1988 1989 1990 1991 1992]","[0.07401279 0.03109516 0.06446475 0.05139916 0.05945988 0.05041331
 0.07629299 0.04702909 0.04579704 0.0513233  0.09287675 0.09216636
 0.18622093 0.1406     0.26005326 0.1811633  0.19513889 0.13349204
 0.13913242 0.13045866 0.08842747 0.12528706]","[0.07401279 0.10280651 0.16064386 0.20378607 0.25112885 0.28888192
 0.34313525 0.374027   0.40269471 0.43335039 0.48597896 0.53335441
 0.62025359 0.67364593 0.75851537 0.80226352 0.8408496  0.86209491
 0.88128198 0.89676977 0.90589816 0.9176879 ]",1992.0,1982.0,22
3,statrape,Illinois,"[1971 1972 1973 1974 1975 1976 1977 1978 1979 1980 1981 1982 1983 1984
 1985]","[0.02752143 0.03387945 0.04547723 0.0410231  0.03668589 0.06572952
 0.04846299 0.05058042 0.04045701 0.04332759 0.07204051 0.03849493
 0.03661147 0.06029532 0.06029532]","[0.02752143 0.06046847 0.10319577 0.13998546 0.17153585 0.22599041
 0.26350123 0.30075364 0.32904306 0.35811401 0.4043558  0.42728508
 0.44825301 0.48152077 0.51278264]",1984.0,1985.0,15
3,statrape,Indiana,"[1971 1972 1973 1974 1975 1976 1977 1978 1979 1980 1981 1982 1983 1984
 1985 1986 1987 1988 1989 1990 1991 1992 1993 1994]","[0.02638636 0.04485148 0.04172695 0.07899598 0.07532222 0.11958989
 0.1111861  0.06568372 0.0547662  0.05104842 0.13294964 0.08468805
 0.09453009 0.15513561 0.12489282 0.156549   0.16207563 0.12930927
 0.1042012  0.08799689 0.07949802 0.09871125 0.11551625 0.10364951]","[0.02638636 0.07005437 0.10885817 0.17925479 0.24107514 0.33183488
 0.40612555 0.44513344 0.47552137 0.50229517 0.56846485 0.60501072
 0.64234909 0.69783349 0.73557191 0.77696786 0.81311594 0.83728178
 0.85423721 0.86706388 0.87763204 0.88971114 0.90245129 0.91256217]",1994.0,1980.0,24
3,statrape,Iowa,"[1971 1972 1973 1974 1975 1976 1977 1978 1979 1980 1981 1982 1983 1984
 1985 1986 1987 1988 1989 1990 1991 1992 1993 1994 1995]","[0.01774094 0.01788117 0.02048206 0.02130889 0.02813631 0.02329598
 0.02329598 0.02329598 0.02329598 0.02329598 0.02329598 0.02329598
 0.02329598 0.02329598 0.02329598 0.02329598 0.02329598 0.02329598
 0.02329598 0.02329598 0.02329598 0.02329598 0.02329598 0.02329598
 0.02329598]","[0.01774094 0.03530488 0.05506382 0.07519937 0.10121985 0.12215781
 0.14260801 0.16258179 0.18209027 0.20114428 0.2197544  0.23793099
 0.25568413 0.2730237  0.28995932 0.30650041 0.32265617 0.33843555
 0.35384735 0.3689001  0.38360219 0.39796178 0.41198685 0.4256852
 0.43906442]",1976.0,,25
3,statrape,Kansas,"[1971 1972 1973 1974 1975 1976 1977 1978 1979 1980 1981 1982 1983 1984
 1985 1986 1987 1988 1989 1990 1991 1992 1993 1994 1995 1996 1997 1998
 1999 2000 2001 2002 2003 2004 2005 2006 2007 2008]","[0.02133613 0.01564896 0.01883019 0.02872601 0.05902043 0.08422897
 0.06236692 0.05513478 0.04453078 0.04792968 0.08685153 0.10424773
 0.16541079 0.14181251 0.14097414 0.11388785 0.11557333 0.14054306
 0.08250912 0.07374116 0.06237554 0.11015357 0.10088294 0.12771047
 0.14483913 0.17795574 0.22684856 0.21332853 0.25777258 0.11752153
 0.22191086 0.18724596 0.18431054 0.18679135 0.19696101 0.19860145
 0.20069848 0.19797516]","[0.02133613 0.0366512  0.05479125 0.08194332 0.13612742 0.20889052
 0.25822958 0.29912693 0.33033735 0.36243407 0.41780765 0.47849988
 0.56476163 0.62648387 0.67913999 0.71568204 0.74854162 0.78388235
 0.80171402 0.81633586 0.82779201 0.84676134 0.8622205  0.87981639
 0.89722368 0.91551331 0.934679   0.94861383 0.96185978 0.96634207
 0.97381113 0.97871489 0.98263796 0.98588104 0.98866192 0.99091368
 0.99273729 0.99417513]",,1983.0,38
3,statrape,Kentucky,[1972 1973 1974 1975 1976 1977 1978 1979 1980 1981 1982],"[0.0232559  0.02297589 0.07599519 0.07599519 0.07599519 0.07599519
 0.07599519 0.07599519 0.07599519 0.07599519 0.07599519]","[0.0232559  0.04569746 0.11821986 0.1852309  0.24714943 0.30436245
 0.35722756 0.40607517 0.4512106  0.49291595 0.5314519 ]",1974.0,1982.0,11
3,statrape,Louisiana,[1971 1972 1973 1974 1975 1976 1977 1978 1979 1980],"[0.01757423 0.05086262 0.05717226 0.03634149 0.05533884 0.0623134
 0.10238795 0.10238795 0.10238795 0.10238795]","[0.01757423 0.06754298 0.12085366 0.15280314 0.19968603 0.24955632
 0.32639271 0.39536197 0.45726962 0.51283867]",1977.0,1980.0,10
3,statrape,Maine,"[1971 1972 1973 1974 1975 1976 1977 1978 1979 1980 1981 1982 1983 1984
 1985 1986 1987 1988 1989 1990 1991 1992 1993 1994]","[0.02396097 0.01198095 0.01102146 0.00698384 0.02337958 0.02337958
 0.02337958 0.02337958 0.02337958 0.02337958 0.02337958 0.02337958
 0.02337958 0.02337958 0.02337958 0.02337958 0.02337958 0.02337958
 0.02337958 0.02337958 0.02337958 0.02337958 0.02337958 0.02337958]","[0.02396097 0.03565484 0.04628333 0.05294394 0.07508571 0.09670981
 0.11782836 0.13845316 0.15859576 0.17826744 0.1974792  0.21624179
 0.23456573 0.25246126 0.2699384  0.28700693 0.30367641 0.31995616
 0.3358553  0.35138272 0.36654712 0.38135698 0.39582059 0.40994605]",1975.0,,24
3,statrape,Maryland,[1973 1974 1975 1976 1977 1978 1979 1980 1981],"[0.04450903 0.04358958 0.05178105 0.09596912 0.09596912 0.09596912
 0.09596912 0.09596912 0.09596912]","[0.04450903 0.08615849 0.13347816 0.2166375  0.29181611 0.35977989
 0.42122125 0.47676614 0.52698043]",1976.0,1981.0,9
3,statrape,Massachusetts,"[1971 1972 1973 1974 1975 1976 1977 1978 1979 1980 1981 1982 1983 1984
 1985 1986 1987 1988 1989 1990 1991 1992 1993 1994 1995 1996 1997 1998
 1999 2000 2001 2002 2003 2004 2005 2006 2007 2008]","[0.02335699 0.0255494  0.02292964 0.02295998 0.02955188 0.02601774
 0.07287148 0.04495966 0.06599754 0.07969694 0.04949048 0.04934001
 0.04805341 0.05011384 0.07883076 0.04551958 0.04284661 0.05818327
 0.0424397  0.04507575 0.04602026 0.12340066 0.05811316 0.06644
 0.0628234  0.08696919 0.09500862 0.10782979 0.11285368 0.09860186
 0.12730001 0.11102366 0.0931898  0.09050876 0.09432233 0.10454461
 0.10920101 0.11194453]","[0.02335699 0.04830964 0.07013156 0.09148132 0.11832975 0.14126882
 0.20384583 0.23964065 0.2898225  0.34642148 0.37876739 0.40941902
 0.43779844 0.46597252 0.50807032 0.53046275 0.55058083 0.57672951
 0.59469298 0.6129625  0.63077407 0.67633679 0.69514588 0.71540039
 0.7332799  0.75647633 0.77961318 0.80337745 0.82556703 0.84276644
 0.86278227 0.87801669 0.88938429 0.89939598 0.90888518 0.91841075
 0.92732038 0.93545646]",,1985.0,38
3,statrape,Michigan,"[1971 1972 1973 1974 1975 1976 1977 1978 1979 1980 1981 1982 1983 1984
 1985 1986 1987 1988 1989 1990 1991 1992 1993 1994 1995 1996 1997 1998
 1999 2000 2001 2002 2003 2004 2005 2006 2007 2008]","[0.03166278 0.03819597 0.04771546 0.06646029 0.04714692 0.05788576
 0.0421607  0.06823408 0.05724681 0.05463204 0.05237806 0.02236587
 0.02442585 0.07385693 0.10241661 0.06594729 0.06730374 0.10439246
 0.07590411 0.06562378 0.06031067 0.05052473 0.0643341  0.09819938
 0.10313502 0.12368301 0.08544677 0.09479676 0.18156438 0.19865832
 0.10999154 0.13531244 0.15139707 0.14941565 0.16057993 0.14135951
 0.10131233 0.10255376]","[0.03166278 0.06864936 0.11308919 0.17203353 0.2110696  0.25673744
 0.28807391 0.33665153 0.37462612 0.40879157 0.43975792 0.45228822
 0.46566655 0.50513078 0.55581361 0.58510649 0.61303038 0.65342709
 0.6797334  0.7007505  0.71879844 0.73300607 0.75018289 0.77471477
 0.79794957 0.82293978 0.838069   0.85341954 0.88003333 0.9038657
 0.91443966 0.92601704 0.93721784 0.94659848 0.95517369 0.96151032
 0.9654098  0.96895715]",,1984.0,38
3,statrape,Minnesota,"[1971 1972 1973 1974 1975 1976 1977 1978 1979 1980 1981 1982 1983 1984
 1985 1986 1987 1988 1989 1990 1991 1992 1993 1994]","[0.01912124 0.01185978 0.02007943 0.0212183  0.0196276  0.0196276
 0.0196276  0.0196276  0.0196276  0.0196276  0.0196276  0.0196276
 0.0196276  0.0196276  0.0196276  0.0196276  0.0196276  0.0196276
 0.0196276  0.0196276  0.0196276  0.0196276  0.0196276  0.0196276 ]","[0.01912124 0.03075425 0.05021615 0.07036895 0.08861537 0.10650366
 0.12404084 0.14123382 0.15808933 0.17461401 0.19081436 0.20669672
 0.22226736 0.23753238 0.25249779 0.26716946 0.28155316 0.29565455
 0.30947915 0.32303242 0.33631966 0.34934611 0.36211688 0.374637  ]",1975.0,,24
3,statrape,Mississippi,"[1974 1975 1976 1977 1978 1979 1980 1981 1982 1983 1984 1985 1986 1987
 1988 1989 1990 1991 1992 1993 1994 1995 1996 1997 1998]","[0.01126646 0.03562701 0.04058105 0.24941733 0.17020776 0.17292194
 0.15677813 0.15900401 0.23771503 0.21496077 0.16859974 0.18655841
 0.21820046 0.20931078 0.20226701 0.17241181 0.19258772 0.16177656
 0.17878743 0.18267362 0.17616272 0.13084693 0.12421689 0.1285447
 0.23834453]","[0.01126646 0.04649208 0.08518643 0.31335679 0.43022879 0.52875473
 0.60263568 0.6658182  0.74525824 0.80001772 0.83373468 0.86475288
 0.89426386 0.91639557 0.93330599 0.94480483 0.95543474 0.96264435
 0.96932307 0.97492694 0.97934388 0.98204667 0.98427678 0.98629791
 0.98956373]",1998.0,1979.0,25
3,statrape,Missouri,"[1971 1972 1973 1974 1975 1976 1977 1978 1979 1980 1981 1982 1983 1984
 1985 1986 1987 1988 1989 1990 1991 1992 1993 1994]","[0.02209635 0.01316117 0.02883877 0.02507011 0.06408298 0.06408803
 0.13855162 0.06730344 0.0480456  0.04670007 0.08707207 0.09943593
 0.10389109 0.12170605 0.16105755 0.16420067 0.16370773 0.16268166
 0.13240417 0.14281553 0.12795762 0.10955139 0.13904923 0.15638966]","[0.02209635 0.03496671 0.06279708 0.08629286 0.14484594 0.19965107
 0.31054072 0.3569437  0.38783972 0.41642765 0.4672405  0.52021594
 0.57006122 0.62238738 0.68320474 0.73522273 0.77856882 0.81459161
 0.83914046 0.8621137  0.8797573  0.89293005 0.90781805 0.92223435]",1994.0,1982.0,24
3,statrape,Montana,[1971 1972 1973 1974 1975 1976 1977 1978 1979 1980],"[0.03031473 0.02012305 0.07886259 0.07886259 0.07886259 0.07886259
 0.07886259 0.07886259 0.07886259 0.07886259]","[0.03031473 0.04982775 0.12476079 0.19378442 0.25736467 0.31593081
 0.36987828 0.41957131 0.46534542 0.50750966]",1973.0,1980.0,10
3,statrape,Nevada,[1971 1972 1973 1974 1975 1976 1977 1978 1979 1980 1981],"[0.05705562 0.02463645 0.05952755 0.03586028 0.09332034 0.035208
 0.07476241 0.07476241 0.07476241 0.07476241 0.07476241]","[0.05705562 0.08028643 0.13503472 0.16605262 0.24387687 0.27049846
 0.32503775 0.37549956 0.42218871 0.46538728 0.50535622]",1977.0,1981.0,11
3,statrape,New Hampshire,"[1971 1972 1973 1974 1975 1976 1977 1978 1979 1980 1981 1982 1983 1984
 1985 1986 1987 1988 1989 1990 1991 1992 1993 1994 1995 1996 1997 1998
 1999 2000 2001 2002 2003 2004 2005 2006 2007 2008]","[0.06163016 0.01264296 0.02856766 0.0438966  0.09045062 0.03696097
 0.05942637 0.02493657 0.04526668 0.02147747 0.04819867 0.02804374
 0.08553087 0.03382135 0.0583879  0.05694375 0.0605517  0.0483256
 0.05580944 0.06635839 0.06639788 0.08263032 0.11585888 0.04693341
 0.06091472 0.05371567 0.05091554 0.0496687  0.06594327 0.04644294
 0.05048842 0.06431307 0.04871952 0.07216576 0.07022656 0.10632424
 0.11405782 0.12252942]","[0.06163016 0.07349394 0.09996205 0.13947065 0.21730607 0.24623519
 0.2910287  0.30870802 0.34000051 0.35417563 0.3853035  0.40254189
 0.45364301 0.47212154 0.50294325 0.53124753 0.55963129 0.58091237
 0.60430141 0.63055934 0.65508941 0.68358949 0.72024845 0.73337815
 0.74961934 0.76306871 0.77513219 0.78630108 0.80039309 0.80966342
 0.81927321 0.83089631 0.83913496 0.85074391 0.86122565 0.87598073
 0.89012609 0.90358888]",,1985.0,38
3,statrape,New Jersey,"[1972 1973 1974 1975 1976 1977 1978 1979 1980 1981 1982 1983 1984 1985
 1986 1987]","[0.04587377 0.03679543 0.03602488 0.03419759 0.05162309 0.03765791
 0.04398214 0.04398214 0.04398214 0.04398214 0.04398214 0.04398214
 0.04398214 0.04398214 0.04398214 0.04398214]","[0.04587377 0.08098125 0.11408879 0.14438482 0.18855431 0.21911166
 0.2534568  0.28629137 0.3176818  0.34769162 0.37638154 0.40380961
 0.43003134 0.45509978 0.47906566 0.50197746]",1978.0,1987.0,16
3,statrape,New Mexico,[1971 1972 1973 1974 1975 1976 1977 1978 1979 1980 1981],"[0.04451676 0.03789702 0.05538428 0.0566678  0.07174256 0.07174256
 0.07174256 0.07174256 0.07174256 0.07174256 0.07174256]","[0.04451676 0.08072673 0.13164001 0.18084806 0.23961611 0.294168
 0.34480619 0.39181147 0.43544447 0.47594712 0.51354401]",1975.0,1981.0,11
3,statrape,North Carolina,"[1973 1974 1975 1976 1977 1978 1979 1980 1981 1982 1983 1984 1985 1986
 1987 1988 1989 1990 1991 1992 1993 1994 1995]","[0.01646512 0.0234881  0.04738526 0.04265967 0.08182743 0.03121148
 0.03035709 0.02506188 0.04422742 0.05472396 0.05760583 0.04546929
 0.02944496 0.05007425 0.05069032 0.09139411 0.05335859 0.05800036
 0.05674885 0.05495856 0.06530768 0.07658206 0.14135649]","[0.01646512 0.03956649 0.08507688 0.12410719 0.19577925 0.22088017
 0.24453198 0.26346543 0.29604045 0.33456391 0.37289691 0.40141084
 0.41903627 0.4481276  0.47610219 0.52398336 0.54938294 0.57551889
 0.59960771 0.62161269 0.64632429 0.6734095  0.71957519]",1995.0,1988.0,23
3,statrape,North Dakota,[1971 1972 1973 1974 1975 1976 1977 1978],"[0.02302444 0.00956943 0.27115792 0.04721276 0.11139079 0.04267173
 0.1007044  0.1007044 ]","[0.02302444 0.03237354 0.29475312 0.32804977 0.40289884 0.42837818
 0.48594301 0.53771081]",1977.0,1978.0,8
3,statrape,Ohio,"[1971 1972 1973 1974 1975 1976 1977 1978 1979 1980 1981 1982 1983 1984
 1985 1986 1987 1988 1989 1990 1991]","[0.02976876 0.02364537 0.02364537 0.02364537 0.02364537 0.02364537
 0.02364537 0.02364537 0.02364537 0.02364537 0.02364537 0.02364537
 0.02364537 0.02364537 0.02364537 0.02364537 0.02364537 0.02364537
 0.02364537 0.02364537 0.02364537]","[0.02976876 0.05271024 0.07510925 0.09697864 0.11833091 0.1391783
 0.15953275 0.17940591 0.19880916 0.21775361 0.23625012 0.25430927
 0.2719414  0.28915661 0.30596477 0.32237549 0.33839817 0.35404199
 0.36931591 0.38422867 0.39878881]",1972.0,,21
3,statrape,Oklahoma,[1971 1972 1973 1974 1975 1976 1977 1978 1979 1980 1981],"[0.01906279 0.01384667 0.01930469 0.01438329 0.06256739 0.06413688
 0.20006445 0.09121513 0.07085749 0.08503467 0.10646564]","[0.01906279 0.0326455  0.05131997 0.06496512 0.12346781 0.17968585
 0.34380155 0.40365678 0.44591216 0.49302883 0.54700384]",1981.0,1981.0,11
3,statrape,Oregon,"[1971 1972 1973 1974 1975 1976 1977 1978 1979 1980 1981 1982 1983 1984
 1985 1986 1987 1988 1989 1990]","[0.03419776 0.03419776 0.03419776 0.03419776 0.03419776 0.03419776
 0.03419776 0.03419776 0.03419776 0.03419776 0.03419776 0.03419776
 0.03419776 0.03419776 0.03419776 0.03419776 0.03419776 0.03419776
 0.03419776 0.03419776]","[0.03419776 0.06722603 0.09912481 0.12993272 0.15968707 0.18842389
 0.21617797 0.24298293 0.26887121 0.29387418 0.3180221  0.34134421
 0.36386876 0.38562303 0.40663334 0.42692515 0.44652303 0.4654507
 0.48373109 0.50138632]",1971.0,1990.0,20
3,statrape,Pennsylvania,"[1971 1972 1973 1974 1975 1976 1977 1978 1979 1980 1981 1982 1983 1984
 1985 1986 1987 1988]","[0.02844408 0.06249565 0.05156998 0.05302838 0.04001679 0.07247552
 0.05348343 0.07711862 0.05701659 0.05170445 0.06813381 0.05525411
 0.0545762  0.07565653 0.11062425 0.08058902 0.07638151 0.07974198]","[0.02844408 0.0891621  0.13613399 0.18194341 0.2146794  0.27159592
 0.31055347 0.36372264 0.40000101 0.43102362 0.46979015 0.49908642
 0.52642438 0.56225347 0.61067885 0.64205386 0.66939432 0.69575748]",1988.0,1983.0,18
3,statrape,Rhode Island,"[1971 1972 1973 1974 1975 1976 1977 1978 1979 1980 1981 1982 1983 1984
 1985 1986]","[0.01481049 0.02046998 0.01360581 0.03518    0.0186992  0.02043695
 0.01748079 0.06542555 0.06542555 0.06542555 0.06542555 0.06542555
 0.06542555 0.06542555 0.06542555 0.06542555]","[0.01481049 0.0349773  0.04810722 0.08159481 0.09876826 0.11718669
 0.13261896 0.18936784 0.2424039  0.29197004 0.33829329 0.38158582
 0.42204591 0.45985887 0.4951979  0.52822486]",1978.0,1986.0,16
3,statrape,South Carolina,"[1971 1972 1973 1974 1975 1976 1977 1978 1979 1980 1981 1982 1983 1984
 1985 1986 1987 1988 1989 1990 1991 1992 1993 1994 1995 1996 1997 1998
 1999 2000 2001 2002 2003 2004 2005 2006 2007 2008]","[0.01197163 0.01328252 0.0119502  0.01371162 0.02417857 0.01998516
 0.03389729 0.03071109 0.01977946 0.02126294 0.02792019 0.06424986
 0.04708109 0.04880787 0.02305516 0.04285889 0.05233607 0.04239558
 0.0221689  0.0242573  0.02676745 0.03682396 0.03485454 0.03748026
 0.13680571 0.16758382 0.20534037 0.2370724  0.18276316 0.27762579
 0.25000791 0.16543115 0.17251141 0.20094037 0.18696557 0.20511787
 0.18913106 0.1930303 ]","[0.01197163 0.02509514 0.03674545 0.04995323 0.072924   0.09145176
 0.12224908 0.14920577 0.16603402 0.18376659 0.20655598 0.25753465
 0.29249072 0.32702275 0.34253834 0.37071642 0.40365065 0.42893322
 0.44159315 0.45513859 0.46972314 0.48925003 0.50705199 0.52552781
 0.59043832 0.65907423 0.72908005 0.79330769 0.83108343 0.87797903
 0.90848524 0.92362463 0.93680025 0.94949963 0.95894146 0.9673633
 0.97353592 0.97864429]",,1993.0,38
3,statrape,South Dakota,"[1971 1972 1973 1974 1975 1976 1977 1978 1979 1980 1981 1982 1983 1984
 1985 1986 1987 1988]","[0.01811367 0.02082704 0.02322302 0.02361862 0.11779408 0.16096128
 0.13804314 0.10957777 0.10266413 0.06836567 0.10393808 0.0907992
 0.11149081 0.2058901  0.14450717 0.16580357 0.16324759 0.19303252]","[0.01811367 0.03856345 0.06089091 0.08307137 0.19108013 0.32128491
 0.41497688 0.47908241 0.53256196 0.56451867 0.60978177 0.64521327
 0.68476873 0.74967173 0.78584596 0.82135347 0.85051708 0.87937215]",1988.0,1979.0,18
3,statrape,Tennessee,"[1971 1972 1973 1974 1975 1976 1977 1978 1979 1980 1981 1982 1983 1984
 1985 1986 1987 1988]","[0.02244483 0.02344081 0.01932082 0.02170632 0.06548483 0.06774494
 0.07406371 0.05479581 0.04521329 0.05455401 0.08400733 0.07402062
 0.08248921 0.11247474 0.09964551 0.09248853 0.09759431 0.09213431]","[0.02244483 0.04535951 0.06380395 0.08412532 0.14410122 0.20208403
 0.26118064 0.30166485 0.33323888 0.36961337 0.42257047 0.46531216
 0.50941813 0.5645962  0.60798224 0.64423938 0.67895959 0.70853843]",1988.0,1983.0,18
3,statrape,Texas,"[1971 1972 1973 1974 1975 1976 1977 1978 1979 1980 1981 1982 1983 1984
 1985]","[0.0154661  0.00904379 0.05039002 0.05039002 0.05039002 0.05039002
 0.05039002 0.05039002 0.05039002 0.05039002 0.05039002 0.05039002
 0.05039002 0.05039002 0.05039002]","[0.0154661  0.02437002 0.07353203 0.12021677 0.16454906 0.20664745
 0.2466245  0.2845871  0.32063677 0.35486989 0.38737801 0.41824804
 0.44756253 0.47539987 0.50183448]",1973.0,1985.0,15
3,statrape,Utah,[1971 1972 1973 1974 1975 1976 1977 1978 1979 1980 1981 1982 1983],"[0.02660353 0.01589442 0.01872588 0.02332063 0.06117643 0.04092068
 0.05546213 0.0451702  0.04785625 0.07752086 0.06488395 0.13655802
 0.128582  ]","[0.02660353 0.0420751  0.06001309 0.08193417 0.13809816 0.17336777
 0.21921456 0.25448279 0.29016045 0.34518782 0.38767462 0.47129257
 0.53927482]",1983.0,1983.0,13
3,statrape,Vermont,"[1989 1990 1991 1992 1993 1994 1995 1996 1997 1998 1999 2000 2001 2002
 2003 2004 2005 2006 2007 2008]","[0.06614474 0.07747825 0.0369161  0.02289006 0.02355559 0.03524722
 0.03851663 0.02684147 0.04155816 0.0312002  0.03833242 0.04427037
 0.04884044 0.06700898 0.04318562 0.15322321 0.14771875 0.13548194
 0.12166079 0.12262372]","[0.06614474 0.13849821 0.17030149 0.18929334 0.20839002 0.23629207
 0.26570752 0.28541701 0.31511377 0.33648235 0.36191659 0.39016478
 0.4199494  0.458818   0.48218928 0.5615299  0.62630015 0.67692974
 0.71623472 0.75103107]",,2004.0,20
3,statrape,Virginia,[1972 1973 1974 1975 1976 1977 1978 1979 1980 1981 1982 1983],"[0.03227922 0.0140148  0.03359623 0.06717669 0.06717669 0.06717669
 0.06717669 0.06717669 0.06717669 0.06717669 0.06717669 0.06717669]","[0.03227922 0.04584163 0.07789775 0.13984153 0.19762413 0.25152508
 0.30180515 0.34870756 0.39245923 0.43327181 0.47134273 0.50685618]",1975.0,1983.0,12
3,statrape,Washington,"[1971 1972 1973 1974 1975 1976 1977 1978 1979 1980 1981 1982 1983 1984
 1985 1986 1987 1988]","[0.04077687 0.02849812 0.05751056 0.01981756 0.05230914 0.02735278
 0.05269356 0.04126819 0.07376092 0.04580894 0.09046017 0.05759536
 0.05485739 0.09900988 0.12841573 0.12075352 0.08114351 0.06788893]","[0.04077687 0.06811292 0.12170627 0.13911191 0.18414423 0.20646015
 0.24827459 0.27929694 0.33245666 0.36303611 0.42065597 0.4540235
 0.48397435 0.53506599 0.59477083 0.64370368 0.67261481 0.69484064]",1988.0,1984.0,18
3,statrape,West Virginia,[1971 1972 1973 1974 1975 1976 1977 1978 1979],"[0.08175852 0.04090016 0.0229065  0.03921748 0.07620002 0.11132964
 0.11132964 0.11132964 0.11132964]","[0.08175852 0.11931474 0.13948816 0.17323527 0.23623476 0.32126447
 0.39682785 0.46397878 0.52365383]",1976.0,1979.0,9
3,statrape,Wisconsin,"[1971 1972 1973 1974 1975 1976 1977 1978 1979 1980 1981 1982 1983 1984
 1985 1986 1987 1988 1989 1990 1991 1992 1993 1994 1995 1996 1997 1998]","[0.04964048 0.03687242 0.03660084 0.02378607 0.03440817 0.08291313
 0.07049597 0.068953   0.058655   0.05265554 0.10879538 0.04904558
 0.0692849  0.15454685 0.15818266 0.18243674 0.18743778 0.13581818
 0.13265052 0.11055525 0.12433349 0.10133685 0.10739373 0.11995683
 0.1120828  0.11658229 0.13755304 0.09137382]","[0.04964048 0.08468254 0.11818392 0.13915887 0.16877884 0.23769798
 0.2914372  0.34029474 0.37898975 0.41168938 0.47569486 0.50140971
 0.53595449 0.60767126 0.66973086 0.72998409 0.78059527 0.81039442
 0.8355457  0.85372699 0.87191362 0.88489349 0.89725521 0.90958015
 0.91971466 0.92907451 0.93883053 0.94441981]",1998.0,1982.0,28
3,statrape,Wyoming,[1971 1972 1973 1974 1975 1976 1977 1978 1979 1980 1981 1982],"[0.02931908 0.0056574  0.02294919 0.02241388 0.05208485 0.04743403
 0.06315093 0.0691925  0.0576009  0.06388358 0.0691163  0.18353838]","[0.02931908 0.03481061 0.05696092 0.07809809 0.12611521 0.16756709
 0.220136   0.27409674 0.31590942 0.35961158 0.40387286 0.51328507]",1982.0,1982.0,12
3,syringe,Alabama,"[1987 1988 1989 1990 1991 1992 1993 1994 1995 1996 1997 1998 1999 2000
 2001 2002 2003 2004 2005 2006 2007 2008 2009 2010 2011 2012 2013 2014
 2015 2016 2017 2018 2019]","[0.00725528 0.01420847 0.01078323 0.01544909 0.02710767 0.02042724
 0.02233872 0.03423299 0.02518492 0.03756003 0.0254025  0.02565408
 0.0304172  0.02398412 0.02869456 0.02272171 0.02164825 0.01850421
 0.01850421 0.01850421 0.01850421 0.01850421 0.01850421 0.01850421
 0.01850421 0.01850421 0.01850421 0.01850421 0.01850421 0.01850421
 0.01850421 0.01850421 0.01850421]","[0.00725528 0.02136066 0.03191355 0.04686961 0.07270675 0.09164879
 0.1119402  0.14234114 0.16394121 0.1953436  0.21578388 0.23590222
 0.25914393 0.27691271 0.29766139 0.31361972 0.32847866 0.34090463
 0.35310067 0.36507104 0.3768199  0.38835136 0.39966943 0.41077808
 0.42168117 0.4323825  0.44288582 0.45319478 0.46331298 0.47324395
 0.48299116 0.492558   0.50194782]",,2019.0,33
3,syringe,Arizona,"[1987 1988 1989 1990 1991 1992 1993 1994 1995 1996 1997 1998 1999 2000
 2001 2002 2003 2004]","[0.01206652 0.01953403 0.02031951 0.05358474 0.03614032 0.02863835
 0.01902311 0.02782244 0.03439301 0.0482483  0.05476157 0.04539902
 0.04442403 0.04128424 0.05901662 0.05123112 0.05866821 0.04977156]","[0.01206652 0.03136485 0.05104704 0.10189644 0.13435419 0.15914486
 0.17514054 0.19809014 0.22567024 0.26303033 0.30338795 0.33501345
 0.36455483 0.39078871 0.4267423  0.45611093 0.48801993 0.51350198]",,2004.0,18
3,syringe,Arkansas,"[1987 1988 1989 1990 1991 1992 1993 1994 1995 1996 1997 1998 1999 2000
 2001 2002 2003 2004 2005 2006 2007 2008 2009 2010 2011 2012]","[0.02543272 0.0190139  0.0427865  0.01755179 0.03096165 0.02057785
 0.03126141 0.01754063 0.02087581 0.01571135 0.03611213 0.02157071
 0.03109999 0.02714274 0.0369818  0.02300851 0.04358733 0.02684823
 0.02684823 0.02684823 0.02684823 0.02684823 0.02684823 0.02684823
 0.02684823 0.02684823]","[0.02543272 0.04396305 0.08486853 0.10093072 0.12876739 0.14669549
 0.17337099 0.18787059 0.20482445 0.21731773 0.24558205 0.26185538
 0.28481167 0.30422385 0.3299549  0.34537164 0.37390514 0.39071468
 0.40707291 0.42299195 0.43848359 0.45355931 0.46823027 0.48250735
 0.49640111 0.50992185]",,2012.0,26
3,syringe,California,"[1987 1988 1989 1990 1991 1992 1993 1994 1995 1996 1997 1998 1999 2000
 2001 2002 2003 2004]","[0.0729237  0.130386   0.11077405 0.15273921 0.20607162 0.13083765
 0.19060251 0.18600682 0.27031049 0.26854334 0.32751021 0.30096799
 0.29621913 0.32238786 0.35806673 0.29719021 0.29134411 0.2884353 ]","[0.0729237  0.19380148 0.28310735 0.39260497 0.51777185 0.58086545
 0.66075355 0.7238557  0.7985004  0.85261178 0.90088293 0.93071399
 0.95123783 0.96695816 0.97878935 0.98509294 0.98943603 0.99248305]",2004.0,1991.0,18
3,syringe,Colorado,"[1987 1988 1989 1990 1991 1992 1993 1994 1995 1996 1997 1998 1999 2000
 2001 2002 2003 2004]","[0.01112471 0.02278416 0.01889239 0.03589716 0.03184133 0.03464336
 0.02255716 0.03147828 0.02607871 0.03520991 0.03504444 0.03831679
 0.05546407 0.05209353 0.06644067 0.06652376 0.0618924  0.05701461]","[0.01112471 0.03365541 0.05191196 0.08594563 0.11505034 0.14570796
 0.16497837 0.19126342 0.21235422 0.24008716 0.26671788 0.2948149
 0.33392733 0.36862541 0.41057437 0.44978518 0.48383929 0.51326799]",,2004.0,18
3,syringe,Connecticut,"[1987 1988 1989 1990 1991 1992 1993 1994 1995 1996 1997 1998 1999 2000
 2001 2002 2003 2004 2005 2006]","[0.03358949 0.04684166 0.05915028 0.07172028 0.06679443 0.02794991
 0.02794991 0.02794991 0.02794991 0.02794991 0.02794991 0.02794991
 0.02794991 0.02794991 0.02794991 0.02794991 0.02794991 0.02794991
 0.02794991 0.02794991]","[0.03358949 0.07885777 0.13334359 0.19550044 0.24923653 0.2702203
 0.29061757 0.31044475 0.32971776 0.34845208 0.36666279 0.38436451
 0.40157146 0.41829749 0.43455602 0.45036013 0.46572251 0.48065552
 0.49517115 0.50928107]",1992.0,2006.0,20
3,syringe,Delaware,"[1987 1988 1989 1990 1991 1992 1993 1994 1995 1996 1997 1998 1999 2000
 2001 2002 2003 2004]","[0.02785115 0.02043161 0.03260008 0.04599907 0.04185207 0.0307235
 0.02749913 0.04664392 0.03775792 0.03810069 0.06456187 0.05814367
 0.09964703 0.07047027 0.07640267 0.04909448 0.056679   0.04396609]","[0.02785115 0.04771372 0.07875833 0.12113459 0.15791693 0.18378867
 0.20623377 0.24325814 0.27183114 0.29957488 0.34479564 0.38289162
 0.44438464 0.48353901 0.52299801 0.54641617 0.57212485 0.59093685]",,2001.0,18
3,syringe,Florida,"[1987 1988 1989 1990 1991 1992 1993 1994 1995 1996 1997 1998 1999 2000
 2001 2002 2003 2004]","[0.01708855 0.07611606 0.05211363 0.08131593 0.11146267 0.06212847
 0.04108496 0.04671021 0.03475394 0.03737715 0.04903149 0.05098045
 0.05460536 0.05899324 0.10884436 0.05008344 0.04697058 0.02967139]","[0.01708855 0.0919039  0.13922808 0.20922256 0.29736472 0.34101838
 0.36809261 0.39760914 0.41854459 0.44027774 0.46772175 0.49485753
 0.52244102 0.55061377 0.59952693 0.619584   0.63745236 0.64820965]",,1999.0,18
3,syringe,Georgia,"[1987 1988 1989 1990 1991 1992 1993 1994 1995 1996 1997 1998 1999 2000
 2001 2002 2003 2004 2005 2006 2007 2008 2009 2010 2011 2012 2013 2014
 2015]","[0.01786873 0.02583739 0.01695854 0.02911314 0.02953058 0.02411138
 0.02765304 0.0248343  0.02261945 0.02563972 0.0256067  0.03597686
 0.03542155 0.02716154 0.03139558 0.02720148 0.02918054 0.01915157
 0.01915157 0.01915157 0.01915157 0.01915157 0.01915157 0.01915157
 0.01915157 0.01915157 0.01915157 0.01915157 0.01915157]","[0.01786873 0.04324444 0.05946962 0.08685142 0.11381723 0.13518432
 0.15909911 0.17998229 0.19853064 0.21908009 0.23907688 0.2664525
 0.29243589 0.31165442 0.33326543 0.3514016  0.37032805 0.38238726
 0.39421551 0.40581723 0.41719677 0.42835836 0.4393062  0.45004437
 0.46057688 0.47090768 0.48104063 0.49097952 0.50072806]",,2015.0,29
3,syringe,Idaho,"[1987 1988 1989 1990 1991 1992 1993 1994 1995 1996 1997 1998 1999 2000
 2001 2002 2003 2004 2005 2006 2007]","[0.01458867 0.01533344 0.01552523 0.0226311  0.02531225 0.02307772
 0.01925537 0.05985524 0.03409264 0.0341797  0.0371522  0.02574659
 0.04077791 0.03183546 0.04689223 0.06572956 0.03445425 0.04042196
 0.04042196 0.04042196 0.04042196]","[0.01458867 0.02969842 0.04476257 0.06638064 0.09001265 0.11101308
 0.12813085 0.18031678 0.20826195 0.23532332 0.26373274 0.28268911
 0.31193955 0.33384427 0.3650818  0.40681469 0.42725244 0.45040402
 0.47261977 0.49393751 0.51439355]",,2007.0,21
3,syringe,Illinois,"[1987 1988 1989 1990 1991 1992 1993 1994 1995 1996 1997 1998 1999 2000
 2001 2002 2003]","[0.01767467 0.03490093 0.04230691 0.05780059 0.08204766 0.11388214
 0.06001409 0.05607837 0.0683863  0.08694589 0.09880502 0.07468224
 0.09144182 0.07045416 0.09040512 0.07926534 0.09770075]","[0.01767467 0.05195874 0.09206743 0.14454647 0.21473443 0.30416216
 0.34592223 0.38260185 0.42482342 0.47483266 0.52672183 0.56206731
 0.60211267 0.63014549 0.66358223 0.6902485  0.72051145]",2003.0,1997.0,17
3,syringe,Indiana,"[1987 1988 1989 1990 1991 1992 1993 1994 1995 1996 1997 1998 1999 2000
 2001 2002 2003 2004 2005 2006 2007 2008 2009]","[0.01033677 0.01818523 0.01993855 0.03966777 0.03315386 0.03392211
 0.02468772 0.02913385 0.02667377 0.0255338  0.03845687 0.03735641
 0.03888243 0.03274846 0.03544367 0.02751639 0.04870352 0.03108039
 0.03108039 0.03108039 0.03108039 0.03108039 0.03108039]","[0.01033677 0.02833402 0.04770764 0.08548295 0.11580272 0.14579656
 0.1668849  0.19115675 0.21273165 0.2328336  0.26233642 0.28989289
 0.31750358 0.33985428 0.36325227 0.38077327 0.41093179 0.42924026
 0.4469797  0.46416778 0.48082166 0.49695792 0.51259266]",,2009.0,23
3,syringe,Iowa,"[1987 1988 1989 1990 1991 1992 1993 1994 1995 1996 1997 1998 1999 2000
 2001 2002 2003 2004]","[0.01913614 0.02175126 0.02641893 0.0647368  0.03642242 0.03842101
 0.02175148 0.02629543 0.03379033 0.02658462 0.0491822  0.05886149
 0.06049836 0.05404633 0.07068303 0.04619416 0.09126587 0.0719602 ]","[0.01913614 0.04047117 0.06582089 0.12629665 0.15811905 0.19046496
 0.20807355 0.2288976  0.2549534  0.27476018 0.31042908 0.35101825
 0.39028058 0.42323368 0.46400127 0.48876128 0.53541993 0.5688512 ]",,2003.0,18
3,syringe,Kansas,"[1987 1988 1989 1990 1991 1992 1993 1994 1995 1996 1997 1998 1999 2000
 2001 2002 2003 2004 2005 2006 2007 2008 2009 2010 2011 2012 2013 2014
 2015]","[0.01158799 0.01443268 0.01106007 0.0226615  0.02649475 0.03116277
 0.01763187 0.02438334 0.02243182 0.02137948 0.02449442 0.02958051
 0.03043115 0.03460936 0.04460016 0.02604316 0.02135496 0.02427786
 0.02427786 0.02427786 0.02427786 0.02427786 0.02427786 0.02427786
 0.02427786 0.02427786 0.02427786 0.02427786 0.02427786]","[0.01158799 0.02585342 0.03662755 0.05845902 0.08340492 0.11196856
 0.12762621 0.1488976  0.16798937 0.18577733 0.20572124 0.22921641
 0.25267224 0.27853678 0.31071415 0.32866534 0.34300166 0.35895217
 0.37451544 0.38970087 0.40451763 0.41897467 0.43308072 0.44684431
 0.46027374 0.47337714 0.48616242 0.4986373  0.51080931]",,2015.0,29
3,syringe,Kentucky,"[1987 1988 1989 1990 1991 1992 1993 1994 1995 1996 1997 1998 1999 2000
 2001 2002 2003 2004 2005 2006 2007 2008 2009 2010 2011 2012 2013]","[0.00538123 0.01204304 0.00630683 0.02158776 0.01685999 0.02787343
 0.01196012 0.0256993  0.01177702 0.02300701 0.02096312 0.04278268
 0.04613991 0.03980154 0.05495261 0.04203922 0.0359441  0.02444128
 0.02444128 0.02444128 0.02444128 0.02444128 0.02444128 0.02444128
 0.02444128 0.02444128 0.02444128]","[0.00538123 0.01735946 0.02355681 0.04463603 0.06074346 0.08692376
 0.09784426 0.12102903 0.13138068 0.15136502 0.16915506 0.20470083
 0.24139586 0.27158948 0.31161754 0.3405566  0.3642597  0.379798
 0.39495653 0.40974457 0.42417117 0.43824516 0.45197517 0.4653696
 0.47843665 0.49118433 0.50362044]",,2013.0,27
3,syringe,Louisiana,"[1987 1988 1989 1990 1991 1992 1993 1994 1995 1996 1997 1998 1999 2000
 2001 2002 2003 2004 2005 2006 2007]","[0.00895816 0.01344948 0.01294227 0.01863704 0.02612449 0.02437468
 0.02270387 0.04193891 0.03259428 0.02750647 0.08795667 0.05288503
 0.05204898 0.04508553 0.04653114 0.04049826 0.03475622 0.02295476
 0.02295476 0.02295476 0.02295476]","[0.00895816 0.02228716 0.03494098 0.05292682 0.07766863 0.10015016
 0.12058023 0.15746214 0.18492405 0.20734391 0.2770633  0.31529583
 0.35093398 0.38019746 0.40903758 0.43297053 0.45267833 0.46524197
 0.47751721 0.48951068 0.50122884]",,2007.0,21
3,syringe,Maine,"[1987 1988 1989 1990 1991 1992 1993 1994 1995 1996 1997 1998 1999 2000
 2001 2002 2003]","[0.03548308 0.03476488 0.02134273 0.0304138  0.02530049 0.03414897
 0.04389498 0.05150067 0.05004723 0.03537623 0.05154241 0.05154241
 0.05154241 0.05154241 0.05154241 0.05154241 0.05154241]","[0.03548308 0.0690144  0.08888417 0.11659467 0.13894525 0.16834938
 0.20485467 0.24580519 0.28355055 0.30889583 0.34451701 0.37830218
 0.41034599 0.44073818 0.46956388 0.49690384 0.52283463]",1997.0,2003.0,17
3,syringe,Maryland,"[1987 1988 1989 1990 1991 1992 1993 1994 1995 1996 1997 1998 1999 2000
 2001 2002 2003 2004]","[0.02977147 0.04439523 0.03235459 0.05092934 0.04660914 0.03420693
 0.0361003  0.07637931 0.05296349 0.05268296 0.05244319 0.05275733
 0.06450345 0.06700674 0.06829986 0.05358003 0.05104615 0.0504342 ]","[0.02977147 0.07284499 0.10284271 0.14853433 0.18822042 0.21598891
 0.24429194 0.3020124  0.33898026 0.37380474 0.40664442 0.43794827
 0.47420255 0.50943452 0.54294008 0.56742936 0.58951043 0.61021314]",,2000.0,18
3,syringe,Massachusetts,"[1987 1988 1989 1990 1991 1992 1993 1994 1995 1996 1997 1998 1999 2000
 2001 2002 2003 2004]","[0.02102516 0.05297493 0.03453246 0.0396911  0.03948511 0.08843888
 0.05523867 0.09384796 0.08260012 0.08228881 0.07251344 0.07222051
 0.11617318 0.28854133 0.21004123 0.17174391 0.1198964  0.09890709]","[0.02102516 0.07288628 0.1049018  0.14042923 0.17436948 0.24738731
 0.28896063 0.35569022 0.40891029 0.45755036 0.49688525 0.53322045
 0.58744771 0.7064861  0.76813612 0.80795733 0.83098255 0.84769958]",,1998.0,18
3,syringe,Michigan,"[1987 1988 1989 1990 1991 1992 1993 1994 1995 1996 1997 1998 1999 2000
 2001 2002 2003 2004]","[0.03525055 0.04532685 0.06159433 0.05667139 0.06357888 0.08661487
 0.07108883 0.09824667 0.06708406 0.07030156 0.08139759 0.08096976
 0.07693435 0.09407282 0.11206791 0.08544266 0.10971881 0.08825424]","[0.03525055 0.07897961 0.13570924 0.1846898  0.23652631 0.30265449
 0.35222796 0.41586941 0.45505526 0.49336572 0.53460453 0.57228749
 0.60519327 0.64233385 0.68241675 0.70955191 0.74141953 0.76424035]",,1997.0,18
3,syringe,Minnesota,"[1987 1988 1989 1990 1991 1992 1993 1994 1995 1996 1997 1998 1999 2000
 2001]","[0.03565303 0.04778898 0.05460106 0.04616529 0.04292912 0.0480379
 0.05328244 0.03630745 0.03576907 0.04730281 0.05207324 0.05207324
 0.05207324 0.05207324 0.05207324]","[0.03565303 0.08173819 0.13187626 0.17195344 0.20750075 0.24557075
 0.28576859 0.31170051 0.33632034 0.36771425 0.40063942 0.43185007
 0.46143548 0.48948028 0.5160647 ]",1997.0,2001.0,15
3,syringe,Mississippi,"[1987 1988 1989 1990 1991 1992 1993 1994 1995 1996 1997 1998 1999 2000
 2001 2002 2003 2004 2005 2006 2007 2008 2009 2010 2011 2012 2013 2014
 2015 2016 2017]","[0.0101269  0.00988338 0.00982114 0.02151124 0.01643774 0.01954827
 0.01592266 0.026628   0.03189245 0.02469701 0.02465505 0.04420078
 0.03019355 0.0252528  0.02989803 0.02608318 0.03126289 0.02100961
 0.02100961 0.02100961 0.02100961 0.02100961 0.02100961 0.02100961
 0.02100961 0.02100961 0.02100961 0.02100961 0.02100961 0.02100961
 0.02100961]","[0.0101269  0.01991019 0.02953579 0.05041167 0.06602076 0.08427844
 0.09885916 0.12285474 0.15082906 0.17180104 0.19222032 0.22792481
 0.25123651 0.27014488 0.29196611 0.31043388 0.33199171 0.3460263
 0.35976603 0.3732171  0.38638556 0.39927736 0.41189831 0.42425409
 0.43635029 0.44819235 0.45978561 0.4711353  0.48224654 0.49312434
 0.5037736 ]",,2017.0,31
3,syringe,Missouri,"[1987 1988 1989 1990 1991 1992 1993 1994 1995 1996 1997 1998 1999 2000
 2001 2002 2003 2004]","[0.01690497 0.03083331 0.01999681 0.03554704 0.03594962 0.04282043
 0.03544028 0.03663735 0.03836271 0.03292824 0.04071842 0.0522703
 0.05770576 0.04352257 0.04249933 0.04520536 0.04549665 0.03606727]","[0.01690497 0.04721705 0.06626967 0.09946102 0.13183506 0.16901025
 0.19846076 0.22782704 0.25744969 0.28190056 0.31114044 0.34714733
 0.38482069 0.41159487 0.4366017  0.46207032 0.48654432 0.50506326]",,2004.0,18
3,syringe,Montana,"[1987 1988 1989 1990 1991 1992 1993 1994 1995 1996 1997 1998 1999 2000
 2001 2002 2003 2004 2005 2006]","[0.01230542 0.01113527 0.01575894 0.01747167 0.03307209 0.02101128
 0.035918   0.01518854 0.0266419  0.02413681 0.02369917 0.0462267
 0.03374598 0.03128012 0.04808052 0.0381266  0.05765982 0.06455529
 0.06455529 0.06455529]","[0.01230542 0.02330367 0.03869536 0.05549096 0.08672784 0.10591686
 0.13803054 0.1511226  0.17373831 0.19368163 0.21279071 0.24918079
 0.27451793 0.29721109 0.33100155 0.35650818 0.3936118  0.43275737
 0.46937588 0.50363047]",,2006.0,20
3,syringe,Nevada,"[1987 1988 1989 1990 1991 1992 1993 1994 1995 1996 1997 1998 1999 2000
 2001 2002 2003 2004]","[0.03654082 0.0339425  0.04032258 0.04184311 0.05575603 0.03304097
 0.03213207 0.05815132 0.10350836 0.05464038 0.05303381 0.06316236
 0.08092318 0.0620674  0.07913517 0.05090267 0.06516691 0.0587052 ]","[0.03654082 0.06924304 0.10677356 0.14414893 0.19186779 0.21856926
 0.24367824 0.28765935 0.36139257 0.39628632 0.42830355 0.46441325
 0.50775464 0.53830703 0.57484318 0.5964848  0.62278064 0.64492538]",,1999.0,18
3,syringe,New Hampshire,"[1987 1988 1989 1990 1991 1992 1993 1994 1995 1996 1997 1998 1999 2000
 2001]","[0.01672183 0.01805756 0.02544428 0.05232589 0.04781348 0.03264216
 0.0265461  0.02009763 0.02193176 0.02118931 0.04008236 0.03417208
 0.12127432 0.11673558 0.11673558]","[0.01672183 0.03447744 0.05904447 0.10828081 0.150917   0.17863291
 0.200437   0.21650632 0.23368972 0.2499273  0.27999198 0.30459615
 0.38893078 0.4602643  0.52327066]",2000.0,2001.0,15
3,syringe,New Jersey,"[1987 1988 1989 1990 1991 1992 1993 1994 1995 1996 1997 1998 1999 2000
 2001 2002 2003 2004]","[0.03191018 0.05160288 0.06521122 0.1179028  0.09808176 0.0914761
 0.05968973 0.06908442 0.05879938 0.04844554 0.06174585 0.05872298
 0.09460865 0.09635522 0.0995296  0.09507446 0.08971816 0.07435337]","[0.03191018 0.08186641 0.14173902 0.24293039 0.31718511 0.37964635
 0.41667509 0.45697376 0.48890336 0.51366372 0.54369296 0.57048867
 0.61112416 0.64859438 0.68356964 0.71365408 0.73934451 0.75872513]",,1996.0,18
3,syringe,New Mexico,"[1987 1988 1989 1990 1991 1992 1993 1994 1995 1996 1997 1998 1999 2000
 2001 2002 2003 2004 2005 2006]","[0.00760912 0.01480588 0.01921206 0.02937397 0.02613083 0.03276835
 0.0187183  0.0349461  0.0245273  0.02746092 0.03192473 0.04152337
 0.04444125 0.03658248 0.05231885 0.05231885 0.05231885 0.05231885
 0.05231885 0.05231885]","[0.00760912 0.02230233 0.04108591 0.06925302 0.09357422 0.12327629
 0.13968706 0.16975165 0.1901154  0.21235557 0.23750091 0.26916244
 0.30164177 0.32718945 0.36239013 0.39574914 0.42736286 0.45732258
 0.48571484 0.51262165]",2001.0,2006.0,20
3,syringe,New York,[1987 1988 1989 1990 1991 1992 1993 1994 1995 1996 1997 1998 1999 2000],"[0.04394183 0.0732007  0.07804053 0.06528552 0.05574286 0.0557913
 0.06695621 0.09049701 0.08351604 0.08515543 0.09884446 0.08904611
 0.16501068 0.20363014]","[0.04394183 0.11392595 0.18307564 0.23640897 0.27897371 0.31920071
 0.36478445 0.42226955 0.47051931 0.51560747 0.56348699 0.60235677
 0.66797215 0.73558303]",2000.0,1996.0,14
3,syringe,North Carolina,"[1987 1988 1989 1990 1991 1992 1993 1994 1995 1996 1997 1998 1999 2000
 2001 2002 2003 2004 2005 2006 2007 2008 2009 2010 2011]","[0.01045269 0.01415985 0.01196215 0.02759067 0.02853923 0.02703016
 0.02431585 0.02352491 0.03226854 0.02876708 0.02999969 0.03659384
 0.04358031 0.0313423  0.03527115 0.03221584 0.04111183 0.0271175
 0.0271175  0.0271175  0.0271175  0.0271175  0.0271175  0.0271175
 0.0271175 ]","[0.01045269 0.02446453 0.03613403 0.06272774 0.08947677 0.11408835
 0.13563005 0.15596428 0.18320008 0.20669703 0.23049587 0.25865499
 0.29096303 0.31318588 0.33741061 0.35875648 0.38511918 0.4017932
 0.41801507 0.43379705 0.44915105 0.4640887  0.47862127 0.49275976
 0.50651484]",,2011.0,25
3,syringe,North Dakota,"[1987 1988 1989 1990 1991 1992 1993 1994 1995 1996 1997 1998 1999 2000
 2001 2002 2003 2004]","[0.03077817 0.02014555 0.02228832 0.02187635 0.04293419 0.02851407
 0.0355358  0.0248377  0.04866775 0.02171415 0.07833029 0.05169718
 0.08853892 0.03673401 0.05317959 0.06111108 0.05518242 0.02945246]","[0.03077817 0.05030367 0.07147081 0.09178364 0.13077717 0.15556225
 0.18557002 0.20579859 0.24445058 0.26085669 0.318754   0.3539725
 0.41117108 0.43280113 0.46296453 0.49578335 0.52360724 0.53763818]",,2003.0,18
3,syringe,Ohio,"[1987 1988 1989 1990 1991 1992 1993 1994 1995 1996 1997 1998 1999 2000
 2001 2002 2003 2004 2005]","[0.01185773 0.0248756  0.02227577 0.03784406 0.03690607 0.03756201
 0.02123127 0.04330509 0.032911   0.04196998 0.04089764 0.04853297
 0.05567774 0.04043141 0.04929542 0.03928898 0.04408072 0.03728043
 0.03728043]","[0.01185773 0.03643836 0.05790243 0.09355523 0.12700854 0.15979986
 0.17763837 0.21325082 0.23914352 0.27107665 0.30088789 0.33481788
 0.37185372 0.39725056 0.42696335 0.44947737 0.47374481 0.49336383
 0.51225144]",,2005.0,19
3,syringe,Oklahoma,"[1987 1988 1989 1990 1991 1992 1993 1994 1995 1996 1997 1998 1999 2000
 2001 2002 2003 2004 2005 2006 2007 2008]","[0.00564766 0.01078315 0.00978918 0.02857679 0.02695554 0.03120232
 0.02041684 0.02651565 0.03744897 0.06044461 0.03716717 0.03341427
 0.04641537 0.06784488 0.05286726 0.03243126 0.04362116 0.02668705
 0.02668705 0.02668705 0.02668705 0.02668705]","[0.00564766 0.01636991 0.02599884 0.05383267 0.07933712 0.10806394
 0.12627446 0.14944187 0.18129439 0.23078074 0.25937044 0.28411804
 0.31734596 0.36366055 0.39730207 0.41684832 0.44228608 0.45716982
 0.47165636 0.48575629 0.49947994 0.51283734]",,2008.0,22
3,syringe,Oregon,[1987],[0.69295074],[0.69295074],1987.0,1987.0,1
3,syringe,Pennsylvania,"[1987 1988 1989 1990 1991 1992 1993 1994 1995 1996 1997 1998 1999 2000
 2001 2002 2003 2004]","[0.02035261 0.03401688 0.02556493 0.02770516 0.03212657 0.03543251
 0.03195591 0.03005816 0.04488009 0.04834537 0.05138897 0.06178708
 0.06472818 0.05028788 0.09363284 0.09657635 0.07073828 0.05665465]","[0.02035261 0.05367716 0.07786983 0.10341759 0.13222171 0.16296927
 0.18971735 0.21407296 0.24934543 0.28563611 0.32234654 0.36421676
 0.40536985 0.43527254 0.48814958 0.53758222 0.57029286 0.59463777]",,2002.0,18
3,syringe,Rhode Island,[1987 1988 1989 1990 1991 1992 1993 1994 1995 1996 1997 1998 1999 2000],"[0.0366015  0.03323066 0.02326964 0.01982745 0.02790429 0.08156911
 0.09417178 0.1194312  0.12356194 0.13704459 0.15114899 0.11689686
 0.15276545 0.14253496]","[0.0366015  0.06861586 0.09028883 0.10832609 0.13320762 0.2039111
 0.27888021 0.36500442 0.4434657  0.51973571 0.59232717 0.63998285
 0.69498103 0.7384569 ]",2000.0,1996.0,14
3,syringe,South Carolina,"[1987 1988 1989 1990 1991 1992 1993 1994 1995 1996 1997 1998 1999 2000
 2001 2002 2003 2004 2005 2006 2007 2008 2009 2010 2011 2012]","[0.00780511 0.01344725 0.01331043 0.02574983 0.03286206 0.02397653
 0.01920706 0.0292093  0.02554451 0.03229388 0.04231966 0.04073414
 0.05009356 0.03661544 0.03778476 0.04081331 0.0387696  0.02102182
 0.02102182 0.02102182 0.02102182 0.02102182 0.02102182 0.02102182
 0.02102182 0.02102182]","[0.00780511 0.02114741 0.03417635 0.05904615 0.08996783 0.11178724
 0.12884719 0.15429296 0.17589613 0.20250965 0.23625917 0.2673695
 0.30406956 0.32955136 0.35488411 0.38121342 0.40520353 0.41770723
 0.42994809 0.44193161 0.45366323 0.46514822 0.47639177 0.48739897
 0.49817478 0.50872406]",,2012.0,26
3,syringe,South Dakota,"[1987 1988 1989 1990 1991 1992 1993 1994 1995 1996 1997 1998 1999 2000
 2001 2002 2003 2004 2005 2006 2007 2008 2009 2010 2011 2012]","[0.01423605 0.01392691 0.01575633 0.02315203 0.02630566 0.02746532
 0.0323066  0.02142871 0.02978101 0.02104252 0.02709947 0.02503345
 0.03304237 0.02841106 0.04282375 0.03137734 0.03828783 0.02794197
 0.02794197 0.02794197 0.02794197 0.02794197 0.02794197 0.02794197
 0.02794197 0.02794197]","[0.01423605 0.02796469 0.04328039 0.06543039 0.09001487 0.1150079
 0.14359899 0.16195056 0.18690852 0.20401801 0.2255887  0.24497489
 0.26992271 0.29066498 0.32104136 0.34234528 0.36752546 0.38519804
 0.40237682 0.41907559 0.43530776 0.45108637 0.4664241  0.48133326
 0.49582583 0.50991345]",,2012.0,26
3,syringe,Tennessee,"[1987 1988 1989 1990 1991 1992 1993 1994 1995 1996 1997 1998 1999 2000
 2001 2002 2003 2004 2005 2006 2007 2008 2009]","[0.01080134 0.01704581 0.02285107 0.03157921 0.0335713  0.03068527
 0.02342302 0.03036011 0.02524329 0.02754219 0.03135756 0.03742026
 0.04014724 0.06307954 0.0466937  0.03158554 0.03881275 0.02369917
 0.02369917 0.02369917 0.02369917 0.02369917 0.02369917]","[0.01080134 0.02766303 0.04988198 0.07988596 0.11077538 0.13806148
 0.15825068 0.18380628 0.2044097  0.226322   0.25058266 0.27862605
 0.30758722 0.3512643  0.38155617 0.40109005 0.42433539 0.43797816
 0.45129761 0.4643014  0.47699701 0.48939175 0.50149273]",,2009.0,23
3,syringe,Texas,"[1987 1988 1989 1990 1991 1992 1993 1994 1995 1996 1997 1998 1999 2000
 2001 2002 2003 2004]","[0.01308235 0.01243753 0.02138135 0.01963107 0.02431205 0.01995807
 0.03295876 0.03035434 0.0631492  0.02923925 0.03673917 0.05113338
 0.06314593 0.05674491 0.18278159 0.09844016 0.12197355 0.06861722]","[0.01308235 0.02535717 0.04619635 0.06492053 0.08765423 0.10586289
 0.13533254 0.16157894 0.21452456 0.23749127 0.26550521 0.30306242
 0.34707119 0.38412157 0.49669281 0.54623845 0.60158536 0.62892347]",,2002.0,18
3,syringe,Utah,"[1987 1988 1989 1990 1991 1992 1993 1994 1995 1996 1997 1998 1999 2000
 2001 2002 2003 2004 2005 2006 2007 2008 2009 2010 2011 2012]","[0.00765639 0.0076935  0.01139816 0.02147794 0.01541721 0.02107773
 0.01570213 0.03359723 0.03415872 0.0314316  0.02255138 0.02211131
 0.03245874 0.02567288 0.03890102 0.04559359 0.02958563 0.03018159
 0.03018159 0.03018159 0.03018159 0.03018159 0.03018159 0.03018159
 0.03018159 0.03018159]","[0.00765639 0.01529099 0.02651487 0.04742332 0.0621094  0.08187801
 0.09629448 0.12665648 0.15648878 0.18300169 0.20142613 0.21908364
 0.24443121 0.26382883 0.29246664 0.32472563 0.34470405 0.36448192
 0.38366286 0.4022649  0.42030549 0.43780159 0.45476963 0.47122555
 0.4871848  0.50266237]",,2012.0,26
3,syringe,Vermont,[1989 1990 1991 1992 1993 1994 1995 1996 1997 1998 1999 2000 2001 2002],"[0.0309866  0.05172838 0.03533346 0.03163632 0.04069549 0.04211755
 0.05056409 0.04445088 0.05151977 0.06346042 0.0682615  0.0682615
 0.0682615  0.0682615 ]","[0.0309866  0.08111209 0.11357958 0.14162266 0.17655475 0.21123625
 0.25111936 0.28440777 0.32127491 0.36434709 0.40773772 0.44816643
 0.48583542 0.52093307]",1999.0,2002.0,14
3,syringe,Virginia,"[1987 1988 1989 1990 1991 1992 1993 1994 1995 1996 1997 1998 1999 2000
 2001 2002 2003 2004 2005 2006 2007 2008 2009 2010 2011]","[0.00819627 0.01723438 0.01900744 0.02997087 0.02974058 0.01715569
 0.01442903 0.03398659 0.03381532 0.02566904 0.02710672 0.03080285
 0.03859125 0.02862128 0.04745896 0.03942788 0.03405434 0.02820746
 0.02820746 0.02820746 0.02820746 0.02820746 0.02820746 0.02820746
 0.02820746]","[0.00819627 0.02528939 0.04381614 0.0724738  0.10005897 0.11549807
 0.12826058 0.15788802 0.18636431 0.20724956 0.22873842 0.25249548
 0.28134261 0.30191151 0.33504206 0.36125994 0.38301181 0.40041548
 0.41732824 0.43376393 0.44973601 0.46525756 0.48034128 0.49499953
 0.50924431]",,2011.0,25
3,syringe,Washington,"[1987 1988 1989 1990 1991 1992 1993 1994 1995 1996 1997 1998 1999 2000
 2001 2002]","[0.07898258 0.07893378 0.08051746 0.11894269 0.10966679 0.09124002
 0.1371149  0.13704635 0.10880073 0.09607905 0.09514768 0.11726513
 0.10943338 0.08554007 0.11299532 0.09592311]","[0.07898258 0.15168196 0.21998638 0.3127633  0.38813034 0.44395734
 0.52019908 0.58595404 0.63100255 0.66645547 0.69819146 0.73358308
 0.76273798 0.78303339 0.8075496  0.82601004]",2002.0,1993.0,16
3,syringe,West Virginia,"[1987 1988 1989 1990 1991 1992 1993 1994 1995 1996 1997 1998 1999 2000
 2001 2002 2003 2004]","[0.01850352 0.0325703  0.02181646 0.02647767 0.02939576 0.04983572
 0.03980946 0.07140968 0.09297639 0.05543007 0.05804789 0.07054506
 0.08046328 0.04627719 0.05054655 0.05658895 0.03512119 0.0397758 ]","[0.01850352 0.05047116 0.07118652 0.09577933 0.12235959 0.16609743
 0.19929464 0.25647275 0.32560323 0.36298509 0.39996246 0.44229214
 0.48716714 0.51089961 0.53562195 0.56190061 0.57728719 0.59410093]",,2000.0,18
3,syringe,Wisconsin,"[1987 1988 1989 1990 1991 1992 1993 1994 1995 1996 1997 1998 1999 2000
 2001 2002 2003 2004 2005 2006 2007 2008]","[0.01487016 0.02850318 0.03108613 0.03108613 0.03108613 0.03108613
 0.03108613 0.03108613 0.03108613 0.03108613 0.03108613 0.03108613
 0.03108613 0.03108613 0.03108613 0.03108613 0.03108613 0.03108613
 0.03108613 0.03108613 0.03108613 0.03108613]","[0.01487016 0.0429495  0.07270049 0.10152665 0.12945671 0.15651853
 0.1827391  0.20814458 0.2327603  0.25661081 0.27971991 0.30211063
 0.32380531 0.34482558 0.36519242 0.38492613 0.4040464  0.42257229
 0.44052228 0.45791428 0.47476563 0.49109313]",1989.0,,22
3,syringe,Wyoming,"[1987 1988 1989 1990 1991 1992 1993 1994 1995 1996 1997 1998 1999 2000
 2001 2002 2003 2004 2005 2006 2007 2008 2009]","[0.00794556 0.0093015  0.01193874 0.0151379  0.0229452  0.02607997
 0.0155021  0.01727179 0.0162658  0.01845171 0.02051192 0.01717304
 0.03639052 0.02442091 0.02954494 0.02246574 0.02549247 0.05837431
 0.05837431 0.05837431 0.05837431 0.05837431 0.05837431]","[0.00794556 0.01717315 0.02890686 0.04360717 0.06555179 0.08992217
 0.10403029 0.11950529 0.13382724 0.14980961 0.16724865 0.18154952
 0.21133336 0.23059332 0.25332539 0.27009999 0.28870694 0.33022818
 0.36932565 0.40614084 0.44080696 0.47344947 0.50418649]",,2009.0,23
3,threestrikes,Alabama,[1993 1994 1995 1996 1997],[0.01609146 0.08930984 0.15772695 0.22106785 0.22106785],[0.01609146 0.10396418 0.24529317 0.41213459 0.54209273],,1997.0,5
3,threestrikes,Arizona,[1993 1994 1995 1996],[0.02684749 0.19125289 0.2753074  0.41514815],[0.02684749 0.21296572 0.42964208 0.66642512],,1996.0,4
3,threestrikes,Arkansas,[1993 1994 1995 1996 1997 1998 1999 2000],"[0.03412611 0.07296726 0.10499397 0.10499397 0.10499397 0.10499397
 0.10499397 0.10499397]","[0.03412611 0.10460328 0.19861454 0.28275518 0.35806156 0.42546123
 0.48578434 0.53977388]",1995.0,2000.0,8
3,threestrikes,California,[1993 1994 1995 1996 1997 1998],[0.13109603 0.11993624 0.11993624 0.11993624 0.11993624 0.11993624],[0.13109603 0.2353091  0.32702325 0.40773755 0.47877128 0.54128549],1994.0,1998.0,6
3,threestrikes,Colorado,[1993 1994 1995 1996 1997 1998 1999],"[0.02787657 0.12339751 0.12339751 0.12339751 0.12339751 0.12339751
 0.12339751]","[0.02787657 0.14783419 0.25298933 0.34516859 0.42597316 0.49680664
 0.55889945]",1994.0,1999.0,7
3,threestrikes,Connecticut,[1993 1994 1995 1996 1997 1998 1999 2000 2001 2002],"[0.04447136 0.0705902  0.0705902  0.0705902  0.0705902  0.0705902
 0.0705902  0.0705902  0.0705902  0.0705902 ]","[0.04447136 0.11192231 0.17461189 0.2328762  0.28702762 0.33735648
 0.38413261 0.42760681 0.46801216 0.50556529]",1994.0,2002.0,10
3,threestrikes,Delaware,[1993 1994 1995 1996],[0.02868474 0.09692654 0.32149359 0.37699689],[0.02868474 0.12283096 0.40483518 0.62921047],,1996.0,4
3,threestrikes,Florida,[1993 1994 1995 1996],[0.05624048 0.15119988 0.26360294 0.26360294],[0.05624048 0.1989368  0.41009942 0.56559895],1995.0,1996.0,4
3,threestrikes,Georgia,[1993 1994 1995 1996 1997 1998],[0.02075866 0.15241786 0.15241786 0.15241786 0.15241786 0.15241786],[0.02075866 0.17001253 0.29651745 0.40374076 0.49462131 0.57165005],1994.0,1998.0,6
3,threestrikes,Idaho,[1993 1994 1995 1996],[0.02357871 0.06169155 0.25634374 0.36920564],[0.02357871 0.08381566 0.31867378 0.57022326],,1996.0,4
3,threestrikes,Illinois,[1993 1994 1995 1996],[0.07818212 0.16075992 0.23183841 0.2618794 ],[0.07818212 0.22637349 0.40572983 0.56135694],,1996.0,4
3,threestrikes,Indiana,"[1993 1994 1995 1996 1997 1998 1999 2000 2001 2002 2003 2004 2005 2006
 2007 2008 2009 2010]","[0.02749295 0.03922571 0.03922571 0.03922571 0.03922571 0.03922571
 0.03922571 0.03922571 0.03922571 0.03922571 0.03922571 0.03922571
 0.03922571 0.03922571 0.03922571 0.03922571 0.03922571 0.03922571]","[0.02749295 0.06564023 0.10229116 0.13750443 0.17133643 0.20384135
 0.23507124 0.26507612 0.29390403 0.32160115 0.34821183 0.37377869
 0.39834266 0.4219431  0.4446178  0.46640306 0.48733378 0.50744348]",1994.0,2010.0,18
3,threestrikes,Iowa,[1993 1994 1995 1996 1997 1998 1999 2000],"[0.02206544 0.0492137  0.09515824 0.10382018 0.10382018 0.10382018
 0.10382018 0.10382018]","[0.02206544 0.07019322 0.158672   0.24601882 0.32429729 0.39444887
 0.4573173  0.51365871]",,2000.0,8
3,threestrikes,Kansas,[1993 1994 1995 1996 1997 1998 1999 2000],"[0.02054591 0.09229809 0.09229809 0.09229809 0.09229809 0.09229809
 0.09229809 0.09229809]","[0.02054591 0.11094765 0.19300549 0.26748954 0.33509886 0.39646796
 0.45217282 0.50273622]",1994.0,2000.0,8
3,threestrikes,Kentucky,[1993 1994 1995 1996 1997 1998],[0.01312725 0.10881084 0.08869661 0.17018461 0.17018461 0.17018461],[0.01312725 0.12050971 0.19851751 0.33491749 0.4481043  0.54202845],,1998.0,6
3,threestrikes,Louisiana,"[1993 1994 1995 1996 1997 1998 1999 2000 2001 2002 2003 2004 2005 2006
 2007 2008]","[0.02906431 0.04540488 0.04540488 0.04540488 0.04540488 0.04540488
 0.04540488 0.04540488 0.04540488 0.04540488 0.04540488 0.04540488
 0.04540488 0.04540488 0.04540488 0.04540488]","[0.02906431 0.07314953 0.11523306 0.1554058  0.1937545  0.23036198
 0.2653073  0.29866594 0.33050993 0.36090804 0.38992594 0.41762628
 0.44406889 0.46931087 0.49340675 0.51640856]",1994.0,2008.0,16
3,threestrikes,Maine,"[1993 1994 1995 1996 1997 1998 1999 2000 2001 2002 2003 2004 2005 2006
 2007]","[0.01946241 0.02045394 0.03068025 0.05142426 0.05142426 0.05142426
 0.05142426 0.05142426 0.05142426 0.05142426 0.05142426 0.05142426
 0.05142426 0.05142426 0.05142426]","[0.01946241 0.03951827 0.06898609 0.11686279 0.16227747 0.20535673
 0.24622068 0.28498322 0.32175244 0.35663082 0.3897156  0.42109903
 0.45086858 0.47910726 0.50589379]",,2007.0,15
3,threestrikes,Maryland,[1993 1994 1995 1996 1997 1998 1999 2000 2001 2002 2003 2004 2005],"[0.02394863 0.05474308 0.05474308 0.05474308 0.05474308 0.05474308
 0.05474308 0.05474308 0.05474308 0.05474308 0.05474308 0.05474308
 0.05474308]","[0.02394863 0.07738069 0.12788772 0.17562983 0.2207584  0.26341649
 0.30373934 0.3418548  0.3778837  0.41194026 0.44413247 0.47456237
 0.50332645]",1994.0,2005.0,13
3,threestrikes,Massachusetts,[1993 1994 1995 1996 1997],[0.02464105 0.06002631 0.13923336 0.21423454 0.21423454],[0.02464105 0.08318825 0.21083903 0.37990457 0.51275043],,1997.0,5
3,threestrikes,Michigan,[1993 1994 1995 1996],[0.0577739  0.14946778 0.22025107 0.34164624],[0.0577739  0.19860634 0.37511416 0.58860406],,1996.0,4
3,threestrikes,Minnesota,[1993 1994 1995 1996 1997],[0.03717135 0.06025322 0.13107786 0.23034146 0.23034146],[0.03717135 0.09518487 0.2137861  0.39488376 0.53426711],,1997.0,5
3,threestrikes,Mississippi,[1993 1994 1995 1996],[0.01354176 0.14021803 0.24230356 0.26271634],[0.01354176 0.151861   0.3573681  0.526198  ],,1996.0,4
3,threestrikes,Missouri,[1993 1994 1995 1996 1997 1998],[0.03443702 0.07617847 0.12750582 0.17712659 0.17712659 0.17712659],[0.03443702 0.10799213 0.22172832 0.35958093 0.47301618 0.56635903],,1998.0,6
3,threestrikes,Montana,[1993 1994 1995 1996 1997 1998 1999],"[0.02989803 0.03239513 0.14237554 0.14237554 0.14237554 0.14237554
 0.14237554]","[0.02989803 0.06132462 0.19496903 0.30958575 0.40788385 0.49218671
 0.5644869 ]",1995.0,1999.0,7
3,threestrikes,Nevada,[1993 1994 1995 1996 1997],[0.03431551 0.05966767 0.21528269 0.21528269 0.21528269],[0.03431551 0.09193565 0.28742618 0.44083099 0.5612104 ],1995.0,1997.0,5
3,threestrikes,New Hampshire,[1993 1994 1995 1996 1997 1998],[0.02547463 0.01661451 0.11885678 0.19035993 0.19035993 0.19035993],[0.02547463 0.0416659  0.1555704  0.31631596 0.446462   0.55183346],,1998.0,6
3,threestrikes,New Jersey,[1993 1994 1995 1996 1997],[0.09103992 0.1211931  0.1883215  0.1883215  0.1883215 ],[0.09103992 0.20119961 0.35163089 0.47373273 0.57284017],1995.0,1997.0,5
3,threestrikes,New Mexico,[1993 1994 1995 1996 1997 1998 1999 2000 2001 2002 2003 2004 2005],"[0.01632032 0.05887729 0.05887729 0.05887729 0.05887729 0.05887729
 0.05887729 0.05887729 0.05887729 0.05887729 0.05887729 0.05887729
 0.05887729]","[0.01632032 0.07423671 0.12874315 0.18004039 0.22831739 0.27375197
 0.31651149 0.35675344 0.39462605 0.43026883 0.46381306 0.49538229
 0.52509282]",1994.0,2005.0,13
3,threestrikes,New York,[1993 1994 1995 1996],[0.02842128 0.07666825 0.30411179 0.39470577],[0.02842128 0.10291053 0.37572601 0.62213055],,1996.0,4
3,threestrikes,North Carolina,[1993 1994 1995 1996 1997 1998],[0.02167313 0.15368913 0.15368913 0.15368913 0.15368913 0.15368913],[0.02167313 0.17203134 0.29928112 0.40697399 0.49811564 0.57524981],1994.0,1998.0,6
3,threestrikes,North Dakota,[1993 1994 1995 1996 1997 1998 1999 2000],"[0.03708417 0.04135332 0.10986756 0.10986756 0.10986756 0.10986756
 0.10986756 0.10986756]","[0.03708417 0.07690394 0.17832225 0.26859798 0.34895533 0.42048402
 0.48415403 0.54082877]",1995.0,2000.0,8
3,threestrikes,Ohio,[1993 1994 1995 1996 1997],[0.03156909 0.09781667 0.18271085 0.25135172 0.25135172],[0.03156909 0.12629778 0.28593266 0.46541471 0.59978365],,1997.0,5
3,threestrikes,Oklahoma,[1993 1994 1995 1996],[0.01489998 0.12917193 0.24254153 0.31354705],[0.01489998 0.14214725 0.35021217 0.55395123],,1996.0,4
3,threestrikes,Oregon,[1993 1994 1995 1996],[0.06610923 0.13217086 0.30078783 0.32998507],[0.06610923 0.18954238 0.43331817 0.62031471],,1996.0,4
3,threestrikes,Pennsylvania,[1993 1994 1995 1996 1997 1998],[0.04099005 0.08578104 0.16408066 0.16408066 0.16408066 0.16408066],[0.04099005 0.12325492 0.26711183 0.3873646  0.48788622 0.57191418],1995.0,1998.0,6
3,threestrikes,Rhode Island,[1993 1994 1995 1996 1997],[0.01647926 0.10945125 0.16576875 0.22750513 0.22750513],[0.01647926 0.12412684 0.26931924 0.43555286 0.56396748],,1997.0,5
3,threestrikes,South Carolina,[1993 1994 1995 1996],[0.02982527 0.2048814  0.22750258 0.22750258],[0.02982527 0.22859602 0.40409241 0.53966293],1995.0,1996.0,4
3,threestrikes,South Dakota,[1993 1994 1995 1996 1997 1998],[0.02375546 0.03628953 0.12781545 0.1625112  0.1625112  0.1625112 ],[0.02375546 0.05918292 0.17943388 0.31278506 0.42446519 0.51799604],,1998.0,6
3,threestrikes,Tennessee,[1993 1994 1995 1996 1997 1998 1999],"[0.02236046 0.12287745 0.12287745 0.12287745 0.12287745 0.12287745
 0.12287745]","[0.02236046 0.14249032 0.24785892 0.3402801  0.4213448  0.49244848
 0.55481512]",1994.0,1999.0,7
3,threestrikes,Texas,[1993 1994 1995 1996],[0.02540542 0.14074861 0.31648867 0.33447721],[0.02540542 0.16257825 0.42761275 0.61906324],,1996.0,4
3,threestrikes,Utah,[1993 1994 1995 1996],[0.01244876 0.16006086 0.26847078 0.26847078],[0.01244876 0.17051706 0.39320899 0.55611465],1995.0,1996.0,4
3,threestrikes,Vermont,[1993 1994 1995 1996 1997 1998 1999 2000 2001 2002 2003 2004],"[0.02216233 0.03251644 0.06379811 0.06379811 0.06379811 0.06379811
 0.06379811 0.06379811 0.06379811 0.06379811 0.06379811 0.06379811]","[0.02216233 0.05395812 0.11431381 0.17081891 0.2237191  0.27324435
 0.31960999 0.36301758 0.40365586 0.44170149 0.47731988 0.51066588]",1995.0,2004.0,12
3,threestrikes,Virginia,[1993 1994 1995 1996 1997],[0.02591699 0.17571943 0.17571943 0.17571943 0.17571943],[0.02591699 0.1970823  0.33817054 0.45446683 0.5503276 ],1994.0,1997.0,5
3,threestrikes,Washington,[1993],[0.6731959],[0.6731959],1993.0,1993.0,1
3,threestrikes,West Virginia,[1993 1994 1995 1996 1997],[0.02848135 0.13832394 0.14805238 0.19685653 0.19685653],[0.02848135 0.16286564 0.28680538 0.4272024  0.53996135],,1997.0,5
3,threestrikes,Wisconsin,"[1993 1994 1995 1996 1997 1998 1999 2000 2001 2002 2003 2004 2005 2006
 2007 2008]","[0.02720611 0.04475697 0.04475697 0.04475697 0.04475697 0.04475697
 0.04475697 0.04475697 0.04475697 0.04475697 0.04475697 0.04475697
 0.04475697 0.04475697 0.04475697 0.04475697]","[0.02720611 0.07074542 0.11233604 0.15206519 0.19001618 0.2262686
 0.26089848 0.29397842 0.32557781 0.3557629  0.384597   0.41214058
 0.43845138 0.4635846  0.48759293 0.51052672]",1994.0,2008.0,16
3,threestrikes,Wyoming,[1993 1994 1995 1996 1997],[0.01866264 0.03747007 0.18018458 0.21203774 0.21203774],[0.01866264 0.05543342 0.22562975 0.38982547 0.5192055 ],,1997.0,5
4,antishack,Alabama,"[1999 2000 2001 2002 2003 2004 2005 2006 2007 2008 2009 2010 2011 2012
 2013 2014 2015 2016 2017 2018 2019 2020]","[0.01428791 0.02712219 0.03803138 0.08105169 0.10027657 0.02979111
 0.02147901 0.02505089 0.02217436 0.02501544 0.02501544 0.02501544
 0.02501544 0.02501544 0.02501544 0.02501544 0.02501544 0.02501544
 0.02501544 0.02501544 0.02501544 0.02501544]","[0.01428791 0.04102258 0.07749381 0.1522645  0.23727251 0.259995
 0.27588958 0.29402919 0.30968365 0.32695221 0.3437888  0.36020422
 0.37620899 0.3918134  0.40702745 0.42186092 0.43632333 0.45042395
 0.46417184 0.47757582 0.49064449 0.50338624]",,2020.0,22
4,antishack,Arizona,[1999 2000 2001 2002 2003 2004 2005 2006 2007 2008 2009],"[0.01680353 0.03208436 0.06959961 0.13813882 0.15716583 0.04401648
 0.03596872 0.04789428 0.03352953 0.04834349 0.04834349]","[0.01680353 0.04834876 0.11458331 0.23689373 0.35682795 0.38513812
 0.40725391 0.43564306 0.45456568 0.48093388 0.50602735]",,2009.0,11
4,antishack,Arkansas,[1999 2000 2001 2002 2003 2004 2005 2006 2007 2008 2009 2010],"[0.01419533 0.01371623 0.09850574 0.06604666 0.1706309  0.05280879
 0.04735999 0.05482269 0.03305592 0.05091488 0.05091488 0.05091488]","[0.01419533 0.02771686 0.12349232 0.18138273 0.32106413 0.35691791
 0.38737427 0.42096006 0.44010075 0.46860796 0.49566372 0.52134194]",,2010.0,12
4,antishack,California,[1999 2000 2001 2002 2003 2004 2005],"[0.22507577 0.29721181 0.2146194  0.24528796 0.25369812 0.22900373
 0.18245185]","[0.22507577 0.4553924  0.57227576 0.67719136 0.7590873  0.81425721
 0.84814633]",2005.0,2001.0,7
4,antishack,Colorado,[1999 2000 2001 2002 2003 2004 2005 2006 2007 2008],"[0.02490429 0.04557012 0.08606495 0.19254112 0.1978106  0.06318881
 0.05952853 0.05487922 0.04245911 0.05747967]","[0.02490429 0.06933952 0.14943677 0.31320516 0.44906046 0.48387368
 0.51459792 0.54123641 0.5607151  0.58596505]",,2005.0,10
4,antishack,Connecticut,[1999 2000 2001 2002 2003 2004 2005 2006 2007 2008],"[0.06316868 0.06875149 0.09754862 0.19588094 0.21712573 0.06222602
 0.06849523 0.11862073 0.11433735 0.12325576]","[0.06316868 0.12757722 0.21268086 0.36690167 0.50436361 0.53520509
 0.56704133 0.6183992  0.66203042 0.70368712]",,2003.0,10
4,antishack,Delaware,[1999 2000 2001 2002 2003 2004 2005 2006 2007 2008],"[0.053593   0.07569345 0.10645359 0.12473811 0.16890391 0.05720898
 0.06175802 0.10696364 0.10755385 0.1530869 ]","[0.053593   0.12522982 0.21835224 0.31585351 0.43140852 0.46393706
 0.49704324 0.55084133 0.59915008 0.66051495]",,2006.0,10
4,antishack,Florida,[1999 2000 2001 2002 2003 2004 2005 2006 2007 2008],"[0.0770569  0.1627594  0.30427858 0.22415175 0.17553229 0.04648362
 0.04075008 0.05012099 0.06164943 0.10489689]","[0.0770569  0.22727456 0.46239836 0.58290271 0.65611675 0.67210169
 0.68546357 0.70122845 0.71964754 0.74905564]",,2002.0,10
4,antishack,Georgia,[1999 2000 2001 2002 2003 2004 2005 2006 2007 2008 2009 2010 2011 2012],"[0.01872197 0.02409269 0.05891986 0.14113005 0.12543976 0.03426919
 0.02725216 0.0369999  0.02547939 0.04317972 0.04317972 0.04317972
 0.04317972 0.04317972]","[0.01872197 0.0423636  0.0987874  0.22597558 0.32306902 0.34626689
 0.36408253 0.38761142 0.4032147  0.42898372 0.45364005 0.47723172
 0.4998047  0.521403  ]",,2012.0,14
4,antishack,Idaho,[1999 2000 2001 2002 2003 2004 2005 2006 2007 2008],"[0.0144617  0.02178489 0.09275696 0.21839728 0.1327456  0.04415035
 0.03870031 0.0608233  0.0349298  0.03609976]","[0.0144617  0.03593155 0.12535561 0.31637557 0.4071237  0.4332994
 0.45523089 0.48836554 0.50623683 0.52406156]",,2007.0,10
4,antishack,Illinois,[1999],[0.62421347],[0.62421347],1999.0,1999.0,1
4,antishack,Indiana,[1999 2000 2001 2002 2003 2004 2005 2006 2007 2008],"[0.04130893 0.03735117 0.09268679 0.13392156 0.15868669 0.04852457
 0.02857257 0.04669728 0.04596993 0.03355636]","[0.04130893 0.07711716 0.16265621 0.27479459 0.38987504 0.41948109
 0.43606801 0.46240209 0.48711543 0.50432597]",,2008.0,10
4,antishack,Iowa,[1999 2000 2001 2002 2003 2004 2005 2006 2007 2008 2009],"[0.02317754 0.02331417 0.08594612 0.10047874 0.14182135 0.06488117
 0.04421004 0.06036837 0.05639477 0.05913806 0.05913806]","[0.02317754 0.04595134 0.12794812 0.2155708  0.32681961 0.37049634
 0.39832672 0.43464876 0.46653161 0.4980799  0.52776247]",,2009.0,11
4,antishack,Kansas,[1999 2000 2001 2002 2003 2004 2005 2006 2007 2008 2009 2010 2011],"[0.01406216 0.06688367 0.05996661 0.10949328 0.10861139 0.02826261
 0.03297631 0.04199031 0.03581462 0.05236466 0.05236466 0.05236466
 0.05236466]","[0.01406216 0.0800053  0.13517427 0.22986687 0.3135121  0.33291404
 0.35491207 0.38199952 0.40413297 0.43533534 0.46490382 0.49292395
 0.51947681]",,2011.0,13
4,antishack,Kentucky,[1999 2000 2001 2002 2003 2004 2005 2006 2007 2008],"[0.01426763 0.04304018 0.16032855 0.15261249 0.16496774 0.04150287
 0.02876269 0.03647395 0.03384021 0.04317298]","[0.01426763 0.05669373 0.20793266 0.32881202 0.43953639 0.46279723
 0.47824863 0.49727896 0.51429115 0.53526064]",,2007.0,10
4,antishack,Louisiana,[1999 2000 2001 2002 2003 2004 2005 2006 2007 2008],"[0.01868872 0.03457585 0.06814869 0.17879956 0.16844807 0.03935859
 0.0468988  0.06636101 0.05045552 0.05894025]","[0.01868872 0.05261839 0.1171812  0.27502881 0.3971488  0.42087618
 0.44803639 0.48466525 0.51066673 0.53950816]",,2007.0,10
4,antishack,Maine,[1999 2000 2001 2002 2003 2004 2005 2006 2007 2008],"[0.03157478 0.02795937 0.16578594 0.20522828 0.16266339 0.11622587
 0.14225661 0.14258711 0.17100455 0.25146059]","[0.03157478 0.05865134 0.21471372 0.37587667 0.47739869 0.53813848
 0.60384133 0.66032845 0.71841383 0.78922166]",,2004.0,10
4,antishack,Maryland,[1999 2000 2001 2002 2003 2004 2005 2006 2007 2008],"[0.02834229 0.0573964  0.13947195 0.19131325 0.19247067 0.06168557
 0.07421424 0.08558806 0.08071531 0.10099632]","[0.02834229 0.08411195 0.21185264 0.36263567 0.48530961 0.51705858
 0.55289971 0.59116616 0.62416531 0.66212323]",,2004.0,10
4,antishack,Massachusetts,[1999 2000 2001 2002 2003 2004 2005 2006 2007 2008],"[0.02868641 0.08982647 0.05874866 0.14115037 0.12434076 0.05544785
 0.08348529 0.11973909 0.11946662 0.12370897]","[0.02868641 0.11593608 0.16787365 0.2853286  0.37419138 0.40889113
 0.45824002 0.52310987 0.58008232 0.63202991]",,2006.0,10
4,antishack,Michigan,[1999 2000 2001 2002 2003 2004 2005 2006 2007 2008],"[0.03692969 0.0542593  0.19792368 0.20623147 0.2004807  0.07712983
 0.06021967 0.06962864 0.07177101 0.09186982]","[0.03692969 0.08918521 0.26945703 0.42011798 0.53637313 0.57213259
 0.59789863 0.6258964  0.65274619 0.68464834]",,2003.0,10
4,antishack,Minnesota,[1999 2000 2001 2002 2003 2004 2005 2006 2007 2008],"[0.04252019 0.03578644 0.14327481 0.15395516 0.17704873 0.07760743
 0.09038502 0.06769171 0.09751007 0.11204009]","[0.04252019 0.07678498 0.20905844 0.33082797 0.44930403 0.49204212
 0.53795391 0.5692306  0.61123495 0.65479222]",,2005.0,10
4,antishack,Mississippi,"[1999 2000 2001 2002 2003 2004 2005 2006 2007 2008 2009 2010 2011 2012
 2013 2014 2015]","[0.01218899 0.01723822 0.03506413 0.08332905 0.09963546 0.02788763
 0.02363174 0.03461755 0.02922177 0.04054443 0.04054443 0.04054443
 0.04054443 0.04054443 0.04054443 0.04054443 0.04054443]","[0.01218899 0.0292171  0.06325676 0.14131468 0.22687019 0.24843094
 0.26619183 0.29159447 0.31229533 0.34017792 0.36693003 0.39259749
 0.41722427 0.44085258 0.46352289 0.48527405 0.50614332]",,2015.0,17
4,antishack,Missouri,[1999 2000 2001 2002 2003 2004 2005 2006 2007 2008],"[0.03521015 0.09689528 0.08676053 0.14351907 0.13491432 0.04763339
 0.02938893 0.04126939 0.03907756 0.05108776]","[0.03521015 0.12869373 0.20428873 0.31848847 0.41043413 0.43851715
 0.45501853 0.47750959 0.49792723 0.52357701]",,2008.0,10
4,antishack,Montana,[1999 2000 2001 2002 2003 2004 2005 2006 2007 2008],"[0.01167293 0.01329703 0.0480358  0.08321145 0.17739593 0.10907848
 0.05982798 0.06991831 0.0897765  0.09161168]","[0.01167293 0.02481475 0.07165856 0.1489072  0.29988759 0.37625479
 0.41357221 0.45457425 0.50354067 0.54902214]",,2007.0,10
4,antishack,Nevada,[1999 2000 2001 2002 2003 2004 2005 2006 2007 2008],"[0.04336222 0.02883881 0.12043971 0.11503533 0.13404848 0.05743841
 0.0636063  0.05205856 0.05937775 0.0552866 ]","[0.04336222 0.07095052 0.18284496 0.27684667 0.37378427 0.40975311
 0.44729652 0.47606947 0.50717929 0.53442567]",,2007.0,10
4,antishack,New Hampshire,[1999 2000 2001 2002 2003 2004 2005 2006 2007 2008 2009 2010],"[0.01279989 0.02278164 0.04846479 0.07531037 0.08630833 0.06877493
 0.06244281 0.07337106 0.07336387 0.06573966 0.06573966 0.06573966]","[0.01279989 0.03528993 0.0820444  0.15117598 0.22443656 0.27777588
 0.32287359 0.37255507 0.41858685 0.45680876 0.49251797 0.52587966]",,2010.0,12
4,antishack,New Jersey,[1999 2000 2001 2002 2003 2004 2005 2006 2007 2008],"[0.03336596 0.05861514 0.09596707 0.21197141 0.26657658 0.08408796
 0.06932942 0.07218819 0.0879892  0.09021154]","[0.03336596 0.09002535 0.17735295 0.35173061 0.52454405 0.56452417
 0.59471546 0.62397221 0.6570586  0.68799587]",,2003.0,10
4,antishack,New Mexico,[1999 2000 2001 2002 2003 2004 2005 2006 2007 2008],"[0.0274546  0.02023518 0.08328067 0.09814748 0.14270176 0.06694081
 0.06232126 0.06052681 0.06584344 0.09320637]","[0.0274546  0.04713423 0.12648953 0.21222238 0.32463963 0.36984881
 0.40912062 0.44488467 0.48143537 0.5297689 ]",,2008.0,10
4,antishack,New York,[1999 2000 2001 2002 2003 2004 2005 2006 2007 2008],"[0.04737367 0.07616852 0.16577321 0.21808548 0.19997755 0.06090383
 0.0942529  0.1224966  0.11810685 0.11954028]","[0.04737367 0.11993381 0.26582521 0.42593807 0.54073757 0.56870841
 0.60935889 0.6572111  0.69769681 0.73383422]",,2003.0,10
4,antishack,North Carolina,[1999 2000 2001 2002 2003 2004 2005 2006 2007 2008 2009 2010 2011],"[0.02212706 0.03198982 0.07474198 0.09280374 0.14153605 0.03943491
 0.04263563 0.04014522 0.030642   0.04756995 0.04756995 0.04756995
 0.04756995]","[0.02212706 0.05340905 0.12415913 0.20544044 0.31789926 0.34479784
 0.3727328  0.39791458 0.41636368 0.44412723 0.47057007 0.49575503
 0.51974194]",,2011.0,13
4,antishack,North Dakota,[1999 2000 2001 2002 2003 2004 2005 2006 2007 2008],"[0.02358384 0.01967338 0.05490122 0.16003689 0.10110268 0.05396183
 0.11156213 0.09351862 0.11057938 0.10697424]","[0.02358384 0.04279324 0.09534506 0.24012322 0.3169488  0.35380749
 0.4258981  0.47958732 0.53713423 0.58664895]",,2007.0,10
4,antishack,Ohio,[1999 2000 2001 2002 2003 2004 2005 2006 2007 2008 2009 2010],"[0.02708422 0.02664866 0.07173708 0.10930423 0.15442144 0.04764807
 0.03640257 0.0383219  0.04172058 0.04902109 0.04902109 0.04902109]","[0.02708422 0.05301112 0.12094534 0.21702974 0.33793713 0.36948315
 0.39243559 0.41571861 0.44009517 0.46754231 0.49364396 0.51846608]",,2010.0,12
4,antishack,Oklahoma,[1999 2000 2001 2002 2003 2004 2005 2006 2007 2008],"[0.04211961 0.0925211  0.05919833 0.12908867 0.14604256 0.03821403
 0.02653683 0.04391849 0.03218078 0.05797515]","[0.04211961 0.13074376 0.18220227 0.28777069 0.39178649 0.41502878
 0.43055206 0.45556136 0.47308182 0.50362998]",,2008.0,10
4,antishack,Oregon,[1999 2000 2001 2002 2003 2004 2005 2006 2007 2008],"[0.0348106  0.02033504 0.06391005 0.13353177 0.15906531 0.05773871
 0.06345141 0.07619023 0.08941719 0.0943192 ]","[0.0348106  0.05443777 0.1148687  0.23306185 0.35505511 0.39229339
 0.43085323 0.47421666 0.52123073 0.56638786]",,2007.0,10
4,antishack,Pennsylvania,[1999 2000 2001 2002 2003 2004 2005 2006 2007 2008],"[0.04537552 0.02617283 0.07921275 0.13595744 0.14995574 0.05380103
 0.04523253 0.04431962 0.07822617 0.08673368]","[0.04537552 0.07036074 0.14400002 0.26037958 0.37128991 0.40511516
 0.43202331 0.45719582 0.49965731 0.54305387]",,2008.0,10
4,antishack,Rhode Island,[1999 2000 2001 2002 2003 2004 2005 2006 2007 2008],"[0.01963526 0.07345872 0.05591412 0.10761688 0.10088117 0.09247227
 0.12913785 0.15290122 0.18056836 0.16436256]","[0.01963526 0.0916516  0.1424411  0.23472891 0.31193035 0.37555771
 0.45619685 0.53934501 0.62252473 0.68456753]",,2006.0,10
4,antishack,South Carolina,[1999 2000 2001 2002 2003 2004 2005 2006 2007 2008 2009 2010 2011 2012],"[0.02295075 0.02834436 0.05923877 0.14790256 0.13974773 0.02627331
 0.02095999 0.02784498 0.02324052 0.0348579  0.0348579  0.0348579
 0.0348579  0.0348579 ]","[0.02295075 0.05064458 0.10688323 0.23897748 0.34532865 0.36252903
 0.37589042 0.39326874 0.40736949 0.42802734 0.44796511 0.46720789
 0.4857799  0.50370454]",,2012.0,14
4,antishack,South Dakota,[1999 2000 2001 2002 2003 2004 2005 2006 2007 2008 2009 2010 2011 2012],"[0.01024003 0.01359216 0.05401429 0.08380191 0.10643508 0.03500739
 0.03911783 0.05012782 0.05148369 0.05617942 0.05617942 0.05617942
 0.05617942 0.05617942]","[0.01024003 0.02369301 0.07642753 0.15382467 0.2438874  0.27035693
 0.29889898 0.33404365 0.36832954 0.40381642 0.43730967 0.46892129
 0.49875698 0.52691652]",,2012.0,14
4,antishack,Tennessee,[1999 2000 2001 2002 2003 2004 2005 2006 2007 2008 2009 2010],"[0.02789126 0.12252354 0.07597973 0.11073023 0.1148106  0.02684061
 0.02277221 0.04584082 0.02922807 0.03079657 0.03079657 0.03079657]","[0.02789126 0.14699747 0.21180837 0.29908501 0.37955749 0.39621054
 0.40996016 0.43700807 0.45346324 0.4702947  0.4866078  0.50241852]",,2010.0,12
4,antishack,Texas,[1999 2000 2001 2002 2003 2004 2005 2006 2007 2008 2009],"[0.0206493  0.03000788 0.11949279 0.12491782 0.13722439 0.03717157
 0.03043474 0.03939242 0.0426776  0.04825946 0.04825946]","[0.0206493  0.05003754 0.16355121 0.26803857 0.36848153 0.39195606
 0.41046172 0.43368506 0.45785402 0.4840177  0.50891872]",,2009.0,11
4,antishack,Utah,[1999 2000 2001 2002 2003 2004 2005 2006 2007 2008 2009],"[0.00640335 0.01423082 0.0523287  0.20792945 0.13145264 0.04672071
 0.04080694 0.04670771 0.03376436 0.04859031 0.04859031]","[0.00640335 0.02054305 0.07179676 0.26479755 0.36144185 0.39127574
 0.41611592 0.4433878  0.46218146 0.48831423 0.5131772 ]",,2009.0,11
4,antishack,Vermont,[1999 2000 2001 2002 2003 2004 2005],"[0.0199005  0.03334235 0.1506653  0.07981477 0.13688603 0.21932906
 0.15851368]","[0.0199005  0.05257932 0.19532274 0.25954787 0.36090542 0.50107744
 0.58016349]",2005.0,2004.0,7
4,antishack,Virginia,[1999 2000 2001 2002 2003 2004 2005 2006 2007 2008],"[0.01608876 0.02124087 0.08558313 0.18920062 0.20215844 0.04751406
 0.04576435 0.06304193 0.0483495  0.08399653]","[0.01608876 0.03698789 0.11940548 0.28601451 0.4303527  0.45741896
 0.48224982 0.5148898  0.53834463 0.57712208]",,2006.0,10
4,antishack,Washington,[1999 2000 2001 2002 2003 2004 2005 2006 2007 2008],"[0.02930874 0.14115178 0.08806024 0.15001726 0.17450344 0.06569327
 0.04923466 0.06146829 0.05608243 0.07278751]","[0.02930874 0.16632354 0.23973729 0.35378982 0.46655572 0.50159941
 0.526138   0.55526548 0.58020727 0.61076294]",,2004.0,10
4,antishack,West Virginia,[1999 2000 2001 2002 2003 2004 2005 2006 2007 2008],"[0.02324677 0.02557765 0.04864136 0.13769474 0.12953416 0.06216592
 0.06004262 0.06491447 0.08294317 0.09894816]","[0.02324677 0.04822983 0.09452522 0.21920434 0.32034405 0.36259549
 0.40086693 0.43975933 0.48622747 0.53706432]",,2008.0,10
4,antishack,Wisconsin,[1999 2000 2001 2002 2003 2004 2005 2006 2007 2008],"[0.03571667 0.04342071 0.07916214 0.1396656  0.18204757 0.06246723
 0.05435626 0.04907096 0.0661216  0.06807555]","[0.03571667 0.07758654 0.15060677 0.26923778 0.40227127 0.43960973
 0.47007045 0.4960746  0.52939495 0.56143165]",,2007.0,10
4,antishack,Wyoming,[1999 2000 2001 2002 2003 2004 2005 2006 2007 2008 2009 2010 2011],"[0.01430682 0.01510011 0.04532341 0.07648186 0.07579575 0.04739166
 0.06469709 0.05765532 0.0489907  0.06322147 0.06322147 0.06322147
 0.06322147]","[0.01430682 0.02919089 0.07319127 0.14407532 0.20895077 0.24643991
 0.29519306 0.33582893 0.36836713 0.40829989 0.44570804 0.4807512
 0.51357887]",,2011.0,13
4,cctheft,Alabama,[1973 1974 1975 1976 1977],[0.15821609 0.06019813 0.14485058 0.16490159 0.23717408],[0.15821609 0.20888991 0.32348267 0.43504145 0.56903498],1977.0,1977.0,5
4,cctheft,Arizona,"[1971 1972 1973 1974 1975 1976 1977 1978 1979 1980 1981 1982 1983 1984
 1985 1986 1987 1988 1989 1990 1991 1992 1993 1994 1995 1996 1997]","[0.10537344 0.10077052 0.09761891 0.08210204 0.10218603 0.08719206
 0.08754099 0.08281443 0.06152227 0.10022057 0.11564358 0.10807745
 0.10799366 0.11100674 0.05670879 0.05423275 0.06317922 0.06250075
 0.06621606 0.07594005 0.10930037 0.07660136 0.13752592 0.05732838
 0.08648984 0.06286547 0.13131192]","[0.10537344 0.19552543 0.27405736 0.33365873 0.4017495  0.45391219
 0.50171726 0.54298226 0.57109903 0.61408373 0.65871246 0.69559795
 0.72847144 0.75861294 0.77230171 0.78465041 0.79825603 0.81086518
 0.82338895 0.8368008  0.85463853 0.86577342 0.88423305 0.89086978
 0.90030844 0.9065756  0.91884333]",1997.0,1977.0,27
4,cctheft,Arkansas,[1971 1972 1973 1974 1975 1976 1977 1978 1979],"[0.03930009 0.01761081 0.06031081 0.02488819 0.19090173 0.09915548
 0.15935814 0.06451024 0.13685892]","[0.03930009 0.05621879 0.11313901 0.13521138 0.30030102 0.36968001
 0.47012663 0.50430889 0.57214864]",1979.0,1978.0,9
4,cctheft,Colorado,[1971 1972 1973 1974 1975 1976 1977 1978 1979 1980 1981 1982 1983 1984],"[0.05125582 0.04881084 0.06619606 0.07173457 0.08223232 0.06919817
 0.09628829 0.06928284 0.0831911  0.08986797 0.08314009 0.09586461
 0.10465203 0.13230553]","[0.05125582 0.09756482 0.15730248 0.21775302 0.28207901 0.33175783
 0.39610173 0.43794151 0.48469978 0.53100877 0.57000074 0.61122245
 0.65190881 0.6979632 ]",1984.0,1980.0,14
4,cctheft,Connecticut,[1971 1972 1973 1974 1975 1976],[0.11715615 0.11715615 0.11715615 0.11715615 0.11715615 0.11715615],[0.11715615 0.22058674 0.3118998  0.39251497 0.46368558 0.52651811],1971.0,1976.0,6
4,cctheft,Delaware,[1971 1972 1973 1974 1975 1976 1977 1978 1979 1980 1981],"[0.05524791 0.04360902 0.07035348 0.07035348 0.07035348 0.07035348
 0.07035348 0.07035348 0.07035348 0.07035348 0.07035348]","[0.05524791 0.09644762 0.16001568 0.21911149 0.27404972 0.32512285
 0.3726028  0.41674238 0.45777658 0.49592388 0.53138739]",1973.0,1981.0,11
4,cctheft,Idaho,[1971 1972 1973 1974 1975 1976 1977 1978 1979 1980 1981],"[0.10396455 0.06816367 0.07436181 0.08117727 0.08220094 0.07645038
 0.08459528 0.07201694 0.05967204 0.07885352 0.10439647]","[0.10396455 0.16504161 0.22713063 0.28987005 0.3482434  0.39807044
 0.44899084 0.48867283 0.51918477 0.55709874 0.60333607]",1981.0,1979.0,11
4,cctheft,Illinois,[1971 1972 1973 1974 1975 1976 1977 1978 1979 1980 1981 1982 1983 1984],"[0.04089053 0.03228003 0.05125226 0.05218455 0.04976178 0.05028689
 0.08650585 0.08739075 0.12623746 0.11734461 0.09996273 0.0734411
 0.06306316 0.07505481]","[0.04089053 0.07185062 0.11942037 0.16537302 0.20690555 0.2467878
 0.31194506 0.3720747  0.4513424  0.51572441 0.56413392 0.5961444
 0.62161281 0.65001259]",1984.0,1980.0,14
4,cctheft,Indiana,[1971 1972 1973 1974 1975 1976 1977 1978 1979 1980],"[0.05745961 0.04481214 0.0434688  0.05481942 0.05895454 0.09837303
 0.09837303 0.09837303 0.09837303 0.09837303]","[0.05745961 0.09969686 0.13883195 0.18604069 0.23402728 0.30937834
 0.37731689 0.43857211 0.49380148 0.54359776]",1976.0,1980.0,10
4,cctheft,Iowa,"[1971 1972 1973 1974 1975 1976 1977 1978 1979 1980 1981 1982 1983 1984
 1985 1986 1987]","[0.03407658 0.02549007 0.03882934 0.05387179 0.04882211 0.05397094
 0.06820927 0.08220854 0.07169255 0.07411693 0.07314903 0.09160339
 0.12308963 0.18603291 0.13950602 0.13066588 0.125291  ]","[0.03407658 0.05869804 0.09524817 0.14398877 0.18578105 0.22972521
 0.28226509 0.34126903 0.38849513 0.43381799 0.47523366 0.52330403
 0.58198036 0.65974577 0.70721328 0.74547052 0.77736077]",1987.0,1982.0,17
4,cctheft,Kentucky,[1972 1973 1974 1975 1976 1977 1978 1979 1980 1981],"[0.03252858 0.02164041 0.09564193 0.03549527 0.08770112 0.07208684
 0.09598783 0.09598783 0.09598783 0.09598783]","[0.03252858 0.05346506 0.14399349 0.17437767 0.24678567 0.30108251
 0.36817009 0.42881807 0.48364458 0.53320842]",1978.0,1981.0,10
4,cctheft,Louisiana,[1971 1972 1973 1974 1975 1976 1977 1978 1979],"[0.03492996 0.0431695  0.08781256 0.05728101 0.0893095  0.09940691
 0.12162573 0.09114378 0.14087135]","[0.03492996 0.07659155 0.15767841 0.20592744 0.27684567 0.34873221
 0.42794313 0.48008256 0.55332403]",1979.0,1979.0,9
4,cctheft,Maine,"[1971 1972 1973 1974 1975 1976 1977 1978 1979 1980 1981 1982 1983 1984
 1985 1986 1987 1988 1989 1990 1991 1992 1993 1994 1995 1996 1997 1998
 1999]","[0.08802326 0.06410663 0.0834102  0.06144166 0.20133383 0.15311053
 0.11563258 0.09571075 0.09930255 0.10689635 0.09310086 0.10074506
 0.13931191 0.10441323 0.13508773 0.14731014 0.0876427  0.07110723
 0.10281911 0.10262947 0.05874472 0.06236783 0.05662323 0.10859591
 0.14600636 0.14262728 0.08006746 0.10521151 0.34862185]","[0.08802326 0.14648702 0.2176787  0.26574582 0.41357603 0.50336372
 0.56079105 0.60282807 0.64226825 0.68050847 0.71025341 0.73944395
 0.77574251 0.79915796 0.82628925 0.85187861 0.86486037 0.87446977
 0.88737668 0.89893515 0.90487218 0.91080509 0.91585559 0.92499333
 0.93594478 0.9450808  0.94947804 0.95479354 0.9705535 ]",1999.0,1976.0,29
4,cctheft,Maryland,[1973 1974 1975 1976 1977 1978 1979 1980 1981],"[0.0800308  0.08094683 0.08373082 0.07407948 0.09073245 0.07269027
 0.07784726 0.07784726 0.07784726]","[0.0800308  0.15449939 0.22529385 0.28268368 0.34776755 0.3951785
 0.44226219 0.48568055 0.52571891]",1979.0,1981.0,9
4,cctheft,Minnesota,"[1971 1972 1973 1974 1975 1976 1977 1978 1979 1980 1981 1982 1983 1984
 1985]","[0.03062305 0.01686367 0.0531809  0.06391828 0.09323831 0.08044468
 0.10813808 0.09178423 0.08557731 0.09440221 0.10153705 0.11560239
 0.08870669 0.11289816 0.13869184]","[0.03062305 0.0469703  0.09765328 0.15532973 0.23408536 0.29569912
 0.37186087 0.42951413 0.47833478 0.52758113 0.57554915 0.62461668
 0.65791569 0.69653638 0.73862431]",1985.0,1980.0,15
4,cctheft,Missouri,[1971 1972 1973 1974 1975 1976 1977 1978 1979 1980 1981 1982],"[0.03490859 0.01939813 0.04138589 0.04134193 0.04633197 0.06454619
 0.07929483 0.07929483 0.07929483 0.07929483 0.07929483 0.07929483]","[0.03490859 0.05362956 0.09279594 0.13030151 0.17059635 0.2241312
 0.28565358 0.34229755 0.39444996 0.44246694 0.48667643 0.52738033]",1977.0,1982.0,12
4,cctheft,Montana,[1971 1972 1973 1974 1975 1976 1977],"[0.04285777 0.02762664 0.12525089 0.12525089 0.12525089 0.12525089
 0.12525089]","[0.04285777 0.0693004  0.18587135 0.28784169 0.37704015 0.45506642
 0.52331984]",1973.0,1977.0,7
4,cctheft,Nevada,[1971 1972 1973 1974 1975 1976 1977 1978 1979 1980 1981],"[0.06127522 0.06127522 0.06127522 0.06127522 0.06127522 0.06127522
 0.06127522 0.06127522 0.06127522 0.06127522 0.06127522]","[0.06127522 0.11879579 0.17279177 0.22347914 0.27106062 0.31572654
 0.35765555 0.39701535 0.43396337 0.46864738 0.50120613]",1971.0,1981.0,11
4,cctheft,New Hampshire,[1971 1972 1973],[0.20829304 0.20829304 0.20829304],[0.20829304 0.37320008 0.50375814],1971.0,1973.0,3
4,cctheft,New Jersey,[1972 1973 1974 1975 1976 1977 1978 1979],"[0.03954143 0.0870403  0.09650372 0.08331712 0.11657124 0.07838426
 0.09700424 0.14209639]","[0.03954143 0.12314004 0.20776029 0.27376742 0.35842525 0.40871461
 0.4660718  0.54194107]",1979.0,1979.0,8
4,cctheft,New Mexico,"[1971 1972 1973 1974 1975 1976 1977 1978 1979 1980 1981 1982 1983 1984
 1985 1986 1987 1988 1989 1990]","[0.03148324 0.03148324 0.03148324 0.03148324 0.03148324 0.03148324
 0.03148324 0.03148324 0.03148324 0.03148324 0.03148324 0.03148324
 0.03148324 0.03148324 0.03148324 0.03148324 0.03148324 0.03148324
 0.03148324 0.03148324]","[0.03148324 0.06197529 0.09150735 0.12010965 0.14781145 0.17464111
 0.20062608 0.22579296 0.25016751 0.27377467 0.2966386  0.3187827
 0.34022963 0.36100134 0.38111909 0.40060347 0.41947441 0.43775124
 0.45545266 0.47259677]",1971.0,,20
4,cctheft,North Dakota,[1971 1972 1973 1974 1975],[0.04898242 0.02651102 0.24052297 0.24052297 0.24052297],[0.04898242 0.07419487 0.29687226 0.46599063 0.59443215],1973.0,1975.0,5
4,cctheft,Ohio,[1971 1972 1973 1974 1975 1976 1977 1978],"[0.05389047 0.05718865 0.04579676 0.10169231 0.10169231 0.10169231
 0.10169231 0.10169231]","[0.05389047 0.1079972  0.14884804 0.23540365 0.31315721 0.38300384
 0.44574761 0.50211081]",1974.0,1978.0,8
4,cctheft,Oklahoma,"[1971 1972 1973 1974 1975 1976 1977 1978 1979 1980 1981 1982 1983 1984
 1985]","[0.0393392  0.04135452 0.04769333 0.04769333 0.04769333 0.04769333
 0.04769333 0.04769333 0.04769333 0.04769333 0.04769333 0.04769333
 0.04769333 0.04769333 0.04769333]","[0.0393392  0.07906687 0.12298923 0.1648168  0.20464946 0.24258238
 0.27870615 0.31310705 0.34586727 0.37706503 0.40677488 0.43506776
 0.46201126 0.48766973 0.51210447]",1973.0,1985.0,15
4,cctheft,Oregon,[1971 1972 1973 1974 1975 1976 1977],"[0.10368323 0.10368323 0.10368323 0.10368323 0.10368323 0.10368323
 0.10368323]","[0.10368323 0.19661625 0.27991367 0.35457455 0.42149434 0.48147568
 0.53523796]",1971.0,1977.0,7
4,cctheft,Pennsylvania,"[1971 1972 1973 1974 1975 1976 1977 1978 1979 1980 1981 1982 1983 1984
 1985 1986 1987 1988 1989 1990 1991 1992 1993 1994 1995 1996 1997 1998]","[0.03919447 0.05074931 0.0552369  0.07745918 0.06011181 0.07359371
 0.07026836 0.06661332 0.09817572 0.11678656 0.08228144 0.06759244
 0.06241871 0.06419528 0.10618078 0.08115686 0.10044183 0.1392425
 0.10032643 0.07812427 0.06448342 0.03803098 0.07451725 0.10940603
 0.1843374  0.26952979 0.18979321 0.22702905]","[0.03919447 0.08795469 0.13833324 0.20507724 0.25286149 0.30784618
 0.3564827  0.39934952 0.45831881 0.52157989 0.56094499 0.59062179
 0.61617465 0.64081443 0.67895303 0.70500819 0.73463771 0.77158742
 0.79450324 0.81055752 0.82277342 0.82951352 0.84221771 0.85948004
 0.88538313 0.91627579 0.93216608 0.94756635]",1998.0,1980.0,28
4,cctheft,South Carolina,[1971 1972 1973 1974 1975 1976 1977 1978 1979 1980],"[0.10761261 0.12196435 0.12143712 0.10595672 0.16294901 0.17891993
 0.15956102 0.19329273 0.16850775 0.26346937]","[0.10761261 0.21645206 0.31160387 0.38454406 0.484832   0.57700582
 0.6444992  0.71321492 0.76154043 0.82436722]",1980.0,1976.0,10
4,cctheft,South Dakota,[1971 1972 1973 1974 1975 1976 1977 1978 1979],"[0.03019677 0.0302353  0.05839538 0.05649277 0.07444327 0.09059121
 0.11134622 0.11134622 0.11134622]","[0.03019677 0.05951906 0.11443881 0.16446661 0.22666645 0.29672367
 0.37503083 0.44461878 0.50645838]",1977.0,1979.0,9
4,cctheft,Tennessee,"[1971 1972 1973 1974 1975 1976 1977 1978 1979 1980 1981 1982 1983 1984
 1985 1986 1987 1988 1989]","[0.04516215 0.04649631 0.04071037 0.03372109 0.06992295 0.0717936
 0.09963865 0.08681941 0.10874072 0.1041566  0.11323389 0.10389955
 0.10241249 0.11795375 0.11138768 0.09635049 0.11121023 0.1214293
 0.19010997]","[0.04516215 0.08955859 0.126623   0.15607422 0.215084   0.27143595
 0.34402908 0.40098009 0.46611795 0.52172529 0.57588219 0.61994784
 0.65886993 0.6991075  0.73262322 0.7583851  0.78525515 0.81133147
 0.84719924]",1989.0,1980.0,19
4,cctheft,Texas,[1971 1972 1973 1974 1975 1976 1977],"[0.04769078 0.02374188 0.12227235 0.12227235 0.12227235 0.12227235
 0.12227235]","[0.04769078 0.07030039 0.18397695 0.283754   0.37133108 0.44819991
 0.5156698 ]",1973.0,1977.0,7
4,cctheft,Utah,"[1971 1972 1973 1974 1975 1976 1977 1978 1979 1980 1981 1982 1983 1984
 1985 1986 1987 1988 1989 1990 1991]","[0.04925308 0.04980676 0.04256578 0.04636539 0.06960312 0.06611473
 0.06270204 0.05054116 0.06184739 0.07306567 0.10972621 0.19306966
 0.21413064 0.12811307 0.06368938 0.07223852 0.0834046  0.09150113
 0.06917808 0.13111154 0.14320963]","[0.04925308 0.09660671 0.13506035 0.17516362 0.23257481 0.28331291
 0.32825065 0.36220164 0.40164781 0.44536681 0.50622461 0.60155765
 0.68687637 0.7269916  0.74437933 0.76284499 0.78262481 0.80251489
 0.81617653 0.84027791 0.86315165]",1991.0,1981.0,21
4,cctheft,Virginia,[1972 1973 1974 1975 1976 1977 1978 1979],"[0.06458993 0.05596978 0.04742667 0.10205564 0.10205564 0.10205564
 0.10205564 0.10205564]","[0.06458993 0.11694463 0.15882501 0.24467166 0.32175717 0.39097568
 0.45313004 0.5089412 ]",1975.0,1979.0,8
4,cctheft,Washington,"[1971 1972 1973 1974 1975 1976 1977 1978 1979 1980 1981 1982 1983 1984
 1985 1986 1987 1988 1989 1990 1991 1992 1993]","[0.05147261 0.03403208 0.0536184  0.0311018  0.06045171 0.08027267
 0.0630408  0.04106861 0.07748667 0.0315171  0.09698803 0.08955099
 0.07440386 0.10280493 0.13653228 0.13473304 0.11304821 0.11107615
 0.11475431 0.11640104 0.04959167 0.04697732 0.19033093]","[0.05147261 0.08375298 0.13288068 0.15984965 0.21063817 0.27400236
 0.31976983 0.34770594 0.39825003 0.41721544 0.47373857 0.5208658
 0.55651524 0.60210766 0.65643281 0.70272266 0.73632933 0.76561685
 0.79251333 0.81666499 0.82575688 0.83394236 0.86554826]",1993.0,1982.0,23
4,cctheft,Wisconsin,[1971 1972 1973 1974 1975 1976 1977 1978 1979 1980 1981 1982 1983 1984],"[0.07342837 0.04593036 0.04819704 0.04819704 0.04819704 0.04819704
 0.04819704 0.04819704 0.04819704 0.04819704 0.04819704 0.04819704
 0.04819704 0.04819704]","[0.07342837 0.11598614 0.15859299 0.19914632 0.2377451  0.27448353
 0.30945128 0.34273368 0.37441197 0.40456346 0.43326174 0.46057685
 0.48657545 0.51132099]",1973.0,1984.0,14
4,cctheft,Wyoming,[1971 1972 1973 1974 1975 1976 1977 1978 1979 1980 1981 1982],"[0.05600603 0.01663147 0.05291594 0.03685122 0.05770603 0.06223184
 0.07538061 0.06640744 0.06530763 0.07115959 0.09608316 0.18215982]","[0.05600603 0.07170604 0.12082759 0.15322616 0.20209012 0.25174553
 0.3081494  0.35409343 0.39627605 0.4392368  0.4931167  0.58545048]",1982.0,1982.0,12
4,deathpen,Alabama,[1973 1974 1975 1976],[0.08156545 0.16183704 0.21872382 0.25133551],[0.08156545 0.23020218 0.39857529 0.54973468],1976.0,1976.0,4
4,deathpen,Arizona,[1972 1973 1974 1975 1976 1977 1978 1979 1980 1981 1982],"[0.01674464 0.07040656 0.07040656 0.07040656 0.07040656 0.07040656
 0.07040656 0.07040656 0.07040656 0.07040656 0.07040656]","[0.01674464 0.08597227 0.15032582 0.21014846 0.26575919 0.31745457
 0.36551024 0.41018249 0.45170951 0.49031276 0.52619809]",1973.0,1982.0,11
4,deathpen,Arkansas,[1972 1973 1974 1975 1976 1977 1978 1979 1980 1981 1982],"[0.03875724 0.06637872 0.06637872 0.06637872 0.06637872 0.06637872
 0.06637872 0.06637872 0.06637872 0.06637872 0.06637872]","[0.03875724 0.10256331 0.16213401 0.21775048 0.26967521 0.31815324
 0.36341336 0.40566917 0.44512009 0.48195231 0.51633965]",1973.0,1982.0,11
4,deathpen,California,[1972 1973 1974 1975 1976 1977 1978],"[0.02449278 0.10592736 0.09643956 0.13422814 0.1118045  0.10890928
 0.10890928]","[0.02449278 0.12782568 0.21193779 0.31771792 0.39400012 0.45999914
 0.51881024]",1977.0,1978.0,7
4,deathpen,Colorado,[1972 1973 1974 1975 1976 1977 1978],"[0.02235687 0.09881177 0.10975629 0.13006198 0.13006198 0.13006198
 0.13006198]","[0.02235687 0.11895952 0.21565925 0.31767216 0.40641707 0.48361964
 0.55078109]",1975.0,1978.0,7
4,deathpen,Connecticut,"[1972 1973 1974 1975 1976 1977 1978 1979 1980 1981 1982 1983 1984 1985
 1986 1987 1988 1989 1990 1991 1992]","[0.01040176 0.0123057  0.0123057  0.0123057  0.0123057  0.0123057
 0.0123057  0.0123057  0.0123057  0.0123057  0.0123057  0.0123057
 0.0123057  0.0123057  0.0123057  0.0123057  0.0123057  0.0123057
 0.0123057  0.0123057  0.0123057 ]","[0.01040176 0.02257946 0.0346073  0.04648713 0.05822077 0.06981002
 0.08125666 0.09256244 0.10372909 0.11475833 0.12565185 0.13641131
 0.14703838 0.15753467 0.16790179 0.17814134 0.18825488 0.19824398
 0.20811014 0.2178549  0.22747974]",1973.0,,21
4,deathpen,Delaware,[1972 1973 1974 1975 1976 1977 1978 1979 1980 1981 1982 1983],"[0.01126318 0.01678783 0.07022786 0.07022786 0.07022786 0.07022786
 0.07022786 0.07022786 0.07022786 0.07022786 0.07022786 0.07022786]","[0.01126318 0.02786192 0.0961331  0.15960974 0.21862855 0.27350259
 0.32452295 0.37196026 0.41606615 0.45707457 0.49520307 0.53065387]",1974.0,1983.0,12
4,deathpen,Florida,[1972],[0.68511906],[0.68511906],1972.0,1972.0,1
4,deathpen,Georgia,"[1972 1973 1974 1975 1976 1977 1978 1979 1980 1981 1982 1983 1984 1985
 1986 1987 1988 1989 1990 1991 1992]","[0.02754911 0.02168939 0.02168939 0.02168939 0.02168939 0.02168939
 0.02168939 0.02168939 0.02168939 0.02168939 0.02168939 0.02168939
 0.02168939 0.02168939 0.02168939 0.02168939 0.02168939 0.02168939
 0.02168939 0.02168939 0.02168939]","[0.02754911 0.04864097 0.06927537 0.08946221 0.10921122 0.12853188
 0.14743349 0.16592513 0.18401571 0.2017139  0.21902824 0.23596704
 0.25253844 0.26875043 0.28461078 0.30012713 0.31530695 0.33015752
 0.34468599 0.35889935 0.37280443]",1973.0,,21
4,deathpen,Idaho,[1972 1973 1974 1975 1976 1977 1978 1979],"[0.01140654 0.10266923 0.10266923 0.10266923 0.10266923 0.10266923
 0.10266923 0.10266923]","[0.01140654 0.11290467 0.20398206 0.2857086  0.35904435 0.42485077
 0.48390089 0.53688839]",1973.0,1979.0,8
4,deathpen,Illinois,"[1972 1973 1974 1975 1976 1977 1978 1979 1980 1981 1982 1983 1984 1985
 1986 1987 1988 1989 1990 1991 1992 1993]","[0.0143334  0.02248905 0.02685136 0.02685136 0.02685136 0.02685136
 0.02685136 0.02685136 0.02685136 0.02685136 0.02685136 0.02685136
 0.02685136 0.02685136 0.02685136 0.02685136 0.02685136 0.02685136
 0.02685136 0.02685136 0.02685136 0.02685136]","[0.0143334  0.0365001  0.06237139 0.087548   0.11204858 0.13589129
 0.15909379 0.18167326 0.20364645 0.22502963 0.24583865 0.26608891
 0.28579542 0.30497279 0.32363522 0.34179654 0.3594702  0.3766693
 0.39340658 0.40969444 0.42554495 0.44096985]",1974.0,,22
4,deathpen,Indiana,"[1972 1973 1974 1975 1976 1977 1978 1979 1980 1981 1982 1983 1984 1985
 1986 1987 1988 1989 1990 1991 1992]","[0.01692686 0.01048784 0.01048784 0.01048784 0.01048784 0.01048784
 0.01048784 0.01048784 0.01048784 0.01048784 0.01048784 0.01048784
 0.01048784 0.01048784 0.01048784 0.01048784 0.01048784 0.01048784
 0.01048784 0.01048784 0.01048784]","[0.01692686 0.02723717 0.03743935 0.04753453 0.05752383 0.06740837
 0.07718924 0.08686753 0.09644432 0.10592066 0.11529762 0.12457624
 0.13375754 0.14284255 0.15183228 0.16072773 0.16952988 0.17823972
 0.18685821 0.19538631 0.20382497]",1973.0,,21
4,deathpen,Iowa,"[1972 1973 1974 1975 1976 1977 1978 1979 1980 1981 1982 1983 1984 1985
 1986 1987 1988 1989 1990 1991 1992 1993 1994 1995]","[0.01235832 0.02029742 0.04480261 0.06981291 0.07582395 0.0694148
 0.08679277 0.10773162 0.098927   0.12158405 0.1563449  0.13823308
 0.09643004 0.10266365 0.08946123 0.07932152 0.10749823 0.06255107
 0.07886863 0.10783932 0.08046537 0.09931574 0.09243022 0.09449636]","[0.01235832 0.0324049  0.07575569 0.14027988 0.20546725 0.26061959
 0.32479246 0.39753366 0.45713385 0.52313771 0.5976927  0.65330488
 0.6867367  0.71889745 0.74404523 0.76434796 0.78968013 0.80283587
 0.81838593 0.83797107 0.85100879 0.86580596 0.87820954 0.8897183 ]",,1981.0,24
4,deathpen,Kansas,"[1972 1973 1974 1975 1976 1977 1978 1979 1980 1981 1982 1983 1984 1985
 1986 1987 1988 1989 1990 1991 1992 1993 1994]","[0.01670459 0.08202319 0.09042913 0.24200948 0.21126712 0.20042612
 0.16320639 0.1540242  0.15116484 0.16716777 0.12448265 0.09883431
 0.09331606 0.07983876 0.08482012 0.06633684 0.07599846 0.0601448
 0.05616922 0.05768039 0.12009262 0.16788604 0.12945612]","[0.01670459 0.09735762 0.17898278 0.37767674 0.50915318 0.6075317
 0.67158504 0.72216889 0.76416718 0.80359083 0.82804036 0.84503588
 0.85949652 0.87071414 0.88168018 0.88952915 0.89792476 0.90406405
 0.9094527  0.9146755  0.92492235 0.93752684 0.94561437]",1994.0,1976.0,23
4,deathpen,Kentucky,[1972 1973 1974 1975 1976 1977],[0.0144642  0.01529347 0.13261138 0.17039577 0.17039577 0.17039577],[0.0144642  0.02953647 0.15823098 0.30166486 0.42065822 0.5193756 ],1975.0,1977.0,6
4,deathpen,Louisiana,[1972 1973 1974 1975 1976 1977 1978 1979 1980 1981 1982 1983 1984],"[0.02860403 0.05384449 0.05384449 0.05384449 0.05384449 0.05384449
 0.05384449 0.05384449 0.05384449 0.05384449 0.05384449 0.05384449
 0.05384449]","[0.02860403 0.08090835 0.13039638 0.17721974 0.22152193 0.26343868
 0.30309845 0.34062276 0.37612659 0.40971874 0.44150213 0.47157417
 0.50002699]",1973.0,1984.0,13
4,deathpen,Maine,"[1972 1973 1974 1975 1976 1977 1978 1979 1980 1981 1982 1983 1984 1985
 1986 1987 1988 1989 1990 1991 1992 1993 1994 1995]","[0.00886858 0.01293549 0.00917026 0.03657076 0.0194869  0.01930255
 0.03037048 0.03788167 0.03737694 0.04075866 0.05175486 0.05111306
 0.0551926  0.0348792  0.04316554 0.06739634 0.08645934 0.04778567
 0.03914457 0.08163667 0.06167771 0.06190652 0.0565388  0.1470693 ]","[0.00886858 0.02168936 0.03066072 0.06611019 0.08430881 0.10198398
 0.12925716 0.16224235 0.19355517 0.22642478 0.26646106 0.30395448
 0.34237104 0.36530861 0.3927054  0.43363483 0.48260239 0.50732658
 0.52661207 0.56525788 0.59207178 0.6173252  0.63896117 0.6920589 ]",,1989.0,24
4,deathpen,Maryland,[1973 1974 1975 1976 1977 1978],[0.01730197 0.07068135 0.18106305 0.18106305 0.18106305 0.18106305],[0.01730197 0.08676039 0.25211434 0.38752879 0.4984247  0.58924145],1975.0,1978.0,6
4,deathpen,Massachusetts,"[1972 1973 1974 1975 1976 1977 1978 1979 1980 1981 1982 1983 1984 1985
 1986 1987 1988 1989 1990 1991 1992 1993 1994 1995]","[0.02250978 0.08111949 0.07459982 0.10787962 0.05517241 0.15063057
 0.04829345 0.04101903 0.0576486  0.0484316  0.06176997 0.08017736
 0.0928603  0.08921069 0.08379546 0.0761622  0.06090403 0.07605927
 0.07426031 0.03223557 0.05990493 0.04426083 0.0661692  0.06887896]","[0.02250978 0.1018033  0.1688086  0.25847722 0.29938882 0.40492228
 0.43366064 0.45689133 0.48820078 0.51298804 0.54307075 0.57970613
 0.61873475 0.65274768 0.68184585 0.70607717 0.72397826 0.74497227
 0.76391071 0.77152118 0.78520819 0.79471505 0.80829859 0.82150278]",,1981.0,24
4,deathpen,Michigan,"[1972 1973 1974 1975 1976 1977 1978 1979 1980 1981 1982 1983 1984 1985
 1986 1987 1988 1989 1990 1991 1992 1993 1994 1995]","[0.02763679 0.03548586 0.11277274 0.16379859 0.13298333 0.10212131
 0.10336221 0.11037625 0.0838989  0.07820594 0.12440822 0.1445348
 0.09908082 0.08442563 0.10105167 0.1091631  0.18049965 0.07804554
 0.09129575 0.08446365 0.03781887 0.06545876 0.06624246 0.20850757]","[0.02763679 0.06214194 0.16790676 0.30420246 0.39673193 0.45833846
 0.51432579 0.56793269 0.60418267 0.63513793 0.68052977 0.72670434
 0.7537827  0.77456975 0.79734985 0.81947177 0.85205705 0.86360334
 0.87605578 0.88652456 0.89081607 0.89796311 0.90472229 0.92458841]",,1978.0,24
4,deathpen,Minnesota,"[1972 1973 1974 1975 1976 1977 1978 1979 1980 1981 1982 1983 1984 1985
 1986 1987 1988 1989 1990 1991 1992 1993 1994 1995]","[0.00636291 0.00739706 0.01372812 0.03111906 0.02110204 0.01805196
 0.03053937 0.05755336 0.07374308 0.07340729 0.11662447 0.07925292
 0.06709955 0.0557654  0.07586274 0.07762781 0.08149646 0.05535048
 0.06286216 0.07383403 0.03625046 0.05412087 0.06411317 0.08063216]","[0.00636291 0.01371291 0.02725278 0.05752376 0.07741193 0.09406645
 0.12173309 0.17228029 0.2333189  0.28959888 0.37244903 0.42218428
 0.46095545 0.49101549 0.52962845 0.56614236 0.60150022 0.62355738
 0.64722138 0.67326844 0.68511261 0.70215459 0.7212504  0.74372658]",,1986.0,24
4,deathpen,Mississippi,[1974 1975 1976 1977],[0.16277829 0.16277829 0.16277829 0.16277829],[0.16277829 0.29905981 0.41315766 0.50868285],1974.0,1977.0,4
4,deathpen,Missouri,[1972 1973 1974 1975 1976 1977],[0.01262818 0.04727678 0.11622679 0.1830279  0.1830279  0.1830279 ],[0.01262818 0.05930795 0.16864157 0.32080335 0.44511528 0.54667467],1975.0,1977.0,6
4,deathpen,Montana,"[1972 1973 1974 1975 1976 1977 1978 1979 1980 1981 1982 1983 1984 1985
 1986]","[0.00928461 0.05058161 0.0507463  0.0507463  0.0507463  0.0507463
 0.0507463  0.0507463  0.0507463  0.0507463  0.0507463  0.0507463
 0.0507463  0.0507463  0.0507463 ]","[0.00928461 0.05939659 0.10712873 0.15243865 0.19544925 0.23627723
 0.27503334 0.31182271 0.34674517 0.37989543 0.41136345 0.44123458
 0.46958986 0.49650621 0.52205666]",1974.0,1986.0,15
4,deathpen,Nevada,[1972 1973 1974 1975 1976 1977],[0.04715512 0.12437737 0.12437737 0.12437737 0.12437737 0.12437737],[0.04715512 0.16566747 0.26943956 0.36030475 0.43986836 0.50953606],1973.0,1977.0,6
4,deathpen,New Hampshire,"[1972 1973 1974 1975 1976 1977 1978 1979 1980 1981 1982 1983 1984 1985
 1986 1987 1988 1989 1990 1991 1992 1993 1994 1995 1996 1997 1998]","[0.0137673  0.01499124 0.01295819 0.03791731 0.02325106 0.02229132
 0.02089196 0.04099039 0.04528562 0.04237396 0.02442916 0.03612274
 0.0156311  0.02910144 0.02824943 0.02211492 0.0214556  0.02097954
 0.02644281 0.02617013 0.02617013 0.02617013 0.02617013 0.02617013
 0.02617013 0.02617013 0.02617013]","[0.0137673  0.02855215 0.04114035 0.07749773 0.09894689 0.11903256
 0.13743769 0.17279445 0.21025496 0.24371958 0.26219488 0.28884642
 0.29996253 0.32033463 0.33953479 0.35414092 0.36799821 0.38125732
 0.39761862 0.41338302 0.42873486 0.44368494 0.45824377 0.4724216
 0.4862284  0.49967386 0.51276746]",1991.0,1998.0,27
4,deathpen,New Jersey,[1972 1973 1974 1975 1976 1977 1978 1979 1980 1981 1982],"[0.01657972 0.01582989 0.0942737  0.1092438  0.08216989 0.08083223
 0.08526292 0.11639826 0.08755617 0.10884702 0.12504487]","[0.01657972 0.03214716 0.12339023 0.21915441 0.28331641 0.34124754
 0.3974147  0.46755458 0.51417346 0.56705423 0.62119188]",1982.0,1980.0,11
4,deathpen,New Mexico,[1972 1973 1974 1975 1976 1977 1978 1979],"[0.01940593 0.14139594 0.16609101 0.17173844 0.15228171 0.18605193
 0.14313155 0.14612444]","[0.01940593 0.15805795 0.29789695 0.41847504 0.50703065 0.59874855
 0.65618029 0.70642075]",1979.0,1976.0,8
4,deathpen,New York,"[1972 1973 1974 1975 1976 1977 1978 1979 1980 1981 1982 1983 1984 1985
 1986 1987 1988 1989 1990 1991 1992 1993 1994 1995]","[0.03131901 0.0507906  0.0746942  0.10072387 0.08478509 0.11699217
 0.08027575 0.09080638 0.1096816  0.11728295 0.19351449 0.15578023
 0.1419963  0.19160553 0.23749881 0.20954171 0.2308298  0.18091899
 0.19792149 0.12350957 0.11743526 0.12311992 0.08359905 0.15955581]","[0.03131901 0.0805189  0.14919881 0.2348948  0.29976431 0.38168641
 0.43132199 0.48296159 0.53967119 0.59365991 0.6722926  0.72334294
 0.76262722 0.80810916 0.853683   0.88434252 0.91103971 0.92713432
 0.941556   0.94877439 0.95479009 0.96035633 0.9636705  0.96946708]",1995.0,1980.0,24
4,deathpen,North Carolina,[1973 1974 1975 1976 1977],[0.0323809  0.11090231 0.17666883 0.19249798 0.23817912],[0.0323809  0.13969209 0.29168169 0.42803153 0.56426248],1977.0,1977.0,5
4,deathpen,North Dakota,"[1972 1973 1974 1975 1976 1977 1978 1979 1980 1981 1982 1983 1984 1985
 1986 1987 1988 1989 1990 1991 1992 1993 1994 1995]","[0.01455246 0.05074874 0.06724997 0.11611722 0.06048679 0.08198869
 0.03145924 0.14553298 0.06502184 0.10446965 0.06683084 0.17891488
 0.08014454 0.15033291 0.07863641 0.11983107 0.08062716 0.10878173
 0.05416097 0.13256458 0.0383953  0.10250341 0.06952083 0.16794159]","[0.01455246 0.06456269 0.12747082 0.22878648 0.27543471 0.33484087
 0.35576627 0.44952352 0.48531652 0.53908532 0.56988863 0.64684195
 0.67514564 0.72398195 0.74568701 0.77616161 0.79420906 0.81659536
 0.82652873 0.84952488 0.85530242 0.87013441 0.87916277 0.89945637]",,1981.0,24
4,deathpen,Ohio,"[1972 1973 1974 1975 1976 1977 1978 1979 1980 1981 1982 1983 1984 1985
 1986 1987 1988]","[0.01771425 0.01813712 0.04361013 0.04361013 0.04361013 0.04361013
 0.04361013 0.04361013 0.04361013 0.04361013 0.04361013 0.04361013
 0.04361013 0.04361013 0.04361013 0.04361013 0.04361013]","[0.01771425 0.03553009 0.07759074 0.11781713 0.15628924 0.19308358
 0.2282733  0.26192841 0.2941158  0.3248995  0.35434072 0.38249801
 0.40942735 0.4351823  0.45981407 0.48337165 0.50590188]",1974.0,1988.0,17
4,deathpen,Oklahoma,"[1972 1973 1974 1975 1976 1977 1978 1979 1980 1981 1982 1983 1984 1985
 1986 1987 1988 1989 1990]","[0.03105036 0.03808247 0.03808247 0.03808247 0.03808247 0.03808247
 0.03808247 0.03808247 0.03808247 0.03808247 0.03808247 0.03808247
 0.03808247 0.03808247 0.03808247 0.03808247 0.03808247 0.03808247
 0.03808247]","[0.03105036 0.06795036 0.10344511 0.13758814 0.17043092 0.20202296
 0.2324119  0.26164355 0.28976199 0.31680961 0.34282719 0.36785396
 0.39192764 0.41508454 0.43735957 0.45878631 0.47939707 0.49922291
 0.51829374]",1973.0,1990.0,19
4,deathpen,Oregon,[1972 1973 1974 1975 1976 1977 1978],"[0.01353754 0.07193711 0.05800571 0.11755343 0.0975623  0.11961062
 0.17421476]","[0.01353754 0.0845008  0.13760498 0.23898247 0.31322909 0.39537418
 0.50070893]",1978.0,1978.0,7
4,deathpen,Pennsylvania,"[1972 1973 1974 1975 1976 1977 1978 1979 1980 1981 1982 1983 1984 1985
 1986 1987 1988 1989 1990]","[0.06551303 0.02406775 0.03525433 0.03525433 0.03525433 0.03525433
 0.03525433 0.03525433 0.03525433 0.03525433 0.03525433 0.03525433
 0.03525433 0.03525433 0.03525433 0.03525433 0.03525433 0.03525433
 0.03525433]","[0.06551303 0.08800403 0.12015584 0.15117415 0.18109894 0.20996875
 0.23782077 0.26469089 0.29061372 0.31562266 0.33974992 0.36302659
 0.38548266 0.40714706 0.42804769 0.44821149 0.46766442 0.48643156
 0.50453707]",1974.0,1990.0,19
4,deathpen,Rhode Island,"[1972 1973 1974 1975 1976 1977 1978 1979 1980 1981 1982 1983 1984 1985
 1986 1987 1988 1989 1990 1991 1992 1993 1994 1995]","[0.01515929 0.0708975  0.06162724 0.09602263 0.07097188 0.06330993
 0.06415742 0.08616282 0.08033565 0.06163255 0.0878448  0.13174161
 0.11019035 0.10099108 0.13240594 0.10336141 0.06682852 0.08604002
 0.08052255 0.06045667 0.04642218 0.04537807 0.04045982 0.08879202]","[0.01515929 0.08498203 0.14137206 0.22381977 0.27890674 0.32455911
 0.36789365 0.42235772 0.46876299 0.50150448 0.54529472 0.60519833
 0.64870166 0.68417966 0.72599615 0.75431757 0.77073617 0.79046203
 0.80733456 0.81898247 0.8273857  0.83521861 0.84188563 0.85592493]",,1981.0,24
4,deathpen,South Carolina,"[1972 1973 1974 1975 1976 1977 1978 1979 1980 1981 1982 1983 1984 1985
 1986 1987]","[0.01752153 0.05502399 0.0453487  0.0453487  0.0453487  0.0453487
 0.0453487  0.0453487  0.0453487  0.0453487  0.0453487  0.0453487
 0.0453487  0.0453487  0.0453487  0.0453487 ]","[0.01752153 0.07158141 0.11368399 0.15387727 0.19224784 0.22887836
 0.26384772 0.29723127 0.32910093 0.35952533 0.38857003 0.41629758
 0.44276773 0.46803749 0.4921613  0.51519113]",1974.0,1987.0,16
4,deathpen,South Dakota,[1972 1973 1974 1975 1976 1977 1978 1979 1980 1981],"[0.00806613 0.0233429  0.07155643 0.06505316 0.07106349 0.09559629
 0.11360818 0.09462593 0.09462593 0.09462593]","[0.00806613 0.03122075 0.10054313 0.15905565 0.21881608 0.29349437
 0.37375919 0.43301781 0.48666903 0.53524344]",1979.0,1981.0,10
4,deathpen,Tennessee,"[1972 1973 1974 1975 1976 1977 1978 1979 1980 1981 1982 1983 1984 1985
 1986 1987 1988 1989]","[0.03063198 0.0368343  0.04037703 0.04037703 0.04037703 0.04037703
 0.04037703 0.04037703 0.04037703 0.04037703 0.04037703 0.04037703
 0.04037703 0.04037703 0.04037703 0.04037703 0.04037703 0.04037703]","[0.03063198 0.06633797 0.10403647 0.14021282 0.17492847 0.2082424
 0.24021122 0.27088924 0.30032856 0.32857921 0.35568919 0.38170455
 0.40666948 0.4306264  0.45361601 0.47567738 0.49684797 0.51716375]",1974.0,1989.0,18
4,deathpen,Texas,[1972 1973 1974 1975 1976],[0.0421202  0.21869544 0.12762823 0.12762823 0.12762823],[0.0421202  0.25160414 0.34712058 0.43044642 0.50313753],1974.0,1976.0,5
4,deathpen,Utah,[1972 1973 1974 1975 1976 1977 1978 1979 1980],"[0.01569361 0.08231632 0.08231632 0.08231632 0.08231632 0.08231632
 0.08231632 0.08231632 0.08231632]","[0.01569361 0.09671809 0.17107293 0.23930715 0.30192458 0.35938758
 0.41212043 0.46051251 0.50492113]",1973.0,1980.0,9
4,deathpen,Vermont,[1989 1990 1991 1992 1993 1994 1995 1996 1997 1998 1999 2000 2001],"[0.08058532 0.05679275 0.04048321 0.03448284 0.03665982 0.0446962
 0.05629036 0.05629036 0.05629036 0.05629036 0.05629036 0.05629036
 0.05629036]","[0.08058532 0.1328014  0.16790839 0.19660127 0.22605373 0.26064618
 0.30226467 0.34154045 0.37860538 0.4135839  0.44659348 0.47774493
 0.50714286]",,2001.0,13
4,deathpen,Virginia,[1972 1973 1974 1975 1976 1977 1978 1979],"[0.01959066 0.01023458 0.02811954 0.12492654 0.12492654 0.12492654
 0.12492654 0.12492654]","[0.01959066 0.02962473 0.05691124 0.17472806 0.27782643 0.36804508
 0.44699302 0.51607827]",1975.0,1979.0,8
4,deathpen,Washington,[1972 1973 1974 1975 1976 1977 1978 1979 1980 1981 1982],"[0.0062636  0.06135044 0.04982146 0.07403155 0.07403155 0.07403155
 0.07403155 0.07403155 0.07403155 0.07403155 0.07403155]","[0.0062636  0.06722976 0.11370174 0.17931578 0.2400723  0.29633093
 0.34842464 0.39666178 0.44132785 0.48268721 0.52098468]",1975.0,1982.0,11
4,deathpen,West Virginia,"[1972 1973 1974 1975 1976 1977 1978 1979 1980 1981 1982 1983 1984 1985
 1986 1987 1988 1989 1990 1991 1992 1993 1994 1995]","[0.01047529 0.00999305 0.06583459 0.21399426 0.16169569 0.15254475
 0.17008295 0.15843385 0.10538537 0.14288612 0.14964609 0.17229608
 0.13558591 0.10271991 0.14393565 0.14244786 0.15583231 0.13328913
 0.11035842 0.14500446 0.08053564 0.0891996  0.08721891 0.1445953 ]","[0.01047529 0.02036366 0.08485761 0.28069283 0.3970017  0.48898593
 0.57590071 0.64309239 0.68070523 0.72632802 0.76728196 0.80737837
 0.83349515 0.85059851 0.87210271 0.89032141 0.90741288 0.91975373
 0.92860958 0.93896151 0.94387729 0.94888341 0.95334174 0.96008831]",,1978.0,24
4,deathpen,Wisconsin,"[1972 1973 1974 1975 1976 1977 1978 1979 1980 1981 1982 1983 1984 1985
 1986 1987 1988 1989 1990 1991 1992 1993 1994 1995]","[0.02230192 0.00993073 0.03818971 0.04805049 0.04430968 0.04998791
 0.04868736 0.05622563 0.05102975 0.09395833 0.09212164 0.06753919
 0.05355074 0.04805577 0.04138696 0.05146792 0.08076236 0.04566402
 0.03871019 0.06875736 0.04114786 0.04922731 0.0453654  0.07184929]","[0.02230192 0.03201117 0.06897839 0.11371444 0.15298547 0.19532595
 0.23450341 0.27754394 0.3144107  0.37882752 0.43605095 0.47413961
 0.50229982 0.52621719 0.54582562 0.56920103 0.60399337 0.62207663
 0.63670611 0.66168524 0.67560617 0.69157521 0.70556702 0.72672182]",,1984.0,24
4,deathpen,Wyoming,[1972 1973 1974 1975 1976 1977],[0.0763662  0.10957946 0.16573862 0.21459639 0.2134206  0.17802213],[0.0763662  0.17757749 0.31388466 0.46112254 0.57613009 0.65158831],1977.0,1976.0,6
4,dnafelon,Alabama,[2000 2001 2002 2003 2004],[0.06181057 0.13820029 0.18244222 0.25008571 0.26666437],[0.06181057 0.19146862 0.33897888 0.50429081 0.63647879],,2003.0,5
4,dnafelon,Arizona,[2000 2001 2002 2003],[0.0398799  0.1284855  0.30336781 0.30336781],[0.0398799  0.16324141 0.41708703 0.59392406],2002.0,2003.0,4
4,dnafelon,Arkansas,[2000 2001 2002 2003],[0.01726151 0.10609151 0.14816709 0.45584721],[0.01726151 0.12152173 0.2516833  0.59280138],2003.0,2003.0,4
4,dnafelon,California,[2000 2001 2002 2003 2004],[0.18169876 0.30452496 0.45948861 0.55358986 0.52647327],[0.18169876 0.43089191 0.69239059 0.86268004 0.93497533],,2002.0,5
4,dnafelon,Colorado,[2000 2001 2002 2003 2004 2005 2006 2007 2008],"[0.03429083 0.08785623 0.08785623 0.08785623 0.08785623 0.08785623
 0.08785623 0.08785623 0.08785623]","[0.03429083 0.1191344  0.19652393 0.26711431 0.33150289 0.39023453
 0.44380622 0.49267131 0.5372433 ]",2001.0,2008.0,9
4,dnafelon,Connecticut,[2000 2001 2002 2003 2004],[0.01803492 0.02439375 0.1005681  0.27394325 0.27394325],[0.01803492 0.04198873 0.13833411 0.37438166 0.54576558],2003.0,2004.0,5
4,dnafelon,Delaware,[2000 2001 2002 2003 2004 2005 2006],"[0.07493433 0.10184691 0.10798587 0.10798587 0.10798587 0.10798587
 0.10798587]","[0.07493433 0.16914941 0.25886953 0.33890115 0.41029048 0.47397078
 0.5307745 ]",2002.0,2006.0,7
4,dnafelon,Florida,[2000 2001 2002],[0.26297788 0.27354371 0.27354371],[0.26297788 0.46458564 0.61104487],2001.0,2002.0,3
4,dnafelon,Georgia,[2000],[0.52504812],[0.52504812],2000.0,2000.0,1
4,dnafelon,Idaho,[2000 2001 2002 2003 2004],[0.02058257 0.19806313 0.36565331 0.40937798 0.34519754],[0.02058257 0.21456905 0.50176448 0.70573113 0.80731202],,2002.0,5
4,dnafelon,Illinois,[2000 2001 2002 2003],[0.04013098 0.09564633 0.281361   0.281361  ],[0.04013098 0.13193893 0.37617746 0.55169679],2002.0,2003.0,4
4,dnafelon,Indiana,[2000 2001 2002 2003 2004 2005 2006 2007 2008 2009 2010 2011 2012],"[0.0386492  0.05401536 0.05401536 0.05401536 0.05401536 0.05401536
 0.05401536 0.05401536 0.05401536 0.05401536 0.05401536 0.05401536
 0.05401536]","[0.0386492  0.09057691 0.13969973 0.18616916 0.23012853 0.27171341
 0.31105208 0.34826585 0.3834695  0.41677162 0.44827491 0.47807654
 0.50626843]",2001.0,2012.0,13
4,dnafelon,Iowa,[2000 2001 2002 2003 2004 2005],[0.03531836 0.0348939  0.17856793 0.17856793 0.17856793 0.17856793],[0.03531836 0.06897987 0.2352302  0.37179356 0.48397108 0.5761173 ],2002.0,2005.0,6
4,dnafelon,Kansas,[2000 2001 2002 2003],[0.04394949 0.19308026 0.20855079 0.20855079],[0.04394949 0.22854397 0.38943174 0.51676623],2002.0,2003.0,4
4,dnafelon,Kentucky,[2000 2001 2002 2003 2004],[0.03739826 0.09466952 0.25890332 0.22926922 0.33920927],[0.03739826 0.12852731 0.35415448 0.50222698 0.67107621],,2003.0,5
4,dnafelon,Louisiana,[2000 2001 2002 2003],[0.04047849 0.11773832 0.14620084 0.44386496],[0.04047849 0.15345094 0.27721712 0.59803512],2003.0,2003.0,4
4,dnafelon,Maine,[2000 2001 2002 2003 2004 2005 2006],"[0.02447433 0.08027433 0.12535092 0.10322753 0.12419832 0.12419832
 0.12419832]","[0.02447433 0.10278401 0.21525086 0.29625858 0.38366207 0.46021021
 0.52725119]",,2006.0,7
4,dnafelon,Maryland,[2000 2001 2002 2003 2004 2005],[0.03315902 0.07654065 0.15331648 0.18176724 0.18176724 0.18176724],[0.03315902 0.10716166 0.24404849 0.38145571 0.49388679 0.58588159],2003.0,2005.0,6
4,dnafelon,Massachusetts,[2000 2001 2002 2003 2004 2005 2006],"[0.04893577 0.04735259 0.10673606 0.12726837 0.12726837 0.12726837
 0.12726837]","[0.04893577 0.09397112 0.19067708 0.29367829 0.3835707  0.46202265
 0.53049015]",2003.0,2006.0,7
4,dnafelon,Michigan,"[2000 2001 2002 2003 2004 2005 2006 2007 2008 2009 2010 2011 2012 2013
 2014 2015]","[0.01740791 0.0458464  0.0458464  0.0458464  0.0458464  0.0458464
 0.0458464  0.0458464  0.0458464  0.0458464  0.0458464  0.0458464
 0.0458464  0.0458464  0.0458464  0.0458464 ]","[0.01740791 0.06245622 0.10543923 0.14645163 0.18558375 0.22292181
 0.25854805 0.29254095 0.32497541 0.35592286 0.38545148 0.41362632
 0.44050944 0.46616007 0.49063471 0.51398728]",2001.0,2015.0,16
4,dnafelon,Minnesota,[2000 2001 2002 2003 2004 2005],[0.02393985 0.04444163 0.16333942 0.16333942 0.16333942 0.16333942],[0.02393985 0.06731756 0.21966137 0.34712143 0.45376224 0.5429844 ],2002.0,2005.0,6
4,dnafelon,Mississippi,[2000 2001 2002 2003 2004],[0.03285216 0.04371823 0.09454169 0.3352114  0.3352114 ],[0.03285216 0.07513415 0.16257253 0.44328776 0.62990405],2003.0,2004.0,5
4,dnafelon,Missouri,[2000 2001 2002 2003 2004],[0.08334081 0.06253559 0.24269055 0.39723889 0.44000867],[0.08334081 0.14066464 0.34921721 0.60773345 0.78033413],2004.0,2003.0,5
4,dnafelon,Montana,"[2000 2001 2002 2003 2004 2005 2006 2007 2008 2009 2010 2011 2012 2013
 2014 2015 2016 2017 2018 2019 2020]","[0.01844048 0.02192324 0.02192324 0.02192324 0.02192324 0.02192324
 0.02192324 0.02192324 0.02192324 0.02192324 0.02192324 0.02192324
 0.02192324 0.02192324 0.02192324 0.02192324 0.02192324 0.02192324
 0.02192324 0.02192324 0.02192324]","[0.01844048 0.03995945 0.06100665 0.08159242 0.1017269  0.12141995
 0.14068128 0.15952033 0.17794637 0.19596845 0.21359543 0.23083596
 0.24769853 0.26419142 0.28032273 0.29610039 0.31153215 0.32662559
 0.34138814 0.35582705 0.36994941]",2001.0,,21
4,dnafelon,Nevada,"[2000 2001 2002 2003 2004 2005 2006 2007 2008 2009 2010 2011 2012 2013
 2014 2015 2016 2017 2018 2019]","[0.02048093 0.03640443 0.03640443 0.03640443 0.03640443 0.03640443
 0.03640443 0.03640443 0.03640443 0.03640443 0.03640443 0.03640443
 0.03640443 0.03640443 0.03640443 0.03640443 0.03640443 0.03640443
 0.03640443 0.03640443]","[0.02048093 0.05613976 0.09050045 0.12361026 0.15551472 0.18625773
 0.21588155 0.24442693 0.27193313 0.29843799 0.32397795 0.34858815
 0.37230242 0.39515339 0.41717249 0.43838999 0.45883508 0.47853588
 0.49751948 0.51581199]",2001.0,2019.0,20
4,dnafelon,New Hampshire,[2000 2001 2002 2003 2004 2005 2006],"[0.03148071 0.02491812 0.08548114 0.15691045 0.14055626 0.14055626
 0.14055626]","[0.03148071 0.05561439 0.13634155 0.27185859 0.37420342 0.46216305
 0.5377594 ]",,2006.0,7
4,dnafelon,New Jersey,[2000 2001 2002 2003],[0.0158502  0.02888457 0.24151909 0.31613803],[0.0158502  0.04427694 0.2751023  0.50427004],2003.0,2003.0,4
4,dnafelon,New Mexico,[2000 2001 2002 2003 2004],[0.02303872 0.20544543 0.30406127 0.39823854 0.41413865],[0.02303872 0.22375095 0.45977822 0.67491535 0.80954547],,2003.0,5
4,dnafelon,New York,[2000 2001 2002 2003 2004],[0.0284752  0.03745872 0.12022715 0.28202334 0.28030025],[0.0284752  0.06486728 0.17729562 0.40931746 0.57488592],,2004.0,5
4,dnafelon,North Carolina,[2000 2001 2002 2003 2004 2005],[0.05446477 0.04703715 0.12982617 0.1708407  0.1708407  0.1708407 ],[0.05446477 0.09894005 0.21592121 0.34987378 0.4609418  0.55303488],2003.0,2005.0,6
4,dnafelon,North Dakota,[2000 2001 2002 2003 2004],[0.00870979 0.10682994 0.17323283 0.43405383 0.32726422],[0.00870979 0.11460927 0.26798801 0.58572062 0.72129943],,2003.0,5
4,dnafelon,Ohio,[2000 2001 2002 2003 2004],[0.03928466 0.09459119 0.18702817 0.23977297 0.35190007],[0.03928466 0.13015986 0.29284447 0.46240125 0.65158229],2004.0,2004.0,5
4,dnafelon,Oklahoma,[2000 2001 2002 2003 2004 2005],[0.06386634 0.13726951 0.13726951 0.13726951 0.13726951 0.13726951],[0.06386634 0.19236895 0.30323207 0.39887707 0.48139292 0.55258186],2001.0,2005.0,6
4,dnafelon,Oregon,"[2000 2001 2002 2003 2004 2005 2006 2007 2008 2009 2010 2011 2012 2013
 2014 2015 2016 2017 2018 2019 2020]","[0.01538116 0.03055302 0.03055302 0.03055302 0.03055302 0.03055302
 0.03055302 0.03055302 0.03055302 0.03055302 0.03055302 0.03055302
 0.03055302 0.03055302 0.03055302 0.03055302 0.03055302 0.03055302
 0.03055302 0.03055302 0.03055302]","[0.01538116 0.04546424 0.07462818 0.10290109 0.13031017 0.15688182
 0.18264162 0.20761439 0.23182416 0.25529425 0.27804726 0.3001051
 0.321489   0.34221956 0.36231674 0.38179989 0.40068776 0.41899856
 0.43674991 0.4539589  0.47064211]",2001.0,,21
4,dnafelon,Pennsylvania,[2000 2001 2002 2003 2004],[0.02927753 0.02912424 0.13779761 0.28043926 0.45937286],[0.02927753 0.05754908 0.18741657 0.41529686 0.68389361],,2004.0,5
4,dnafelon,Rhode Island,[2000 2001 2002 2003 2004],[0.04164801 0.02994199 0.06953451 0.29650077 0.32635497],[0.04164801 0.07034298 0.13498623 0.39146348 0.59006239],,2004.0,5
4,dnafelon,South Carolina,[2000 2001 2002 2003 2004],[0.14419522 0.13598658 0.23277697 0.55679952 0.44540544],[0.14419522 0.26057318 0.43269471 0.74857002 0.8605583 ],2004.0,2003.0,5
4,dnafelon,South Dakota,[2000 2001 2002 2003 2004],[0.02123175 0.04860807 0.2641248  0.25775579 0.25775579],[0.02123175 0.06880779 0.31475874 0.49138364 0.62248245],2003.0,2004.0,5
4,dnafelon,Tennessee,[2000 2001 2002 2003 2004],[0.11131593 0.08566435 0.14692561 0.36368355 0.33596628],[0.11131593 0.18744447 0.30682969 0.55892433 0.70711088],,2003.0,5
4,dnafelon,Texas,[2000 2001 2002 2003 2004],[0.06886277 0.17597695 0.17597695 0.17597695 0.17597695],[0.06886277 0.23272146 0.3677448  0.47900714 0.57068987],2001.0,2004.0,5
4,dnafelon,Utah,[2000 2001 2002 2003],[0.01990886 0.10486698 0.25736898 0.25736898],[0.01990886 0.12268806 0.34848094 0.51616173],2002.0,2003.0,4
4,dnafelon,Vermont,[2000 2001 2002 2003 2004 2005 2006],"[0.0234258  0.06212696 0.12422877 0.12358894 0.14994415 0.14994415
 0.14994415]","[0.0234258  0.08409738 0.19787884 0.29701214 0.40242106 0.49202453
 0.56819248]",,2006.0,7
4,dnafelon,Virginia,[2000 2001 2002 2003 2004],[0.02956974 0.02752213 0.14968087 0.32054803 0.36459149],[0.02956974 0.05627805 0.19753518 0.4547637  0.65355221],,2004.0,5
4,dnafelon,Washington,[2000 2001 2002 2003],[0.11729085 0.16462058 0.20518303 0.20518303],[0.11729085 0.26260294 0.4139043  0.53416119],2002.0,2003.0,4
4,dnafelon,West Virginia,[2000 2001 2002 2003 2004 2005 2006],"[0.02347266 0.02196665 0.1061496  0.12635744 0.16227166 0.16227166
 0.16227166]","[0.02347266 0.04492369 0.14630466 0.25417541 0.37520161 0.47658868
 0.56152351]",2004.0,2006.0,7
4,dnafelon,Wisconsin,[2000 2001 2002 2003 2004],[0.02076901 0.03725242 0.35454103 0.52368685 0.42767548],[0.02076901 0.05724773 0.39149209 0.71015968 0.83411728],,2003.0,5
4,dnafelon,Wyoming,[2000 2001 2002 2003 2004 2005 2006],"[0.01851833 0.09590364 0.10224092 0.11786087 0.14097903 0.14097903
 0.14097903]","[0.01851833 0.112646   0.20336989 0.29726141 0.39633281 0.48143723
 0.5545437 ]",,2006.0,7
4,mlda,Alabama,"[1973 1974 1975 1976 1977 1978 1979 1980 1981 1982 1983 1984 1985 1986
 1987]","[0.04118555 0.01769509 0.08162265 0.06539689 0.12946982 0.03008556
 0.02145241 0.02759729 0.02881157 0.02697733 0.02103996 0.04685416
 0.04562769 0.04562769 0.04562769]","[0.04118555 0.05815186 0.135028   0.19159448 0.29625859 0.31743105
 0.3320738  0.35050675 0.36921967 0.38623644 0.39915    0.42730232
 0.45343319 0.47837177 0.50217246]",1985.0,1987.0,15
4,mlda,Arizona,"[1971 1972 1973 1974 1975 1976 1977 1978 1979 1980 1981 1982 1983 1984
 1985]","[0.11075264 0.08790001 0.10021789 0.07759199 0.10316374 0.09410614
 0.09624175 0.0566437  0.05154245 0.0480648  0.05201592 0.04390045
 0.04171241 0.04877848 0.05708698]","[0.11075264 0.18891749 0.27020247 0.32682892 0.39627576 0.45308992
 0.5057255  0.53372304 0.5577561  0.57901246 0.60091051 0.61843072
 0.63434689 0.6521829  0.67203873]",1985.0,1977.0,15
4,mlda,Colorado,"[1971 1972 1973 1974 1975 1976 1977 1978 1979 1980 1981 1982 1983 1984
 1985 1986 1987]","[0.05310933 0.05088685 0.05476441 0.05369195 0.08705068 0.07646599
 0.08604097 0.06100794 0.0707705  0.06519387 0.08636465 0.06760989
 0.04014989 0.04832108 0.12722235 0.10618509 0.10638332]","[0.05310933 0.10129361 0.15051074 0.19612148 0.26609965 0.32221807
 0.38053509 0.41832737 0.45949263 0.49473039 0.53836782 0.56957873
 0.5868601  0.60682346 0.65684431 0.69328232 0.72591197]",1987.0,1981.0,17
4,mlda,Connecticut,"[1971 1972 1973 1974 1975 1976 1977 1978 1979 1980 1981 1982 1983 1984
 1985]","[0.0392214  0.03044665 0.02926457 0.02735857 0.03879477 0.03695511
 0.0377329  0.05181129 0.06876872 0.05338936 0.05430102 0.09223865
 0.07741569 0.06791395 0.04967595]","[0.0392214  0.06847389 0.0957346  0.12047401 0.15459502 0.18583705
 0.21655779 0.25714894 0.30823386 0.34516681 0.38072492 0.43784602
 0.48136556 0.51658807 0.54060202]",1985.0,1984.0,15
4,mlda,Delaware,[1971 1972 1973 1974 1975 1976 1977 1978 1979 1980 1981 1982 1983 1984],"[0.06747583 0.05755495 0.06584144 0.06367926 0.07979737 0.08304457
 0.08326417 0.07189863 0.07117711 0.08013385 0.07550564 0.10411685
 0.07735321 0.0813867 ]","[0.06747583 0.12114722 0.17901215 0.23129205 0.29263292 0.35137591
 0.40538306 0.4481352  0.48741534 0.52849072 0.56409233 0.60947767
 0.63968582 0.66901061]",1984.0,1980.0,14
4,mlda,Florida,"[1971 1972 1973 1974 1975 1976 1977 1978 1979 1980 1981 1982 1983 1984
 1985]","[0.03132793 0.06044514 0.05111687 0.05624468 0.04941476 0.04922638
 0.08445768 0.03424478 0.02950678 0.04616194 0.03776891 0.02606327
 0.02388143 0.02194739 0.07316386]","[0.03132793 0.08987946 0.13640196 0.18497476 0.22524903 0.26338721
 0.32559982 0.34869451 0.36791244 0.39709083 0.41986205 0.43498234
 0.44847577 0.46058029 0.50004631]",1985.0,1985.0,15
4,mlda,Georgia,"[1971 1972 1973 1974 1975 1976 1977 1978 1979 1980 1981 1982 1983 1984
 1985 1986 1987 1988]","[0.02331584 0.0222166  0.02844187 0.02993167 0.04942095 0.04209228
 0.04297037 0.05099984 0.0299085  0.03863935 0.03281485 0.02648138
 0.02294876 0.03499998 0.04961713 0.05199961 0.05199961 0.05199961]","[0.02331584 0.04501445 0.07217602 0.09994735 0.1444288  0.18044174
 0.21565846 0.25565976 0.27792186 0.30582249 0.32860182 0.34638137
 0.36138111 0.38373276 0.41431017 0.44476581 0.47363777 0.5010084 ]",1986.0,1988.0,18
4,mlda,Idaho,"[1971 1972 1973 1974 1975 1976 1977 1978 1979 1980 1981 1982 1983 1984
 1985 1986 1987]","[0.10104329 0.07753226 0.09181623 0.09652181 0.1075944  0.08662791
 0.09900998 0.06444672 0.04803505 0.06274331 0.07743897 0.06249733
 0.06436853 0.05573223 0.09293518 0.07273525 0.07240821]","[0.10104329 0.17074144 0.24688084 0.31957326 0.39278337 0.44538528
 0.50029768 0.53250185 0.55495815 0.58288155 0.61518277 0.63923282
 0.66245487 0.68126702 0.71088852 0.73191712 0.75132852]",1987.0,1977.0,17
4,mlda,Illinois,[1971 1972 1973 1974 1975 1976 1977 1978 1979 1980],"[0.04798144 0.05319227 0.05125976 0.05651084 0.06129342 0.07088912
 0.07544332 0.08004659 0.09536679 0.0933981 ]","[0.04798144 0.09862147 0.14482592 0.19315253 0.24260697 0.2962979
 0.34938752 0.40146683 0.45854701 0.50911769]",1980.0,1980.0,10
4,mlda,Iowa,"[1971 1972 1973 1974 1975 1976 1977 1978 1979 1980 1981 1982 1983 1984
 1985 1986]","[0.03177219 0.0284306  0.03913208 0.04193016 0.06147532 0.06888709
 0.05346789 0.07489324 0.05885965 0.06958337 0.07634466 0.09055881
 0.10220635 0.06220225 0.08129615 0.09508093]","[0.03177219 0.05929949 0.09611106 0.13401127 0.1872482  0.24323631
 0.28369886 0.33734498 0.37634862 0.41974439 0.46404381 0.51257936
 0.56239685 0.58961675 0.62297933 0.6588268 ]",1986.0,1982.0,16
4,mlda,Kansas,"[1971 1972 1973 1974 1975 1976 1977 1978 1979 1980 1981 1982 1983 1984
 1985]","[0.04382372 0.04695802 0.04533812 0.05018701 0.07673363 0.08725454
 0.08055523 0.06500486 0.046024   0.04347886 0.06258802 0.05613543
 0.03783377 0.03668239 0.05735183]","[0.04382372 0.08872386 0.13003941 0.17370013 0.23710512 0.30367116
 0.35976409 0.40138254 0.42893331 0.45376264 0.48795055 0.51669467
 0.53497993 0.55203798 0.57772942]",1985.0,1982.0,15
4,mlda,Louisiana,"[1971 1972 1973 1974 1975 1976 1977 1978 1979 1980 1981 1982 1983 1984
 1985 1986 1987]","[0.04462679 0.05082448 0.05233487 0.05096705 0.07309975 0.06555239
 0.11532602 0.06183475 0.05194279 0.05985623 0.08022543 0.07333105
 0.05963929 0.04979775 0.0574331  0.13715303 0.11631941]","[0.04462679 0.09318314 0.14064128 0.18444026 0.24405748 0.29361132
 0.37507632 0.41371832 0.44417142 0.47744122 0.51936373 0.55460929
 0.58117207 0.60202876 0.62488549 0.67633358 0.71398227]",1987.0,1981.0,17
4,mlda,Maine,"[1971 1972 1973 1974 1975 1976 1977 1978 1979 1980 1981 1982 1983 1984
 1985]","[0.02046656 0.01371099 0.02378225 0.02278577 0.10738418 0.04855909
 0.04131286 0.05275224 0.05607881 0.04556369 0.06354171 0.05391339
 0.06439997 0.05860684 0.11844343]","[0.02046656 0.03389693 0.05687303 0.07836291 0.17733215 0.21728015
 0.24961654 0.28920095 0.32906171 0.35963214 0.4003222  0.43265287
 0.46919001 0.5002991  0.55948539]",1985.0,1984.0,15
4,mlda,Maryland,[1973 1974 1975 1976 1977 1978 1979 1980 1981 1982 1983 1984],"[0.05288697 0.04608713 0.05278473 0.05966839 0.0519859  0.05484472
 0.06894104 0.06272578 0.05057081 0.0630168  0.0630168  0.0630168 ]","[0.05288697 0.09653669 0.14422576 0.19528843 0.23712209 0.27896191
 0.32867103 0.37078067 0.40260079 0.44024698 0.47552083 0.50857183]",1982.0,1984.0,12
4,mlda,Massachusetts,"[1971 1972 1973 1974 1975 1976 1977 1978 1979 1980 1981 1982 1983 1984
 1985 1986 1987 1988]","[0.02151652 0.02229547 0.02385721 0.02601971 0.03407819 0.02556875
 0.04647868 0.03858294 0.03504205 0.04990552 0.04051693 0.04680703
 0.07418759 0.06637801 0.03931771 0.03931771 0.03931771 0.03931771]","[0.02151652 0.04333227 0.0661557  0.09045405 0.12144973 0.14391316
 0.18370295 0.21519809 0.24269916 0.28049265 0.30964488 0.34195835
 0.39077688 0.4312159  0.45357918 0.4750632  0.49570251 0.51553033]",1985.0,1988.0,18
4,mlda,Michigan,[1971 1972 1973 1974 1975 1976 1977 1978 1979 1980 1981 1982 1983 1984],"[0.04012555 0.03652527 0.04435736 0.05836237 0.05086203 0.06228733
 0.05081604 0.05489861 0.05489861 0.05489861 0.05489861 0.05489861
 0.05489861 0.05489861]","[0.04012555 0.07518523 0.11620757 0.16778779 0.21011579 0.25931557
 0.29695422 0.33555046 0.37202781 0.40650261 0.4390848  0.46987826
 0.49898121 0.52648644]",1978.0,1984.0,14
4,mlda,Minnesota,"[1971 1972 1973 1974 1975 1976 1977 1978 1979 1980 1981 1982 1983 1984
 1985 1986]","[0.04141244 0.02265531 0.04495506 0.04139547 0.10227824 0.08899433
 0.07708025 0.08623084 0.07557644 0.07854729 0.09147048 0.10710259
 0.08300452 0.08420169 0.07251772 0.09503245]","[0.04141244 0.06312954 0.10524661 0.14228534 0.23001088 0.29853555
 0.3526046  0.40843005 0.4531388  0.49609326 0.54218585 0.59121894
 0.62514961 0.65671265 0.68160707 0.71186473]",1986.0,1981.0,16
4,mlda,Mississippi,[1974 1975 1976 1977 1978 1979 1980 1981 1982 1983 1984 1985 1986],"[0.04571356 0.06440023 0.05932637 0.09565746 0.0480083  0.05381227
 0.0416803  0.056853   0.05817151 0.04710646 0.0486017  0.06773282
 0.09342643]","[0.04571356 0.10716983 0.1601382  0.24047724 0.27694063 0.3158501
 0.34436568 0.38164045 0.41761136 0.44504563 0.47201735 0.50777911
 0.55376555]",1986.0,1985.0,13
4,mlda,Montana,"[1971 1972 1973 1974 1975 1976 1977 1978 1979 1980 1981 1982 1983 1984
 1985 1986 1987]","[0.05607294 0.04444126 0.11492664 0.05412369 0.0879117  0.08232259
 0.0840311  0.08242521 0.09339406 0.0438805  0.08211286 0.04351092
 0.05110865 0.03247614 0.06778566 0.0376896  0.08038972]","[0.05607294 0.09802226 0.20168353 0.24489136 0.31127425 0.36797194
 0.42108195 0.46879939 0.51841037 0.53954277 0.57735223 0.59574202
 0.6164031  0.62886085 0.65401876 0.66705865 0.69382371]",1987.0,1979.0,17
4,mlda,New Hampshire,"[1971 1972 1973 1974 1975 1976 1977 1978 1979 1980 1981 1982 1983 1984
 1985]","[0.30379328 0.03147817 0.05202885 0.03176005 0.10356773 0.0367738
 0.05767506 0.02396587 0.04281014 0.03611352 0.06035622 0.02350868
 0.03041792 0.01443417 0.13798333]","[0.30379328 0.32570859 0.3607912  0.3810925  0.44519134 0.46559377
 0.49641568 0.50848452 0.52952636 0.54651682 0.57388735 0.5839047
 0.59656146 0.60238476 0.65724903]",1985.0,1978.0,15
4,mlda,New Jersey,[1972 1973 1974 1975 1976 1977 1978 1979 1980 1981 1982 1983],"[0.03929705 0.04058766 0.04592912 0.04615065 0.05911809 0.05218772
 0.09275703 0.11861028 0.07887055 0.10639626 0.06527431 0.09772332]","[0.03929705 0.07828974 0.12062308 0.16120689 0.21079474 0.25198156
 0.32136553 0.40185855 0.4490343  0.50765499 0.53979247 0.58476548]",1983.0,1981.0,12
4,mlda,New York,"[1971 1972 1973 1974 1975 1976 1977 1978 1979 1980 1981 1982 1983 1984
 1985]","[0.04548095 0.05824733 0.05205021 0.04264797 0.05962825 0.04267371
 0.06037531 0.05435247 0.0626049  0.07193853 0.08246763 0.08339706
 0.09023741 0.09455812 0.20619352]","[0.04548095 0.10107913 0.14786815 0.18420985 0.23285398 0.26559095
 0.30993113 0.34743808 0.38829165 0.43229705 0.47911417 0.52255451
 0.56563796 0.60671041 0.68780418]",1985.0,1982.0,15
4,mlda,North Carolina,"[1973 1974 1975 1976 1977 1978 1979 1980 1981 1982 1983 1984 1985 1986
 1987]","[0.04486474 0.0391087  0.04450462 0.04472893 0.06382774 0.02825621
 0.02200443 0.02324555 0.03731215 0.02151616 0.02593894 0.03144978
 0.04522529 0.11171067 0.11171067]","[0.04486474 0.08221883 0.12306434 0.16228873 0.21575794 0.23791765
 0.25468684 0.27201206 0.29917485 0.31425392 0.33204145 0.3530486
 0.38230716 0.45131005 0.51260457]",1986.0,1987.0,15
4,mlda,Ohio,"[1971 1972 1973 1974 1975 1976 1977 1978 1979 1980 1981 1982 1983 1984
 1985 1986 1987]","[0.07918869 0.07485956 0.06899794 0.0843583  0.09429361 0.11225411
 0.08311651 0.07963869 0.08250016 0.08730293 0.08761593 0.09677464
 0.11236619 0.13946962 0.12964081 0.11969145 0.10718895]","[0.07918869 0.14812022 0.20689818 0.2738029  0.34227864 0.41611057
 0.46464142 0.50727667 0.54792642 0.58739377 0.62354465 0.65997598
 0.69818318 0.74027746 0.7739481  0.80100458 0.82233469]",1987.0,1978.0,17
4,mlda,Oklahoma,"[1971 1972 1973 1974 1975 1976 1977 1978 1979 1980 1981 1982 1983 1984
 1985]","[0.05914995 0.04874512 0.05708158 0.05093002 0.06977223 0.06833311
 0.12343123 0.04282055 0.03721469 0.04560089 0.07463954 0.03650561
 0.03576584 0.03695545 0.04048877]","[0.05914995 0.1050118  0.15609914 0.19907903 0.25496107 0.3058719
 0.39154899 0.4176032  0.43927691 0.46484638 0.50479    0.52286794
 0.53993297 0.55693496 0.57487411]",1985.0,1981.0,15
4,mlda,Rhode Island,[1971 1972 1973 1974 1975 1976 1977 1978 1979 1980 1981 1982 1983 1984],"[0.0191597  0.02557443 0.03005931 0.04291317 0.0351226  0.03667884
 0.03571231 0.07944717 0.12135673 0.05925541 0.04487793 0.0560094
 0.07632279 0.06190627]","[0.0191597  0.04424413 0.07297349 0.11275513 0.14391748 0.17531759
 0.2047689  0.26794776 0.35678723 0.39490107 0.42205665 0.45442691
 0.49606657 0.52726321]",1984.0,1984.0,14
4,mlda,South Carolina,"[1971 1972 1973 1974 1975 1976 1977 1978 1979 1980 1981 1982 1983 1984
 1985 1986 1987]","[0.02252586 0.02042056 0.02929608 0.0229865  0.04244802 0.04510623
 0.05399667 0.04612743 0.02467212 0.0331829  0.03132017 0.02778069
 0.01921908 0.01815012 0.02379209 0.12069307 0.12069307]","[0.02252586 0.04248643 0.07053782 0.09190291 0.13044983 0.16967196
 0.21450691 0.25073968 0.26922553 0.29347475 0.31560324 0.33461625
 0.34740431 0.359249   0.37449381 0.44998807 0.5163707 ]",1986.0,1987.0,17
4,mlda,South Dakota,"[1971 1972 1973 1974 1975 1976 1977 1978 1979 1980 1981 1982 1983 1984
 1985 1986 1987 1988]","[0.03824557 0.03715976 0.03779453 0.05472913 0.08352235 0.09903149
 0.09180931 0.08459696 0.0811064  0.04902483 0.05978261 0.06308993
 0.06014353 0.04809213 0.06423223 0.1006171  0.06136966 0.15333296]","[0.03824557 0.07398414 0.10898247 0.15774708 0.22809402 0.30453703
 0.368387   0.42181954 0.46871368 0.4947599  0.52496447 0.55493443
 0.58170225 0.60181908 0.62739512 0.66488555 0.6854514  0.73368207]",1988.0,1981.0,18
4,mlda,Tennessee,[1971 1972 1973 1974 1975 1976 1977 1978 1979 1980 1981 1982 1983 1984],"[0.05468515 0.05898821 0.05164131 0.04766684 0.07437625 0.07751483
 0.07914583 0.06103043 0.05368627 0.06380068 0.07307718 0.06593916
 0.04966312 0.06918217]","[0.05468515 0.11044758 0.15638523 0.19659768 0.25635173 0.3139955
 0.3682899  0.40684344 0.4386878  0.4744999  0.51290196 0.5450208
 0.56761649 0.59752972]",1984.0,1981.0,14
4,mlda,Texas,"[1971 1972 1973 1974 1975 1976 1977 1978 1979 1980 1981 1982 1983 1984
 1985 1986]","[0.0595847  0.03933086 0.14535827 0.04056465 0.0808742  0.05294424
 0.09606985 0.02862992 0.04053875 0.0243156  0.04945973 0.01994818
 0.03506479 0.02020628 0.07380292 0.03596313]","[0.0595847  0.09657204 0.22789277 0.25921303 0.31912358 0.35517206
 0.41712058 0.43380837 0.45676107 0.46997025 0.49618538 0.50623557
 0.52354931 0.53317661 0.56762954 0.58317893]",1986.0,1982.0,16
4,mlda,Virginia,[1972 1973 1974 1975 1976 1977 1978 1979 1980 1981 1982 1983 1984 1985],"[0.08793032 0.06571695 0.05098423 0.11326777 0.07234148 0.07917316
 0.04155364 0.03932714 0.03867892 0.09828963 0.09493724 0.0396745
 0.04592775 0.045075  ]","[0.08793032 0.14786876 0.19131402 0.28291207 0.33478727 0.38745426
 0.41290777 0.43599642 0.45781147 0.51110298 0.55751751 0.57507278
 0.59458873 0.61286265]",1985.0,1981.0,14
4,mlda,West Virginia,"[1971 1972 1973 1974 1975 1976 1977 1978 1979 1980 1981 1982 1983 1984
 1985 1986]","[0.05905569 0.05630733 0.03865842 0.03449699 0.07944473 0.11828158
 0.09776046 0.07683939 0.06967289 0.07897313 0.09239435 0.11155268
 0.12611048 0.10538073 0.10348481 0.06118224]","[0.05905569 0.11203775 0.14636497 0.17581281 0.24129014 0.33103154
 0.3964302  0.44280813 0.4816293  0.52256666 0.5666788  0.61501694
 0.66356734 0.69902086 0.73016763 0.74667658]",1986.0,1980.0,16
4,mlda,Wisconsin,"[1971 1972 1973 1974 1975 1976 1977 1978 1979 1980 1981 1982 1983 1984
 1985 1986]","[0.04147688 0.03618358 0.03658439 0.02746709 0.03720866 0.03900329
 0.03809057 0.0649531  0.07130171 0.07796745 0.12197488 0.10390608
 0.08891627 0.08232892 0.08822225 0.09813771]","[0.04147688 0.07615967 0.10995781 0.13440468 0.16661233 0.19911719
 0.22962327 0.27966163 0.33102299 0.38318142 0.45841779 0.51469148
 0.5578433  0.59424558 0.63004215 0.66634897]",1986.0,1982.0,16
4,mlda,Wyoming,"[1971 1972 1973 1974 1975 1976 1977 1978 1979 1980 1981 1982 1983 1984
 1985 1986 1987 1988]","[0.0717779  0.0269885  0.06632082 0.05443195 0.0606655  0.06644834
 0.06283613 0.04996494 0.03720008 0.03702506 0.03858732 0.06045715
 0.02545896 0.02605992 0.05433464 0.0513924  0.08236863 0.13782923]","[0.0717779  0.09682922 0.15672825 0.20262918 0.25100208 0.30077175
 0.34470855 0.37745015 0.40060905 0.42280154 0.44507408 0.47862332
 0.49189703 0.50513815 0.53202629 0.55607658 0.59264195 0.6487878 ]",1988.0,1984.0,18
4,prescdrug,Alabama,"[1973 1974 1975 1976 1977 1978 1979 1980 1981 1982 1983 1984 1985 1986
 1987 1988 1989 1990 1991 1992 1993 1994 1995 1996 1997 1998 1999 2000
 2001 2002 2003 2004 2005 2006]","[0.01634484 0.00944339 0.06547971 0.037118   0.08769838 0.02190176
 0.01784583 0.01797125 0.02787626 0.06592683 0.04680169 0.05715653
 0.05703194 0.03525154 0.03739115 0.04269878 0.01645448 0.04431881
 0.05913353 0.02060153 0.02193743 0.03659124 0.05893188 0.07827851
 0.08325334 0.0882827  0.08765601 0.12065093 0.16123601 0.12800988
 0.12003521 0.12108173 0.11583458 0.11912447]","[0.01634484 0.02563388 0.08943509 0.12323344 0.20012445 0.21764313
 0.23160494 0.24541395 0.26644899 0.31480968 0.34687775 0.38420795
 0.41932777 0.43979736 0.46074398 0.48376956 0.49226386 0.51476612
 0.54345971 0.55286514 0.56267413 0.57867643 0.60350582 0.63454279
 0.66496833 0.69454583 0.72132072 0.75494364 0.79445555 0.82076727
 0.84228151 0.86137834 0.87743552 0.89203595]",2006.0,1990.0,34
4,prescdrug,Arizona,"[1971 1972 1973 1974 1975 1976 1977 1978 1979 1980 1981 1982 1983 1984
 1985 1986 1987 1988 1989 1990 1991 1992 1993 1994 1995 1996 1997 1998
 1999 2000 2001 2002 2003 2004 2005 2006]","[0.06333599 0.0590143  0.05018891 0.04045089 0.05660562 0.04630062
 0.04975745 0.03944005 0.03456658 0.03071394 0.03957729 0.05977544
 0.04875195 0.03868342 0.05347148 0.04841416 0.05188355 0.04664526
 0.02544958 0.07339491 0.07463564 0.03241215 0.03054026 0.03477705
 0.03785135 0.09105903 0.11968532 0.19272576 0.16355885 0.15414521
 0.24721261 0.23064711 0.20466164 0.2202245  0.28810682 0.22735566]","[0.06333599 0.11861256 0.16284843 0.19671196 0.24218257 0.27726999
 0.3132312  0.3403174  0.36312037 0.38268145 0.40711324 0.44255331
 0.46972993 0.49024259 0.51750007 0.5408599  0.56468172 0.58498725
 0.59554915 0.62523378 0.6532047  0.66444508 0.67469302 0.68600623
 0.69789132 0.72540104 0.75826651 0.80485478 0.83677251 0.86193324
 0.89606509 0.92003737 0.93640266 0.95040835 0.96469604 0.9727226 ]",,1985.0,36
4,prescdrug,Arkansas,"[1971 1972 1973 1974 1975 1976 1977 1978 1979 1980 1981 1982 1983 1984
 1985 1986 1987 1988 1989 1990 1991 1992 1993 1994 1995 1996 1997 1998
 1999 2000 2001 2002 2003 2004 2005 2006]","[0.03386133 0.00928938 0.01969366 0.00909331 0.11039671 0.01510607
 0.04705646 0.01324122 0.02192602 0.01119902 0.06336688 0.02425906
 0.04778544 0.0220356  0.03618713 0.01814264 0.03982272 0.03350656
 0.05444289 0.03059089 0.07801042 0.02663033 0.04433357 0.03435731
 0.05990206 0.05699053 0.1125334  0.07982049 0.07461306 0.12698715
 0.10938056 0.19029744 0.14584026 0.13581467 0.15669389 0.16586573]","[0.03386133 0.04283616 0.06168623 0.0702186  0.17286341 0.1853582
 0.22369236 0.23397162 0.25076757 0.25915824 0.30610307 0.32293636
 0.35529015 0.36949671 0.39231282 0.40333787 0.42709858 0.44629453
 0.47643986 0.49245603 0.53204975 0.54451142 0.56470485 0.57966042
 0.60483963 0.62736002 0.66929447 0.69569155 0.71839693 0.7541569
 0.78104736 0.82271349 0.848569   0.86913555 0.88964121 0.90794595]",,1991.0,36
4,prescdrug,Colorado,"[1971 1972 1973 1974 1975 1976 1977 1978 1979 1980 1981 1982 1983 1984
 1985 1986 1987 1988 1989 1990 1991 1992 1993 1994 1995 1996 1997 1998
 1999 2000 2001 2002 2003 2004 2005 2006]","[0.04074681 0.04982861 0.04742195 0.04922787 0.07003898 0.05090494
 0.05644188 0.02382374 0.02727167 0.02087082 0.05449872 0.02780734
 0.04137211 0.04019385 0.04342411 0.03686731 0.03853288 0.06361339
 0.03045936 0.06293636 0.05401024 0.04244133 0.03000438 0.04150772
 0.03369799 0.10990615 0.09911952 0.08655895 0.07840459 0.08839966
 0.1337148  0.10648345 0.13091125 0.141656   0.22805083 0.22369535]","[0.04074681 0.08854507 0.13176804 0.17450925 0.23232578 0.27140418
 0.3125275  0.32890567 0.34720753 0.36083184 0.39566569 0.41247062
 0.43677795 0.45941601 0.48289039 0.50195483 0.52114594 0.55160747
 0.56526522 0.59262584 0.61462822 0.63098391 0.642056   0.65691344
 0.66847477 0.70491143 0.73416047 0.75717126 0.77621015 0.7959931
 0.82327184 0.84209046 0.8627626  0.8822031  0.90906678 0.92940812]",,1986.0,36
4,prescdrug,Connecticut,"[1971 1972 1973 1974 1975 1976 1977 1978 1979 1980 1981 1982 1983 1984
 1985 1986 1987 1988 1989 1990 1991 1992 1993 1994 1995 1996 1997 1998
 1999 2000 2001 2002 2003 2004 2005 2006]","[0.0451573  0.06181466 0.0651795  0.05735211 0.06810302 0.08621859
 0.08650925 0.09996933 0.1166177  0.11468402 0.07850337 0.13492895
 0.04594544 0.04932199 0.0498334  0.03855466 0.0395842  0.08146354
 0.13027395 0.07273586 0.07813136 0.19914538 0.19002427 0.14275515
 0.23897496 0.20026739 0.14764053 0.16201833 0.23048627 0.24222537
 0.30587039 0.28144898 0.28766408 0.21377394 0.22650423 0.21677274]","[0.0451573  0.10418058 0.16256964 0.21059803 0.26435869 0.32778465
 0.3859375  0.44732492 0.51177662 0.56776804 0.6016997  0.65544194
 0.67127281 0.68748629 0.70305991 0.71450834 0.7258093  0.74814584
 0.78095588 0.79688824 0.81275764 0.85004609 0.87854097 0.89587987
 0.92076198 0.93663077 0.94598664 0.95473779 0.96517011 0.97360679
 0.98167969 0.98683592 0.99062276 0.99262737 0.9942973  0.99553349]",,1979.0,36
4,prescdrug,Delaware,"[1971 1972 1973 1974 1975 1976 1977 1978 1979 1980 1981 1982 1983 1984
 1985 1986 1987 1988 1989 1990 1991 1992 1993 1994 1995 1996 1997 1998
 1999 2000 2001 2002 2003 2004 2005 2006]","[0.05395197 0.0562235  0.08162353 0.06558154 0.05902563 0.05296197
 0.04732531 0.02127307 0.02095872 0.03065255 0.05160859 0.03829473
 0.02938952 0.02631406 0.02434864 0.02860348 0.02512607 0.05877227
 0.04231454 0.05718054 0.03484108 0.08296594 0.03574822 0.04178746
 0.04432788 0.08365618 0.09395575 0.0792315  0.08920361 0.11114278
 0.12399925 0.11040021 0.13730298 0.10484299 0.11929516 0.13970539]","[0.05395197 0.1071421  0.18002032 0.23379585 0.27902153 0.31720597
 0.34951942 0.36335714 0.37670036 0.39580608 0.42698767 0.44893103
 0.46512668 0.47920137 0.49188211 0.50641604 0.51881787 0.54709803
 0.56626237 0.59106372 0.6053115  0.63805721 0.65099602 0.66558001
 0.68040414 0.70714031 0.73465616 0.75567975 0.777474   0.80220616
 0.82673245 0.84586122 0.86702493 0.88096644 0.89516657 0.90981236]",,1986.0,36
4,prescdrug,Florida,"[1971 1972 1973 1974 1975 1976 1977 1978 1979 1980 1981 1982 1983 1984
 1985 1986 1987 1988 1989 1990 1991 1992 1993 1994 1995 1996 1997 1998
 1999 2000 2001 2002 2003 2004 2005 2006]","[0.03019251 0.04435114 0.03383194 0.03570194 0.03083171 0.0278915
 0.04456883 0.02601796 0.02680848 0.04139642 0.03300864 0.05040357
 0.04915105 0.04722642 0.04345689 0.04098566 0.0377993  0.0750145
 0.04778121 0.0630281  0.07447555 0.04874541 0.06794053 0.06714677
 0.04840496 0.11574786 0.10102008 0.07879035 0.05658061 0.07849655
 0.10215002 0.10076494 0.11092329 0.10613028 0.1228838  0.16036308]","[0.03019251 0.07320458 0.10455987 0.13652882 0.16315111 0.18649209
 0.22274919 0.24297167 0.26326645 0.29376458 0.31707645 0.35149824
 0.38337279 0.41249388 0.43802507 0.46105798 0.48142961 0.52032991
 0.54324913 0.57203727 0.60391003 0.6232176  0.6488164  0.67239724
 0.68825484 0.72433867 0.752186   0.77171135 0.78462806 0.80153402
 0.82180732 0.8397629  0.85753692 0.87265657 0.88830501 0.90621677]",,1988.0,36
4,prescdrug,Georgia,"[1971 1972 1973 1974 1975 1976 1977 1978 1979 1980 1981 1982 1983 1984
 1985 1986 1987 1988 1989 1990 1991 1992 1993 1994 1995 1996 1997 1998
 1999 2000 2001 2002 2003 2004 2005 2006]","[0.02250241 0.01863803 0.01642892 0.01802207 0.02659787 0.02720995
 0.02959685 0.04554942 0.02998486 0.03404107 0.02988798 0.06874042
 0.05887116 0.04518936 0.04994882 0.04953456 0.03545734 0.04993646
 0.01862784 0.03894646 0.04971308 0.02741236 0.03268408 0.0487256
 0.07185383 0.10672226 0.107991   0.14683146 0.07304814 0.12661016
 0.1476289  0.15344176 0.11493683 0.10791816 0.10432345 0.12175997]","[0.02250241 0.04072104 0.05648095 0.07348512 0.09812844 0.12266833
 0.14863458 0.18741378 0.21177906 0.23861094 0.26136732 0.31214124
 0.35263629 0.38189024 0.4127641  0.44185257 0.46164299 0.48852663
 0.49805428 0.51760329 0.54158472 0.55415096 0.56872313 0.58973735
 0.61921629 0.65985439 0.69658705 0.74113762 0.76004704 0.79042752
 0.82136647 0.84877632 0.86615749 0.88060152 0.89305759 0.90607889]",,1990.0,36
4,prescdrug,Indiana,"[1971 1972 1973 1974 1975 1976 1977 1978 1979 1980 1981 1982 1983 1984
 1985 1986 1987 1988 1989 1990 1991 1992 1993 1994 1995 1996 1997]","[0.04810285 0.04453411 0.04648699 0.04517358 0.06562831 0.09624288
 0.0862645  0.04767983 0.04979551 0.04294401 0.09642154 0.06054369
 0.05730037 0.05807851 0.05752661 0.05625071 0.03886176 0.07870952
 0.03861571 0.07656518 0.07313737 0.06061009 0.03414719 0.05420889
 0.06079199 0.08406409 0.10239453]","[0.04810285 0.09049475 0.13277491 0.17195057 0.22629405 0.30075774
 0.36107753 0.39154124 0.42183976 0.44666828 0.50002138 0.53029193
 0.55720638 0.58292317 0.60691619 0.62902743 0.64344408 0.67150843
 0.68419336 0.70837315 0.72970197 0.74608476 0.75475525 0.7680497
 0.78215042 0.80046375 0.82089517]",1997.0,1981.0,27
4,prescdrug,Iowa,"[1971 1972 1973 1974 1975 1976 1977 1978 1979 1980 1981 1982 1983 1984
 1985 1986 1987 1988 1989 1990 1991 1992 1993 1994 1995 1996 1997 1998
 1999 2000 2001 2002 2003 2004 2005 2006]","[0.03375673 0.03479562 0.03834103 0.05103032 0.09893949 0.0851846
 0.07772128 0.0514318  0.03703517 0.03673126 0.06385986 0.04501212
 0.0559933  0.05657361 0.02534531 0.02600687 0.02789589 0.05860862
 0.03259765 0.06978934 0.04953588 0.05524104 0.03441216 0.04733221
 0.07123608 0.08970446 0.09176636 0.09194369 0.09193391 0.10868659
 0.09610234 0.11440498 0.13739263 0.11822875 0.11978964 0.11951093]","[0.03375673 0.06737777 0.10313547 0.14890275 0.23310989 0.29843712
 0.35296348 0.38624173 0.40897238 0.43068157 0.46703816 0.4910279
 0.51952693 0.54670903 0.55819783 0.56968772 0.58169166 0.60620814
 0.61904483 0.64563144 0.66318539 0.68179138 0.69274163 0.70728485
 0.72813673 0.75252408 0.77523404 0.79589985 0.81466358 0.83480716
 0.85068258 0.86776524 0.88593332 0.89941928 0.91146781 0.92204837]",,1983.0,36
4,prescdrug,Kansas,"[1971 1972 1973 1974 1975 1976 1977 1978 1979 1980 1981 1982 1983 1984
 1985 1986 1987 1988 1989 1990 1991 1992 1993 1994 1995 1996 1997 1998
 1999 2000 2001 2002 2003 2004 2005 2006]","[0.02578821 0.0245221  0.02417348 0.02678666 0.05022487 0.03538691
 0.03177874 0.02132242 0.01936713 0.01873111 0.0350205  0.0437959
 0.04917989 0.0559239  0.05176698 0.06282947 0.04711425 0.04552958
 0.03209397 0.05229891 0.06424269 0.04899985 0.04048871 0.03692824
 0.03992839 0.07136328 0.07540742 0.07176971 0.09598374 0.10589457
 0.13100761 0.08394251 0.07065367 0.08430544 0.08338728 0.08965808]","[0.02578821 0.04967793 0.07265052 0.09749112 0.14281951 0.17315248
 0.19942865 0.21649877 0.23167294 0.24606456 0.27246776 0.30433068
 0.33854362 0.37553484 0.40786152 0.44506526 0.4712106  0.49528616
 0.51148443 0.53703326 0.56677549 0.58800342 0.60468463 0.61928293
 0.63448435 0.66056875 0.68616438 0.70868827 0.73664946 0.76453685
 0.79538432 0.81256027 0.82580358 0.84048928 0.85379045 0.86689931]",,1989.0,36
4,prescdrug,Kentucky,"[1972 1973 1974 1975 1976 1977 1978 1979 1980 1981 1982 1983 1984 1985
 1986 1987 1988 1989 1990 1991 1992 1993 1994 1995 1996 1997 1998 1999]","[0.03045698 0.01998335 0.10037169 0.0284856  0.0634242  0.02716628
 0.03460631 0.01352409 0.02667705 0.04723874 0.03464026 0.01807998
 0.02894308 0.01896925 0.03900619 0.01764947 0.0643533  0.02149783
 0.05592569 0.04246055 0.05023661 0.02257357 0.04645554 0.0442232
 0.06766698 0.0741079  0.11436561 0.14038859]","[0.03045698 0.0498317  0.1452017  0.16955113 0.22222169 0.24335104
 0.26953586 0.27941473 0.29863781 0.33176928 0.35491696 0.36658005
 0.38491317 0.39658091 0.42011799 0.4303526  0.46701129 0.47846939
 0.50763635 0.52854238 0.55222681 0.56233465 0.58266663 0.60112245
 0.62811329 0.65567303 0.6950522  0.73786339]",1999.0,1990.0,28
4,prescdrug,Louisiana,"[1971 1972 1973 1974 1975 1976 1977 1978 1979 1980 1981 1982 1983 1984
 1985 1986 1987 1988 1989 1990 1991 1992 1993 1994 1995 1996 1997 1998
 1999 2000 2001 2002 2003 2004 2005 2006]","[0.02183879 0.03599619 0.01954522 0.01839921 0.02098125 0.02002983
 0.03925497 0.03770191 0.0239798  0.02234534 0.07793604 0.11793557
 0.08616129 0.09298556 0.07487538 0.08707778 0.06596092 0.08302673
 0.02877032 0.03941098 0.05791215 0.03704984 0.03781057 0.05469191
 0.04755428 0.07131854 0.06486043 0.10711366 0.13094019 0.19585188
 0.21434494 0.16352764 0.09971134 0.1558182  0.29717633 0.19802852]","[0.02183879 0.05704886 0.07547905 0.0924895  0.11153021 0.12932611
 0.16350439 0.19504187 0.21434461 0.23190035 0.29176299 0.37528933
 0.42911521 0.48219925 0.52096978 0.56268266 0.59152852 0.62544257
 0.63621871 0.65055568 0.67079276 0.68298983 0.69497617 0.7116585
 0.72537037 0.74495656 0.76149879 0.78704552 0.81492982 0.85117617
 0.8830758  0.90219614 0.91194829 0.92566835 0.94775796 0.95810337]",,1985.0,36
4,prescdrug,Maine,"[1971 1972 1973 1974 1975 1976 1977 1978 1979 1980 1981 1982 1983 1984
 1985 1986 1987 1988 1989 1990 1991 1992 1993 1994 1995 1996 1997 1998
 1999 2000 2001 2002 2003 2004]","[0.02556991 0.02236798 0.05159782 0.03474117 0.11618946 0.05781021
 0.06094228 0.03285107 0.03171148 0.02375215 0.06726288 0.02925779
 0.0306372  0.02725372 0.02491105 0.02412975 0.03745373 0.04029845
 0.05962663 0.04691526 0.02979084 0.07498705 0.04986275 0.07204279
 0.11942813 0.10910881 0.1276785  0.07166577 0.09028232 0.09257421
 0.16840372 0.09253866 0.12720016 0.10536215]","[0.02556991 0.04736594 0.09651978 0.12790774 0.22923567 0.27379372
 0.31805039 0.34045316 0.36136837 0.37653724 0.41847314 0.43548733
 0.45278242 0.46769613 0.48095638 0.49348077 0.51245181 0.53209924
 0.55999859 0.58064137 0.59313441 0.62364406 0.6424102  0.66817197
 0.70780157 0.73968299 0.77291988 0.78919375 0.80822583 0.82597917
 0.85528492 0.86867666 0.88538101 0.89745752]",2004.0,1987.0,34
4,prescdrug,Maryland,"[1973 1974 1975 1976 1977 1978 1979 1980 1981 1982 1983 1984 1985 1986
 1987 1988 1989 1990 1991 1992 1993 1994 1995 1996 1997 1998 1999 2000
 2001 2002 2003 2004 2005 2006]","[0.06283629 0.05295134 0.05918404 0.06849464 0.0566749  0.054659
 0.04920351 0.04865749 0.04292801 0.02346594 0.02377288 0.018827
 0.0194878  0.02176974 0.02806606 0.03598403 0.07372575 0.06645365
 0.04043234 0.07650691 0.05724103 0.11894252 0.12441941 0.11084105
 0.07653038 0.08678556 0.08694431 0.10911855 0.17201126 0.15209316
 0.19239962 0.15225118 0.17769969 0.22048516]","[0.06283629 0.11246037 0.16498855 0.22218236 0.2662651  0.30637031
 0.34049933 0.37258898 0.39952249 0.41361326 0.42755336 0.43833082
 0.44927651 0.46126562 0.47638577 0.49522752 0.53244225 0.56351317
 0.58116135 0.6132054  0.63534592 0.6787188  0.71869241 0.74987284
 0.76901517 0.78906132 0.80740124 0.82841733 0.85793149 0.87953913
 0.90271576 0.9175274  0.93218276 0.94713545]",,1989.0,34
4,prescdrug,Massachusetts,"[1971 1972 1973 1974 1975 1976 1977 1978 1979 1980 1981 1982 1983 1984
 1985 1986 1987 1988 1989 1990 1991 1992]","[0.02172239 0.03799677 0.04445129 0.04168711 0.04900897 0.06614398
 0.09666209 0.08193505 0.09022558 0.09557032 0.04971608 0.04663467
 0.03587881 0.03374711 0.04106953 0.0338783  0.03284701 0.03863403
 0.03601333 0.02742749 0.02509498 0.07108835]","[0.02172239 0.05889378 0.10072717 0.13821525 0.18045043 0.23465871
 0.3086382  0.36528496 0.42255249 0.47773933 0.50370409 0.52684869
 0.54382479 0.55921939 0.57732204 0.59164165 0.605055   0.62031332
 0.6339871  0.64402591 0.65295908 0.67762964]",1992.0,1981.0,22
4,prescdrug,Michigan,"[1971 1972 1973 1974 1975 1976 1977 1978 1979 1980 1981 1982 1983 1984
 1985 1986 1987 1988]","[0.03768371 0.03752488 0.04562712 0.09869883 0.08251862 0.06529329
 0.07173533 0.05524738 0.06389314 0.06255259 0.07129298 0.03397027
 0.02867973 0.03090553 0.02694056 0.02763436 0.02607237 0.04049289]","[0.03768371 0.07379452 0.11605461 0.20329898 0.26904165 0.31676833
 0.36578018 0.40081917 0.43910271 0.47418829 0.51167497 0.52826351
 0.54179278 0.55595392 0.56791677 0.57985712 0.59081124 0.60738047]",1988.0,1981.0,18
4,prescdrug,Minnesota,"[1971 1972 1973 1974 1975 1976 1977 1978 1979 1980 1981 1982 1983 1984
 1985 1986 1987 1988 1989 1990 1991 1992 1993 1994 1995 1996 1997 1998
 1999 2000 2001 2002 2003 2004 2005 2006]","[0.02422683 0.01956728 0.04408829 0.06057321 0.10653402 0.06897935
 0.06545067 0.04753076 0.04865729 0.04877857 0.06648695 0.04187046
 0.04199828 0.04136173 0.0351392  0.0422431  0.04029635 0.06047832
 0.056474   0.06520009 0.04076262 0.07511851 0.05231928 0.05571018
 0.08852899 0.11132718 0.11964333 0.09543937 0.08557133 0.08422972
 0.13210216 0.10037464 0.13135633 0.13770751 0.13677554 0.12986681]","[0.02422683 0.04332005 0.08549843 0.14089272 0.23241688 0.28536426
 0.33213765 0.36388165 0.39483345 0.42435261 0.46262565 0.48512576
 0.50674959 0.52715128 0.5437668  0.56303951 0.58064742 0.60600916
 0.62825939 0.65249691 0.66666205 0.6917019  0.70783184 0.72410858
 0.74853297 0.77652808 0.803265   0.82204127 0.83726943 0.85097618
 0.87066255 0.88364475 0.89892875 0.91284702 0.92476742 0.93453763]",,1983.0,36
4,prescdrug,Mississippi,"[1974 1975 1976 1977 1978 1979 1980 1981 1982 1983 1984 1985 1986 1987
 1988 1989 1990 1991 1992 1993 1994 1995 1996 1997 1998 1999 2000 2001
 2002 2003 2004 2005]","[0.01496569 0.02357914 0.01872311 0.04026708 0.02230345 0.02278252
 0.01899571 0.02135243 0.0666237  0.05572056 0.06119592 0.06250485
 0.05106989 0.0360777  0.05464614 0.02537294 0.06766257 0.0652791
 0.03059458 0.03255119 0.04201639 0.06539303 0.05618793 0.06609117
 0.11341376 0.10886594 0.12158037 0.15032839 0.15222798 0.15478167
 0.13310615 0.13484272]","[0.01496569 0.03819194 0.05619998 0.09420405 0.11440643 0.13458248
 0.1510217  0.16914945 0.22450379 0.26771487 0.31252774 0.35549809
 0.38841272 0.41047739 0.44269252 0.45683305 0.49358512 0.52664343
 0.54112557 0.55606248 0.57471513 0.6025258  0.62485905 0.64965256
 0.68938678 0.72320198 0.75685519 0.79340675 0.82485603 0.8519651
 0.87166946 0.8889739 ]",2005.0,1991.0,32
4,prescdrug,Missouri,"[1971 1972 1973 1974 1975 1976 1977 1978 1979 1980 1981 1982 1983 1984
 1985 1986 1987 1988 1989 1990 1991 1992 1993 1994 1995 1996 1997 1998
 1999 2000 2001 2002 2003 2004 2005 2006]","[0.04448035 0.01963882 0.03406151 0.0312838  0.03743634 0.03474349
 0.05421021 0.03431338 0.02580691 0.02602866 0.0529603  0.03863499
 0.0270755  0.02541611 0.02564786 0.02665358 0.02637617 0.07948777
 0.03095147 0.06801169 0.05534374 0.06558602 0.03282552 0.04397866
 0.07248704 0.09095949 0.09700595 0.09689417 0.07250533 0.08380564
 0.1042526  0.10347209 0.10370245 0.1105904  0.11706475 0.13727304]","[0.04448035 0.06324562 0.09515289 0.12345995 0.1562744  0.18558837
 0.22973779 0.2561681  0.27536409 0.29422539 0.33160343 0.35742692
 0.3748249  0.39071442 0.40634129 0.42216442 0.43740551 0.48212489
 0.49815389 0.53228529 0.55817038 0.58714822 0.6007003  0.61826096
 0.6459321  0.67813793 0.70936047 0.73752174 0.75655281 0.77695506
 0.80020808 0.82088096 0.83945605 0.85721067 0.87392626 0.89123279]",,1990.0,36
4,prescdrug,Montana,"[1971 1972 1973 1974 1975 1976 1977 1978 1979 1980 1981 1982 1983 1984
 1985 1986 1987 1988 1989 1990 1991 1992 1993 1994 1995 1996 1997 1998
 1999 2000 2001 2002 2003 2004 2005 2006]","[0.05649217 0.05499294 0.16930287 0.0542582  0.0923097  0.09486456
 0.08372082 0.06064053 0.09017682 0.03506133 0.08289599 0.03114253
 0.05014211 0.02695418 0.0371497  0.02577929 0.04068159 0.04681414
 0.0504135  0.03685521 0.08399509 0.04102971 0.03815436 0.03001487
 0.06362486 0.07681366 0.0756042  0.14382043 0.07544528 0.0792912
 0.08467199 0.1013165  0.10583537 0.11046057 0.11948328 0.1368937 ]","[0.05649217 0.10837844 0.25933253 0.29951981 0.36418093 0.42449763
 0.47267916 0.50465618 0.54932471 0.56512598 0.60117529 0.6135957
 0.63297083 0.6428638  0.6561313  0.66499599 0.67862449 0.69366941
 0.7091126  0.71983332 0.74336595 0.75389557 0.76328552 0.77039048
 0.78499935 0.80151434 0.81652069 0.84290876 0.85476055 0.86627676
 0.87759938 0.89000058 0.90164241 0.91250704 0.92296099 0.93350714]",,1978.0,36
4,prescdrug,Nevada,"[1971 1972 1973 1974 1975 1976 1977 1978 1979 1980 1981 1982 1983 1984
 1985 1986 1987 1988 1989 1990 1991 1992 1993 1994 1995]","[0.06917524 0.03439662 0.07285025 0.02700723 0.09195366 0.03634345
 0.09356741 0.0316056  0.04975839 0.02560835 0.04947894 0.05162993
 0.0808602  0.02408805 0.06580932 0.03306424 0.03173023 0.04636896
 0.03044436 0.03133619 0.0742971  0.02450936 0.06626395 0.04283965
 0.0911885 ]","[0.06917524 0.10119247 0.16667082 0.18917674 0.26373491 0.29049332
 0.35688003 0.37720622 0.40819544 0.42335058 0.45188258 0.48018184
 0.52221444 0.53372336 0.56440871 0.57881121 0.59217562 0.61108602
 0.62292625 0.63474231 0.66187989 0.670167   0.69202304 0.70521667
 0.73209752]",1995.0,1983.0,25
4,prescdrug,New Hampshire,"[1971 1972 1973 1974 1975 1976 1977 1978 1979 1980 1981 1982 1983 1984
 1985 1986 1987 1988 1989 1990 1991 1992 1993 1994 1995 1996 1997 1998
 1999 2000 2001 2002 2003 2004 2005 2006]","[0.14485926 0.0281395  0.04963395 0.03057338 0.09428177 0.03573221
 0.07348381 0.01855973 0.03057438 0.02256532 0.05196702 0.01925593
 0.05341584 0.02631773 0.05086449 0.05195481 0.04168904 0.0412515
 0.04098239 0.07358548 0.07302942 0.04410946 0.05365394 0.03330968
 0.04195125 0.04999859 0.06657732 0.06571548 0.10072172 0.06720696
 0.08517553 0.05869499 0.07330148 0.23247503 0.20779088 0.21205558]","[0.14485926 0.16892249 0.21017215 0.23431986 0.30650953 0.33128948
 0.38042887 0.39192794 0.41051937 0.42382119 0.45376349 0.46428178
 0.49289762 0.5062434  0.53135808 0.55570628 0.57422846 0.59179217
 0.60852151 0.63732864 0.66381432 0.67864329 0.69588534 0.7060153
 0.71834833 0.73243051 0.75024457 0.76665737 0.79016004 0.80426275
 0.82093477 0.831445   0.84380033 0.88011286 0.90502431 0.92516444]",,1984.0,36
4,prescdrug,New Jersey,"[1972 1973 1974 1975 1976 1977 1978 1979 1980 1981 1982 1983 1984 1985
 1986 1987 1988 1989 1990 1991 1992 1993 1994 1995 1996 1997 1998 1999
 2000 2001 2002 2003 2004 2005 2006]","[0.04810028 0.06928416 0.08156066 0.07139857 0.10026674 0.08910015
 0.1255801  0.12306976 0.11213025 0.11219187 0.05372457 0.04454531
 0.03805479 0.0415794  0.03398911 0.03208837 0.04379852 0.09625496
 0.09814402 0.05571672 0.12506838 0.05047447 0.04222031 0.08565288
 0.06211706 0.0586292  0.05723075 0.07095438 0.08225167 0.08764279
 0.18429156 0.2428142  0.1954163  0.21769868 0.20874245]","[0.04810028 0.11405185 0.18631037 0.24440665 0.32016753 0.3807407
 0.45850735 0.52514872 0.57839391 0.62569469 0.64580408 0.66158185
 0.67446028 0.68799603 0.69860077 0.70827218 0.72104942 0.7478998
 0.77264193 0.78530957 0.81216056 0.82164165 0.829172   0.84380391
 0.85350635 0.86209516 0.86998756 0.87921251 0.88914748 0.89886291
 0.91750162 0.9375334  0.94974039 0.96068184 0.96888921]",,1979.0,35
4,prescdrug,New Mexico,"[1971 1972 1973 1974 1975 1976 1977 1978 1979 1980 1981 1982 1983 1984
 1985 1986 1987 1988 1989 1990 1991 1992 1993 1994 1995 1996 1997 1998
 1999 2000 2001 2002 2003 2004 2005]","[0.03845328 0.04620829 0.02987973 0.02841177 0.06290026 0.02951332
 0.0301157  0.02243994 0.02646905 0.03327085 0.06592702 0.10008249
 0.05268959 0.05421387 0.05711261 0.04749735 0.03856402 0.06659389
 0.03362125 0.06755179 0.07497735 0.0671648  0.0504737  0.05037839
 0.05262917 0.10615174 0.11965039 0.11911073 0.06458023 0.09582843
 0.1437133  0.12204377 0.20557338 0.14930874 0.13812834]","[0.03845328 0.0828847  0.11028786 0.13556615 0.18993926 0.21384684
 0.23752239 0.25463234 0.27436151 0.29850412 0.34475165 0.41033054
 0.44139998 0.47168385 0.50185736 0.52551782 0.54381575 0.57419484
 0.58851094 0.61630776 0.64507599 0.66891439 0.6856255  0.70146318
 0.71717493 0.7471973  0.77744524 0.8039539  0.8166146  0.83418814
 0.85801751 0.87534559 0.90097122 0.91575708 0.92739341]",2005.0,1985.0,35
4,prescdrug,New York,"[1971 1972 1973 1974 1975 1976 1977 1978 1979 1980 1981 1982 1983 1984
 1985 1986]","[0.03325288 0.0450797  0.0450797  0.0450797  0.0450797  0.0450797
 0.0450797  0.0450797  0.0450797  0.0450797  0.0450797  0.0450797
 0.0450797  0.0450797  0.0450797  0.0450797 ]","[0.03325288 0.07683355 0.11844961 0.15818964 0.19613819 0.23237604
 0.26698029 0.3000246  0.33157928 0.36171148 0.39048533 0.41796207
 0.44420016 0.46925545 0.49318125 0.51602849]",1972.0,1986.0,16
4,prescdrug,North Carolina,"[1973 1974 1975 1976 1977 1978 1979 1980 1981 1982 1983 1984 1985 1986
 1987 1988 1989 1990 1991 1992 1993 1994 1995 1996 1997 1998 1999 2000
 2001 2002 2003 2004 2005 2006]","[0.03651332 0.0230084  0.02918439 0.0230185  0.03698318 0.02358568
 0.02101309 0.02084871 0.03274524 0.05629765 0.05537335 0.04760431
 0.04733193 0.04139493 0.02893086 0.04945418 0.02055221 0.04213385
 0.0500985  0.02732474 0.03536191 0.04101276 0.06335148 0.08512254
 0.08977289 0.08547917 0.05097115 0.10280415 0.09511478 0.12096688
 0.12036568 0.10177725 0.10911815 0.13150581]","[0.03651332 0.05868161 0.08615342 0.10718879 0.14020779 0.16048657
 0.17812734 0.19526233 0.22161366 0.26543498 0.3061103  0.33914244
 0.37042211 0.39648344 0.41394369 0.44292663 0.45437572 0.47736497
 0.5035482  0.51711362 0.5341894  0.55329358 0.58159309 0.61720895
 0.65157321 0.68135644 0.69759807 0.72868624 0.75449219 0.78419051
 0.81016656 0.82948729 0.84809332 0.86806993]",,1991.0,34
4,prescdrug,North Dakota,"[1971 1972 1973 1974 1975 1976 1977 1978 1979 1980 1981 1982 1983 1984
 1985 1986 1987 1988 1989 1990 1991 1992 1993 1994 1995 1996 1997 1998
 1999 2000 2001 2002 2003 2004 2005 2006]","[0.04296446 0.02032089 0.21015405 0.06358756 0.08511199 0.03475587
 0.06113325 0.0189783  0.0322762  0.02001041 0.05869388 0.02084539
 0.07860027 0.03201906 0.04998953 0.03083785 0.04281137 0.03552764
 0.06721687 0.04496574 0.04688888 0.04429972 0.05986265 0.06192247
 0.17076282 0.09640999 0.133746   0.11650313 0.09263155 0.09018135
 0.11383498 0.14193281 0.13617973 0.12761286 0.10898764 0.1053097 ]","[0.04296446 0.06241227 0.25945013 0.30653989 0.36556166 0.38761211
 0.42504937 0.43596096 0.45416599 0.46508836 0.49648439 0.50698038
 0.54573185 0.56027709 0.58225863 0.59514087 0.61247345 0.62624135
 0.65136424 0.6670409  0.68265298 0.69671137 0.71486703 0.73252317
 0.77819826 0.79958217 0.82638725 0.84661368 0.86082209 0.87337334
 0.88778789 0.90371447 0.9168266  0.9274406  0.93534868 0.94215709]",,1982.0,36
4,prescdrug,Ohio,"[1971 1972 1973 1974 1975 1976 1977 1978 1979 1980 1981 1982 1983 1984
 1985 1986 1987 1988 1989 1990 1991 1992 1993 1994 1995 1996 1997 1998
 1999 2000 2001 2002 2003 2004 2005 2006]","[0.02875167 0.06207138 0.05109815 0.14440558 0.08088098 0.06455742
 0.05826443 0.03628813 0.0289038  0.02675044 0.04696297 0.03176865
 0.04565397 0.05394313 0.03816225 0.03448886 0.03209538 0.06211849
 0.03109566 0.0676486  0.04172992 0.06308277 0.03079621 0.05255935
 0.04292375 0.09516195 0.11367213 0.10904343 0.12107563 0.13886579
 0.20288779 0.25008439 0.35688017 0.29530333 0.26471977 0.22290464]","[0.02875167 0.08903839 0.13558684 0.26041293 0.32023145 0.36411556
 0.401165   0.4228956  0.43957611 0.45456769 0.48018281 0.4966967
 0.5196745  0.54558476 0.56292626 0.57800044 0.59154467 0.6169173
 0.62882951 0.65393868 0.66837979 0.68929931 0.69886771 0.71469503
 0.72694139 0.75292618 0.78101158 0.80489083 0.8285138  0.85232737
 0.88228834 0.91172619 0.94322936 0.95999392 0.97058432 0.97714121]",2006.0,1983.0,36
4,prescdrug,Oklahoma,"[1971 1972 1973 1974 1975 1976 1977 1978 1979 1980 1981 1982 1983 1984
 1985 1986 1987 1988 1989 1990]","[0.02770397 0.01805568 0.01916046 0.01711174 0.02334814 0.02069346
 0.03111789 0.01989366 0.01747469 0.01960412 0.04140932 0.06774017
 0.05122636 0.06356054 0.05601327 0.04732301 0.04792494 0.05689643
 0.01978786 0.06397602]","[0.02770397 0.04525944 0.0635527  0.07957694 0.10106711 0.11966913
 0.14706317 0.1640312  0.1786395  0.19474154 0.22808675 0.28037629
 0.31723999 0.36063659 0.39644942 0.42501125 0.45256755 0.48371451
 0.49393069 0.52630699]",1990.0,1990.0,20
4,prescdrug,Oregon,"[1971 1972 1973 1974 1975 1976 1977 1978 1979 1980 1981 1982 1983 1984
 1985 1986 1987 1988 1989 1990 1991 1992 1993 1994 1995 1996 1997 1998
 1999 2000 2001 2002 2003 2004 2005 2006]","[0.10150927 0.07819728 0.08289102 0.08151917 0.09351637 0.09586318
 0.09304037 0.07729725 0.07350148 0.0880857  0.10021888 0.0568314
 0.05208452 0.04224897 0.05342429 0.0468135  0.04380769 0.07298749
 0.13039146 0.07094498 0.04443138 0.13214798 0.09509785 0.05313958
 0.16056684 0.20103119 0.19557388 0.21862867 0.17428507 0.16746928
 0.24790615 0.19183836 0.27368705 0.2401216  0.22875623 0.20476986]","[0.10150927 0.1717688  0.24042173 0.30234192 0.36758438 0.42820975
 0.48140932 0.52149495 0.55666578 0.59571719 0.63623396 0.65690729
 0.67477711 0.68851744 0.70515818 0.71896075 0.73127243 0.75088618
 0.7833685  0.79873742 0.80767979 0.83309452 0.84896687 0.85699271
 0.87995494 0.90408774 0.92284567 0.93971382 0.9502208  0.95855729
 0.96883119 0.97481056 0.98170459 0.98609771 0.98927795 0.9914735 ]",,1978.0,36
4,prescdrug,Pennsylvania,"[1971 1972 1973 1974 1975 1976 1977 1978 1979 1980 1981 1982 1983 1984
 1985 1986 1987 1988 1989 1990 1991 1992 1993 1994 1995 1996 1997 1998
 1999 2000 2001 2002]","[0.02615858 0.05306565 0.06652598 0.07770545 0.07765675 0.07595696
 0.0696576  0.0368381  0.03569827 0.03849141 0.06008575 0.04134033
 0.0350679  0.02830049 0.02414749 0.02994822 0.02563979 0.05212161
 0.04990746 0.05816904 0.03470231 0.06127206 0.02723476 0.04148264
 0.07338537 0.11370431 0.05161829 0.05533232 0.06074497 0.07590296
 0.09320805 0.11653231]","[0.02615858 0.07783611 0.13918397 0.20607407 0.26772778 0.32334894
 0.37048283 0.39367305 0.41531787 0.43782311 0.47160193 0.49344608
 0.51120986 0.52504286 0.53651188 0.55039252 0.56192036 0.58475378
 0.60547766 0.62842665 0.6413211  0.6632981  0.67246809 0.68605498
 0.70909395 0.74217122 0.7554799  0.76900977 0.78304126 0.79950907
 0.81819644 0.83938243]",2002.0,1983.0,32
4,prescdrug,Rhode Island,[1971 1972 1973 1974 1975 1976 1977 1978 1979 1980],"[0.02175612 0.04477837 0.0615314  0.08755706 0.04721208 0.07821157
 0.05765434 0.09249451 0.09249451 0.09249451]","[0.02175612 0.06556028 0.12305766 0.19984016 0.23761736 0.29724451
 0.33776141 0.39901485 0.45460268 0.50504894]",1978.0,1980.0,10
4,prescdrug,South Carolina,"[1971 1972 1973 1974 1975 1976 1977 1978 1979 1980 1981 1982 1983 1984
 1985 1986 1987 1988 1989 1990 1991 1992 1993 1994 1995 1996 1997 1998
 1999 2000 2001 2002 2003 2004 2005 2006]","[0.02162518 0.01566233 0.0174017  0.01611309 0.02205848 0.0234735
 0.03016054 0.02381625 0.02229498 0.02359822 0.02889078 0.05379593
 0.04211922 0.05179614 0.04534193 0.03435075 0.02293094 0.04777404
 0.0166985  0.04187655 0.03966381 0.03632348 0.0238743  0.03649181
 0.04420884 0.07420785 0.07855333 0.08420039 0.04440368 0.04936097
 0.09948702 0.0775737  0.09203278 0.07434538 0.0960362  0.08922663]","[0.02162518 0.03694882 0.05370754 0.06895524 0.08949267 0.11086546
 0.13768224 0.15821941 0.17698689 0.19640853 0.21962491 0.26160592
 0.2927065  0.32934157 0.35975052 0.38174357 0.39592077 0.42478007
 0.43438539 0.45807138 0.47956633 0.49847029 0.51044396 0.52830875
 0.54916167 0.58261742 0.61540421 0.64778732 0.66342686 0.68004044
 0.71187226 0.7342234  0.75868356 0.77662432 0.79807647 0.81609343]",,1993.0,36
4,prescdrug,South Dakota,"[1971 1972 1973 1974 1975 1976 1977 1978 1979 1980 1981 1982 1983 1984
 1985 1986 1987 1988 1989 1990 1991 1992 1993 1994 1995 1996 1997 1998
 1999 2000 2001 2002 2003 2004 2005 2006]","[0.02226819 0.02656456 0.03124213 0.03039497 0.10703921 0.07745902
 0.06385759 0.03562525 0.04807729 0.02270841 0.04451524 0.02975864
 0.03605137 0.03260008 0.03959567 0.02882821 0.02762393 0.0538897
 0.05780303 0.06070552 0.04744641 0.05351117 0.03662681 0.06006663
 0.10906835 0.09910732 0.10469694 0.0885915  0.07744214 0.0836608
 0.09772485 0.08791009 0.1042129  0.0969364  0.09467462 0.10525433]","[0.02226819 0.04824121 0.07797618 0.10600107 0.201694   0.26353
 0.31055921 0.33512071 0.3670863  0.38145876 0.40899328 0.42658083
 0.44725338 0.46527296 0.48644584 0.50125069 0.5150281  0.54116309
 0.56768526 0.59392915 0.61319575 0.63389409 0.64730339 0.66848868
 0.70464608 0.73391781 0.7617758  0.78288044 0.79969464 0.81645235
 0.83438952 0.84894835 0.86468988 0.87780635 0.88937499 0.90101875]",,1986.0,36
4,prescdrug,Tennessee,"[1971 1972 1973 1974 1975 1976 1977 1978 1979 1980 1981 1982 1983 1984
 1985 1986 1987 1988 1989 1990 1991 1992 1993 1994 1995 1996 1997 1998
 1999 2000 2001 2002 2003 2004 2005 2006]","[0.03025779 0.02743779 0.01646683 0.0161199  0.0334451  0.03176649
 0.03331223 0.0213652  0.01740867 0.01835003 0.04572893 0.03172423
 0.03038976 0.02506261 0.02331735 0.02222189 0.02238052 0.0530174
 0.0276534  0.0566044  0.04835038 0.03621488 0.02738502 0.05355603
 0.08176814 0.11171363 0.11163209 0.1129281  0.09608337 0.14936936
 0.17445148 0.15898971 0.123275   0.11628038 0.1094155  0.13836589]","[0.03025779 0.05686537 0.07239581 0.08734869 0.11787241 0.14589451
 0.17434667 0.19198692 0.20605335 0.2206223  0.2562624  0.2798569
 0.30174188 0.31924205 0.33511552 0.3498905  0.36444029 0.39813602
 0.4147796  0.44790565 0.47459962 0.49362693 0.50749397 0.53387064
 0.57198517 0.61980026 0.66224275 0.70038503 0.72917305 0.7696263
 0.80981533 0.84005273 0.85977023 0.8760762  0.88963539 0.90490609]",,1993.0,36
4,prescdrug,Texas,"[1971 1972 1973 1974 1975 1976 1977 1978 1979 1980 1981 1982 1983 1984
 1985 1986 1987 1988 1989 1990 1991 1992 1993 1994]","[0.03000703 0.01446241 0.09590368 0.01289322 0.02762359 0.01538838
 0.03528256 0.01255837 0.02605765 0.01188695 0.0296322  0.0296322
 0.0296322  0.0296322  0.0296322  0.0296322  0.0296322  0.0296322
 0.0296322  0.0296322  0.0296322  0.0296322  0.0296322  0.0296322 ]","[0.03000703 0.04403547 0.13571598 0.14685939 0.1704262  0.18319199
 0.21201107 0.22190693 0.24218221 0.25119035 0.27337923 0.29491061
 0.31580396 0.33607819 0.35575166 0.37484215 0.39336696 0.41134283
 0.42878604 0.44571237 0.46213713 0.47807519 0.49354097 0.50854847]",1981.0,1994.0,24
4,prescdrug,Utah,"[1971 1972 1973 1974 1975 1976 1977 1978 1979 1980 1981 1982 1983 1984
 1985 1986 1987 1988 1989 1990 1991 1992 1993 1994 1995]","[0.03078332 0.0297927  0.03088223 0.03953274 0.05748896 0.03346887
 0.0393683  0.03264595 0.03503265 0.0340342  0.04086801 0.09664907
 0.10429832 0.08263821 0.08528165 0.08513074 0.04368816 0.04690121
 0.03362812 0.05828568 0.06400758 0.04804828 0.04544953 0.07495123
 0.05089183]","[0.03078332 0.0596589  0.08869873 0.12472496 0.17504362 0.20265398
 0.23404414 0.2590495  0.28500695 0.30934117 0.33756702 0.40159055
 0.46400365 0.50829743 0.55023064 0.58851984 0.60649665 0.62495243
 0.63756457 0.65868937 0.68053584 0.69588554 0.7097074  0.73146519
 0.74513142]",1995.0,1984.0,25
4,prescdrug,Vermont,"[1989 1990 1991 1992 1993 1994 1995 1996 1997 1998 1999 2000 2001 2002
 2003 2004 2005 2006]","[0.12155084 0.06891994 0.03094268 0.08081043 0.14638648 0.16512421
 0.14241705 0.06767758 0.10587191 0.10300333 0.15271837 0.21106703
 0.20940936 0.17569099 0.22871573 0.24816143 0.19886997 0.18366754]","[0.12155084 0.18209351 0.20740173 0.27145194 0.37810152 0.48079202
 0.55473609 0.58487047 0.62882103 0.6670537  0.71790072 0.77744257
 0.82404818 0.85496133 0.88813396 0.91589479 0.93262079 0.94499617]",,1995.0,18
4,prescdrug,Virginia,"[1972 1973 1974 1975 1976 1977 1978 1979 1980 1981 1982 1983 1984 1985
 1986 1987 1988 1989 1990 1991 1992 1993 1994 1995 1996 1997 1998 1999
 2000 2001 2002 2003 2004 2005 2006]","[0.03168332 0.02528093 0.02045519 0.04009089 0.02619344 0.02906463
 0.01963322 0.02134231 0.02032855 0.05592963 0.05810254 0.06456384
 0.05327219 0.06242546 0.04872703 0.02969341 0.0431     0.0208492
 0.05127875 0.05978534 0.02168739 0.02983842 0.05447088 0.04583102
 0.09780579 0.10606243 0.10047309 0.10357759 0.11754515 0.1195314
 0.11425149 0.12404981 0.11923013 0.12745358 0.14066387]","[0.03168332 0.05616327 0.07546963 0.11253488 0.13578064 0.16089885
 0.17737311 0.19492987 0.21129578 0.25540772 0.29867042 0.34395096
 0.37890013 0.41767257 0.44604765 0.46249639 0.48566279 0.49638631
 0.522211   0.55077578 0.56051828 0.57363172 0.59685637 0.61533286
 0.65295553 0.68976391 0.72093429 0.74983924 0.77924443 0.80563165
 0.82783852 0.84919512 0.86717561 0.88410455 0.90040685]",2006.0,1990.0,35
4,prescdrug,Washington,"[1971 1972 1973 1974 1975 1976 1977 1978 1979 1980 1981 1982 1983 1984
 1985 1986 1987 1988 1989]","[0.04546881 0.04223999 0.07637812 0.0474192  0.10197003 0.09943762
 0.08424878 0.03676372 0.06795334 0.04393685 0.0863372  0.06307691
 0.04433368 0.04678427 0.04429355 0.03705072 0.03521587 0.06757953
 0.08384689]","[0.04546881 0.0857882  0.15561398 0.19565409 0.27767327 0.34949972
 0.40430357 0.42620359 0.46519497 0.48869262 0.53283747 0.56230463
 0.58170928 0.6012787  0.61893948 0.63305805 0.64598023 0.66990472
 0.69758219]",1989.0,1981.0,19
4,prescdrug,West Virginia,"[1971 1972 1973 1974 1975 1976 1977 1978 1979 1980 1981 1982 1983 1984
 1985 1986 1987 1988 1989 1990 1991 1992 1993 1994 1995]","[0.05052749 0.03232202 0.04729428 0.04751071 0.05227718 0.08917134
 0.06053574 0.02792401 0.02364156 0.03802549 0.05952369 0.02681797
 0.03187144 0.02897332 0.02634614 0.03505773 0.03516897 0.05614108
 0.0602064  0.06605441 0.04838854 0.06195044 0.0493115  0.07467159
 0.13307902]","[0.05052749 0.08121636 0.12466958 0.16625715 0.20984287 0.28030224
 0.32386968 0.34274995 0.35828837 0.38268977 0.41943435 0.43500395
 0.45301118 0.46885927 0.48285277 0.50098278 0.5185327  0.5455628
 0.57292283 0.60113316 0.62043374 0.64394804 0.66150549 0.68678142
 0.72846424]",1995.0,1986.0,25
4,prescdrug,Wisconsin,"[1971 1972 1973 1974 1975 1976 1977 1978 1979 1980 1981 1982 1983 1984
 1985 1986 1987 1988 1989 1990 1991 1992 1993 1994 1995 1996 1997 1998
 1999 2000 2001 2002 2003 2004 2005 2006]","[0.05238955 0.0624409  0.05916747 0.06807787 0.09347117 0.08151089
 0.09105207 0.05923918 0.05682516 0.0502824  0.12764121 0.05141988
 0.0481446  0.05472341 0.0328152  0.0436164  0.03711177 0.06480541
 0.05117875 0.08562253 0.04862731 0.0810541  0.0389635  0.03424841
 0.04349445 0.09548774 0.10149992 0.1062945  0.08519787 0.08137523
 0.11205475 0.12564419 0.17235453 0.13554316 0.14728981 0.12637721]","[0.05238955 0.1115592  0.16412599 0.22103052 0.29384171 0.3514013
 0.41045755 0.44538156 0.47689784 0.50320068 0.56661274 0.58889746
 0.60868983 0.63010366 0.64224188 0.657846   0.67054394 0.69189448
 0.70766293 0.73269357 0.74569197 0.76630467 0.77541026 0.78310211
 0.79253596 0.81234623 0.83139307 0.84931506 0.8621531  0.87337042
 0.88755987 0.90168732 0.91863195 0.92966083 0.94002108 0.94760105]",,1980.0,36
4,prescdrug,Wyoming,"[1971 1972 1973 1974 1975 1976 1977 1978 1979 1980 1981 1982 1983 1984
 1985 1986 1987 1988 1989 1990 1991 1992 1993 1994 1995 1996 1997 1998
 1999 2000 2001 2002 2003 2004]","[0.07090078 0.0221006  0.03781676 0.02824836 0.03827226 0.03954553
 0.04192142 0.0320763  0.03218548 0.02912675 0.03850919 0.09267616
 0.08208524 0.08491384 0.07682146 0.06848743 0.05621187 0.03685402
 0.02953466 0.03450138 0.05777311 0.0414675  0.03659878 0.0506483
 0.04549626 0.0492489  0.05240397 0.06242694 0.13959048 0.12093672
 0.14888164 0.10265497 0.06008852 0.06132155]","[0.07090078 0.09143443 0.12579344 0.15048834 0.18300107 0.21530973
 0.24820505 0.27231985 0.29574059 0.31625337 0.3425839  0.4035107
 0.45247367 0.49896623 0.53745638 0.5691348  0.59335454 0.60834106
 0.61990857 0.63302225 0.6542237  0.66856218 0.6806924  0.69686478
 0.7106563  0.72490616 0.73932217 0.75559549 0.78971204 0.81514357
 0.8426653  0.85881649 0.8673     0.87543737]",2004.0,1985.0,34
4,victimnotif,Alabama,"[1979 1980 1981 1982 1983 1984 1985 1986 1987 1988 1989 1990 1991 1992
 1993 1994 1995]","[0.00807768 0.00932404 0.02049533 0.03283087 0.02176564 0.01420452
 0.04180551 0.05069451 0.04077616 0.03634441 0.03756612 0.06863762
 0.11637121 0.03888163 0.05002446 0.08397233 0.06910402]","[0.00807768 0.0173264  0.03746662 0.06906743 0.08932977 0.1022654
 0.13979565 0.18340329 0.21670097 0.24516951 0.27352556 0.32338904
 0.40212708 0.42537335 0.45411874 0.49995766 0.5345126 ]",1995.0,1995.0,17
4,victimnotif,Arizona,"[1979 1980 1981 1982 1983 1984 1985 1986 1987 1988 1989 1990 1991 1992
 1993 1994 1995 1996]","[0.02705697 0.02145221 0.03217301 0.01912168 0.02473843 0.0340098
 0.07381704 0.08427665 0.06423144 0.04446375 0.04840501 0.1147984
 0.07967687 0.05478527 0.04486329 0.06465029 0.09539171 0.10795467]","[0.02705697 0.04792875 0.07855975 0.09617923 0.11853834 0.14851667
 0.21137065 0.27783369 0.32421947 0.35426721 0.38552391 0.45606478
 0.49940384 0.52682914 0.54805714 0.57727538 0.6175998  0.65888169]",1996.0,1992.0,18
4,victimnotif,Arkansas,"[1979 1980 1981 1982 1983 1984 1985 1986 1987 1988 1989 1990 1991 1992
 1993 1994 1995 1996 1997]","[0.0096621  0.00546964 0.01675301 0.00890171 0.03052013 0.01075675
 0.03777243 0.04030657 0.10830888 0.05066673 0.10037573 0.0348603
 0.08402911 0.03290186 0.07352588 0.04486561 0.0900472  0.04044338
 0.1426551 ]","[0.0096621  0.01507889 0.03157929 0.04019988 0.06949311 0.07950234
 0.11427177 0.14997244 0.24203797 0.28044143 0.35266764 0.37523384
 0.42773238 0.44656106 0.48725314 0.51025784 0.55435775 0.57238103
 0.63338306]",1997.0,1994.0,19
4,victimnotif,California,"[1979 1980 1981 1982 1983 1984 1985 1986 1987 1988 1989 1990 1991 1992
 1993 1994 1995]","[0.0988511  0.05062569 0.05045433 0.03434572 0.06010991 0.07242127
 0.0699519  0.09204247 0.12804644 0.09322531 0.16448191 0.10247191
 0.11260822 0.12030752 0.17011491 0.16371324 0.16449453]","[0.0988511  0.14447239 0.18763746 0.21553864 0.26269254 0.31608928
 0.36393014 0.42247558 0.49642553 0.54337141 0.61847855 0.65757378
 0.69613379 0.73269118 0.7781644  0.81448182 0.84499855]",1995.0,1988.0,17
4,victimnotif,Colorado,"[1979 1980 1981 1982 1983 1984 1985 1986 1987 1988 1989 1990 1991 1992
 1993 1994 1995 1996 1997 1998 1999 2000 2001 2002]","[0.04892185 0.01671937 0.03394739 0.01841683 0.03671107 0.02781957
 0.02781957 0.02781957 0.02781957 0.02781957 0.02781957 0.02781957
 0.02781957 0.02781957 0.02781957 0.02781957 0.02781957 0.02781957
 0.02781957 0.02781957 0.02781957 0.02781957 0.02781957 0.02781957]","[0.04892185 0.06482328 0.09657009 0.11320841 0.14576348 0.16952797
 0.19263135 0.21509201 0.23692781 0.25815616 0.27879394 0.29885758
 0.31836306 0.33732591 0.35576123 0.37368367 0.39110753 0.40804666
 0.42451455 0.44052431 0.45608868 0.47122006 0.4859305  0.50023169]",1984.0,2002.0,24
4,victimnotif,Connecticut,[1979 1980 1981 1982 1983 1984 1985 1986 1987 1988 1989 1990 1991],"[0.01541452 0.00875047 0.01345268 0.03431617 0.04472077 0.07676397
 0.07020802 0.07003919 0.07261864 0.16573364 0.11972833 0.10267331
 0.0941075 ]","[0.01541452 0.02403011 0.03715951 0.07020051 0.11178186 0.17996501
 0.23753804 0.29094026 0.34243121 0.45141248 0.51709395 0.56667551
 0.6074546 ]",1991.0,1989.0,13
4,victimnotif,Delaware,"[1979 1980 1981 1982 1983 1984 1985 1986 1987 1988 1989 1990 1991 1992
 1993 1994 1995 1996]","[0.01670808 0.0316543  0.01705838 0.01554594 0.03154014 0.0289794
 0.02779129 0.0462299  0.04770027 0.019313   0.04562869 0.03351014
 0.04233708 0.06168074 0.04908607 0.0694774  0.08736148 0.09533428]","[0.01670808 0.0478335  0.06407592 0.07862574 0.10768602 0.13354474
 0.15762465 0.19656758 0.23489152 0.24966807 0.28390473 0.30790118
 0.33720262 0.37808445 0.40861184 0.44969996 0.49777498 0.54565424]",1996.0,1996.0,18
4,victimnotif,Florida,"[1979 1980 1981 1982 1983 1984 1985 1986 1987 1988 1989 1990 1991 1992
 1993 1994 1995 1996 1997 1998 1999 2000 2001 2002]","[0.01913252 0.04715419 0.03961534 0.02172885 0.02772392 0.01634181
 0.02913994 0.02913994 0.02913994 0.02913994 0.02913994 0.02913994
 0.02913994 0.02913994 0.02913994 0.02913994 0.02913994 0.02913994
 0.02913994 0.02913994 0.02913994 0.02913994 0.02913994 0.02913994]","[0.01913252 0.06538453 0.10240964 0.12191325 0.14625726 0.16020896
 0.18468042 0.20843878 0.23150482 0.25389873 0.27564007 0.29674788
 0.3172406  0.33713617 0.35645198 0.37520493 0.39341142 0.41108737
 0.42824825 0.44490906 0.46108438 0.47678835 0.4920347  0.50683678]",1985.0,2002.0,24
4,victimnotif,Georgia,"[1979 1980 1981 1982 1983 1984 1985 1986 1987 1988 1989 1990 1991 1992
 1993]","[0.03690685 0.03381721 0.05501475 0.05785538 0.02794484 0.04077047
 0.08804526 0.05242426 0.05354488 0.04659661 0.04077786 0.08945622
 0.08231218 0.05882769 0.05105287]","[0.03690685 0.06947598 0.12066853 0.17154258 0.19469369 0.22752641
 0.29553904 0.33246989 0.36821271 0.39765185 0.42221432 0.47390084
 0.51720521 0.54560691 0.56880498]",1993.0,1991.0,15
4,victimnotif,Idaho,[1979 1980 1981 1982 1983 1984 1985 1986 1987 1988 1989 1990 1991],"[0.01171269 0.00906083 0.02985743 0.0228086  0.03095585 0.02189024
 0.08106403 0.08106403 0.08106403 0.08106403 0.08106403 0.08106403
 0.08106403]","[0.01171269 0.02066739 0.04990775 0.07157802 0.10031811 0.12001237
 0.19134771 0.25690032 0.31713897 0.37249444 0.42336257 0.47010712
 0.51306237]",1985.0,1991.0,13
4,victimnotif,Illinois,[1979],[0.71059589],[0.71059589],1979.0,1979.0,1
4,victimnotif,Indiana,"[1979 1980 1981 1982 1983 1984 1985 1986 1987 1988 1989 1990 1991 1992
 1993 1994 1995 1996 1997 1998 1999]","[0.03127324 0.03114225 0.05648517 0.05206922 0.05683619 0.05072606
 0.08785372 0.17063606 0.1341415  0.07802252 0.10580146 0.13082323
 0.09409884 0.0806977  0.07603703 0.14122164 0.09252045 0.1390142
 0.22464328 0.22732127 0.23871587]","[0.03127324 0.06144157 0.1144562  0.16056578 0.20827602 0.24843706
 0.31446466 0.43144171 0.50770897 0.54611876 0.59414005 0.64723596
 0.68043065 0.70621916 0.72855738 0.76689095 0.78845831 0.81786561
 0.85878087 0.89088298 0.91693095]",1999.0,1987.0,21
4,victimnotif,Iowa,"[1979 1980 1981 1982 1983 1984 1985 1986 1987 1988 1989 1990 1991 1992
 1993 1994 1995 1996 1997 1998]","[0.02631576 0.02925807 0.05639688 0.08234181 0.15668153 0.12560685
 0.09611033 0.15213556 0.14198911 0.10864909 0.13455229 0.12879674
 0.10467483 0.09862977 0.0801173  0.1103516  0.09634419 0.13138015
 0.18097452 0.21501686]","[0.02631576 0.05480389 0.10810999 0.18154983 0.30978586 0.39648148
 0.45448585 0.53747794 0.60315104 0.64626832 0.69386373 0.73329308
 0.76121058 0.78476233 0.80200659 0.82385548 0.84082598 0.86173829
 0.88676013 0.91110861]",1998.0,1986.0,20
4,victimnotif,Kansas,[1979 1980 1981 1982 1983 1984 1985 1986 1987 1988 1989 1990],"[0.0083727  0.01043248 0.04504362 0.0485185  0.05118222 0.06693857
 0.07541008 0.14542064 0.06785171 0.07666185 0.05606334 0.05606334]","[0.0083727  0.01871784 0.06291834 0.10838414 0.15401901 0.21064778
 0.27017289 0.37630482 0.4186236  0.46319299 0.49328819 0.52169615]",1989.0,1990.0,12
4,victimnotif,Kentucky,[1979 1980 1981 1982 1983 1984 1985 1986 1987 1988 1989 1990 1991],"[0.01399115 0.02130859 0.01877514 0.02202404 0.02066943 0.04011083
 0.02149734 0.08620709 0.08620709 0.08620709 0.08620709 0.08620709
 0.08620709]","[0.01399115 0.0350016  0.05311958 0.07397371 0.09311415 0.12949009
 0.14820374 0.22163461 0.28873522 0.35005129 0.40608148 0.45728146
 0.50406765]",1986.0,1991.0,13
4,victimnotif,Louisiana,"[1979 1980 1981 1982 1983 1984 1985 1986 1987 1988 1989 1990 1991 1992
 1993 1994 1995 1996 1997 1998 1999 2000 2001 2002 2003 2004]","[0.01758447 0.01059328 0.02713446 0.02490893 0.02130714 0.01389453
 0.02082689 0.02082689 0.02082689 0.02082689 0.02082689 0.02082689
 0.02082689 0.02082689 0.02082689 0.02082689 0.02082689 0.02082689
 0.02082689 0.02082689 0.02082689 0.02082689 0.02082689 0.02082689
 0.02082689 0.02082689]","[0.01758447 0.02799147 0.05436639 0.07792112 0.09756799 0.11010686
 0.12864057 0.14678828 0.16455803 0.18195769 0.19899497 0.21567741
 0.23201242 0.24800721 0.26366889 0.27900437 0.29402047 0.30872383
 0.32312097 0.33721826 0.35102194 0.36453814 0.37777283 0.39073189
 0.40342106 0.41584594]",1985.0,,26
4,victimnotif,Maine,"[1979 1980 1981 1982 1983 1984 1985 1986 1987 1988 1989 1990 1991 1992
 1993 1994 1995]","[0.01738002 0.01298458 0.01669161 0.01251971 0.02203345 0.02668072
 0.02210731 0.03161576 0.05898077 0.0965997  0.05486056 0.02852701
 0.05814689 0.193175   0.16007783 0.05996368 0.0886232 ]","[0.01738002 0.03013893 0.04632748 0.05826718 0.0790168  0.10358929
 0.12340652 0.15112069 0.20118824 0.27835322 0.31794317 0.33740021
 0.37592832 0.49648337 0.57708522 0.60244475 0.63767737]",1995.0,1993.0,17
4,victimnotif,Maryland,"[1979 1980 1981 1982 1983 1984 1985 1986 1987 1988 1989 1990 1991 1992
 1993 1994 1995 1996 1997 1998 1999 2000 2001]","[0.0169446  0.01286271 0.01790365 0.00921891 0.01635408 0.02597907
 0.01551797 0.02556332 0.04390671 0.06740117 0.05466949 0.05485985
 0.03586579 0.07187494 0.07135778 0.09149506 0.08342412 0.13573155
 0.11440179 0.12119295 0.11214476 0.22463677 0.25955849]","[0.0169446  0.02958936 0.04696325 0.05574921 0.07119157 0.09532115
 0.10935993 0.13212764 0.17023306 0.22616032 0.26846574 0.30859761
 0.3333953  0.38130748 0.425456   0.47802394 0.52156933 0.58650747
 0.63381176 0.67819119 0.71428036 0.7784635  0.83596518]",2001.0,1995.0,23
4,victimnotif,Massachusetts,"[1979 1980 1981 1982 1983 1984 1985 1986 1987 1988 1989 1990 1991 1992
 1993 1994 1995 1996 1997 1998 1999 2000 2001 2002]","[0.01876066 0.01970349 0.01545301 0.03604218 0.02213602 0.02213602
 0.02213602 0.02213602 0.02213602 0.02213602 0.02213602 0.02213602
 0.02213602 0.02213602 0.02213602 0.02213602 0.02213602 0.02213602
 0.02213602 0.02213602 0.02213602 0.02213602 0.02213602 0.02213602]","[0.01876066 0.0380945  0.05295883 0.08709226 0.1073004  0.12706122
 0.14638461 0.16528026 0.18375764 0.201826   0.21949439 0.23677168
 0.25366652 0.27018738 0.28634252 0.30214006 0.31758791 0.33269379
 0.3474653  0.36190982 0.3760346  0.38984671 0.40335308 0.41656047]",1983.0,,24
4,victimnotif,Michigan,"[1979 1980 1981 1982 1983 1984 1985 1986 1987 1988 1989 1990 1991 1992
 1993]","[0.05994611 0.0342295  0.04412534 0.03925285 0.04400938 0.05624413
 0.04578403 0.04578403 0.04578403 0.04578403 0.04578403 0.04578403
 0.04578403 0.04578403 0.04578403]","[0.05994611 0.09212368 0.13218403 0.16624828 0.20294117 0.24777105
 0.28221112 0.31507439 0.34643304 0.37635597 0.4049089  0.43215457
 0.45815282 0.48296076 0.5066329 ]",1985.0,1993.0,15
4,victimnotif,Minnesota,"[1979 1980 1981 1982 1983 1984 1985 1986 1987 1988 1989 1990 1991 1992
 1993 1994 1995 1996 1997 1998 1999 2000 2001 2002]","[0.01311513 0.01691814 0.01472312 0.01516817 0.02727257 0.02727257
 0.02727257 0.02727257 0.02727257 0.02727257 0.02727257 0.02727257
 0.02727257 0.02727257 0.02727257 0.02727257 0.02727257 0.02727257
 0.02727257 0.02727257 0.02727257 0.02727257 0.02727257 0.02727257]","[0.01311513 0.02981138 0.04409559 0.05859491 0.08426944 0.10924377
 0.13353698 0.15716765 0.18015385 0.20251316 0.22426268 0.24541903
 0.26599839 0.2860165  0.30548866 0.32442977 0.34285431 0.36077636
 0.37820963 0.39516745 0.41166279 0.42770825 0.44331612 0.45849832]",1983.0,,24
4,victimnotif,Mississippi,"[1979 1980 1981 1982 1983 1984 1985 1986 1987 1988 1989 1990 1991 1992
 1993 1994 1995 1996 1997 1998]","[0.01532974 0.00705198 0.02040151 0.02286032 0.0210092  0.01724073
 0.07186224 0.07502358 0.06349777 0.04471653 0.04482106 0.07855966
 0.06977958 0.03494225 0.038049   0.06554662 0.06752592 0.04882791
 0.05333214 0.09290446]","[0.01532974 0.02227362 0.04222071 0.06411585 0.08377803 0.09957436
 0.16428097 0.2269796  0.27606467 0.30843655 0.33943315 0.39132706
 0.4338     0.4535843  0.47437487 0.50882782 0.54199468 0.56435812
 0.58759183 0.62590639]",1998.0,1994.0,20
4,victimnotif,Missouri,[1979 1980 1981 1982 1983 1984 1985 1986 1987 1988 1989 1990 1991],"[0.01482391 0.02101148 0.03995206 0.04745947 0.04457243 0.0473713
 0.04940717 0.07284781 0.07284781 0.07284781 0.07284781 0.07284781
 0.07284781]","[0.01482391 0.03552392 0.07405673 0.1180015  0.15731432 0.19723343
 0.23689586 0.29248633 0.34402715 0.39181334 0.43611841 0.47719595
 0.51528108]",1986.0,1991.0,13
4,victimnotif,Montana,"[1979 1980 1981 1982 1983 1984 1985 1986 1987 1988 1989 1990 1991 1992
 1993 1994 1995]","[0.03188155 0.01314324 0.02457869 0.00834418 0.02696726 0.0158721
 0.05885844 0.03351946 0.11432152 0.03662445 0.11689926 0.06054596
 0.11846463 0.05768769 0.09637543 0.06195177 0.09532529]","[0.03188155 0.04460576 0.0680881  0.07586414 0.10078556 0.11505798
 0.16714429 0.19506116 0.287083   0.31319319 0.3934804  0.43020271
 0.49770353 0.52667986 0.57229629 0.59879329 0.63703843]",1995.0,1992.0,17
4,victimnotif,Nevada,"[1979 1980 1981 1982 1983 1984 1985 1986 1987 1988 1989 1990 1991 1992
 1993 1994 1995 1996 1997 1998 1999]","[0.01936339 0.01088653 0.02848732 0.01276724 0.02312088 0.01226834
 0.03948859 0.03948859 0.03948859 0.03948859 0.03948859 0.03948859
 0.03948859 0.03948859 0.03948859 0.03948859 0.03948859 0.03948859
 0.03948859 0.03948859 0.03948859]","[0.01936339 0.03003912 0.05767071 0.06970165 0.09121096 0.1023603
 0.13780683 0.17185362 0.20455596 0.23596693 0.26613752 0.29511672
 0.32295157 0.34968726 0.37536719 0.40003306 0.42372492 0.44648121
 0.46833889 0.48933344 0.50949894]",1985.0,1999.0,21
4,victimnotif,New Hampshire,[1979 1980 1981 1982 1983 1984 1985 1986 1987 1988 1989 1990 1991 1992],"[0.01257033 0.04225992 0.01709705 0.01181855 0.07532409 0.05035493
 0.05788248 0.06578564 0.05511201 0.04044436 0.05431844 0.09543108
 0.06963697 0.06963697]","[0.01257033 0.05429903 0.07046772 0.08145344 0.15064212 0.19341148
 0.24009883 0.29008941 0.32921402 0.35634353 0.39130594 0.44939428
 0.48773679 0.52340925]",1991.0,1992.0,14
4,victimnotif,New Jersey,"[1979 1980 1981 1982 1983 1984 1985 1986 1987 1988 1989 1990 1991 1992
 1993 1994]","[0.01918442 0.02029495 0.0230066  0.01185438 0.01526499 0.06712342
 0.04613453 0.05509412 0.08472156 0.10201787 0.10485062 0.06812573
 0.07053146 0.12198597 0.07923588 0.08826874]","[0.01918442 0.03909003 0.0611973  0.07232622 0.08648715 0.14780525
 0.18712085 0.23190571 0.29697986 0.36870048 0.43489262 0.47339097
 0.51053347 0.57024152 0.60429381 0.6392223 ]",1994.0,1991.0,16
4,victimnotif,New Mexico,"[1979 1980 1981 1982 1983 1984 1985 1986 1987 1988 1989 1990 1991 1992
 1993 1994]","[0.01351461 0.01491188 0.03102669 0.03604132 0.04372622 0.07512745
 0.045714   0.05788232 0.05813608 0.04189216 0.05214742 0.07222431
 0.09812552 0.08004367 0.06514271 0.08863929]","[0.01351461 0.02822496 0.05837592 0.0923133  0.13200301 0.19721341
 0.233912   0.27825495 0.32021438 0.34869206 0.38265609 0.42724333
 0.48344538 0.52479231 0.55574862 0.59512675]",1994.0,1992.0,16
4,victimnotif,New York,[1979 1980 1981 1982 1983 1984 1985 1986 1987 1988 1989 1990 1991],"[0.02257573 0.02174202 0.03602122 0.03263643 0.05556492 0.07085908
 0.07085908 0.07085908 0.07085908 0.07085908 0.07085908 0.07085908
 0.07085908]","[0.02257573 0.04382691 0.07826944 0.10835143 0.15789581 0.21756654
 0.27300906 0.32452297 0.37238666 0.41685876 0.45817962 0.49657251
 0.53224492]",1984.0,1991.0,13
4,victimnotif,North Carolina,"[1979 1980 1981 1982 1983 1984 1985 1986 1987 1988 1989 1990 1991 1992
 1993 1994 1995 1996 1997 1998]","[0.03565909 0.02393957 0.02151554 0.03176269 0.0232242  0.03640231
 0.04396159 0.05878874 0.05446087 0.03984891 0.04630851 0.09050397
 0.08807888 0.0467327  0.05400995 0.08625459 0.17804244 0.16474024
 0.21414759 0.22317317]","[0.03565909 0.058745   0.07899661 0.10825015 0.12896034 0.16066819
 0.19756655 0.2447406  0.28587268 0.31432988 0.34608223 0.40526439
 0.45764803 0.48299361 0.5109171  0.55310274 0.63266942 0.69318355
 0.75888755 0.81269738]",1998.0,1993.0,20
4,victimnotif,North Dakota,[1979 1980 1981 1982 1983 1984 1985 1986 1987 1988 1989 1990 1991],"[0.01116325 0.00779607 0.01314446 0.00712803 0.09295455 0.05611948
 0.06007466 0.03437369 0.07819842 0.07819842 0.07819842 0.07819842
 0.07819842]","[0.01116325 0.01887229 0.03176868 0.03867027 0.12803024 0.17696473
 0.22640829 0.2529995  0.31141376 0.36526011 0.41489577 0.46065
 0.50282632]",1987.0,1991.0,13
4,victimnotif,Ohio,"[1979 1980 1981 1982 1983 1984 1985 1986 1987 1988 1989 1990 1991 1992
 1993 1994]","[0.01342491 0.0178258  0.0182157  0.012899   0.02915178 0.03742281
 0.04604596 0.10813246 0.10300311 0.06951131 0.10048674 0.07880163
 0.07465812 0.091226   0.08067662 0.11178833]","[0.01342491 0.0310114  0.04866221 0.06093351 0.08830897 0.12242701
 0.1628357  0.25336033 0.33026654 0.37682059 0.43944186 0.48361475
 0.5221671  0.56575789 0.60079107 0.64541797]",1994.0,1991.0,16
4,victimnotif,Oklahoma,"[1979 1980 1981 1982 1983 1984 1985 1986 1987 1988 1989 1990 1991 1992
 1993 1994]","[0.01102114 0.00808378 0.02330951 0.01971499 0.02194415 0.02329804
 0.02736469 0.05134856 0.04437625 0.04285854 0.04000361 0.09519932
 0.07507948 0.07507948 0.07507948 0.07507948]","[0.01102114 0.01901583 0.04188208 0.06077137 0.08138194 0.10278394
 0.12733598 0.17214602 0.20888307 0.24278919 0.27308035 0.34228261
 0.39166369 0.43733726 0.47958169 0.51865442]",1991.0,1994.0,16
4,victimnotif,Oregon,"[1979 1980 1981 1982 1983 1984 1985 1986 1987 1988 1989 1990 1991 1992
 1993 1994 1995 1996 1997]","[0.02992514 0.02084602 0.02046622 0.01460812 0.02792971 0.03130333
 0.16890265 0.12828206 0.14532639 0.15103376 0.15910052 0.07389675
 0.05765194 0.1186771  0.13345785 0.07114887 0.18306852 0.23966543
 0.24899567]","[0.02992514 0.05014733 0.06958723 0.08317881 0.10878536 0.13668335
 0.28249982 0.37454222 0.46543774 0.54617469 0.61837853 0.64657912
 0.66695452 0.70647939 0.74565202 0.7637486  0.80699879 0.85325451
 0.8897935 ]",1997.0,1988.0,19
4,victimnotif,Pennsylvania,"[1979 1980 1981 1982 1983 1984 1985 1986 1987 1988 1989 1990 1991 1992
 1993 1994 1995 1996 1997 1998]","[0.02079813 0.01609024 0.01630784 0.02474682 0.04342694 0.05625954
 0.03025564 0.04102099 0.06189826 0.06577942 0.06916543 0.038515
 0.04446169 0.07774536 0.07545062 0.08845033 0.14414457 0.22354525
 0.152366   0.17717239]","[0.02079813 0.03655372 0.05226545 0.07571887 0.11585758 0.16559902
 0.19084436 0.22403672 0.27206749 0.31995047 0.36698639 0.39136691
 0.41842777 0.46364231 0.50411083 0.54797239 0.61312972 0.69961273
 0.74538154 0.7904929 ]",1998.0,1993.0,20
4,victimnotif,Rhode Island,"[1979 1980 1981 1982 1983 1984 1985 1986 1987 1988 1989 1990 1991 1992
 1993 1994 1995 1996]","[0.10527657 0.03046802 0.02318803 0.04294483 0.09842642 0.08835876
 0.05259297 0.05628329 0.06256832 0.09127252 0.09964025 0.04506239
 0.06570038 0.1722647  0.1700269  0.07379265 0.16065514 0.11536186]","[0.10527657 0.13253701 0.15265177 0.189041   0.26886079 0.33346334
 0.36851849 0.40406035 0.44134729 0.49233693 0.5429206  0.56351769
 0.59219475 0.6624452  0.71983859 0.74051244 0.78220045 0.80732621]",1996.0,1989.0,18
4,victimnotif,South Carolina,"[1979 1980 1981 1982 1983 1984 1985 1986 1987 1988 1989 1990 1991 1992
 1993 1994 1995 1996 1997 1998 1999 2000 2001 2002 2003]","[0.01149735 0.00789415 0.02668982 0.02142635 0.02369997 0.01525115
 0.01525115 0.01525115 0.01525115 0.01525115 0.01525115 0.01525115
 0.01525115 0.01525115 0.01525115 0.01525115 0.01525115 0.01525115
 0.01525115 0.01525115 0.01525115 0.01525115 0.01525115 0.01525115
 0.01525115]","[0.01149735 0.01930074 0.04547543 0.06592741 0.0880649  0.10197296
 0.1156689  0.12915597 0.14243734 0.15551616 0.1683955  0.18107843
 0.19356792 0.20586694 0.21797838 0.22990511 0.24164994 0.25321565
 0.26460497 0.27582059 0.28686515 0.29774128 0.30845153 0.31899844
 0.3293845 ]",1984.0,,25
4,victimnotif,South Dakota,"[1979 1980 1981 1982 1983 1984 1985 1986 1987 1988 1989 1990 1991 1992
 1993 1994 1995 1996]","[0.01468255 0.00981363 0.04236164 0.04400434 0.08823565 0.0819578
 0.06586978 0.07559712 0.12235101 0.07163066 0.12669709 0.10171244
 0.09889743 0.09252066 0.10167827 0.08918078 0.10741866 0.11210679]","[0.01468255 0.02435209 0.06568214 0.10679618 0.1856086  0.25235433
 0.30160158 0.35439849 0.43338849 0.47397525 0.54062106 0.58734561
 0.62815607 0.66255932 0.6968697  0.7239031  0.75356105 0.78118853]",1996.0,1989.0,18
4,victimnotif,Tennessee,"[1979 1980 1981 1982 1983 1984 1985 1986 1987 1988 1989 1990 1991 1992
 1993 1994 1995 1996 1997 1998 1999 2000]","[0.01102728 0.0136525  0.0203988  0.01302058 0.0266977  0.02363351
 0.02328179 0.05169781 0.05952558 0.04620001 0.08274686 0.0701362
 0.08132698 0.0686607  0.0537344  0.07080864 0.08399953 0.07030909
 0.11660198 0.25997443 0.27237394 0.24318454]","[0.01102728 0.02452922 0.04442765 0.05686976 0.08204917 0.10374357
 0.12461002 0.16986576 0.21927998 0.25534925 0.31696677 0.36487213
 0.41652516 0.45658695 0.48578692 0.52219765 0.56233282 0.5931048
 0.64054958 0.7339975  0.80644965 0.8535181 ]",2000.0,1994.0,22
4,victimnotif,Texas,"[1979 1980 1981 1982 1983 1984 1985 1986 1987 1988 1989 1990 1991 1992
 1993 1994 1995 1996 1997]","[0.02043314 0.00627324 0.02899459 0.02230143 0.03134301 0.01164305
 0.05187509 0.02667786 0.04799603 0.02016065 0.04032577 0.04436475
 0.07942592 0.02786194 0.05214361 0.05214361 0.05214361 0.05214361
 0.05214361]","[0.02043314 0.0265782  0.05480216 0.07588143 0.10484608 0.11526841
 0.16116394 0.18354229 0.22272902 0.23839931 0.26911144 0.30153713
 0.35701319 0.37492805 0.40752156 0.43841553 0.46769857 0.49545469
 0.5217635 ]",1993.0,1997.0,19
4,victimnotif,Utah,"[1979 1980 1981 1982 1983 1984 1985 1986 1987 1988 1989 1990 1991 1992
 1993 1994 1995 1996]","[0.028529   0.02452863 0.02591061 0.02083807 0.03869172 0.03186174
 0.09149399 0.09141754 0.06572012 0.04999113 0.04842267 0.11010754
 0.10420816 0.0411884  0.05368722 0.1012795  0.06765088 0.07660624]","[0.028529   0.05235785 0.07691184 0.09614722 0.13111884 0.15880291
 0.23576739 0.30563165 0.35126562 0.38369658 0.41353964 0.47811335
 0.53249819 0.55175384 0.57581893 0.61877978 0.64456966 0.67179784]",1996.0,1991.0,18
4,victimnotif,Vermont,[1989 1990 1991 1992 1993 1994 1995],"[0.21531494 0.11829415 0.08792517 0.11286193 0.17232731 0.06378693
 0.07261502]","[0.21531494 0.30813859 0.36897062 0.44018982 0.5366604  0.56621541
 0.59771469]",1995.0,1993.0,7
4,victimnotif,Virginia,"[1979 1980 1981 1982 1983 1984 1985 1986 1987 1988 1989 1990 1991 1992
 1993 1994 1995]","[0.01479787 0.00758397 0.02219896 0.03399781 0.02464908 0.01226358
 0.01748772 0.04660226 0.03572653 0.03329373 0.02887518 0.08486263
 0.07098483 0.03766915 0.0454707  0.12623394 0.08614071]","[0.01479787 0.02226961 0.04397421 0.07647699 0.09924098 0.11028751
 0.12584655 0.16658408 0.19635914 0.22311534 0.24554802 0.3095728
 0.35858265 0.3827443  0.41081135 0.48518695 0.52953332]",1995.0,1995.0,17
4,victimnotif,Washington,[1979 1980 1981 1982 1983 1984 1985 1986 1987 1988 1989 1990 1991],"[0.02442328 0.01045563 0.01901561 0.01321897 0.03251041 0.03770223
 0.07659503 0.07659503 0.07659503 0.07659503 0.07659503 0.07659503
 0.07659503]","[0.02442328 0.03462355 0.05298077 0.06549939 0.09588038 0.12996771
 0.19660786 0.2581437  0.3149662  0.36743638 0.41588761 0.46062771
 0.50194094]",1985.0,1991.0,13
4,victimnotif,West Virginia,"[1979 1980 1981 1982 1983 1984 1985 1986 1987 1988 1989 1990 1991 1992
 1993 1994 1995]","[0.01280055 0.01137882 0.01331749 0.01036098 0.01882624 0.02880739
 0.02432765 0.0391584  0.07549822 0.06720806 0.08016459 0.05446257
 0.04977585 0.06234261 0.06234261 0.06234261 0.06234261]","[0.01280055 0.02403371 0.03703113 0.04700843 0.06494968 0.09188604
 0.11397832 0.14867351 0.21294715 0.26584345 0.32469681 0.36147555
 0.39325865 0.43108449 0.46655217 0.4998087  0.53099194]",1992.0,1995.0,17
4,victimnotif,Wisconsin,"[1979 1980 1981 1982 1983 1984 1985 1986 1987 1988 1989 1990 1991 1992
 1993]","[0.03538937 0.03735518 0.08817672 0.05804104 0.13417689 0.11147321
 0.16610922 0.15032068 0.15047928 0.1107005  0.13384829 0.09773337
 0.07810281 0.11909862 0.11255681]","[0.03538937 0.07142258 0.15330149 0.20244475 0.30945823 0.38643514
 0.48835392 0.56526491 0.63068353 0.67156705 0.71552724 0.74332972
 0.76337639 0.79155794 0.81501951]",1993.0,1986.0,15
4,victimnotif,Wyoming,[1979 1980 1981 1982 1983 1984 1985 1986 1987 1988 1989 1990 1991],"[0.01604452 0.01025709 0.0374465  0.03115132 0.03380049 0.06052313
 0.10013469 0.08575705 0.04968011 0.05174189 0.04600224 0.08904697
 0.07207942]","[0.01604452 0.02613704 0.0626048  0.09180589 0.1225033  0.17561214
 0.25816197 0.32177981 0.35547386 0.38882286 0.41693838 0.46885825
 0.50714264]",1991.0,1991.0,13
4,undoctuit,Alabama,"[2001 2002 2003 2004 2005 2006 2007 2008 2009 2010 2011 2012 2013 2014
 2015]","[0.02349605 0.029631   0.06188529 0.10818963 0.12615452 0.0608646
 0.02715853 0.02914387 0.02914387 0.02914387 0.02914387 0.02914387
 0.02914387 0.02914387 0.02914387]","[0.02349605 0.05243083 0.11107143 0.20724428 0.307254   0.3494177
 0.36708656 0.38553211 0.40344008 0.42082615 0.43770552 0.45409296
 0.4700028  0.48544897 0.50044498]",,2015.0,15
4,undoctuit,Arizona,[2001 2002 2003 2004 2005 2006 2007 2008],"[0.05359027 0.14157232 0.21065761 0.23796078 0.36907116 0.16705176
 0.18170231 0.19513927]","[0.05359027 0.18757569 0.35871905 0.51131877 0.69167692 0.74318283
 0.7898471  0.83085619]",,2004.0,8
4,undoctuit,Arkansas,[2001 2002 2003 2004 2005 2006 2007 2008],"[0.08861329 0.04817272 0.19818189 0.17373088 0.29196186 0.11097081
 0.06379538 0.05024439]","[0.08861329 0.13251727 0.30443664 0.42527747 0.59307453 0.63823138
 0.66131055 0.67832779]",,2005.0,8
4,undoctuit,California,[2001 2002 2003 2004],[0.15967044 0.15967044 0.15967044 0.15967044],[0.15967044 0.29384624 0.40659812 0.50134686],2001.0,2004.0,4
4,undoctuit,Colorado,[2001 2002 2003 2004 2005 2006 2007 2008],"[0.06892944 0.08623844 0.2092956  0.26741375 0.40073146 0.24346006
 0.19129481 0.15598738]","[0.06892944 0.14922351 0.32728729 0.50717992 0.70466843 0.77656987
 0.8193109  0.84749612]",,2004.0,8
4,undoctuit,Connecticut,[2001 2002 2003 2004 2005 2006 2007 2008],"[0.03422663 0.1335556  0.16790422 0.22432431 0.23141189 0.10233096
 0.0787955  0.08202869]","[0.03422663 0.16321108 0.30371147 0.45990591 0.58489011 0.6273687
 0.65673038 0.68488833]",,2005.0,8
4,undoctuit,Delaware,[2001 2002 2003 2004 2005 2006 2007 2008],"[0.07479516 0.04670781 0.09947726 0.14003597 0.16111901 0.1372138
 0.11989392 0.13201028]","[0.07479516 0.11800946 0.20574746 0.31697139 0.42702028 0.50564101
 0.56491164 0.62234778]",,2006.0,8
4,undoctuit,Florida,[2001 2002 2003 2004 2005 2006 2007 2008],"[0.24160414 0.1942166  0.20787028 0.27682742 0.30901387 0.10028317
 0.05492052 0.06508814]","[0.24160414 0.38889721 0.51592732 0.64993191 0.7581078  0.78236552
 0.79431812 0.80770557]",,2003.0,8
4,undoctuit,Georgia,[2001 2002 2003 2004 2005 2006 2007 2008 2009],"[0.03168353 0.04761246 0.09237597 0.13824111 0.15984757 0.08267632
 0.02793507 0.04251306 0.04251306]","[0.03168353 0.07778746 0.16297774 0.27868862 0.39398849 0.44409129
 0.45962064 0.48259382 0.50459034]",,2009.0,9
4,undoctuit,Idaho,[2001 2002 2003 2004 2005 2006 2007 2008],"[0.04958153 0.11868514 0.12836815 0.19328013 0.19440157 0.10087136
 0.08059885 0.07759751]","[0.04958153 0.16238208 0.26990554 0.41101829 0.52551726 0.57337898
 0.60776414 0.63820067]",,2005.0,8
4,undoctuit,Illinois,[2001 2002 2003 2004 2005 2006],[0.05093738 0.09089458 0.16200773 0.16200773 0.16200773 0.16200773],[0.05093738 0.13720202 0.27698196 0.39411647 0.49227428 0.57452977],2003.0,2006.0,6
4,undoctuit,Indiana,[2001 2002 2003 2004 2005 2006 2007 2008],"[0.0332658  0.03452653 0.11449121 0.15354755 0.18896419 0.07525348
 0.03555932 0.03991478]","[0.0332658  0.06664378 0.17350486 0.30041117 0.43260841 0.4753066
 0.49396434 0.51416265]",,2008.0,8
4,undoctuit,Iowa,[2001 2002 2003 2004 2005 2006 2007 2008],"[0.03426686 0.04847943 0.11552191 0.11207818 0.12754209 0.10003605
 0.06398282 0.06633921]","[0.03426686 0.08108506 0.18723987 0.27833255 0.37037552 0.43336067
 0.46961585 0.50480112]",,2008.0,8
4,undoctuit,Kansas,[2001 2002 2003 2004 2005 2006],[0.0277562  0.03741278 0.10901955 0.16149652 0.16149652 0.16149652],[0.0277562  0.06413054 0.16615861 0.30082109 0.41373605 0.50841564],2004.0,2006.0,6
4,undoctuit,Kentucky,[2001 2002 2003 2004 2005 2006 2007 2008],"[0.062235   0.04986103 0.10351006 0.13688554 0.13827908 0.08346946
 0.04073864 0.04500809]","[0.062235   0.10899293 0.20122112 0.3105624  0.4058972  0.45548664
 0.47766937 0.50117848]",,2008.0,8
4,undoctuit,Louisiana,[2001 2002 2003 2004 2005 2006 2007 2008],"[0.11571519 0.13095845 0.1496355  0.2257336  0.26156547 0.13800409
 0.07771452 0.0815533 ]","[0.11571519 0.23151976 0.34651169 0.49402595 0.6263713  0.67793358
 0.70296282 0.72718718]",,2005.0,8
4,undoctuit,Maine,[2001 2002 2003 2004 2005 2006 2007 2008],"[0.06215598 0.04073636 0.0881298  0.12099924 0.13393182 0.13871349
 0.16016414 0.23871087]","[0.06215598 0.10036033 0.17964539 0.27890768 0.37548489 0.46211356
 0.54826368 0.65609805]",,2007.0,8
4,undoctuit,Maryland,[2001 2002 2003 2004 2005 2006 2007 2008],"[0.07789867 0.08481917 0.10648267 0.1702547  0.17828751 0.09130017
 0.07034927 0.06855634]","[0.07789867 0.15611054 0.24597014 0.37434727 0.48589333 0.53283136
 0.56569633 0.5954706 ]",,2006.0,8
4,undoctuit,Massachusetts,[2001 2002 2003 2004 2005 2006 2007 2008],"[0.05031189 0.08355765 0.08683095 0.10672126 0.12982421 0.0678898
 0.07300496 0.07840967]","[0.05031189 0.1296656  0.20523757 0.29005562 0.38222359 0.42416431
 0.46620317 0.508058  ]",,2008.0,8
4,undoctuit,Michigan,[2001 2002 2003 2004 2005 2006 2007 2008],"[0.04678558 0.05703195 0.14179636 0.17044712 0.20350009 0.07878781
 0.04463822 0.0517974 ]","[0.04678558 0.10114926 0.22860303 0.36008542 0.4903081  0.53046561
 0.55142479 0.57465982]",,2006.0,8
4,undoctuit,Minnesota,[2001 2002 2003 2004 2005 2006 2007 2008],"[0.05511733 0.05543912 0.15219307 0.17887622 0.20683279 0.08406986
 0.08126292 0.08260161]","[0.05511733 0.1075008  0.24333299 0.37868273 0.50719151 0.54862185
 0.58530216 0.61955687]",,2005.0,8
4,undoctuit,Mississippi,[2001 2002 2003 2004 2005 2006 2007 2008 2009],"[0.0201033  0.03559324 0.10223059 0.1346368  0.15007287 0.08423284
 0.05800079 0.05602045 0.05602045]","[0.0201033  0.054981   0.15159085 0.26581794 0.37599875 0.42856015
 0.46170411 0.49185969 0.52032594]",,2009.0,9
4,undoctuit,Missouri,[2001 2002 2003 2004 2005 2006 2007 2008],"[0.05040661 0.06770098 0.1194393  0.2199755  0.26906906 0.13420701
 0.07248341 0.074267  ]","[0.05040661 0.11469502 0.22043523 0.39192038 0.55553579 0.615186
 0.64307863 0.66958611]",,2005.0,8
4,undoctuit,Montana,[2001 2002 2003 2004 2005 2006 2007 2008 2009],"[0.02770942 0.02402689 0.10704137 0.12127889 0.12865803 0.09600458
 0.0695329  0.08211236 0.08211236]","[0.02770942 0.05107053 0.15264524 0.25541149 0.35120878 0.4134957
 0.45427705 0.49908764 0.54021874]",,2009.0,9
4,undoctuit,Nevada,[2001 2002 2003 2004 2005 2006 2007 2008],"[0.04900035 0.21645234 0.21145095 0.17953274 0.23902528 0.09251632
 0.08248581 0.08924851]","[0.04900035 0.25484645 0.41240987 0.51790154 0.63313526 0.66707623
 0.69453772 0.72179977]",,2004.0,8
4,undoctuit,New Hampshire,[2001 2002 2003 2004 2005 2006 2007 2008 2009],"[0.02157891 0.03188998 0.09762194 0.10509919 0.12910894 0.0938656
 0.09143694 0.08389832 0.08389832]","[0.02157891 0.05278074 0.14525013 0.23508364 0.33384118 0.39637058
 0.45156461 0.49757742 0.53972983]",,2009.0,9
4,undoctuit,New Jersey,[2001 2002 2003 2004 2005 2006 2007 2008],"[0.0330166  0.14906327 0.22424235 0.27869737 0.33690149 0.10583307
 0.07140539 0.05785909]","[0.0330166  0.1771583  0.36167425 0.53957396 0.69469218 0.72700384
 0.74649724 0.76116468]",,2004.0,8
4,undoctuit,New Mexico,[2001 2002 2003 2004 2005],[0.04726172 0.0959193  0.19583184 0.21498456 0.25424775],[0.04726172 0.13864771 0.30732791 0.45624171 0.59449104],2005.0,2005.0,5
4,undoctuit,New York,[2001 2002 2003 2004 2005 2006 2007 2008 2009 2010 2011 2012 2013],"[0.04032935 0.05567791 0.05567791 0.05567791 0.05567791 0.05567791
 0.05567791 0.05567791 0.05567791 0.05567791 0.05567791 0.05567791
 0.05567791]","[0.04032935 0.0937618  0.14421925 0.19186733 0.23686246 0.27935236
 0.31947651 0.35736663 0.39314711 0.42693541 0.45884245 0.48897297
 0.51742588]",2002.0,2013.0,13
4,undoctuit,North Carolina,[2001 2002 2003 2004 2005 2006 2007 2008 2009 2010],"[0.03178284 0.03784051 0.10094727 0.14278563 0.16250808 0.058803
 0.03578925 0.03627001 0.03627001 0.03627001]","[0.03178284 0.06842067 0.16246106 0.28204959 0.39872233 0.43407926
 0.45433314 0.47412448 0.49319799 0.5115797 ]",,2010.0,10
4,undoctuit,North Dakota,[2001 2002 2003 2004 2005 2006 2007 2008 2009],"[0.01481781 0.06270384 0.10245684 0.081836   0.09954848 0.07285014
 0.08530738 0.07940606 0.07940606]","[0.01481781 0.07659251 0.17120192 0.23902745 0.31478111 0.3646994
 0.41889523 0.46503847 0.50751765]",,2009.0,9
4,undoctuit,Ohio,[2001 2002 2003 2004 2005 2006 2007 2008 2009],"[0.04780317 0.05992762 0.10018243 0.13629122 0.15502475 0.05651442
 0.03051381 0.04640192 0.04640192]","[0.04780317 0.10486606 0.19454275 0.30431949 0.41216719 0.44538822
 0.46231154 0.48726131 0.51105337]",,2009.0,9
4,undoctuit,Oklahoma,[2001 2002 2003 2004 2005 2006 2007 2008],"[0.04908864 0.06330636 0.09900273 0.09900273 0.09900273 0.09900273
 0.09900273 0.09900273]","[0.04908864 0.10928737 0.19747036 0.27692299 0.34850959 0.41300892
 0.47112264 0.52348294]",2003.0,2008.0,8
4,undoctuit,Oregon,[2001 2002 2003 2004 2005 2006 2007 2008],"[0.03165661 0.04455982 0.16717948 0.22446391 0.22616035 0.124236
 0.12887837 0.11506645]","[0.03165661 0.07480581 0.22947929 0.40243339 0.53757926 0.59502857
 0.64722063 0.6878137 ]",,2005.0,8
4,undoctuit,Pennsylvania,[2001 2002 2003 2004 2005 2006 2007 2008],"[0.04566337 0.06611401 0.1112314  0.14744293 0.20089492 0.06345867
 0.04446826 0.04424026]","[0.04566337 0.1087584  0.20789245 0.32468311 0.46035085 0.49459626
 0.51707069 0.5384356 ]",,2007.0,8
4,undoctuit,Rhode Island,[2001 2002 2003 2004 2005 2006 2007 2008 2009],"[0.03151602 0.05327598 0.04733411 0.08063584 0.1164703  0.10612167
 0.10453682 0.09490297 0.09490297]","[0.03151602 0.08311296 0.12651299 0.19694735 0.29047913 0.36577467
 0.43207457 0.48597238 0.53475513]",,2009.0,9
4,undoctuit,South Carolina,[2001 2002 2003 2004 2005 2006 2007 2008],"[0.03585481 0.0524434  0.1233399  0.13974024 0.16987757 0.07174443
 0.02838287 0.03879401]","[0.03585481 0.08641786 0.199099   0.31101709 0.42805983 0.46909335
 0.48416201 0.50417343]",,2008.0,8
4,undoctuit,South Dakota,[2001 2002 2003 2004 2005 2006 2007 2008 2009 2010 2011],"[0.02062752 0.02816391 0.07054999 0.08173239 0.1137188  0.07718102
 0.05962065 0.0566967  0.0566967  0.0566967  0.0566967 ]","[0.02062752 0.04821048 0.11535922 0.18766302 0.28004101 0.33560818
 0.37521965 0.41064263 0.44405725 0.47557736 0.50531039]",,2011.0,11
4,undoctuit,Tennessee,[2001 2002 2003 2004 2005 2006 2007 2008 2009 2010],"[0.05299907 0.05987466 0.10438306 0.1222409  0.14005324 0.0757763
 0.0313563  0.03330072 0.03330072 0.03330072]","[0.05299907 0.10970043 0.20263263 0.30010353 0.3981263  0.44373406
 0.46117651 0.47911972 0.4964654  0.51323347]",,2010.0,10
4,undoctuit,Texas,[2001 2002 2003 2004 2005],[0.14692115 0.14692115 0.14692115 0.14692115 0.14692115],[0.14692115 0.27225648 0.37917739 0.47038937 0.54820037],2001.0,2005.0,5
4,undoctuit,Utah,"[2001 2002 2003 2004 2005 2006 2007 2008 2009 2010 2011 2012 2013 2014
 2015 2016]","[0.01632669 0.04642588 0.04642588 0.04642588 0.04642588 0.04642588
 0.04642588 0.04642588 0.04642588 0.04642588 0.04642588 0.04642588
 0.04642588 0.04642588 0.04642588 0.04642588]","[0.01632669 0.06199459 0.10554232 0.14706831 0.18666642 0.22442615
 0.26043285 0.29476791 0.32750893 0.35872992 0.38850145 0.41689081
 0.44396217 0.46977672 0.49439281 0.51786607]",2002.0,2016.0,16
4,undoctuit,Vermont,[2001 2002 2003 2004 2005 2006 2007 2008],"[0.04764894 0.08653312 0.09505561 0.12498011 0.11240696 0.09898489
 0.08467327 0.09230528]","[0.04764894 0.13005884 0.21275164 0.31114202 0.38857445 0.44909634
 0.49574316 0.54228872]",,2008.0,8
4,undoctuit,Virginia,[2001 2002 2003 2004 2005 2006 2007 2008],"[0.03613274 0.06113361 0.15194991 0.18425159 0.22949078 0.06955604
 0.04845348 0.06539365]","[0.03613274 0.09505742 0.23256336 0.37396478 0.51763409 0.55118555
 0.57293217 0.6008597 ]",,2005.0,8
4,undoctuit,Washington,[2001 2002 2003 2004 2005 2006 2007],"[0.07686024 0.09185835 0.1048803  0.1048803  0.1048803  0.1048803
 0.1048803 ]","[0.07686024 0.16165834 0.24958386 0.32828773 0.39873711 0.46179774
 0.51824455]",2003.0,2007.0,7
4,undoctuit,West Virginia,[2001 2002 2003 2004 2005 2006 2007 2008 2009 2010 2011],"[0.01221422 0.04637023 0.07121416 0.07982235 0.08797752 0.06927713
 0.061898   0.06719172 0.06719172 0.06719172 0.06719172]","[0.01221422 0.05801807 0.12510052 0.19493705 0.2657645  0.31663022
 0.35892945 0.40200408 0.44218445 0.47966503 0.51462723]",,2011.0,11
4,undoctuit,Wisconsin,[2001 2002 2003 2004 2005 2006 2007 2008],"[0.02926941 0.03824333 0.0983475  0.14159119 0.17975317 0.06942981
 0.05946406 0.05041482]","[0.02926941 0.06639338 0.15821126 0.27740112 0.40729056 0.44844227
 0.48124013 0.50739332]",,2008.0,8
4,undoctuit,Wyoming,[2001 2002 2003 2004 2005 2006 2007 2008],"[0.01822527 0.02987751 0.06042722 0.13327113 0.16048332 0.09549436
 0.12158095 0.14301467]","[0.01822527 0.04755825 0.10511165 0.22437444 0.34884941 0.41103062
 0.48263807 0.55662842]",,2008.0,8
5,imitcontsub,Alabama,"[1973 1974 1975 1976 1977 1978 1979 1980 1981 1982 1983 1984 1985 1986
 1987 1988 1989 1990 1991 1992 1993 1994 1995 1996 1997]","[0.04713342 0.0224461  0.07262967 0.03607713 0.04483204 0.02320987
 0.0314839  0.01343088 0.0119661  0.02404182 0.02404182 0.02404182
 0.02404182 0.02404182 0.02404182 0.02404182 0.02404182 0.02404182
 0.02404182 0.02404182 0.02404182 0.02404182 0.02404182 0.02404182
 0.02404182]","[0.04713342 0.06852156 0.13617453 0.16733888 0.20466877 0.22312831
 0.24758726 0.25769283 0.26657535 0.28420822 0.30141715 0.31821235
 0.33460377 0.3506011  0.36621383 0.3814512  0.39632224 0.41083575
 0.42500033 0.43882437 0.45231605 0.46548337 0.47833412 0.49087592
 0.50311618]",1982.0,1997.0,25
5,imitcontsub,Arizona,"[1971 1972 1973 1974 1975 1976 1977 1978 1979 1980 1981 1982 1983 1984
 1985]","[0.06306469 0.06250097 0.06197657 0.05019526 0.02805535 0.02696422
 0.0327507  0.04540406 0.03401434 0.02523829 0.02473771 0.0620309
 0.0620309  0.0620309  0.0620309 ]","[0.06306469 0.12162406 0.17606279 0.21742054 0.23937607 0.25988571
 0.28412497 0.3166286  0.33987303 0.35653351 0.3724514  0.4113788
 0.4478915  0.48213929 0.51426265]",1982.0,1985.0,15
5,imitcontsub,Arkansas,"[1971 1972 1973 1974 1975 1976 1977 1978 1979 1980 1981 1982 1983 1984
 1985 1986 1987 1988 1989]","[0.05030308 0.02836718 0.04489915 0.01432861 0.06809345 0.0140569
 0.03135435 0.01719195 0.04032785 0.00946704 0.04229466 0.04229466
 0.04229466 0.04229466 0.04229466 0.04229466 0.04229466 0.04229466
 0.04229466]","[0.05030308 0.0772433  0.11867429 0.13130247 0.19045508 0.20183478
 0.22686073 0.2401525  0.27079552 0.27769893 0.3082484  0.3375058
 0.36552576 0.39236063 0.41806053 0.44267346 0.46624539 0.48882036
 0.51044053]",1981.0,1989.0,19
5,imitcontsub,California,"[1971 1972 1973 1974 1975 1976 1977 1978 1979 1980 1981 1982 1983 1984
 1985 1986 1987 1988 1989 1990 1991 1992 1993 1994 1995]","[0.07256288 0.06754892 0.06129682 0.0604936  0.04245615 0.05689735
 0.06348989 0.06491616 0.05005264 0.04942089 0.0568298  0.11229715
 0.18018261 0.17825894 0.1674926  0.13662327 0.19596286 0.20816716
 0.18879697 0.21828234 0.22836408 0.25286563 0.35871866 0.37764148
 0.42100666]","[0.07256288 0.13521026 0.18821913 0.23732667 0.26970685 0.3112586
 0.35498671 0.39685849 0.42704732 0.45536315 0.48631475 0.54400014
 0.62616339 0.69280311 0.74425631 0.77919685 0.82246607 0.8594228
 0.88596335 0.91085554 0.93121293 0.94860682 0.96704251 0.97948863
 0.98812405]",1995.0,1982.0,25
5,imitcontsub,Colorado,[1971 1972 1973 1974 1975 1976 1977 1978 1979 1980 1981 1982 1983],"[0.07023402 0.0798419  0.0569323  0.06172231 0.04137868 0.03021506
 0.05315471 0.05315471 0.05315471 0.05315471 0.05315471 0.05315471
 0.05315471]","[0.07023402 0.14446831 0.19317569 0.24297475 0.27429945 0.29622654
 0.33363541 0.36905583 0.40259349 0.43434846 0.4644155  0.49288434
 0.51983993]",1977.0,1983.0,13
5,imitcontsub,Connecticut,[1971 1972 1973 1974 1975 1976 1977 1978 1979 1980 1981],"[0.06334804 0.03284296 0.05758197 0.0632501  0.08945786 0.06660711
 0.07336186 0.05095976 0.04262866 0.09708235 0.08888874]","[0.06334804 0.09411046 0.14627337 0.20027166 0.27181365 0.32031604
 0.37017892 0.40227445 0.42775469 0.48330961 0.52923757]",1981.0,1981.0,11
5,imitcontsub,Delaware,"[1971 1972 1973 1974 1975 1976 1977 1978 1979 1980 1981 1982 1983 1984
 1985 1986 1987 1988 1989]","[0.06533335 0.05577343 0.09307976 0.07194288 0.02752272 0.02357789
 0.04260588 0.03977584 0.0429053  0.04904426 0.04402114 0.0480612
 0.05261232 0.05600052 0.04329853 0.0373021  0.02827355 0.05102651
 0.04522628]","[0.06533335 0.11746291 0.19960926 0.25719168 0.27763578 0.29466761
 0.32471891 0.35157879 0.37939949 0.40983639 0.43581606 0.46293142
 0.49118785 0.51968159 0.54047867 0.55761978 0.57012744 0.59206234
 0.61051184]",1989.0,1984.0,19
5,imitcontsub,Florida,"[1971 1972 1973 1974 1975 1976 1977 1978 1979 1980 1981 1982 1983 1984
 1985 1986]","[0.04845379 0.06480972 0.05325411 0.02076214 0.0214137  0.01756016
 0.03242135 0.0401998  0.03728139 0.02795917 0.01485762 0.06059349
 0.06930264 0.06159292 0.07646196 0.07646196]","[0.04845379 0.11012323 0.15751283 0.17500466 0.19267087 0.2068477
 0.23256277 0.2634136  0.29087456 0.31070112 0.32094246 0.36208893
 0.40629785 0.4428657  0.48546528 0.52480762]",1985.0,1986.0,16
5,imitcontsub,Georgia,"[1971 1972 1973 1974 1975 1976 1977 1978 1979 1980 1981 1982 1983 1984
 1985 1986 1987 1988]","[0.0851726  0.06486642 0.0751531  0.03953925 0.04496516 0.03268732
 0.03585604 0.07133629 0.06640704 0.04941783 0.04877254 0.09997751
 0.10026431 0.08610705 0.12133694 0.16431464 0.16278849 0.23843181]","[0.0851726  0.14451418 0.20880659 0.24008978 0.27425927 0.29798179
 0.32315338 0.3714371  0.41317811 0.44217757 0.46938399 0.52243366
 0.57031652 0.6073153  0.65496246 0.71165718 0.75859607 0.81615445]",1988.0,1982.0,18
5,imitcontsub,Idaho,[1971 1972 1973 1974 1975 1976 1977 1978 1979 1980 1981],"[0.06411465 0.06411465 0.06411465 0.06411465 0.06411465 0.06411465
 0.06411465 0.06411465 0.06411465 0.06411465 0.06411465]","[0.06411465 0.12411861 0.18027544 0.23283179 0.28201851 0.32805164
 0.37113338 0.41145294 0.44918743 0.48450258 0.51755352]",1971.0,1981.0,11
5,imitcontsub,Illinois,"[1971 1972 1973 1974 1975 1976 1977 1978 1979 1980 1981 1982 1983 1984
 1985 1986 1987 1988 1989 1990 1991 1992]","[0.05904475 0.054029   0.04975631 0.06805401 0.04948329 0.02694795
 0.04951253 0.04198455 0.05280345 0.038195   0.0311003  0.04972671
 0.05919894 0.10972644 0.09524373 0.07816822 0.11466365 0.09287936
 0.10416318 0.1340015  0.17806746 0.1763646 ]","[0.05904475 0.10988362 0.15417253 0.21173448 0.25074046 0.27093147
 0.30702949 0.33612355 0.37117851 0.39519635 0.41400592 0.44314548
 0.47611068 0.53359519 0.57801732 0.61100296 0.65560678 0.6875938
 0.72013502 0.75763735 0.80079425 0.83592709]",1992.0,1984.0,22
5,imitcontsub,Indiana,"[1971 1972 1973 1974 1975 1976 1977 1978 1979 1980 1981 1982 1983 1984
 1985 1986]","[0.05049637 0.04511953 0.05272699 0.04324963 0.0380291  0.04028528
 0.05363579 0.04748658 0.04356194 0.02289338 0.02475057 0.0923138
 0.08242505 0.09401168 0.10539756 0.10335399]","[0.05049637 0.09333753 0.14114311 0.17828836 0.20953731 0.24138132
 0.28207043 0.31616245 0.34595174 0.36092512 0.37674259 0.43427785
 0.48090752 0.52970828 0.57927588 0.62275939]",1986.0,1984.0,16
5,imitcontsub,Iowa,[1971 1972 1973 1974 1975 1976 1977 1978 1979 1980 1981 1982 1983 1984],"[0.10294917 0.08118293 0.06262171 0.06397907 0.05891775 0.04447713
 0.06268364 0.05341946 0.05735467 0.03851291 0.03622835 0.06346139
 0.09585076 0.07456865]","[0.10294917 0.17577438 0.2273888  0.27681975 0.3194279  0.34969779
 0.3904611  0.42302234 0.4561147  0.47706131 0.49600651 0.52799064
 0.57323309 0.60505653]",1984.0,1982.0,14
5,imitcontsub,Kansas,"[1971 1972 1973 1974 1975 1976 1977 1978 1979 1980 1981 1982 1983 1984
 1985 1986 1987 1988 1989 1990]","[0.0545307  0.05078522 0.04102603 0.03392503 0.01951214 0.0162953
 0.03753602 0.04478865 0.04026831 0.02021485 0.03241363 0.03241363
 0.03241363 0.03241363 0.03241363 0.03241363 0.03241363 0.03241363
 0.03241363 0.03241363]","[0.0545307  0.10254656 0.13936551 0.16856256 0.18478569 0.19806984
 0.22817111 0.26274029 0.29242849 0.30673194 0.32920327 0.35094623
 0.37198441 0.39234068 0.41203712 0.43109513 0.4495354  0.46737795
 0.48464216 0.50134678]",1981.0,1990.0,20
5,imitcontsub,Kentucky,[1972 1973 1974 1975 1976 1977 1978 1979 1980 1981 1982 1983 1984 1985],"[0.05979554 0.03059852 0.08275558 0.02157244 0.03282197 0.02211026
 0.05803474 0.02906524 0.02458628 0.01972576 0.08591808 0.08591808
 0.08591808 0.08591808]","[0.05979554 0.08856441 0.16399079 0.18202555 0.20887308 0.22636511
 0.27126281 0.29244373 0.3098399  0.32345384 0.38158138 0.43471472
 0.48328294 0.52767828]",1982.0,1985.0,14
5,imitcontsub,Louisiana,"[1971 1972 1973 1974 1975 1976 1977 1978 1979 1980 1981 1982 1983 1984
 1985 1986 1987 1988 1989 1990 1991 1992 1993 1994 1995 1996 1997 1998
 1999]","[0.03426978 0.04898732 0.05265347 0.02231637 0.01746903 0.01605578
 0.02309201 0.02598971 0.02116198 0.01321883 0.0223529  0.0223529
 0.0223529  0.0223529  0.0223529  0.0223529  0.0223529  0.0223529
 0.0223529  0.0223529  0.0223529  0.0223529  0.0223529  0.0223529
 0.0223529  0.0223529  0.0223529  0.0223529  0.0223529 ]","[0.03426978 0.08157832 0.12993641 0.14935307 0.16421304 0.17763225
 0.19662238 0.21750193 0.23406113 0.24418595 0.26108058 0.27759757
 0.29374536 0.3095322  0.32496616 0.34005512 0.35480681 0.36922874
 0.38332831 0.39711271 0.41058899 0.42376404 0.43664458 0.44923721
 0.46154835 0.47358431 0.48535123 0.49685512 0.50810187]",1981.0,1999.0,29
5,imitcontsub,Maine,"[1971 1972 1973 1974 1975 1976 1977 1978 1979 1980 1981 1982 1983 1984
 1985 1986 1987 1988 1989 1990 1991]","[0.04446472 0.0204642  0.02371165 0.02401658 0.06417907 0.03622141
 0.03818875 0.03087997 0.02882848 0.02672487 0.031232   0.031232
 0.031232   0.031232   0.031232   0.031232   0.031232   0.031232
 0.031232   0.031232   0.031232  ]","[0.04446472 0.06401898 0.08621264 0.10815869 0.16539624 0.19562676
 0.22634477 0.25023521 0.27184979 0.29130952 0.31344334 0.33488588
 0.35565872 0.37578279 0.39527835 0.41416501 0.43246181 0.45018717
 0.46735892 0.48399437 0.50011026]",1981.0,1991.0,21
5,imitcontsub,Maryland,[1973 1974 1975 1976 1977 1978 1979 1980 1981 1982 1983 1984 1985],"[0.04583103 0.06735514 0.05262739 0.04028288 0.0584865  0.04185136
 0.04314409 0.05062766 0.05842305 0.05842305 0.05842305 0.05842305
 0.05842305]","[0.04583103 0.11009921 0.15693236 0.19089356 0.23821536 0.27009708
 0.30158808 0.33694704 0.37568461 0.41215902 0.44650248 0.4788395
 0.50928728]",1981.0,1985.0,13
5,imitcontsub,Massachusetts,"[1971 1972 1973 1974 1975 1976 1977 1978 1979 1980 1981 1982 1983 1984
 1985 1986]","[0.03199896 0.02850943 0.02606914 0.03489952 0.06582686 0.06208981
 0.06317794 0.02722519 0.0251421  0.04664883 0.04664883 0.04664883
 0.04664883 0.04664883 0.04664883 0.04664883]","[0.03199896 0.05959612 0.08411164 0.11607571 0.17426166 0.2255316
 0.27446092 0.29421386 0.3119588  0.34405512 0.37465418 0.40382583
 0.43163666 0.45815014 0.4834268  0.50752434]",1980.0,1986.0,16
5,imitcontsub,Michigan,[1971 1972 1973 1974 1975 1976 1977 1978 1979 1980 1981 1982 1983 1984],"[0.05735587 0.04977851 0.05281226 0.06903276 0.05563391 0.02739988
 0.05296912 0.05334242 0.04137659 0.0469639  0.03997994 0.05007843
 0.04375917 0.06217041]","[0.05735587 0.10427929 0.15158432 0.2101528  0.25409509 0.27453279
 0.31296015 0.34960852 0.3765195  0.40580058 0.42955664 0.45812355
 0.48183561 0.5140501 ]",1984.0,1984.0,14
5,imitcontsub,Minnesota,[1971 1972 1973 1974 1975 1976 1977 1978 1979 1980 1981 1982],"[0.11922228 0.07665089 0.07119471 0.07952807 0.09166754 0.04411514
 0.06347032 0.07079689 0.05566196 0.0620474  0.05868929 0.05814989]","[0.11922228 0.18673467 0.24463486 0.30470759 0.36844334 0.39630455
 0.4346213  0.47464835 0.50389045 0.53467276 0.56198248 0.58745315]",1982.0,1979.0,12
5,imitcontsub,Mississippi,[1974 1975 1976 1977 1978 1979 1980 1981 1982 1983 1984 1985 1986],"[0.02451581 0.01957423 0.01620908 0.01809386 0.01476781 0.01969015
 0.01421704 0.03238667 0.11002694 0.11002694 0.11002694 0.11002694
 0.11002694]","[0.02451581 0.04361017 0.05911237 0.07613665 0.08978008 0.10770245
 0.12038828 0.14887597 0.24252254 0.32586547 0.40003843 0.46605036
 0.5247992 ]",1982.0,1986.0,13
5,imitcontsub,Missouri,"[1971 1972 1973 1974 1975 1976 1977 1978 1979 1980 1981 1982 1983 1984
 1985 1986 1987 1988 1989]","[0.04791855 0.03896192 0.03754791 0.03596387 0.02117767 0.01713388
 0.03524248 0.03561394 0.03366185 0.02452955 0.03516143 0.06738637
 0.05846147 0.0781706  0.10232199 0.07869858 0.09747462 0.07792051
 0.1091422 ]","[0.04791855 0.08501347 0.1193693  0.15104019 0.16901918 0.18325711
 0.21204115 0.24010347 0.26568299 0.28369545 0.30888174 0.35545369
 0.39313482 0.44057384 0.49781544 0.53733665 0.58243458 0.61497149
 0.65699435]",1989.0,1986.0,19
5,imitcontsub,Montana,[1971 1972 1973 1974 1975 1976 1977 1978 1979 1980 1981 1982 1983],"[0.14020739 0.09111251 0.12833293 0.08365787 0.09999165 0.07963227
 0.09946011 0.07838665 0.10124172 0.06891315 0.08213005 0.06676306
 0.11189617]","[0.14020739 0.21854525 0.31883163 0.37581672 0.43822984 0.48296487
 0.53438924 0.57088691 0.61433106 0.64090872 0.6704009  0.69240595
 0.72682455]",1983.0,1977.0,13
5,imitcontsub,Nevada,[1971 1972 1973 1974 1975 1976 1977 1978 1979 1980 1981 1982 1983],"[0.10495804 0.06056356 0.10302046 0.03050611 0.03619111 0.0234135
 0.0502384  0.02554755 0.03890417 0.01739333 0.03718331 0.07629242
 0.10199429]","[0.10495804 0.15916497 0.24578819 0.26879626 0.29525933 0.31175978
 0.34633587 0.36303538 0.38781596 0.39846388 0.42083098 0.46501719
 0.51958238]",1983.0,1983.0,13
5,imitcontsub,New Hampshire,[1971 1972 1973 1974 1975 1976 1977 1978 1979 1980 1981 1982 1983],"[0.11011314 0.04043053 0.05875506 0.03080101 0.02895183 0.01104836
 0.03792585 0.02007488 0.03307843 0.03108805 0.12436724 0.11979723
 0.19884163]","[0.11011314 0.14609173 0.19626316 0.22101907 0.24357199 0.25192927
 0.28030049 0.29474838 0.31807699 0.33927665 0.42144899 0.4907578
 0.59201635]",1983.0,1983.0,13
5,imitcontsub,New Jersey,"[1972 1973 1974 1975 1976 1977 1978 1979 1980 1981 1982 1983 1984 1985
 1986 1987 1988 1989 1990 1991 1992 1993 1994 1995 1996 1997]","[0.03721598 0.02651751 0.04948602 0.06218458 0.05419575 0.04763535
 0.02938146 0.06306751 0.08228726 0.0529118  0.05092844 0.05329097
 0.05793206 0.04249573 0.03897521 0.03243074 0.05087594 0.06642981
 0.10040065 0.07880925 0.12164698 0.23115976 0.18104241 0.24467945
 0.17611792 0.19726004]","[0.03721598 0.06274662 0.10912756 0.16452608 0.20980522 0.24744643
 0.26955755 0.31562474 0.3719401  0.40517188 0.43546555 0.46555014
 0.49651192 0.51790802 0.53669766 0.55172289 0.57452941 0.60279334
 0.64267315 0.67083381 0.71087588 0.77770975 0.81795371 0.8624967
 0.88671349 0.90906039]",1997.0,1985.0,26
5,imitcontsub,New Mexico,[1971 1972 1973 1974 1975 1976 1977 1978 1979 1980],"[0.09422795 0.07013893 0.07013893 0.07013893 0.07013893 0.07013893
 0.07013893 0.07013893 0.07013893 0.07013893]","[0.09422795 0.15775784 0.2168318  0.27176238 0.32284019 0.37033546
 0.41449946 0.45556584 0.49375187 0.52925958]",1972.0,1980.0,10
5,imitcontsub,New York,[1971 1972 1973 1974 1975 1976 1977 1978 1979 1980 1981 1982],"[0.07874468 0.07433442 0.0372704  0.06470672 0.05991694 0.05047028
 0.06203417 0.03980013 0.03279037 0.06673247 0.14970475 0.12283448]","[0.07874468 0.14722566 0.1790089  0.23213254 0.27814081 0.31457324
 0.35709312 0.3826809  0.40292302 0.44276744 0.5261878  0.58438828]",1982.0,1981.0,12
5,imitcontsub,North Dakota,[1971 1972 1973 1974 1975 1976 1977 1978 1979 1980 1981 1982 1983],"[0.2022515  0.15941862 0.28353796 0.11294199 0.08685797 0.03168759
 0.08478413 0.0492295  0.11466061 0.05467559 0.084217   0.05945445
 0.06274905]","[0.2022515  0.32942746 0.51956023 0.57382205 0.61083901 0.62317058
 0.65511973 0.67209802 0.70969546 0.72556803 0.74867987 0.76362197
 0.77845446]",1983.0,1973.0,13
5,imitcontsub,Ohio,[1971 1972 1973 1974 1975 1976 1977 1978 1979 1980 1981 1982 1983],"[0.06127346 0.0623715  0.0483332  0.12278726 0.04237877 0.03028612
 0.04992471 0.04690277 0.03938084 0.03497701 0.02655409 0.0564277
 0.0564277 ]","[0.06127346 0.11982324 0.162365   0.2652159  0.29635515 0.31766582
 0.35173116 0.38213676 0.40646874 0.42722868 0.4424381  0.47390004
 0.50358664]",1982.0,1983.0,13
5,imitcontsub,Oklahoma,"[1971 1972 1973 1974 1975 1976 1977 1978 1979 1980 1981 1982 1983 1984
 1985 1986]","[0.04432939 0.06339765 0.07979625 0.02538021 0.02298381 0.02222452
 0.03535612 0.03319502 0.03134141 0.02396382 0.05447295 0.05447295
 0.05447295 0.05447295 0.05447295 0.05447295]","[0.04432939 0.10491666 0.17634095 0.19724559 0.21569595 0.23312673
 0.26024039 0.28479673 0.30721221 0.32381405 0.36064789 0.39547529
 0.42840554 0.45954198 0.48898232 0.51681897]",1981.0,1986.0,16
5,imitcontsub,Oregon,[1971 1972 1973 1974 1975 1976 1977 1978 1979 1980 1981],"[0.10319105 0.08056739 0.08483896 0.06981363 0.07152535 0.05021714
 0.05592857 0.05166244 0.04241066 0.04780467 0.04118677]","[0.10319105 0.17544461 0.24539903 0.29808047 0.34828551 0.38101275
 0.41563182 0.4458217  0.46932477 0.49469352 0.51550546]",1981.0,1981.0,11
5,imitcontsub,Pennsylvania,"[1971 1972 1973 1974 1975 1976 1977 1978 1979 1980 1981 1982 1983 1984
 1985 1986 1987 1988 1989 1990 1991 1992 1993 1994 1995 1996 1997 1998
 1999]","[0.06058259 0.05576858 0.03950741 0.06545998 0.05303283 0.03356291
 0.04663973 0.04080192 0.03936551 0.03529346 0.04442981 0.062144
 0.06088296 0.08283975 0.06217261 0.03581852 0.05743805 0.05594706
 0.06826015 0.09380291 0.09185996 0.09760556 0.12048765 0.11657851
 0.17854253 0.26657695 0.25776375 0.35164929 0.36904292]","[0.06058259 0.11297257 0.14801672 0.20378753 0.24601293 0.27131893
 0.30530442 0.33364933 0.35988056 0.3824726  0.40990922 0.44657983
 0.48027369 0.52332768 0.55296364 0.56897583 0.59373301 0.61646246
 0.64264279 0.67616393 0.7059115  0.73461618 0.76659165 0.79380205
 0.83061715 0.87577072 0.90779252 0.94021722 0.96227963]",1999.0,1984.0,29
5,imitcontsub,Rhode Island,"[1971 1972 1973 1974 1975 1976 1977 1978 1979 1980 1981 1982 1983 1984
 1985 1986 1987 1988 1989]","[0.03345571 0.03240557 0.03068914 0.03784617 0.03784617 0.03784617
 0.03784617 0.03784617 0.03784617 0.03784617 0.03784617 0.03784617
 0.03784617 0.03784617 0.03784617 0.03784617 0.03784617 0.03784617
 0.03784617]","[0.03345571 0.06477712 0.09347831 0.12778668 0.16079661 0.19255724
 0.22311585 0.25251794 0.28080727 0.30802596 0.33421452 0.35941195
 0.38365575 0.40698202 0.42942547 0.45101953 0.47179634 0.49178682
 0.51102074]",1974.0,1989.0,19
5,imitcontsub,Tennessee,"[1971 1972 1973 1974 1975 1976 1977 1978 1979 1980 1981 1982 1983 1984
 1985 1986 1987 1988 1989]","[0.05547483 0.05611907 0.04981191 0.02651838 0.02058782 0.01998564
 0.03528439 0.03717152 0.03556807 0.01937431 0.02359325 0.08584146
 0.09614984 0.11363098 0.10746507 0.09069566 0.10642047 0.11030107
 0.20814   ]","[0.05547483 0.1084807  0.15288898 0.17535299 0.19233068 0.20847246
 0.23640103 0.26478517 0.29093534 0.30467298 0.321078   0.37935766
 0.43903232 0.50277563 0.55620988 0.59645972 0.63940466 0.67917872
 0.74595446]",1989.0,1984.0,19
5,imitcontsub,Texas,"[1971 1972 1973 1974 1975 1976 1977 1978 1979 1980 1981 1982 1983 1984
 1985 1986 1987 1988 1989]","[0.04143222 0.0444087  0.13520576 0.0269954  0.03744346 0.02316344
 0.04369457 0.02303256 0.0449718  0.01120438 0.11899773 0.12928524
 0.17459225 0.13607595 0.20228657 0.23750071 0.21664623 0.21826601
 0.16365686]","[0.04143222 0.08400097 0.20784931 0.22923374 0.2580939  0.275279
 0.30694537 0.3229082  0.35335823 0.36060346 0.43669019 0.50951783
 0.59515222 0.65024227 0.72099356 0.78725779 0.83334758 0.86972214
 0.89104301]",1989.0,1982.0,19
5,imitcontsub,Utah,[1971 1972 1973 1974 1975 1976 1977 1978 1979 1980 1981 1982],"[0.08334687 0.12692445 0.08916873 0.0779655  0.04250488 0.03723091
 0.04421383 0.06809924 0.09619204 0.07725244 0.05182635 0.09577913]","[0.08334687 0.19969256 0.27105497 0.32788753 0.35645559 0.38041533
 0.40780954 0.44813726 0.50122207 0.53975388 0.56360676 0.60540412]",1982.0,1979.0,12
5,imitcontsub,Virginia,[1972 1973 1974 1975 1976 1977 1978 1979 1980 1981 1982],"[0.0731505  0.05434081 0.05675559 0.10653802 0.057614   0.05346261
 0.04471067 0.04646994 0.02729104 0.07645434 0.0816264 ]","[0.0731505  0.12351625 0.1732616  0.26134067 0.30389779 0.34111323
 0.3705725  0.39982195 0.41620144 0.46083537 0.50484544]",1982.0,1982.0,11
5,imitcontsub,Washington,[1971 1972 1973 1974 1975 1976 1977 1978 1979 1980 1981 1982],"[0.08952896 0.05836271 0.05236694 0.03974936 0.08427808 0.09439605
 0.07204626 0.04104292 0.06162915 0.04578863 0.06533471 0.06801422]","[0.08952896 0.14266651 0.18756244 0.21985631 0.28560533 0.35304136
 0.39965231 0.42429233 0.4597727  0.48450897 0.51818843 0.55095847]",1982.0,1981.0,12
5,imitcontsub,West Virginia,[1971 1972 1973 1974 1975 1976 1977 1978 1979 1980 1981 1982],"[0.05696115 0.05696115 0.05696115 0.05696115 0.05696115 0.05696115
 0.05696115 0.05696115 0.05696115 0.05696115 0.05696115 0.05696115]","[0.05696115 0.11067773 0.16133454 0.20910589 0.25415613 0.29664025
 0.33670443 0.37448651 0.41011648 0.44371692 0.47540344 0.50528507]",1971.0,1982.0,12
5,imitcontsub,Wisconsin,"[1971 1972 1973 1974 1975 1976 1977 1978 1979 1980 1981 1982 1983 1984
 1985]","[0.04821593 0.04821593 0.04821593 0.04821593 0.04821593 0.04821593
 0.04821593 0.04821593 0.04821593 0.04821593 0.04821593 0.04821593
 0.04821593 0.04821593 0.04821593]","[0.04821593 0.09410709 0.13778555 0.17935803 0.21892604 0.25658625
 0.29243064 0.32654675 0.35901793 0.38992347 0.41933888 0.447336
 0.47398321 0.4993456  0.52348511]",1971.0,1985.0,15
5,imitcontsub,Wyoming,[1971 1972 1973 1974 1975 1976 1977],"[0.09430528 0.09430528 0.09430528 0.09430528 0.09430528 0.09430528
 0.09430528]","[0.09430528 0.17971707 0.25707408 0.32713591 0.39059054 0.44806107
 0.50011182]",1971.0,1977.0,7
5,medmar,Alabama,"[1996 1997 1998 1999 2000 2001 2002 2003 2004 2005 2006 2007 2008 2009
 2010 2011 2012 2013 2014 2015 2016 2017 2018 2019 2020 2021 2022 2023
 2024]","[0.02412496 0.03182974 0.03607616 0.05703708 0.05759286 0.02931188
 0.02568825 0.02388268 0.01910183 0.01546942 0.01546942 0.01546942
 0.01546942 0.01546942 0.01546942 0.01546942 0.01546942 0.01546942
 0.01546942 0.01546942 0.01546942 0.01546942 0.01546942 0.01546942
 0.01546942 0.01546942 0.01546942 0.01546942 0.01546942]","[0.02412496 0.05518681 0.08927204 0.14121731 0.19067706 0.21439983
 0.23458053 0.2528608  0.26713252 0.27846956 0.28963122 0.30062021
 0.31143922 0.32209085 0.33257772 0.34290235 0.35306728 0.36307495
 0.37292781 0.38262826 0.39217864 0.40158129 0.41083848 0.41995247
 0.42892547 0.43775966 0.4464572  0.45502019 0.46345071]",,,29
5,medmar,Arizona,[1996 1997 1998 1999 2000 2001 2002 2003 2004],"[0.08002745 0.08002745 0.08002745 0.08002745 0.08002745 0.08002745
 0.08002745 0.08002745 0.08002745]","[0.08002745 0.15365051 0.2213817  0.28369254 0.3410168  0.39375354
 0.4422699  0.48690362 0.52796542]",1996.0,2004.0,9
5,medmar,Arkansas,"[1996 1997 1998 1999 2000 2001 2002 2003 2004 2005 2006 2007 2008 2009
 2010 2011 2012 2013 2014 2015 2016 2017 2018 2019 2020 2021 2022]","[0.02231085 0.03680066 0.02772113 0.05769737 0.03681609 0.04872847
 0.04503954 0.04645342 0.02747098 0.01892125 0.01892125 0.01892125
 0.01892125 0.01892125 0.01892125 0.01892125 0.01892125 0.01892125
 0.01892125 0.01892125 0.01892125 0.01892125 0.01892125 0.01892125
 0.01892125 0.01892125 0.01892125]","[0.02231085 0.05829045 0.08439571 0.13722367 0.16898772 0.20948168
 0.24508626 0.28015459 0.29992945 0.31317566 0.32617123 0.33892091
 0.35142936 0.36370112 0.37574069 0.38755246 0.39914073 0.41050974
 0.42166363 0.43260648 0.44334227 0.45387493 0.4642083  0.47434615
 0.48429217 0.49405001 0.50362322]",,2022.0,27
5,medmar,California,[1996 1997 1998 1999 2000],[0.14093245 0.14093245 0.14093245 0.14093245 0.14093245],[0.14093245 0.26200295 0.36601069 0.45536036 0.53211776],1996.0,2000.0,5
5,medmar,Colorado,[1996 1997 1998 1999 2000 2001 2002 2003],"[0.04001872 0.03919418 0.05224689 0.13818879 0.10264303 0.10264303
 0.10264303 0.10264303]","[0.04001872 0.0776444  0.12583461 0.24663447 0.32396219 0.39335276
 0.45562088 0.5114976 ]",2000.0,2003.0,8
5,medmar,Connecticut,[1996 1997 1998 1999 2000 2001 2002 2003 2004 2005 2006],"[0.03082675 0.01955867 0.03415427 0.14257682 0.13478081 0.0526424
 0.05190365 0.03814777 0.02205959 0.06775465 0.06775465]","[0.03082675 0.04978249 0.08223648 0.21308829 0.31914888 0.35499052
 0.38846886 0.41179741 0.42477292 0.46374723 0.50008085]",,2006.0,11
5,medmar,Delaware,[1996 1997 1998 1999 2000 2001 2002 2003 2004 2005],"[0.02334956 0.030555   0.04422175 0.15829245 0.18010574 0.07242358
 0.05883681 0.05086127 0.02574423 0.03603579]","[0.02334956 0.05319111 0.09506066 0.23830573 0.37549124 0.4207204
 0.45480337 0.48253276 0.49585455 0.51402183]",,2005.0,10
5,medmar,Florida,[1996 1997 1998 1999 2000 2001 2002 2003 2004 2005],"[0.06894627 0.0704363  0.06947173 0.15681593 0.11430691 0.11312827
 0.05712329 0.04634434 0.02069054 0.01730586]","[0.06894627 0.13452624 0.1946522  0.32094356 0.39856441 0.46660377
 0.49707312 0.52038094 0.53030451 0.538433  ]",,2003.0,10
5,medmar,Georgia,"[1996 1997 1998 1999 2000 2001 2002 2003 2004 2005 2006 2007 2008 2009
 2010 2011 2012 2013 2014 2015 2016 2017 2018 2019 2020 2021 2022 2023
 2024]","[0.04376787 0.0479539  0.06364225 0.11005027 0.0783156  0.05713589
 0.03527601 0.02920442 0.01392424 0.00986522 0.00986522 0.00986522
 0.00986522 0.00986522 0.00986522 0.00986522 0.00986522 0.00986522
 0.00986522 0.00986522 0.00986522 0.00986522 0.00986522 0.00986522
 0.00986522 0.00986522 0.00986522 0.00986522 0.00986522]","[0.04376787 0.08962293 0.14756137 0.24137247 0.30078484 0.34073512
 0.36399135 0.38256562 0.39116292 0.39716924 0.40311629 0.40900468
 0.41483498 0.42060776 0.4263236  0.43198304 0.43758665 0.44313498
 0.44862858 0.45406798 0.45945372 0.46478633 0.47006633 0.47529424
 0.48047058 0.48559585 0.49067056 0.49569521 0.50067029]",,2024.0,29
5,medmar,Idaho,[1996 1997 1998 1999 2000 2001 2002 2003 2004 2005],"[0.01287512 0.01420763 0.08959606 0.14786044 0.12466369 0.09616734
 0.07152166 0.03749835 0.06470177 0.04449539]","[0.01287512 0.02689983 0.11408577 0.24507744 0.33918887 0.40273732
 0.44545454 0.46624908 0.50078371 0.52299653]",,2004.0,10
5,medmar,Illinois,[1996 1997 1998 1999 2000 2001 2002 2003 2004 2005],"[0.0590886  0.06795138 0.08418516 0.16291855 0.15318428 0.07655523
 0.09138356 0.1298136  0.09287289 0.10025306]","[0.0590886  0.12302483 0.19685312 0.32770065 0.43068634 0.47427028
 0.52231333 0.58432355 0.62292863 0.66073119]",,2002.0,10
5,medmar,Indiana,"[1996 1997 1998 1999 2000 2001 2002 2003 2004 2005 2006 2007 2008 2009
 2010 2011 2012 2013 2014 2015 2016 2017 2018 2019 2020 2021 2022 2023
 2024]","[0.03859409 0.040423   0.04709938 0.08355563 0.06149981 0.04380082
 0.03450132 0.03271112 0.01981444 0.01061846 0.01061846 0.01061846
 0.01061846 0.01061846 0.01061846 0.01061846 0.01061846 0.01061846
 0.01061846 0.01061846 0.01061846 0.01061846 0.01061846 0.01061846
 0.01061846 0.01061846 0.01061846 0.01061846 0.01061846]","[0.03859409 0.07745699 0.1209082  0.19436127 0.2439079  0.27702535
 0.30196893 0.32480231 0.33818097 0.34520847 0.35216135 0.3590404
 0.36584641 0.37258015 0.37924238 0.38583388 0.39235538 0.39880763
 0.40519137 0.41150733 0.41775621 0.42393875 0.43005564 0.43610757
 0.44209524 0.44801933 0.45388052 0.45967947 0.46541685]",,,29
5,medmar,Iowa,"[1996 1997 1998 1999 2000 2001 2002 2003 2004 2005 2006 2007 2008 2009
 2010 2011 2012 2013 2014 2015 2016]","[0.03717103 0.03488072 0.04252968 0.07271399 0.06107946 0.04489827
 0.03147245 0.03566426 0.03390628 0.02517312 0.02517312 0.02517312
 0.02517312 0.02517312 0.02517312 0.02517312 0.02517312 0.02517312
 0.02517312 0.02517312 0.02517312]","[0.03717103 0.0707552  0.11027569 0.1749711  0.22536342 0.26014326
 0.28342836 0.30898436 0.33241413 0.34921935 0.36560153 0.38157132
 0.3971391  0.412315   0.42710886 0.44153032 0.45558875 0.46929328
 0.48265283 0.49567607 0.50837148]",,2016.0,21
5,medmar,Kansas,"[1996 1997 1998 1999 2000 2001 2002 2003 2004 2005 2006 2007 2008 2009
 2010 2011 2012 2013]","[0.02488679 0.03427444 0.05005648 0.07458582 0.09278737 0.06969659
 0.05087965 0.03292767 0.03012918 0.02670153 0.02670153 0.02670153
 0.02670153 0.02670153 0.02670153 0.02670153 0.02670153 0.02670153]","[0.02488679 0.05830825 0.10544602 0.17216706 0.2489795  0.30132307
 0.33687151 0.35870678 0.37802842 0.39463601 0.41080015 0.42653269
 0.44184514 0.45674873 0.47125437 0.48537269 0.49911402 0.51248844]",,2013.0,18
5,medmar,Kentucky,"[1996 1997 1998 1999 2000 2001 2002 2003 2004 2005 2006 2007 2008 2009
 2010 2011 2012 2013 2014 2015 2016 2017 2018 2019 2020 2021 2022 2023
 2024]","[0.0227893  0.01477359 0.03461005 0.05075764 0.06792304 0.05343878
 0.05469655 0.02469419 0.01286502 0.01298782 0.01298782 0.01298782
 0.01298782 0.01298782 0.01298782 0.01298782 0.01298782 0.01298782
 0.01298782 0.01298782 0.01298782 0.01298782 0.01298782 0.01298782
 0.01298782 0.01298782 0.01298782 0.01298782 0.01298782]","[0.0227893  0.03722622 0.07054786 0.11772466 0.17765148 0.22159678
 0.26417275 0.28234341 0.29157607 0.30077696 0.30985834 0.31882178
 0.3276688  0.33640092 0.34501963 0.3535264  0.36192268 0.37020992
 0.37838952 0.38646289 0.3944314  0.40229642 0.41005929 0.41772133
 0.42528387 0.43274818 0.44011554 0.44738722 0.45456446]",,,29
5,medmar,Louisiana,"[1996 1997 1998 1999 2000 2001 2002 2003 2004 2005 2006 2007 2008 2009
 2010 2011 2012 2013 2014 2015 2016 2017 2018 2019]","[0.03417986 0.04476836 0.04214149 0.0804751  0.09092489 0.05486252
 0.05285038 0.02944398 0.02103579 0.01581853 0.01581853 0.01581853
 0.01581853 0.01581853 0.01581853 0.01581853 0.01581853 0.01581853
 0.01581853 0.01581853 0.01581853 0.01581853 0.01581853 0.01581853]","[0.03417986 0.07741805 0.11629703 0.18741312 0.26129749 0.30182457
 0.33872341 0.35819403 0.37169493 0.38163379 0.39141543 0.40104235
 0.41051698 0.41984174 0.42901899 0.43805107 0.44694028 0.45568887
 0.46429907 0.47277307 0.48111303 0.48932106 0.49739925 0.50534966]",,2019.0,24
5,medmar,Maine,[1996 1997 1998 1999 2000 2001 2002 2003 2004 2005],"[0.02345449 0.03771501 0.03240509 0.09386612 0.09386612 0.09386612
 0.09386612 0.09386612 0.09386612 0.09386612]","[0.02345449 0.06028491 0.09073646 0.1760855  0.25342316 0.32350143
 0.38700172 0.44454149 0.49668022 0.5439249 ]",1999.0,2005.0,10
5,medmar,Maryland,[1996 1997 1998 1999 2000 2001 2002 2003 2004 2005 2006 2007 2008],"[0.02734455 0.01911168 0.03249776 0.13095254 0.12031563 0.06907716
 0.04850432 0.04204548 0.03086463 0.04462547 0.04462547 0.04462547
 0.04462547]","[0.02734455 0.04593364 0.07693865 0.19781588 0.29433117 0.34307677
 0.37494038 0.40122131 0.4197024  0.44559845 0.47033888 0.49397526
 0.51655685]",,2008.0,13
5,medmar,Massachusetts,[1996 1997 1998 1999 2000 2001 2002 2003 2004 2005 2006],"[0.02311794 0.0185418  0.07639202 0.10138082 0.0864686  0.04774581
 0.05184885 0.04239093 0.02009332 0.09988915 0.09988915]","[0.02311794 0.0412311  0.11447339 0.2042488  0.27305629 0.30776481
 0.34365641 0.37147942 0.38410849 0.44562936 0.50100497]",,2006.0,11
5,medmar,Michigan,[1996 1997 1998 1999 2000 2001 2002 2003 2004 2005],"[0.03254977 0.04199797 0.06617141 0.15635843 0.15807129 0.07780067
 0.06687593 0.0587393  0.03994523 0.0312801 ]","[0.03254977 0.07318071 0.13450966 0.26983637 0.38525427 0.43308191
 0.47099508 0.50206846 0.52195845 0.53691164]",,2003.0,10
5,medmar,Minnesota,[1996 1997 1998 1999 2000 2001 2002 2003 2004 2005 2006 2007 2008 2009],"[0.0287166  0.03787578 0.06831096 0.13793521 0.09029997 0.06293208
 0.05340176 0.04844084 0.02966504 0.02679559 0.02679559 0.02679559
 0.02679559 0.02679559]","[0.0287166  0.06550472 0.12934099 0.24943552 0.31721147 0.36018078
 0.39434825 0.42368653 0.44078289 0.45576744 0.47035048 0.48454274
 0.49835472 0.5117966 ]",,2009.0,14
5,medmar,Mississippi,"[1996 1997 1998 1999 2000 2001 2002 2003 2004 2005 2006 2007 2008 2009
 2010 2011 2012 2013 2014 2015 2016 2017 2018 2019 2020 2021]","[0.01414599 0.01861872 0.06011214 0.04657258 0.0339753  0.02863825
 0.03793567 0.0302136  0.01460839 0.02379188 0.02379188 0.02379188
 0.02379188 0.02379188 0.02379188 0.02379188 0.02379188 0.02379188
 0.02379188 0.02379188 0.02379188 0.02379188 0.02379188 0.02379188
 0.02379188 0.02379188]","[0.01414599 0.03250133 0.09065974 0.13301007 0.16246631 0.18645181
 0.2173143  0.24096205 0.25205038 0.2698455  0.28721725 0.3041757
 0.32073067 0.33689176 0.35266835 0.36806959 0.38310441 0.39778151
 0.41210942 0.42609645 0.43975069 0.45308008 0.46609233 0.478795
 0.49119545 0.50330087]",,2021.0,26
5,medmar,Missouri,"[1996 1997 1998 1999 2000 2001 2002 2003 2004 2005 2006 2007 2008 2009
 2010 2011 2012 2013 2014 2015 2016 2017 2018 2019 2020 2021]","[0.02882553 0.04332656 0.0583571  0.11485194 0.07248221 0.05132146
 0.04313479 0.03515097 0.0239479  0.01248618 0.01248618 0.01248618
 0.01248618 0.01248618 0.01248618 0.01248618 0.01248618 0.01248618
 0.01248618 0.01248618 0.01248618 0.01248618 0.01248618 0.01248618
 0.01248618 0.01248618]","[0.02882553 0.07090318 0.12512257 0.22560394 0.28173388 0.31859635
 0.34798855 0.37090738 0.38597283 0.39363969 0.40121082 0.40868741
 0.41607064 0.42336169 0.4305617  0.43767181 0.44469315 0.45162681
 0.4584739  0.46523549 0.47191266 0.47850645 0.48501792 0.49144808
 0.49779795 0.50406853]",,2021.0,26
5,medmar,Montana,"[1996 1997 1998 1999 2000 2001 2002 2003 2004 2005 2006 2007 2008 2009
 2010 2011 2012 2013 2014 2015 2016 2017 2018 2019 2020 2021 2022 2023]","[0.01322077 0.02617417 0.03670902 0.05072524 0.04971239 0.0408409
 0.03328413 0.04497586 0.01398133 0.01398133 0.01398133 0.01398133
 0.01398133 0.01398133 0.01398133 0.01398133 0.01398133 0.01398133
 0.01398133 0.01398133 0.01398133 0.01398133 0.01398133 0.01398133
 0.01398133 0.01398133 0.01398133 0.01398133]","[0.01322077 0.0390489  0.07432448 0.12127959 0.16496288 0.19906655
 0.22572492 0.26054861 0.27088712 0.28108109 0.29113253 0.30104344
 0.31081578 0.3204515  0.32995249 0.33932064 0.34855782 0.35766584
 0.36664653 0.37550165 0.38423297 0.39284221 0.40133108 0.40970127
 0.41795443 0.4260922  0.4341162  0.442028  ]",2004.0,,28
5,medmar,Nevada,[1996 1997 1998 1999 2000],[0.08306067 0.1130757  0.19417844 0.19417844 0.19417844],[0.08306067 0.18674423 0.34466097 0.47191368 0.57445666],1998.0,2000.0,5
5,medmar,New Hampshire,[1996 1997 1998 1999 2000 2001 2002 2003 2004 2005],"[0.02131528 0.0197975  0.03259291 0.14356094 0.09780564 0.05650399
 0.05089015 0.04811725 0.33866916 0.18071522]","[0.02131528 0.04069079 0.07195747 0.20518813 0.28292521 0.3234428
 0.3578729  0.38877029 0.59577494 0.66882456]",,2004.0,10
5,medmar,New Jersey,[1996 1997 1998 1999 2000 2001 2002 2003 2004 2005 2006],"[0.02048866 0.0279945  0.04460634 0.15000695 0.1526209  0.05175646
 0.05476833 0.04847685 0.03626129 0.03745678 0.03745678]","[0.02048866 0.04790959 0.09037886 0.22682835 0.34483051 0.37873976
 0.41276515 0.44123244 0.46149407 0.48166477 0.50107994]",,2006.0,11
5,medmar,New Mexico,[1996 1997 1998 1999 2000 2001 2002 2003 2004 2005],"[0.04589139 0.04957782 0.07253593 0.10860167 0.16323726 0.16281787
 0.13801111 0.16190083 0.10896366 0.12263135]","[0.04589139 0.09319401 0.15897003 0.25030729 0.37268507 0.47482315
 0.54730339 0.62059535 0.66193667 0.70339383]",,2002.0,10
5,medmar,New York,[1996 1997 1998 1999 2000 2001 2002 2003 2004 2005],"[0.03192046 0.02919102 0.06607449 0.13987388 0.18373185 0.12049401
 0.12318979 0.09644932 0.04330014 0.07618306]","[0.03192046 0.06017969 0.12227784 0.24504824 0.38375692 0.45801052
 0.52477809 0.57061292 0.58920544 0.62050103]",,2002.0,10
5,medmar,North Carolina,"[1996 1997 1998 1999 2000 2001 2002 2003 2004 2005 2006 2007 2008 2009
 2010 2011 2012 2013 2014 2015]","[0.02913133 0.03387394 0.05633182 0.13671414 0.09114532 0.04908558
 0.03955084 0.04327392 0.02404492 0.01530134 0.01530134 0.01530134
 0.01530134 0.01530134 0.01530134 0.01530134 0.01530134 0.01530134
 0.01530134 0.01530134]","[0.02913133 0.06201847 0.11485668 0.23586829 0.30551531 0.3396045
 0.36572369 0.39317131 0.40776246 0.41682449 0.42574785 0.43453468
 0.44318706 0.45170704 0.46009666 0.4683579  0.47649274 0.4845031
 0.4923909  0.500158  ]",,2015.0,20
5,medmar,North Dakota,[1996 1997 1998 1999 2000 2001 2002 2003 2004 2005 2006 2007 2008 2009],"[0.01333042 0.01941558 0.02426159 0.09513457 0.04622841 0.04300628
 0.08199669 0.05512746 0.04097903 0.06013064 0.06013064 0.06013064
 0.06013064 0.06013064]","[0.01333042 0.03248718 0.05596058 0.14577136 0.18526099 0.22029988
 0.28423271 0.32369115 0.35140563 0.39040602 0.4270613  0.46151247
 0.49389207 0.52432467]",,2009.0,14
5,medmar,Ohio,"[1996 1997 1998 1999 2000 2001 2002 2003 2004 2005 2006 2007 2008 2009
 2010 2011 2012 2013 2014 2015 2016]","[0.03013917 0.04366655 0.04202834 0.12578483 0.09313448 0.05117778
 0.03452895 0.04330517 0.03138201 0.01571583 0.01571583 0.01571583
 0.01571583 0.01571583 0.01571583 0.01571583 0.01571583 0.01571583
 0.01571583 0.01571583 0.01571583]","[0.03013917 0.07248965 0.11147137 0.22323479 0.29557841 0.33162914
 0.35470729 0.3826518  0.40202542 0.41142309 0.42067307 0.42977767
 0.43873919 0.44755987 0.45624192 0.46478753 0.47319884 0.48147796
 0.48962697 0.4976479  0.50554278]",,2016.0,21
5,medmar,Oklahoma,"[1996 1997 1998 1999 2000 2001 2002 2003 2004 2005 2006 2007 2008 2009
 2010 2011 2012]","[0.02042785 0.02501091 0.03290637 0.10040163 0.15355081 0.061313
 0.03735906 0.04343067 0.02184905 0.02144433 0.02144433 0.02144433
 0.02144433 0.02144433 0.02144433 0.02144433 0.02144433]","[0.02042785 0.04492784 0.0763558  0.16909118 0.2966779  0.33980069
 0.36446511 0.39206682 0.40534958 0.41810146 0.43057989 0.44279072
 0.4547397  0.46643244 0.47787444 0.48907108 0.50002761]",,2012.0,17
5,medmar,Oregon,[1996 1997 1998 1999 2000 2001 2002],"[0.04013175 0.04934199 0.12412225 0.12412225 0.12412225 0.12412225
 0.12412225]","[0.04013175 0.08749356 0.20075592 0.29995989 0.38685045 0.46295595
 0.52961507]",1998.0,2002.0,7
5,medmar,Pennsylvania,[1996 1997 1998 1999 2000 2001 2002 2003 2004 2005 2006 2007],"[0.04005889 0.03024486 0.0492851  0.14473602 0.10781825 0.06465205
 0.08088858 0.07083165 0.03313678 0.02066256 0.02066256 0.02066256]","[0.04005889 0.06909218 0.11497207 0.24306748 0.32467862 0.36833954
 0.41943365 0.46055612 0.47843156 0.4892085  0.49976276 0.51009894]",,2007.0,12
5,medmar,Rhode Island,"[1996 1997 1998 1999 2000 2001 2002 2003 2004 2005 2006 2007 2008 2009
 2010]","[0.01599416 0.01472759 0.02055373 0.08660707 0.08497629 0.07593094
 0.07916373 0.03568442 0.02333753 0.04073085 0.04073085 0.04073085
 0.04073085 0.04073085 0.04073085]","[0.01599416 0.0304862  0.05041332 0.13265424 0.20635806 0.26662004
 0.32467713 0.34877563 0.3639736  0.3898795  0.41473023 0.43856877
 0.46143634 0.4833725  0.50441518]",2005.0,2010.0,15
5,medmar,South Carolina,"[1996 1997 1998 1999 2000 2001 2002 2003 2004 2005 2006 2007 2008 2009
 2010 2011 2012 2013 2014 2015 2016 2017 2018 2019]","[0.03114605 0.04066464 0.04848394 0.11857378 0.09227753 0.04661306
 0.0459779  0.03831946 0.01418647 0.01345065 0.01345065 0.01345065
 0.01345065 0.01345065 0.01345065 0.01345065 0.01345065 0.01345065
 0.01345065 0.01345065 0.01345065 0.01345065 0.01345065 0.01345065]","[0.03114605 0.07054415 0.11560784 0.22047356 0.29240633 0.32538944
 0.35640661 0.38106876 0.38984921 0.39805614 0.40615267 0.41414031
 0.4220205  0.4297947  0.43746434 0.44503081 0.4524955  0.4598598
 0.46712503 0.47429255 0.48136366 0.48833965 0.49522182 0.50201141]",,2019.0,24
5,medmar,South Dakota,"[1996 1997 1998 1999 2000 2001 2002 2003 2004 2005 2006 2007 2008 2009
 2010 2011 2012 2013 2014 2015 2016]","[0.02587342 0.02077904 0.10696996 0.05754529 0.05923368 0.04111513
 0.03296082 0.03381869 0.02824363 0.02315845 0.02315845 0.02315845
 0.02315845 0.02315845 0.02315845 0.02315845 0.02315845 0.02315845
 0.02315845 0.02315845 0.02315845]","[0.02587342 0.04611483 0.14815189 0.19717174 0.24472622 0.2757794
 0.2996503  0.32333521 0.34244668 0.3576746  0.37254986 0.38708064
 0.4012749  0.41514045 0.42868489 0.44191567 0.45484004 0.4674651
 0.47979779 0.49184487 0.50361295]",,2016.0,21
5,medmar,Tennessee,"[1996 1997 1998 1999 2000 2001 2002 2003 2004 2005 2006 2007 2008 2009
 2010 2011 2012 2013 2014 2015 2016 2017]","[0.02461391 0.04198515 0.04506952 0.10090681 0.11801721 0.05611198
 0.03712855 0.04455398 0.01736905 0.01462944 0.01462944 0.01462944
 0.01462944 0.01462944 0.01462944 0.01462944 0.01462944 0.01462944
 0.01462944 0.01462944 0.01462944 0.01462944]","[0.02461391 0.06556565 0.10768015 0.1977213  0.29240399 0.33210861
 0.35690645 0.38555882 0.39623108 0.40506388 0.41376747 0.42234372
 0.43079451 0.43912167 0.447327   0.4554123  0.46337931 0.47122977
 0.47896538 0.48658783 0.49409876 0.50149981]",,2017.0,22
5,medmar,Texas,[1996 1997 1998 1999 2000 2001 2002 2003 2004 2005],"[0.05270606 0.0861939  0.07218171 0.13486399 0.06439304 0.14477954
 0.08645255 0.08739631 0.02523051 0.02235087]","[0.05270606 0.13435702 0.19684061 0.30515789 0.34990089 0.44402194
 0.49208766 0.53647732 0.54817223 0.55827098]",,2003.0,10
5,medmar,Utah,[1996 1997 1998 1999 2000 2001 2002 2003 2004 2005],"[0.02662489 0.02875181 0.07638713 0.12656429 0.25803842 0.18172737
 0.1428788  0.08680153 0.06878645 0.05033207]","[0.02662489 0.05461118 0.12682672 0.23733928 0.43413504 0.53696819
 0.60312562 0.63757492 0.66250486 0.67949169]",,2001.0,10
5,medmar,Vermont,[1996 1997 1998 1999 2000 2001 2002 2003 2004 2005],"[0.03065953 0.0295026  0.03983479 0.10135984 0.10951317 0.0590744
 0.06089446 0.06335885 0.09384464 0.09384464]","[0.03065953 0.05925759 0.09673186 0.18828697 0.27718024 0.31988039
 0.36129591 0.40176346 0.45790475 0.50877749]",2004.0,2005.0,10
5,medmar,Virginia,"[1996 1997 1998 1999 2000 2001 2002 2003 2004 2005 2006 2007 2008 2009
 2010 2011 2012 2013 2014 2015 2016 2017 2018 2019 2020 2021 2022 2023
 2024]","[0.03339794 0.02843355 0.0344467  0.10991832 0.08364199 0.05106801
 0.04295375 0.03221306 0.02025425 0.01211742 0.01211742 0.01211742
 0.01211742 0.01211742 0.01211742 0.01211742 0.01211742 0.01211742
 0.01211742 0.01211742 0.01211742 0.01211742 0.01211742 0.01211742
 0.01211742 0.01211742 0.01211742 0.01211742 0.01211742]","[0.03339794 0.06088186 0.09323138 0.19290187 0.26040916 0.29817859
 0.32832445 0.34996118 0.36312723 0.37084448 0.37846823 0.38599959
 0.39343969 0.40078964 0.40805053 0.41522343 0.42230941 0.42930953
 0.43622483 0.44305633 0.44980506 0.456472   0.46305816 0.46956451
 0.47599202 0.48234165 0.48861433 0.49481101 0.5009326 ]",,2024.0,29
5,medmar,Washington,[1996 1997 1998 1999 2000 2001 2002 2003 2004 2005],"[0.03767989 0.03625126 0.14705474 0.28041891 0.26407346 0.20652411
 0.17209638 0.15080956 0.11724671 0.07577324]","[0.03767989 0.0725652  0.20894889 0.43077458 0.5810919  0.66760653
 0.72481024 0.76631149 0.79371069 0.8093419 ]",,2000.0,10
5,medmar,West Virginia,"[1996 1997 1998 1999 2000 2001 2002 2003 2004 2005 2006 2007 2008 2009
 2010 2011 2012 2013 2014]","[0.01568315 0.01188354 0.05017539 0.05051176 0.05413696 0.03593736
 0.04725557 0.03660335 0.03365641 0.03620469 0.03620469 0.03620469
 0.03620469 0.03620469 0.03620469 0.03620469 0.03620469 0.03620469
 0.03620469]","[0.01568315 0.02738032 0.0761819  0.12284558 0.17033205 0.20014813
 0.23794558 0.26583932 0.29054854 0.31623401 0.34098955 0.36484882
 0.38784427 0.41000718 0.43136769 0.45195485 0.47179666 0.4909201
 0.50935118]",,2014.0,19
5,medmar,Wisconsin,"[1996 1997 1998 1999 2000 2001 2002 2003 2004 2005 2006 2007 2008 2009
 2010 2011 2012 2013 2014]","[0.0354527  0.06155899 0.04262249 0.11600174 0.09503002 0.0546237
 0.04300779 0.04290968 0.03237185 0.01517792 0.01517792 0.01517792
 0.01517792 0.01517792 0.01517792 0.01517792 0.01517792 0.01517792
 0.01517792]","[0.0354527  0.09482926 0.13340989 0.23393585 0.30673494 0.34460365
 0.37279079 0.39970414 0.41913682 0.42795312 0.4366356  0.4451863
 0.45360722 0.46190032 0.47006756 0.47811083 0.48603202 0.49383299
 0.50151555]",,2014.0,19
5,medmar,Wyoming,"[1996 1997 1998 1999 2000 2001 2002 2003 2004 2005 2006 2007 2008 2009
 2010]","[0.0174694  0.01669629 0.03541904 0.08242401 0.07495007 0.0293006
 0.02630179 0.01867609 0.0693186  0.05405291 0.05405291 0.05405291
 0.05405291 0.05405291 0.05405291]","[0.0174694  0.03387402 0.06809328 0.14490476 0.20899421 0.23217116
 0.25236643 0.2663293  0.31718633 0.35409439 0.38900747 0.42203339
 0.45327416 0.48282628 0.51078103]",,2010.0,15
5,paperterror,Alabama,[1995 1996 1997 1998 1999 2000],[0.02474238 0.04737475 0.13840788 0.1474784  0.22919317 0.22919317],[0.02474238 0.07094496 0.19953351 0.31758502 0.47398987 0.5945478 ],,2000.0,6
5,paperterror,Arizona,[1995 1996 1997 1998],[0.05185432 0.10240828 0.29225644 0.37857565],[0.05185432 0.14895229 0.39767646 0.62570148],1998.0,1998.0,4
5,paperterror,Arkansas,[1995 1996 1997 1998 1999],[0.05664741 0.07779861 0.20853366 0.15312403 0.23403758],[0.05664741 0.13003893 0.31145509 0.41688787 0.55335802],,1999.0,5
5,paperterror,California,[1995 1996 1997 1998],[0.16543249 0.17780375 0.34097657 0.41702836],[0.16543249 0.31382173 0.54779244 0.73637582],1998.0,1997.0,4
5,paperterror,Colorado,[1995 1996 1997 1998 1999 2000],[0.04443096 0.06171657 0.16889813 0.16889813 0.16889813 0.16889813],[0.04443096 0.10340541 0.25483856 0.38069494 0.48529441 0.57222722],1997.0,2000.0,6
5,paperterror,Connecticut,[1995 1996 1997 1998 1999 2000],[0.05276738 0.06623333 0.0663523  0.14598555 0.24162567 0.24162567],[0.05276738 0.11550575 0.17419398 0.29474972 0.4651563  0.59438827],,2000.0,6
5,paperterror,Delaware,[1995 1996 1997 1998 1999 2000],[0.04177064 0.05889358 0.09932213 0.1444521  0.24194476 0.24194476],[0.04177064 0.0982042  0.18777248 0.30510045 0.47322776 0.60067754],,2000.0,6
5,paperterror,Florida,[1995 1996 1997 1998 1999 2000 2001],"[0.06068962 0.08434865 0.11964338 0.11964338 0.11964338 0.11964338
 0.11964338]","[0.06068962 0.13991918 0.24282216 0.33341348 0.41316614 0.48337693
 0.54518746]",1997.0,2001.0,7
5,paperterror,Georgia,[1995 1996 1997 1998 1999],[0.05660078 0.0786938  0.22619181 0.29937621 0.37328891],[0.05660078 0.13084046 0.32743723 0.52878652 0.70468529],,1998.0,5
5,paperterror,Idaho,[1995 1996 1997 1998 1999 2000],[0.05689074 0.12228186 0.12228186 0.12228186 0.12228186 0.12228186],[0.05689074 0.1722159  0.27343888 0.36228412 0.44026521 0.50871062],1996.0,2000.0,6
5,paperterror,Illinois,[1995 1996 1997 1998 1999 2000 2001],"[0.06573296 0.10205795 0.10205795 0.10205795 0.10205795 0.10205795
 0.10205795]","[0.06573296 0.16108234 0.24670055 0.32358075 0.39261471 0.45460321
 0.51026529]",1996.0,2001.0,7
5,paperterror,Indiana,[1995 1996 1997 1998 1999],[0.07733131 0.20227934 0.25532274 0.4882066  0.53053356],[0.07733131 0.26396813 0.4518938  0.71948287 0.86830662],,1998.0,5
5,paperterror,Iowa,[1995 1996 1997 1998 1999],[0.04680516 0.15526752 0.30871946 0.42935376 0.51835845],[0.04680516 0.19480536 0.44338461 0.68236952 0.84701596],,1998.0,5
5,paperterror,Kansas,[1995 1996 1997 1998],[0.04054206 0.14736418 0.22640273 0.33106613],[0.04054206 0.1819318  0.36714467 0.57666164],1998.0,1998.0,4
5,paperterror,Kentucky,[1995 1996 1997 1998 1999],[0.02435605 0.15221364 0.15596679 0.20669617 0.20669617],[0.02435605 0.17286236 0.30186836 0.4461695  0.56064414],1998.0,1999.0,5
5,paperterror,Louisiana,[1995 1996 1997 1998 1999],[0.07040276 0.08683879 0.17314796 0.20759031 0.29284078],[0.07040276 0.15112786 0.29810834 0.44381425 0.60668812],,1999.0,5
5,paperterror,Maine,[1995 1996 1997 1998 1999 2000 2001],"[0.03415991 0.05039688 0.10541364 0.07998663 0.15523423 0.15523423
 0.15523423]","[0.03415991 0.08283524 0.17951691 0.24514459 0.36232399 0.46131313
 0.54493578]",,2001.0,7
5,paperterror,Maryland,[1995 1996 1997 1998 1999],[0.04992447 0.07354512 0.07149534 0.15963888 0.3353801 ],[0.04992447 0.11979789 0.18272824 0.31319659 0.54353678],,1999.0,5
5,paperterror,Massachusetts,[1995 1996 1997 1998 1999 2000],[0.02920079 0.04546287 0.09000915 0.17264107 0.19204226 0.19204226],[0.02920079 0.07333612 0.15674434 0.3023249  0.43630801 0.54456069],,2000.0,6
5,paperterror,Michigan,[1995 1996 1997 1998],[0.05955989 0.15245158 0.29798477 0.36532709],[0.05955989 0.20293147 0.44044575 0.64486608],1998.0,1998.0,4
5,paperterror,Minnesota,[1995 1996 1997 1998 1999],[0.03874436 0.05322131 0.18609869 0.24790085 0.5363828 ],[0.03874436 0.08990364 0.25927138 0.44289864 0.74171822],1999.0,1999.0,5
5,paperterror,Mississippi,[1995 1996 1997 1998 1999 2000 2001],"[0.04160906 0.04415976 0.11205948 0.16427671 0.13055232 0.13055232
 0.13055232]","[0.04160906 0.08393138 0.18658555 0.3202106  0.40895868 0.4861205
 0.55320866]",,2001.0,7
5,paperterror,Missouri,[1995 1996 1997 1998 1999 2000 2001 2002 2003 2004 2005],"[0.03617849 0.06609746 0.06609746 0.06609746 0.06609746 0.06609746
 0.06609746 0.06609746 0.06609746 0.06609746 0.06609746]","[0.03617849 0.09988464 0.15937998 0.21494282 0.26683311 0.31529357
 0.36055093 0.40281689 0.44228917 0.47915244 0.51357914]",1996.0,2005.0,11
5,paperterror,Montana,[1995 1996 1997 1998 1999 2000],[0.05266214 0.13211845 0.13211845 0.13211845 0.13211845 0.13211845],[0.05266214 0.17782295 0.2864477  0.38072113 0.46253929 0.53354777],1996.0,2000.0,6
5,paperterror,Nevada,[1995 1996 1997 1998],[0.08152127 0.11385995 0.28528174 0.28528174],[0.08152127 0.18609921 0.41829025 0.58424142],1997.0,1998.0,4
5,paperterror,New Hampshire,[1995 1996 1997 1998 1999 2000 2001],"[0.01883026 0.03628576 0.05430817 0.07797531 0.18448313 0.18448313
 0.18448313]","[0.01883026 0.05443274 0.10578478 0.17551148 0.32761571 0.45165927
 0.55281888]",,2001.0,7
5,paperterror,New Jersey,[1995 1996 1997 1998 1999],[0.07263856 0.08348    0.08682069 0.17660064 0.28570995],[0.07263856 0.1500547  0.22384753 0.36091655 0.54350905],,1999.0,5
5,paperterror,New Mexico,[1995 1996 1997 1998 1999],[0.04224061 0.05358005 0.24016911 0.33955494 0.34790222],[0.04224061 0.0935574  0.31125691 0.54512303 0.70337574],1999.0,1998.0,5
5,paperterror,New York,[1995 1996 1997 1998 1999 2000],[0.05289629 0.06083648 0.07252653 0.11926858 0.20486084 0.20486084],[0.05289629 0.11051474 0.17502603 0.2734195  0.42226739 0.54062218],,2000.0,6
5,paperterror,North Carolina,[1995 1996 1997 1998 1999],[0.04800644 0.06780945 0.16040487 0.24263107 0.36268881],[0.04800644 0.1125606  0.2549102  0.43569213 0.64036028],,1999.0,5
5,paperterror,North Dakota,[1995 1996 1997 1998 1999],[0.06116658 0.12290454 0.29452561 0.22815655 0.39266942],[0.06116658 0.17655347 0.41907956 0.55162036 0.72768534],1999.0,1998.0,5
5,paperterror,Ohio,[1995 1996 1997 1998 1999 2000 2001 2002 2003 2004 2005],"[0.05087898 0.06847819 0.06847819 0.06847819 0.06847819 0.06847819
 0.06847819 0.06847819 0.06847819 0.06847819 0.06847819]","[0.05087898 0.11587308 0.17641649 0.232814   0.28534951 0.33428749
 0.37987428 0.42233937 0.46189652 0.49874488 0.53306992]",1996.0,2005.0,11
5,paperterror,Oklahoma,[1995 1996 1997 1998 1999],[0.03937157 0.07259713 0.20582471 0.30691949 0.44173629],[0.03937157 0.10911045 0.29247753 0.50962996 0.7262442 ],,1998.0,5
5,paperterror,Oregon,[1995 1996 1997 1998],[0.0965714  0.16450986 0.26266309 0.26266309],[0.0965714  0.24519431 0.44345391 0.58963802],1997.0,1998.0,4
5,paperterror,Pennsylvania,[1995 1996 1997 1998 1999],[0.08508767 0.10603924 0.11116718 0.1744883  0.32438   ],[0.08508767 0.18210428 0.27302744 0.39987565 0.59454399],,1999.0,5
5,paperterror,Rhode Island,[1995 1996 1997 1998 1999 2000 2001],"[0.03323731 0.03131286 0.04160632 0.07540631 0.17489253 0.17489253
 0.17489253]","[0.03323731 0.06350941 0.10247334 0.17015252 0.31528665 0.4350379
 0.53384555]",,2001.0,7
5,paperterror,South Carolina,[1995 1996 1997 1998 1999 2000 2001 2002],"[0.06174306 0.07727209 0.09302179 0.09302179 0.09302179 0.09302179
 0.09302179 0.09302179]","[0.06174306 0.13424414 0.2147783  0.28782103 0.35406919 0.41415483
 0.4686512  0.51807822]",1997.0,2002.0,8
5,paperterror,South Dakota,[1995 1996 1997 1998 1999 2000],[0.04474198 0.08106766 0.17086876 0.17086876 0.17086876 0.17086876],[0.04474198 0.12218251 0.2721741  0.39653681 0.49964982 0.58514404],1997.0,2000.0,6
5,paperterror,Tennessee,[1995 1996 1997 1998 1999],[0.03735217 0.05858481 0.11111149 0.19539038 0.299815  ],[0.03735217 0.09374871 0.19444364 0.35184161 0.54616921],,1999.0,5
5,paperterror,Texas,[1995 1996 1997 1998 1999 2000],[0.04593842 0.05945795 0.13821646 0.13821646 0.13821646 0.13821646],[0.04593842 0.10266496 0.22669143 0.3335754  0.42568625 0.50506586],1997.0,2000.0,6
5,paperterror,Utah,[1995 1996 1997 1998],[0.05020919 0.07520387 0.29929148 0.29929148],[0.05020919 0.12163713 0.38452366 0.56873048],1997.0,1998.0,4
5,paperterror,Vermont,[1995 1996 1997 1998 1999 2000 2001],"[0.07149525 0.05534945 0.07883036 0.09022078 0.17319872 0.17319872
 0.17319872]","[0.07149525 0.12288748 0.19203058 0.26492621 0.39224005 0.49750329
 0.58453508]",,2001.0,7
5,paperterror,Virginia,[1995 1996 1997 1998 1999],[0.04251921 0.06943717 0.09979395 0.21431275 0.30825126],[0.04251921 0.10900397 0.19791998 0.36981595 0.56407098],,1999.0,5
5,paperterror,Washington,[1995],[0.62571765],[0.62571765],1995.0,1995.0,1
5,paperterror,West Virginia,[1995 1996 1997 1998 1999 2000],[0.03667924 0.08744692 0.07290426 0.18955209 0.21001957 0.21001957],[0.03667924 0.12091867 0.18500745 0.33949099 0.47821081 0.58779675],1999.0,2000.0,6
5,paperterror,Wisconsin,[1995 1996 1997 1998 1999],[0.05265768 0.13346673 0.16011996 0.16011996 0.16011996],[0.05265768 0.17909637 0.31053942 0.42093582 0.51365555],1997.0,1999.0,5
5,paperterror,Wyoming,[1995 1996 1997 1998],[0.03079062 0.11835286 0.29556396 0.29556396],[0.03079062 0.14549933 0.39805893 0.57597101],1997.0,1998.0,4
5,racialpro,Alabama,[1999 2000 2001 2002 2003 2004],[0.00929865 0.03479083 0.10498135 0.23141064 0.22629928 0.13406839],[0.00929865 0.04376597 0.1441527  0.34220487 0.49106344 0.55929574],,2004.0,6
5,racialpro,Arizona,[1999 2000 2001 2002 2003 2004],[0.01122233 0.04403508 0.26394759 0.53363653 0.55829858 0.22908681],[0.01122233 0.05476323 0.3042562  0.67553051 0.85668136 0.88951377],,2002.0,6
5,racialpro,Arkansas,[1999 2000 2001 2002 2003],[0.0078219  0.07946129 0.26321122 0.30783207 0.45371514],[0.0078219  0.08666165 0.32706256 0.53421428 0.74554832],2003.0,2002.0,5
5,racialpro,California,[1999 2000 2001 2002 2003 2004],[0.07186057 0.13112648 0.13112648 0.13112648 0.13112648 0.13112648],[0.07186057 0.19356423 0.29930931 0.39118841 0.47101973 0.54038305],2000.0,2004.0,6
5,racialpro,Colorado,[1999 2000 2001 2002 2003 2004 2005 2006 2007 2008 2009],"[0.008927   0.03795543 0.07586331 0.07586331 0.07586331 0.07586331
 0.07586331 0.07586331 0.07586331 0.07586331 0.07586331]","[0.008927   0.0465436  0.11887596 0.18572094 0.24749485 0.30458238
 0.35733906 0.40609345 0.45114916 0.4927868  0.53126567]",2001.0,2009.0,11
5,racialpro,Connecticut,[1999],[0.52145493],[0.52145493],1999.0,1999.0,1
5,racialpro,Delaware,[1999 2000 2001 2002 2003 2004],[0.03258213 0.05964658 0.0977141  0.15876784 0.40623394 0.21679053],[0.03258213 0.0902853  0.17917725 0.30949751 0.59000305 0.67888651],,2003.0,6
5,racialpro,Florida,[1999 2000 2001 2002 2003 2004],[0.03180995 0.11001897 0.12876582 0.12876582 0.12876582 0.12876582],[0.03180995 0.13832922 0.24928297 0.34594966 0.43016899 0.50354375],2001.0,2004.0,6
5,racialpro,Georgia,[1999 2000 2001 2002 2003 2004],[0.01092302 0.02918992 0.12528172 0.30221819 0.24361121 0.10999971],[0.01092302 0.0397941  0.16009035 0.41392632 0.55670044 0.60546326],,2003.0,6
5,racialpro,Idaho,[1999 2000 2001 2002 2003 2004],[0.00940879 0.015734   0.10274686 0.18099173 0.3823626  0.20362557],[0.00940879 0.02499476 0.12517349 0.28350985 0.55746889 0.64757954],,2003.0,6
5,racialpro,Illinois,[1999 2000 2001 2002 2003],[0.09739738 0.07859908 0.12550016 0.21104503 0.21221927],[0.09739738 0.16834112 0.27271444 0.42620444 0.54797492],2003.0,2003.0,5
5,racialpro,Indiana,[1999 2000 2001 2002 2003 2004],[0.01835774 0.01406621 0.08089791 0.12210008 0.34156333 0.13100092],[0.01835774 0.03216572 0.11046149 0.21907421 0.48580983 0.55316921],,2004.0,6
5,racialpro,Iowa,[1999 2000 2001 2002 2003 2004],[0.00875755 0.01461243 0.0661725  0.12734315 0.30355599 0.19530137],[0.00875755 0.02324202 0.08787653 0.2040292  0.4456509  0.55391604],,2004.0,6
5,racialpro,Kansas,[1999 2000 2001 2002 2003 2004 2005 2006],"[0.01004804 0.10511251 0.10511251 0.10511251 0.10511251 0.10511251
 0.10511251 0.10511251]","[0.01004804 0.11410437 0.20722309 0.29055386 0.36512553 0.43185878
 0.49157753 0.54501909]",2000.0,2006.0,8
5,racialpro,Kentucky,"[1999 2000 2001 2002 2003 2004 2005 2006 2007 2008 2009 2010 2011 2012
 2013 2014 2015]","[0.01064985 0.03422189 0.04349316 0.04349316 0.04349316 0.04349316
 0.04349316 0.04349316 0.04349316 0.04349316 0.04349316 0.04349316
 0.04349316 0.04349316 0.04349316 0.04349316 0.04349316]","[0.01064985 0.04450728 0.08606468 0.12581461 0.1638357  0.20020312
 0.23498881 0.26826157 0.30008718 0.3305286  0.35964603 0.38749704
 0.41413673 0.43961777 0.46399057 0.48730331 0.50960211]",2001.0,2015.0,17
5,racialpro,Louisiana,[1999 2000 2001 2002 2003 2004],[0.01397577 0.01974077 0.11177622 0.23175522 0.48778275 0.24298896],[0.01397577 0.03344065 0.141479   0.34044572 0.66216492 0.74425512],,2003.0,6
5,racialpro,Maine,[1999 2000 2001 2002 2003 2004 2005 2006 2007 2008 2009],"[0.02420396 0.02715296 0.0652818  0.09823239 0.05448755 0.07595435
 0.07595435 0.07595435 0.07595435 0.07595435 0.07595435]","[0.02420396 0.05069971 0.11267175 0.19983612 0.24343509 0.30089948
 0.3539992  0.40306577 0.44840552 0.49030152 0.52901533]",,2009.0,11
5,racialpro,Maryland,"[1999 2000 2001 2002 2003 2004 2005 2006 2007 2008 2009 2010 2011 2012
 2013]","[0.02499623 0.03193719 0.0479015  0.0479015  0.0479015  0.0479015
 0.0479015  0.0479015  0.0479015  0.0479015  0.0479015  0.0479015
 0.0479015  0.0479015  0.0479015 ]","[0.02499623 0.05613511 0.10134766 0.14439446 0.18537925 0.22440081
 0.26155318 0.29692589 0.33060419 0.36266926 0.39319836 0.42226507
 0.44993944 0.47628817 0.50137475]",2001.0,2013.0,15
5,racialpro,Massachusetts,[1999 2000 2001 2002 2003 2004 2005 2006 2007 2008 2009],"[0.03505392 0.06537965 0.06537965 0.06537965 0.06537965 0.06537965
 0.06537965 0.06537965 0.06537965 0.06537965 0.06537965]","[0.03505392 0.09814175 0.15710493 0.21221311 0.26371834 0.31185618
 0.35684678 0.39889591 0.43819588 0.47492644 0.50925556]",2000.0,2009.0,11
5,racialpro,Michigan,[1999 2000 2001 2002 2003 2004 2005 2006 2007 2008 2009 2010 2011 2012],"[0.02555695 0.05181255 0.12165137 0.10130625 0.10506609 0.03086425
 0.03086425 0.03086425 0.03086425 0.03086425 0.03086425 0.03086425
 0.03086425 0.03086425]","[0.02555695 0.07604533 0.18844568 0.27066121 0.34728998 0.36743539
 0.38695902 0.40588007 0.42421714 0.44198825 0.45921086 0.47590192
 0.49207781 0.50775445]",,2012.0,14
5,racialpro,Minnesota,"[1999 2000 2001 2002 2003 2004 2005 2006 2007 2008 2009 2010 2011 2012
 2013]","[0.0443407  0.03748616 0.0472189  0.0472189  0.0472189  0.0472189
 0.0472189  0.0472189  0.0472189  0.0472189  0.0472189  0.0472189
 0.0472189  0.0472189  0.0472189 ]","[0.0443407  0.0801647  0.12359831 0.16498103 0.20440971 0.2419766
 0.27776963 0.31187255 0.34436517 0.37532352 0.40482006 0.4329238
 0.45970051 0.48521286 0.50952054]",2001.0,2013.0,15
5,racialpro,Mississippi,[1999 2000 2001 2002 2003 2004],[0.00677874 0.03922411 0.05763656 0.12443105 0.28360698 0.12646229],[0.00677874 0.04573696 0.1007374  0.21263359 0.4359362  0.507269  ],,2004.0,6
5,racialpro,Missouri,[1999 2000 2001 2002 2003 2004 2005 2006 2007 2008 2009],"[0.01306715 0.06974358 0.06974358 0.06974358 0.06974358 0.06974358
 0.06974358 0.06974358 0.06974358 0.06974358 0.06974358]","[0.01306715 0.08189938 0.14593101 0.20549684 0.26090834 0.31245524
 0.36040708 0.40501458 0.44651099 0.4851133  0.52102334]",2000.0,2009.0,11
5,racialpro,Montana,[1999 2000 2001 2002 2003 2004 2005 2006 2007 2008 2009 2010 2011],"[0.0077225  0.01280272 0.0326984  0.05452223 0.07027591 0.07027591
 0.07027591 0.07027591 0.07027591 0.07027591 0.07027591 0.07027591
 0.07027591]","[0.0077225  0.02042635 0.05245684 0.104119   0.16707785 0.22561222
 0.28003303 0.33062937 0.37767    0.42140481 0.46206612 0.49986991
 0.53501701]",2003.0,2011.0,13
5,racialpro,Nevada,[1999 2000 2001 2002 2003 2004 2005 2006 2007 2008 2009 2010],"[0.02542715 0.04059056 0.06495699 0.06495699 0.06495699 0.06495699
 0.06495699 0.06495699 0.06495699 0.06495699 0.06495699 0.06495699]","[0.02542715 0.06498561 0.12572133 0.18251185 0.23561342 0.28526568
 0.33169267 0.37510391 0.41569528 0.45364996 0.48913921 0.5223232 ]",2001.0,2010.0,12
5,racialpro,New Hampshire,[1999 2000 2001 2002 2003 2004 2005 2006 2007 2008 2009],"[0.01395958 0.06009788 0.06142288 0.08977932 0.08165958 0.06553774
 0.06553774 0.06553774 0.06553774 0.06553774 0.06553774]","[0.01395958 0.07321852 0.13014411 0.20823918 0.27289404 0.32054691
 0.36507673 0.40668816 0.44557248 0.4819084  0.51586295]",,2009.0,11
5,racialpro,New Jersey,[1999 2000 2001 2002 2003 2004 2005 2006 2007],"[0.04354159 0.03318887 0.04888266 0.0975801  0.08993615 0.08993615
 0.08993615 0.08993615 0.08993615]","[0.04354159 0.07528536 0.12048787 0.20631076 0.27769211 0.3426537
 0.4017729  0.45557514 0.50453862]",2003.0,2007.0,9
5,racialpro,New Mexico,[1999 2000 2001 2002 2003 2004],[0.01255845 0.03805949 0.19603911 0.33835191 0.45596381 0.22083073],[0.01255845 0.05013998 0.23634969 0.49473223 0.72511605 0.78581887],,2003.0,6
5,racialpro,New York,[1999 2000 2001 2002 2003 2004],[0.09882999 0.17316712 0.14029096 0.261011   0.29155046 0.14995533],[0.09882999 0.254883   0.35941618 0.5266156  0.66463104 0.7149214 ],,2002.0,6
5,racialpro,North Carolina,[1999 2000 2001 2002 2003 2004],[0.01446224 0.03507736 0.08336756 0.1429258  0.36541531 0.14163656],[0.01446224 0.04903231 0.12831216 0.25289884 0.52590105 0.59305079],,2003.0,6
5,racialpro,North Dakota,[1999 2000 2001 2002 2003 2004],[0.03234583 0.02276448 0.06619636 0.13735354 0.23630123 0.15453004],[0.03234583 0.05437398 0.11697097 0.23825814 0.41825868 0.50815519],,2004.0,6
5,racialpro,Ohio,[1999 2000 2001 2002 2003 2004 2005],"[0.01435458 0.02425194 0.05673241 0.19045628 0.20494087 0.07746776
 0.07746776]","[0.01435458 0.0382584  0.09282031 0.26559838 0.41610729 0.46134015
 0.50306892]",,2005.0,7
5,racialpro,Oklahoma,[1999 2000 2001 2002 2003 2004 2005 2006 2007 2008],"[0.03498259 0.07097463 0.07097463 0.07097463 0.07097463 0.07097463
 0.07097463 0.07097463 0.07097463 0.07097463]","[0.03498259 0.10347434 0.16710492 0.22621934 0.28113813 0.33215909
 0.37955885 0.42359443 0.4645046  0.50251119]",2000.0,2008.0,10
5,racialpro,Oregon,[1999 2000 2001 2002 2003 2004],[0.01627686 0.08932881 0.32066602 0.47977531 0.47916835 0.21292916],[0.01627686 0.10415167 0.39141979 0.68340155 0.83510551 0.87021636],,2002.0,6
5,racialpro,Pennsylvania,[1999 2000 2001 2002 2003 2004],[0.03085248 0.02861598 0.05199278 0.16926982 0.2903157  0.12577972],[0.03085248 0.05858558 0.10753234 0.25860018 0.47384019 0.54002042],,2004.0,6
5,racialpro,Rhode Island,[1999 2000 2001],[0.09076079 0.30485595 0.30485595],[0.09076079 0.36794777 0.56063266],2000.0,2001.0,3
5,racialpro,South Carolina,[1999 2000 2001 2002 2003 2004 2005 2006 2007],"[0.01848268 0.0236714  0.04257214 0.10485277 0.09052208 0.11284931
 0.11284931 0.11284931 0.11284931]","[0.01848268 0.04171657 0.08251275 0.17871383 0.25305837 0.33735021
 0.41212978 0.47847053 0.53732477]",,2007.0,9
5,racialpro,South Dakota,[1999 2000 2001 2002 2003 2004 2005 2006 2007 2008],"[0.00814493 0.01193492 0.03405775 0.07615958 0.11866048 0.1023104
 0.1023104  0.1023104  0.1023104  0.1023104 ]","[0.00814493 0.01998264 0.05335983 0.12545554 0.22922941 0.30808726
 0.37887713 0.44242446 0.49947024 0.55067964]",,2008.0,10
5,racialpro,Tennessee,"[1999 2000 2001 2002 2003 2004 2005 2006 2007 2008 2009 2010 2011 2012
 2013 2014 2015 2016 2017 2018 2019]","[0.01229888 0.0332576  0.0332576  0.0332576  0.0332576  0.0332576
 0.0332576  0.0332576  0.0332576  0.0332576  0.0332576  0.0332576
 0.0332576  0.0332576  0.0332576  0.0332576  0.0332576  0.0332576
 0.0332576  0.0332576  0.0332576 ]","[0.01229888 0.04514745 0.07690355 0.10760352 0.13728248 0.16597439
 0.19371208 0.22052728 0.24645067 0.2715119  0.29573967 0.31916167
 0.34180472 0.36369471 0.3848567  0.40531489 0.42509268 0.44421272
 0.46269687 0.48056628 0.4978414 ]",2000.0,,21
5,racialpro,Texas,[1999 2000 2001 2002 2003],[0.01785172 0.05320272 0.20760652 0.20760652 0.20760652],[0.01785172 0.07010468 0.26315701 0.41613042 0.53734555],2001.0,2003.0,5
5,racialpro,Utah,[1999 2000 2001 2002 2003 2004],[0.00566399 0.0184565  0.12412888 0.22382707 0.22382707 0.22382707],[0.00566399 0.02401595 0.14516376 0.33649925 0.48500868 0.60027767],2002.0,2004.0,6
5,racialpro,Vermont,[1999 2000 2001 2002 2003 2004 2005 2006 2007 2008 2009 2010],"[0.05405336 0.05297958 0.03413734 0.0537994  0.0696898  0.06068564
 0.06068564 0.06068564 0.06068564 0.06068564 0.06068564 0.06068564]","[0.05405336 0.10416921 0.1347505  0.1813004  0.23835542 0.28457631
 0.32799225 0.36877347 0.40707985 0.44306159 0.47685976 0.50860685]",,2010.0,12
5,racialpro,Virginia,[1999 2000 2001 2002 2003],[0.01001867 0.02537664 0.32616654 0.45452567 0.44110268],[0.01001867 0.03514107 0.34984576 0.64535755 0.80179129],2003.0,2002.0,5
5,racialpro,Washington,"[1999 2000 2001 2002 2003 2004 2005 2006 2007 2008 2009 2010 2011 2012
 2013 2014 2015 2016 2017 2018 2019]","[0.01319328 0.02352146 0.02352146 0.02352146 0.02352146 0.02352146
 0.02352146 0.02352146 0.02352146 0.02352146 0.02352146 0.02352146
 0.02352146 0.02352146 0.02352146 0.02352146 0.02352146 0.02352146
 0.02352146 0.02352146 0.02352146]","[0.01319328 0.03640441 0.05906958 0.08120163 0.10281311 0.12391625
 0.14452301 0.16464508 0.18429384 0.20348043 0.22221573 0.24051035
 0.25837465 0.27581876 0.29285256 0.3094857  0.3257276  0.34158746
 0.35707429 0.37219683 0.38696368]",2000.0,,21
5,racialpro,West Virginia,[1999 2000 2001 2002 2003 2004 2005],"[0.02739575 0.02257701 0.06932891 0.14108218 0.14108218 0.14108218
 0.14108218]","[0.02739575 0.04935424 0.11526147 0.24008231 0.34729315 0.43937846
 0.51847217]",2002.0,2005.0,7
5,racialpro,Wisconsin,[1999 2000 2001 2002 2003 2004 2005 2006],"[0.01995949 0.02720702 0.04399315 0.0964605  0.25102536 0.07735389
 0.07735389 0.07735389]","[0.01995949 0.04662347 0.08856551 0.17648294 0.38320661 0.43091797
 0.47493868 0.51555421]",,2006.0,8
5,racialpro,Wyoming,[1999 2000 2001 2002 2003 2004 2005],"[0.01063334 0.01081824 0.03344786 0.09210434 0.16115166 0.25548244
 0.25548244]","[0.01063334 0.02133654 0.05407074 0.14119493 0.2795928  0.46364419
 0.60067368]",,2005.0,7
5,rapeshield,Alabama,[1973 1974 1975 1976 1977 1978 1979],"[0.02793345 0.01224536 0.04978975 0.03413533 0.17487914 0.17487914
 0.17487914]","[0.02793345 0.03983676 0.08764304 0.11878665 0.27289249 0.40004843
 0.50496744]",1977.0,1979.0,7
5,rapeshield,Arizona,"[1971 1972 1973 1974 1975 1976 1977 1978 1979 1980 1981 1982 1983 1984
 1985 1986 1987 1988 1989 1990 1991 1992 1993 1994 1995 1996 1997 1998]","[0.03325461 0.02439992 0.04354233 0.03930248 0.07124571 0.07601173
 0.06963006 0.07375515 0.04145103 0.04048621 0.04563431 0.0677748
 0.0736956  0.08809557 0.1309209  0.11610112 0.09697762 0.11522431
 0.07035558 0.07706174 0.06797702 0.07678221 0.10245797 0.19226036
 0.15334528 0.13554331 0.17135742 0.17780249]","[0.03325461 0.05684312 0.09791037 0.13336473 0.19510878 0.25628995
 0.30807452 0.35910759 0.38567324 0.410545   0.43744438 0.47557147
 0.51421955 0.55701465 0.61501069 0.65970838 0.69270906 0.72811644
 0.74724497 0.76672271 0.7825802  0.79927418 0.81984014 0.85447774
 0.87679289 0.89349279 0.91174359 0.9274358 ]",1998.0,1983.0,28
5,rapeshield,Arkansas,"[1971 1972 1973 1974 1975 1976 1977 1978 1979 1980 1981 1982 1983 1984
 1985 1986 1987]","[0.02467969 0.01926437 0.03018673 0.0112115  0.10360338 0.01192781
 0.04660539 0.04660539 0.04660539 0.04660539 0.04660539 0.04660539
 0.04660539 0.04660539 0.04660539 0.04660539 0.04660539]","[0.02467969 0.04346863 0.07234318 0.08274361 0.17777447 0.18758182
 0.22544489 0.26154333 0.29595939 0.32877147 0.36005434 0.38987926
 0.41831417 0.44542386 0.4712701  0.49591176 0.51940499]",1977.0,1987.0,17
5,rapeshield,California,[1971 1972 1973 1974 1975 1976 1977 1978 1979 1980 1981],"[0.03703948 0.04803628 0.07859672 0.06758955 0.06758955 0.06758955
 0.06758955 0.06758955 0.06758955 0.06758955 0.06758955]","[0.03703948 0.08329652 0.15534641 0.21243617 0.26566726 0.31530048
 0.36157901 0.4047296  0.44496366 0.48247832 0.51745738]",1974.0,1981.0,11
5,rapeshield,Colorado,[1971 1972 1973 1974 1975 1976 1977 1978 1979 1980 1981 1982 1983],"[0.04360375 0.05411635 0.03778915 0.03934032 0.05802145 0.05802145
 0.05802145 0.05802145 0.05802145 0.05802145 0.05802145 0.05802145
 0.05802145]","[0.04360375 0.09536043 0.12954599 0.16378993 0.21230805 0.25801108
 0.30106236 0.34161574 0.37981615 0.41580012 0.44969624 0.48162567
 0.5117025 ]",1975.0,1983.0,13
5,rapeshield,Connecticut,[1971 1972 1973 1974 1975 1976 1977 1978 1979 1980 1981 1982],"[0.02607093 0.02191685 0.03541899 0.02549036 0.03594196 0.06262802
 0.0753407  0.05703005 0.12536478 0.14966779 0.0973004  0.07447888]","[0.02607093 0.04741639 0.08115594 0.1045776  0.13676084 0.1908238
 0.2517877  0.29445828 0.38290836 0.4752671  0.52632382 0.5616027 ]",1982.0,1981.0,12
5,rapeshield,Florida,"[1971 1972 1973 1974 1975 1976 1977 1978 1979 1980 1981 1982 1983 1984
 1985 1986 1987 1988 1989 1990 1991 1992 1993]","[0.03976385 0.04470727 0.04272348 0.01690036 0.01690036 0.01690036
 0.01690036 0.01690036 0.01690036 0.01690036 0.01690036 0.01690036
 0.01690036 0.01690036 0.01690036 0.01690036 0.01690036 0.01690036
 0.01690036 0.01690036 0.01690036 0.01690036 0.01690036]","[0.03976385 0.08269339 0.12188392 0.1367244  0.15131407 0.16565716
 0.17975786 0.19362024 0.20724835 0.22064614 0.2338175  0.24676626
 0.25949618 0.27201096 0.28431424 0.29640958 0.30830051 0.31999048
 0.33148289 0.34278107 0.3538883  0.36480782 0.3755428 ]",1974.0,,23
5,rapeshield,Georgia,"[1971 1972 1973 1974 1975 1976 1977 1978 1979 1980 1981 1982 1983 1984
 1985 1986 1987 1988 1989 1990 1991 1992 1993 1994 1995]","[0.03322075 0.02251013 0.01789443 0.02207096 0.02101494 0.02016203
 0.02016203 0.02016203 0.02016203 0.02016203 0.02016203 0.02016203
 0.02016203 0.02016203 0.02016203 0.02016203 0.02016203 0.02016203
 0.02016203 0.02016203 0.02016203 0.02016203 0.02016203 0.02016203
 0.02016203]","[0.03322075 0.05498308 0.07189362 0.09237782 0.11145144 0.12936639
 0.14692013 0.16411996 0.180973   0.19748625 0.21366655 0.22952063
 0.24505506 0.26027629 0.27519062 0.28980425 0.30412324 0.31815353
 0.33190094 0.34537118 0.35856982 0.37150236 0.38417415 0.39659045
 0.40875641]",1976.0,,25
5,rapeshield,Idaho,"[1971 1972 1973 1974 1975 1976 1977 1978 1979 1980 1981 1982 1983 1984
 1985 1986]","[0.02648219 0.02817095 0.05421904 0.03238442 0.04582447 0.03603679
 0.04647871 0.04647871 0.04647871 0.04647871 0.04647871 0.04647871
 0.04647871 0.04647871 0.04647871 0.04647871]","[0.02648219 0.05390711 0.10520336 0.13418083 0.17385654 0.2036281
 0.24064244 0.2759364  0.30958994 0.34167931 0.37227721 0.40145296
 0.42927265 0.45579932 0.48109307 0.50521119]",1977.0,1986.0,16
5,rapeshield,Illinois,"[1971 1972 1973 1974 1975 1976 1977 1978 1979 1980 1981 1982 1983 1984
 1985 1986 1987 1988 1989]","[0.02813899 0.02836631 0.05215749 0.05009291 0.05290869 0.0515869
 0.05484617 0.04819925 0.06049487 0.04226365 0.09809652 0.08384361
 0.11290079 0.11871717 0.12321884 0.10653339 0.1062165  0.0995896
 0.10437627]","[0.02813899 0.0557071  0.10495905 0.14979426 0.19477753 0.23631646
 0.27820157 0.31299172 0.3545522  0.38183118 0.44247139 0.4892166
 0.54688444 0.60067704 0.64988115 0.6871805  0.72040709 0.74825164
 0.7745282 ]",1989.0,1983.0,19
5,rapeshield,Indiana,[1971 1972 1973 1974 1975 1976 1977 1978 1979 1980 1981 1982],"[0.02732505 0.02731264 0.03986217 0.04716906 0.05128622 0.09372416
 0.11029689 0.07523033 0.05733399 0.03020987 0.05868091 0.05868091]","[0.02732505 0.05389137 0.09160531 0.13445343 0.17884404 0.2558062
 0.33788846 0.38769933 0.42280497 0.44024196 0.47308907 0.50400868]",1981.0,1982.0,12
5,rapeshield,Iowa,[1971 1972 1973 1974 1975 1976 1977 1978 1979 1980 1981 1982 1983],"[0.02535046 0.02809782 0.03332206 0.03896133 0.06341919 0.07555789
 0.11479476 0.12357143 0.10788371 0.08875844 0.11028515 0.12386911
 0.22571833]","[0.02535046 0.05273599 0.08430077 0.11997763 0.17578793 0.23806366
 0.32552996 0.40887518 0.47264792 0.51945487 0.57245186 0.62541187
 0.70996328]",1983.0,1980.0,13
5,rapeshield,Kansas,"[1971 1972 1973 1974 1975 1976 1977 1978 1979 1980 1981 1982 1983 1984
 1985 1986 1987 1988 1989 1990]","[0.02543603 0.03434183 0.03155511 0.02874319 0.04483849 0.03576101
 0.03576101 0.03576101 0.03576101 0.03576101 0.03576101 0.03576101
 0.03576101 0.03576101 0.03576101 0.03576101 0.03576101 0.03576101
 0.03576101 0.03576101]","[0.02543603 0.05890435 0.08860073 0.11479725 0.1544884  0.18472475
 0.21387981 0.24199226 0.26909938 0.29523712 0.32044015 0.3447419
 0.36817458 0.3907693  0.412556   0.43356359 0.45381992 0.47335187
 0.49218534 0.5103453 ]",1976.0,1990.0,20
5,rapeshield,Kentucky,"[1972 1973 1974 1975 1976 1977 1978 1979 1980 1981 1982 1983 1984 1985
 1986 1987 1988 1989 1990]","[0.03034992 0.02110213 0.07606689 0.03110672 0.0527514  0.03602545
 0.06869615 0.02704448 0.03297206 0.09057124 0.14072004 0.07882272
 0.11024502 0.08289572 0.12873273 0.08149412 0.13062049 0.12802873
 0.1686812 ]","[0.03034992 0.05081161 0.12301341 0.15029359 0.19511679 0.22411308
 0.27741352 0.2969555  0.32013632 0.38171242 0.46871787 0.51059497
 0.56454944 0.60064643 0.6520563  0.68041167 0.72215645 0.75772841
 0.79859507]",1990.0,1983.0,19
5,rapeshield,Louisiana,"[1971 1972 1973 1974 1975 1976 1977 1978 1979 1980 1981 1982 1983 1984
 1985 1986 1987 1988]","[0.03358001 0.03833734 0.03088916 0.01594918 0.01904028 0.01573994
 0.14246189 0.09893965 0.06212127 0.05716562 0.05778373 0.06697246
 0.08492143 0.09494198 0.10388587 0.11712397 0.14481589 0.11966056]","[0.03358001 0.07062998 0.09933744 0.11370227 0.13057763 0.14426229
 0.2661723  0.33877695 0.37985297 0.41530406 0.44908997 0.48598577
 0.52963659 0.57429382 0.61851868 0.66319928 0.71197338 0.74643881]",1988.0,1983.0,18
5,rapeshield,Maine,"[1971 1972 1973 1974 1975 1976 1977 1978 1979 1980 1981 1982 1983 1984
 1985 1986 1987 1988 1989 1990 1991 1992 1993 1994 1995 1996 1997 1998]","[0.01461147 0.01009611 0.02106548 0.01966317 0.14025017 0.14027531
 0.08428661 0.1021618  0.11003548 0.07941417 0.12580128 0.14708919
 0.17176053 0.10121943 0.19683327 0.14968258 0.09892623 0.09505965
 0.14315414 0.14871983 0.0688397  0.08350837 0.07985628 0.06690872
 0.08771948 0.18862487 0.11169456 0.10688606]","[0.01461147 0.02456006 0.04510817 0.06388437 0.19517474 0.30807185
 0.36639213 0.43112265 0.49371934 0.5339252  0.592558   0.65248831
 0.7121771  0.74131037 0.7922291  0.82332878 0.8408062  0.85593911
 0.87656202 0.8949197  0.90215339 0.9103244  0.91748556 0.9230065
 0.92976033 0.94300928 0.94937483 0.95478596]",,1980.0,28
5,rapeshield,Maryland,[1973 1974 1975 1976 1977 1978 1979 1980 1981 1982],"[0.04777284 0.05288801 0.05113298 0.08324762 0.08324762 0.08324762
 0.08324762 0.08324762 0.08324762 0.08324762]","[0.04777284 0.09813424 0.14424933 0.21548853 0.28079724 0.34066916
 0.39555688 0.44587533 0.49200489 0.53429427]",1976.0,1982.0,10
5,rapeshield,Massachusetts,"[1971 1972 1973 1974 1975 1976 1977 1978 1979 1980 1981 1982 1983 1984
 1985 1986 1987 1988]","[0.02217006 0.02323207 0.02224811 0.01859538 0.02303581 0.02867592
 0.04680267 0.04680267 0.04680267 0.04680267 0.04680267 0.04680267
 0.04680267 0.04680267 0.04680267 0.04680267 0.04680267 0.04680267]","[0.02217006 0.04488707 0.06613653 0.08350207 0.10461435 0.13029035
 0.17099508 0.20979473 0.24677845 0.28203123 0.31563408 0.34766424
 0.37819529 0.40729741 0.43503748 0.46147923 0.48668344 0.51070803]",1977.0,1988.0,18
5,rapeshield,Michigan,"[1971 1972 1973 1974 1975 1976 1977 1978 1979 1980 1981 1982 1983 1984
 1985 1986]","[0.02655244 0.02589696 0.04923061 0.04610033 0.04610033 0.04610033
 0.04610033 0.04610033 0.04610033 0.04610033 0.04610033 0.04610033
 0.04610033 0.04610033 0.04610033 0.04610033]","[0.02655244 0.05176177 0.09844411 0.14000613 0.17965213 0.21747043
 0.2535453  0.28795711 0.32078251 0.35209466 0.38196331 0.410455
 0.43763322 0.46355851 0.48828864 0.5118787 ]",1974.0,1986.0,16
5,rapeshield,Minnesota,[1971 1972 1973 1974 1975 1976 1977 1978 1979 1980 1981 1982],"[0.01641677 0.01299211 0.03638    0.04723983 0.0699756  0.0699756
 0.0699756  0.0699756  0.0699756  0.0699756  0.0699756  0.0699756 ]","[0.01641677 0.02919559 0.06451346 0.10870568 0.17107454 0.2290791
 0.28302476 0.33319553 0.37985558 0.42325056 0.46360895 0.50114324]",1975.0,1982.0,12
5,rapeshield,Mississippi,"[1974 1975 1976 1977 1978 1979 1980 1981 1982 1983 1984 1985 1986 1987
 1988 1989 1990 1991 1992 1993 1994 1995 1996]","[0.01248151 0.01245898 0.01062799 0.02289544 0.02289544 0.02289544
 0.02289544 0.02289544 0.02289544 0.02289544 0.02289544 0.02289544
 0.02289544 0.02289544 0.02289544 0.02289544 0.02289544 0.02289544
 0.02289544 0.02289544 0.02289544 0.02289544 0.02289544]","[0.01248151 0.02478498 0.03514956 0.05724024 0.07882514 0.09991585
 0.12052367 0.14065967 0.16033465 0.17955916 0.19834351 0.21669779
 0.23463184 0.25215529 0.26927752 0.28600774 0.3023549  0.3183278
 0.33393498 0.34918484 0.36408554 0.37864508 0.39287128]",1977.0,,23
5,rapeshield,Missouri,"[1971 1972 1973 1974 1975 1976 1977 1978 1979 1980 1981 1982 1983 1984
 1985]","[0.03008725 0.02031399 0.03656733 0.03185221 0.03548343 0.02962225
 0.05921372 0.05921372 0.05921372 0.05921372 0.05921372 0.05921372
 0.05921372 0.05921372 0.05921372]","[0.03008725 0.04979004 0.08453668 0.11369621 0.14514531 0.17046802
 0.2195877  0.26579882 0.30927361 0.35017409 0.3886527  0.42485285
 0.45890946 0.49094944 0.52109222]",1977.0,1985.0,15
5,rapeshield,Montana,[1971 1972 1973 1974 1975 1976 1977 1978 1979 1980 1981 1982],"[0.02155393 0.01531539 0.06601148 0.06601148 0.06601148 0.06601148
 0.06601148 0.06601148 0.06601148 0.06601148 0.06601148 0.06601148]","[0.02155393 0.03653921 0.10013868 0.15953985 0.21501987 0.26683756
 0.3152347  0.36043707 0.40265556 0.44208715 0.4789158  0.51331334]",1973.0,1982.0,12
5,rapeshield,Nevada,"[1971 1972 1973 1974 1975 1976 1977 1978 1979 1980 1981 1982 1983 1984
 1985]","[0.04554807 0.02909066 0.04931955 0.02378194 0.05047644 0.05047644
 0.05047644 0.05047644 0.05047644 0.05047644 0.05047644 0.05047644
 0.05047644 0.05047644 0.05047644]","[0.04554807 0.0733137  0.11901745 0.13996893 0.18338023 0.22460029
 0.26373971 0.30090351 0.33619141 0.3696981  0.4015135  0.43172297
 0.46040757 0.48764427 0.51350616]",1975.0,1985.0,15
5,rapeshield,New Hampshire,[1971 1972 1973 1974 1975 1976 1977 1978 1979 1980 1981 1982 1983 1984],"[0.08875061 0.02796322 0.03990601 0.02038527 0.05058096 0.05058096
 0.05058096 0.05058096 0.05058096 0.05058096 0.05058096 0.05058096
 0.05058096 0.05058096]","[0.08875061 0.11423207 0.14957953 0.16691558 0.20905379 0.24906061
 0.28704385 0.32310585 0.35734381 0.38984998 0.42071195 0.4500129
 0.47783177 0.50424354]",1975.0,1984.0,14
5,rapeshield,New Jersey,[1972 1973 1974 1975 1976 1977 1978 1979 1980 1981 1982],"[0.0255964  0.02770365 0.0475887  0.06883036 0.07694438 0.07694438
 0.07694438 0.07694438 0.07694438 0.07694438 0.07694438]","[0.0255964  0.05259094 0.09767691 0.15978413 0.22443402 0.28410946
 0.33919322 0.39003859 0.43697169 0.48029356 0.52028205]",1976.0,1982.0,11
5,rapeshield,New Mexico,[1971 1972 1973 1974 1975 1976 1977 1978 1979 1980 1981 1982 1983 1984],"[0.04250266 0.03634911 0.03526936 0.02560627 0.05931076 0.05931076
 0.05931076 0.05931076 0.05931076 0.05931076 0.05931076 0.05931076
 0.05931076 0.05931076]","[0.04250266 0.07730683 0.10984963 0.13264305 0.18408666 0.2324791
 0.27800135 0.32082364 0.36110611 0.39899939 0.4346452  0.46817682
 0.49971966 0.52939167]",1975.0,1984.0,14
5,rapeshield,New York,"[1971 1972 1973 1974 1975 1976 1977 1978 1979 1980 1981 1982 1983 1984
 1985]","[0.04948655 0.10889175 0.07226924 0.06132381 0.03785624 0.03785624
 0.03785624 0.03785624 0.03785624 0.03785624 0.03785624 0.03785624
 0.03785624 0.03785624 0.03785624]","[0.04948655 0.15298963 0.21420242 0.26239052 0.29031364 0.3171797
 0.34302871 0.36789917 0.39182813 0.41485123 0.43700276 0.45831572
 0.47882185 0.49855169 0.51753464]",1975.0,1985.0,15
5,rapeshield,North Carolina,[1973 1974 1975 1976 1977 1978 1979 1980 1981 1982 1983 1984],"[0.03259899 0.01650059 0.02294094 0.02444456 0.07945132 0.05695291
 0.0254439  0.02460137 0.09924011 0.07463794 0.13372784 0.13372784]","[0.03259899 0.04856168 0.07038857 0.09311251 0.16516592 0.21271215
 0.23274382 0.25161938 0.32588875 0.37620303 0.45962205 0.53188562]",1983.0,1984.0,12
5,rapeshield,North Dakota,"[1971 1972 1973 1974 1975 1976 1977 1978 1979 1980 1981 1982 1983 1984
 1985 1986 1987 1988 1989 1990 1991 1992 1993 1994 1995 1996 1997 1998]","[0.03202599 0.02409944 0.24570969 0.06297764 0.18371624 0.12064097
 0.23523269 0.13491309 0.18302421 0.10422345 0.14581358 0.0967105
 0.10899495 0.08872022 0.20195266 0.12401998 0.16208589 0.11234428
 0.1886825  0.1639375  0.16350831 0.1164414  0.17812867 0.11062618
 0.14574065 0.18301438 0.25669845 0.17961366]","[0.03202599 0.05535362 0.28746239 0.33233633 0.45499699 0.52074668
 0.63348273 0.6829307  0.74096206 0.76795989 0.80179449 0.82096304
 0.84047717 0.85463007 0.88398791 0.89837573 0.91484759 0.92441398
 0.93867574 0.94872908 0.9571123  0.96210621 0.96885618 0.9723015
 0.9763383  0.98066873 0.98563104 0.9882119 ]",1998.0,1976.0,28
5,rapeshield,Ohio,[1971 1972 1973 1974 1975 1976 1977 1978 1979 1980],"[0.02505141 0.04245758 0.04302796 0.08267506 0.08267506 0.08267506
 0.08267506 0.08267506 0.08267506 0.08267506]","[0.02505141 0.06644537 0.10661432 0.18047503 0.2482293  0.31038199
 0.3673962  0.41969675 0.46767335 0.51168349]",1974.0,1980.0,10
5,rapeshield,Oklahoma,[1971 1972 1973 1974 1975 1976 1977 1978 1979 1980 1981 1982 1983],"[0.0309143  0.03905049 0.03711807 0.01456606 0.02976759 0.03228803
 0.07791964 0.07791964 0.07791964 0.07791964 0.07791964 0.07791964
 0.07791964]","[0.0309143  0.06875758 0.1033235  0.11638454 0.14268764 0.17036857
 0.23501315 0.29462065 0.34958356 0.40026377 0.44699501 0.49008496
 0.52981735]",1977.0,1983.0,13
5,rapeshield,Oregon,[1971 1972 1973 1974 1975 1976 1977 1978 1979 1980 1981],"[0.05368688 0.05802307 0.0777761  0.06109731 0.11256445 0.09803153
 0.10693506 0.12764594 0.14327562 0.12994566 0.13825449]","[0.05368688 0.10859488 0.17792489 0.22815147 0.31503418 0.38218243
 0.44824879 0.51867759 0.58763936 0.64122383 0.69082625]",1981.0,1978.0,11
5,rapeshield,Pennsylvania,"[1971 1972 1973 1974 1975 1976 1977 1978 1979 1980 1981 1982 1983 1984
 1985 1986 1987 1988 1989 1990 1991 1992 1993 1994 1995]","[0.02016702 0.02586089 0.03941837 0.05203236 0.04775869 0.14798034
 0.12111777 0.11399503 0.11606699 0.10230402 0.10637751 0.08296739
 0.10381489 0.08306492 0.09851051 0.07200171 0.08487877 0.10640507
 0.12274588 0.11997354 0.07981231 0.07990405 0.11934646 0.08206618
 0.11565331]","[0.02016702 0.04550637 0.08313095 0.13083781 0.17234786 0.29482411
 0.38023344 0.45088375 0.51461801 0.56427454 0.61062593 0.64293128
 0.68000033 0.70658108 0.73548592 0.75453139 0.77536646 0.79926861
 0.82390756 0.84503399 0.85740219 0.86879633 0.88445502 0.89393736
 0.90620385]",1995.0,1979.0,25
5,rapeshield,Rhode Island,"[1971 1972 1973 1974 1975 1976 1977 1978 1979 1980 1981 1982 1983 1984
 1985 1986 1987]","[0.01753419 0.02212869 0.02181898 0.03179827 0.0217662  0.02596483
 0.04449121 0.04200265 0.05312282 0.05312282 0.05312282 0.05312282
 0.05312282 0.05312282 0.05312282 0.05312282 0.05312282]","[0.01753419 0.03927487 0.06023691 0.09011975 0.10992439 0.13303505
 0.17160737 0.20640206 0.24856022 0.28847881 0.32627682 0.36206689
 0.3959557  0.42804423 0.45842813 0.48719795 0.51443944]",1979.0,1987.0,17
5,rapeshield,South Carolina,"[1971 1972 1973 1974 1975 1976 1977 1978 1979 1980 1981 1982 1983 1984
 1985 1986 1987 1988]","[0.02852094 0.02018904 0.01720172 0.01222509 0.01746151 0.04585704
 0.04640836 0.04640836 0.04640836 0.04640836 0.04640836 0.04640836
 0.04640836 0.04640836 0.04640836 0.04640836 0.04640836 0.04640836]","[0.02852094 0.04813417 0.0645079  0.07594438 0.09207978 0.13371431
 0.17391721 0.21225436 0.24881234 0.28367373 0.31691726 0.34861801
 0.37884758 0.40767424 0.43516311 0.46137626 0.48637291 0.5102095 ]",1977.0,1988.0,18
5,rapeshield,South Dakota,[1971 1972 1973 1974 1975 1976 1977 1978 1979 1980 1981 1982 1983],"[0.01804804 0.02212232 0.03680423 0.03039922 0.06396472 0.06396472
 0.06396472 0.06396472 0.06396472 0.06396472 0.06396472 0.06396472
 0.06396472]","[0.01804804 0.0397711  0.07511158 0.10322747 0.16058927 0.21428194
 0.26454017 0.31158365 0.355618   0.39683572 0.43541695 0.47153034
 0.50533375]",1975.0,1983.0,13
5,rapeshield,Tennessee,"[1971 1972 1973 1974 1975 1976 1977 1978 1979 1980 1981 1982 1983 1984
 1985 1986 1987 1988 1989 1990 1991]","[0.03712045 0.05699914 0.03155185 0.01885574 0.03026306 0.03067639
 0.06640743 0.06496714 0.05645422 0.0394271  0.08440142 0.07954454
 0.11109154 0.11930861 0.12822859 0.12726706 0.13241283 0.12760428
 0.20267773 0.25318876 0.25897573]","[0.03712045 0.09200375 0.12065272 0.13723346 0.16334341 0.18900901
 0.24286484 0.29205374 0.3320203  0.3583568  0.4125124  0.45924383
 0.51931727 0.57666686 0.63095027 0.67791814 0.72056591 0.7562229
 0.80563109 0.85484311 0.89243522]",1991.0,1983.0,21
5,rapeshield,Texas,"[1971 1972 1973 1974 1975 1976 1977 1978 1979 1980 1981 1982 1983 1984
 1985 1986 1987 1988 1989 1990 1991 1992 1993 1994 1995 1996 1997 1998]","[0.03844054 0.0261314  0.0989386  0.01602314 0.0263109  0.01842392
 0.12513483 0.12603946 0.09277328 0.09051402 0.14483794 0.11326376
 0.13640453 0.15658717 0.20832421 0.25556637 0.20993708 0.24697683
 0.1766077  0.22802476 0.23851152 0.22304193 0.28411328 0.27999645
 0.38956391 0.21152721 0.37502143 0.38170314]","[0.03844054 0.06356744 0.15621677 0.16973682 0.1915818  0.20647603
 0.30577352 0.39327345 0.44956146 0.49938387 0.57189208 0.62038119
 0.67216292 0.723498   0.78110006 0.83704352 0.87125413 0.90305138
 0.92017325 0.93837573 0.95307383 0.96354033 0.97389901 0.98120719
 0.98852819 0.99095479 0.99434694 0.99650473]",1998.0,1981.0,28
5,rapeshield,Utah,"[1971 1972 1973 1974 1975 1976 1977 1978 1979 1980 1981 1982 1983 1984
 1985 1986 1987 1988 1989 1990 1991 1992 1993 1994]","[0.02647445 0.02680063 0.02934353 0.03049016 0.05045095 0.04129784
 0.06445941 0.06032734 0.04986053 0.06032808 0.07353992 0.09688299
 0.08293058 0.11635246 0.13696572 0.15287285 0.18363483 0.16747322
 0.12473158 0.16058124 0.1429583  0.15008759 0.10430907 0.15236211]","[0.02647445 0.05256555 0.08036663 0.1084064  0.15338814 0.18835138
 0.24066978 0.28647815 0.32205473 0.36295387 0.40980219 0.46698232
 0.51118578 0.56806052 0.62722142 0.68420914 0.74219934 0.78537405
 0.81214468 0.84231072 0.86485371 0.88513749 0.8971187  0.91279391]",1994.0,1983.0,24
5,rapeshield,Virginia,"[1972 1973 1974 1975 1976 1977 1978 1979 1980 1981 1982 1983 1984 1985
 1986 1987 1988 1989 1990 1991 1992]","[0.04948885 0.02290317 0.01572712 0.03153521 0.03805122 0.04406738
 0.04991253 0.028595   0.02301586 0.0316914  0.0316914  0.0316914
 0.0316914  0.0316914  0.0316914  0.0316914  0.0316914  0.0316914
 0.0316914  0.0316914  0.0316914 ]","[0.04948885 0.07125857 0.085865   0.11469244 0.14837947 0.18590816
 0.22654154 0.24865858 0.26595135 0.28921438 0.31174017 0.33355209
 0.35467276 0.37512409 0.39492728 0.41410288 0.43267079 0.45065024
 0.46805991 0.48491784 0.50124151]",1981.0,1992.0,21
5,rapeshield,Washington,"[1971 1972 1973 1974 1975 1976 1977 1978 1979 1980 1981 1982 1983 1984
 1985 1986 1987 1988]","[0.02163859 0.01500088 0.03340002 0.02095195 0.04412548 0.04412548
 0.04412548 0.04412548 0.04412548 0.04412548 0.04412548 0.04412548
 0.04412548 0.04412548 0.04412548 0.04412548 0.04412548 0.04412548]","[0.02163859 0.03631487 0.06850197 0.08801867 0.12826028 0.16672621
 0.20349481 0.23864098 0.27223631 0.30434923 0.33504515 0.3643866
 0.39243335 0.41924252 0.44486872 0.46936415 0.49277871 0.51516009]",1975.0,1988.0,18
5,rapeshield,West Virginia,[1971 1972 1973 1974 1975 1976 1977 1978 1979 1980 1981 1982 1983],"[0.03393414 0.03015094 0.02322754 0.04011101 0.04879711 0.06698746
 0.06698746 0.06698746 0.06698746 0.06698746 0.06698746 0.06698746
 0.06698746]","[0.03393414 0.06306193 0.08482469 0.1215333  0.16439994 0.22037466
 0.27259978 0.32132647 0.36678908 0.40920627 0.44878204 0.48570673
 0.52015793]",1976.0,1983.0,13
5,rapeshield,Wisconsin,"[1971 1972 1973 1974 1975 1976 1977 1978 1979 1980 1981 1982 1983 1984
 1985]","[0.01776643 0.01940325 0.04132231 0.04486838 0.05404296 0.05404296
 0.05404296 0.05404296 0.05404296 0.05404296 0.05404296 0.05404296
 0.05404296 0.05404296 0.05404296]","[0.01776643 0.03682495 0.07662557 0.11805588 0.16571876 0.21080579
 0.25345618 0.29380162 0.33196667 0.36806917 0.40222058 0.43452635
 0.46508622 0.49399455 0.52134058]",1975.0,1985.0,15
5,rapeshield,Wyoming,[1971 1972 1973 1974 1975 1976 1977 1978 1979 1980 1981 1982],"[0.02767551 0.02363294 0.03590539 0.02198847 0.05676976 0.06078482
 0.10220831 0.09800034 0.08602849 0.05087138 0.09446995 0.11152709]","[0.02767551 0.0506544  0.08474103 0.10486617 0.15568271 0.20700438
 0.28805512 0.35782596 0.41307122 0.4429291  0.49555556 0.55181478]",1982.0,1982.0,12
5,rico,Alabama,"[1973 1974 1975 1976 1977 1978 1979 1980 1981 1982 1983 1984 1985 1986
 1987 1988 1989 1990 1991 1992 1993 1994 1995]","[0.08281899 0.03750868 0.06789523 0.04162094 0.06989886 0.05996702
 0.04873822 0.08023885 0.10027953 0.0505334  0.07063302 0.16481102
 0.1436108  0.11094415 0.12388938 0.14475718 0.18535732 0.15072741
 0.18419327 0.16909747 0.15462132 0.14293753 0.09611759]","[0.08281899 0.11722124 0.1771577  0.21140517 0.26652705 0.31051124
 0.34411569 0.3967431  0.45723742 0.48466506 0.52106472 0.59999854
 0.65744307 0.69544775 0.73317854 0.77180286 0.81410087 0.84212097
 0.87120122 0.89298077 0.90952822 0.92246004 0.92991299]",,1983.0,23
5,rico,Arizona,[1972 1973 1974 1975 1976 1977 1978 1979 1980 1981 1982 1983],"[0.04698418 0.09434871 0.03660968 0.02599086 0.02327878 0.04796292
 0.06711705 0.06711705 0.06711705 0.06711705 0.06711705 0.06711705]","[0.04698418 0.13689999 0.1684978  0.19010926 0.20896253 0.246903
 0.29744865 0.34460182 0.38859022 0.42962624 0.46790805 0.50362049]",1978.0,1983.0,12
5,rico,Arkansas,"[1972 1973 1974 1975 1976 1977 1978 1979 1980 1981 1982 1983 1984 1985
 1986 1987 1988 1989 1990 1991 1992 1993 1994 1995]","[0.02321876 0.08242513 0.03304055 0.07176331 0.0185153  0.04251712
 0.03219661 0.04189579 0.01347946 0.03993154 0.01923593 0.05960127
 0.06944951 0.07265743 0.02879147 0.08594568 0.04998723 0.12352143
 0.06665632 0.12005926 0.06700309 0.11431475 0.06499524 0.09594307]","[0.02321876 0.10373008 0.13334334 0.19553749 0.21043236 0.2440025
 0.26834306 0.29899641 0.30844556 0.33606039 0.34883188 0.38764233
 0.43017027 0.47157263 0.48678683 0.53089529 0.55434454 0.60939253
 0.63542899 0.67919912 0.70069377 0.73490889 0.75213855 0.77591914]",,1987.0,24
5,rico,California,[1972 1973 1974 1975 1976 1977 1978 1979 1980 1981 1982],"[0.0430147  0.05931447 0.03558305 0.04527325 0.05698497 0.05791589
 0.06759552 0.09521657 0.11900428 0.16584492 0.17039261]","[0.0430147  0.09977777 0.13181043 0.17111619 0.2183501  0.26362005
 0.31339604 0.37877212 0.45270089 0.54346767 0.62125741]",1982.0,1981.0,11
5,rico,Colorado,[1972 1973 1974 1975 1976 1977 1978 1979 1980 1981 1982 1983],"[0.02652886 0.06175285 0.03315592 0.03800589 0.03118978 0.04019199
 0.05235653 0.06033115 0.08037829 0.10936912 0.10936912 0.10936912]","[0.02652886 0.08664348 0.11692665 0.15048864 0.17698472 0.21006334
 0.25142168 0.29658426 0.35312362 0.42387192 0.48688254 0.54300175]",1981.0,1983.0,12
5,rico,Connecticut,[1972 1973 1974 1975 1976 1977 1978 1979 1980 1981 1982 1983],"[0.03505657 0.11333066 0.04016539 0.03723509 0.03683217 0.02917474
 0.01868075 0.0564147  0.0591466  0.05022384 0.09980869 0.09980869]","[0.03505657 0.14441424 0.17877918 0.20935741 0.23847849 0.26069568
 0.27450644 0.31543494 0.35592464 0.38827258 0.44932829 0.50429011]",1982.0,1983.0,12
5,rico,Delaware,"[1972 1973 1974 1975 1976 1977 1978 1979 1980 1981 1982 1983 1984 1985
 1986]","[0.14813902 0.1762202  0.1711812  0.110017   0.09615474 0.09471897
 0.07587813 0.08380967 0.10319801 0.13269307 0.15259614 0.14845251
 0.12990604 0.07999502 0.0772821 ]","[0.14813902 0.29825413 0.41837983 0.48236794 0.53214071 0.57645586
 0.6085936  0.64139724 0.67840433 0.72107785 0.76364029 0.79872849
 0.82487487 0.83888401 0.85133539]",1986.0,1976.0,15
5,rico,Florida,[1972 1973 1974 1975 1976 1977 1978 1979 1980 1981 1982 1983],"[0.0721829  0.03206411 0.02388197 0.02660148 0.02520232 0.0778283
 0.0778283  0.0778283  0.0778283  0.0778283  0.0778283  0.0778283 ]","[0.0721829  0.10193253 0.12338015 0.14669954 0.16820469 0.2329419
 0.29264073 0.3476933  0.39846122 0.44527796 0.48845104 0.52826402]",1977.0,1983.0,12
5,rico,Georgia,"[1972 1973 1974 1975 1976 1977 1978 1979 1980 1981 1982 1983 1984 1985
 1986 1987]","[0.03227608 0.10352282 0.023591   0.02890154 0.02120009 0.04984143
 0.08373792 0.04862723 0.03872897 0.03872897 0.03872897 0.03872897
 0.03872897 0.03872897 0.03872897 0.03872897]","[0.03227608 0.13245759 0.15292379 0.17740559 0.19484466 0.23497475
 0.29903638 0.3331223  0.35894978 0.383777   0.40764268 0.43058407
 0.45263696 0.47383576 0.49421356 0.51380215]",1980.0,1987.0,16
5,rico,Idaho,[1972 1973 1974 1975 1976 1977 1978 1979 1980 1981 1982 1983 1984],"[0.023926   0.10376721 0.0313642  0.02193458 0.02048802 0.04368001
 0.04329325 0.02346921 0.03748377 0.10357338 0.10357338 0.10357338
 0.10357338]","[0.023926   0.12521047 0.15264755 0.17123387 0.18821365 0.22367248
 0.25728222 0.27471322 0.3018997  0.37420431 0.43902009 0.49712267
 0.54920737]",1981.0,1984.0,13
5,rico,Illinois,[1972 1973 1974 1975 1976 1977 1978 1979 1980 1981 1982],"[0.04550479 0.06634008 0.07407136 0.05665607 0.03827034 0.04402779
 0.03506458 0.05599766 0.07159511 0.09235419 0.1434204 ]","[0.04550479 0.10882608 0.17483655 0.22158706 0.25137719 0.2843374
 0.30943181 0.34810201 0.39477472 0.45066981 0.52945497]",1982.0,1982.0,11
5,rico,Indiana,[1972 1973 1974 1975 1976 1977 1978 1979 1980 1981 1982 1983],"[0.05752643 0.15309303 0.04700795 0.05114942 0.05046219 0.05202315
 0.04084422 0.04137001 0.04466141 0.04466141 0.04466141 0.04466141]","[0.05752643 0.20181257 0.23933372 0.27824136 0.31466288 0.35031627
 0.3768521  0.40263173 0.42931104 0.45479881 0.47914827 0.50241024]",1980.0,1983.0,12
5,rico,Iowa,"[1972 1973 1974 1975 1976 1977 1978 1979 1980 1981 1982 1983 1984 1985
 1986 1987 1988 1989 1990 1991 1992 1993 1994 1995]","[0.04069106 0.05694881 0.03549609 0.03854952 0.03224744 0.03331371
 0.02510342 0.03965846 0.04697043 0.05526526 0.08527062 0.08715186
 0.07960424 0.05254432 0.07209495 0.05884444 0.05120871 0.07339522
 0.09206419 0.07308178 0.06992485 0.06373741 0.06718114 0.08671545]","[0.04069106 0.09532256 0.12743507 0.16107203 0.18812531 0.21517187
 0.23487373 0.26521746 0.29973052 0.33843109 0.39484348 0.44758399
 0.49155865 0.51827435 0.55300434 0.57930755 0.60085066 0.63014632
 0.6641966  0.68873771 0.71050268 0.72895448 0.74716363 0.76908845]",,1985.0,24
5,rico,Kansas,"[1972 1973 1974 1975 1976 1977 1978 1979 1980 1981 1982 1983 1984 1985
 1986 1987 1988 1989 1990 1991 1992 1993 1994 1995]","[0.02528092 0.03952234 0.03914947 0.04053236 0.02652534 0.03977839
 0.03699864 0.03638877 0.02642059 0.06303991 0.05832311 0.03980126
 0.05927859 0.05397542 0.04145531 0.04991514 0.07002364 0.05011727
 0.04644637 0.03998981 0.05950124 0.07080266 0.07594135 0.06805404]","[0.02528092 0.0638041  0.10045567 0.13691633 0.15980992 0.19323133
 0.22308067 0.25135181 0.27113153 0.31707933 0.35690939 0.3825052
 0.41910942 0.45046323 0.47324445 0.49953752 0.53458173 0.55790722
 0.57844082 0.59529889 0.61937911 0.64632808 0.67318641 0.69542739]",,1988.0,24
5,rico,Kentucky,"[1972 1973 1974 1975 1976 1977 1978 1979 1980 1981 1982 1983 1984 1985
 1986 1987 1988 1989 1990 1991 1992 1993 1994 1995]","[0.01682313 0.05670935 0.05401667 0.05004533 0.03824671 0.03366253
 0.04698139 0.02818601 0.06373077 0.03461901 0.10532579 0.05003034
 0.08073899 0.05306259 0.08627044 0.05232874 0.08638364 0.06377457
 0.08543826 0.05602136 0.1160162  0.06835633 0.08730934 0.04984565]","[0.01682313 0.07257845 0.12267467 0.16658071 0.19845625 0.22543825
 0.26182823 0.28263435 0.32835261 0.35160438 0.41989716 0.4489199
 0.49341355 0.52029434 0.56167876 0.58461556 0.62049798 0.64470056
 0.67505672 0.69326049 0.72884724 0.74738225 0.76943814 0.78093064]",,1985.0,24
5,rico,Louisiana,"[1972 1973 1974 1975 1976 1977 1978 1979 1980 1981 1982 1983 1984 1985
 1986 1987 1988 1989 1990 1991 1992]","[0.05146836 0.09217725 0.03012385 0.02764316 0.0211622  0.04705791
 0.07234115 0.02483603 0.01932623 0.04529628 0.02279152 0.02324351
 0.02324351 0.02324351 0.02324351 0.02324351 0.02324351 0.02324351
 0.02324351 0.02324351 0.02324351]","[0.05146836 0.1389014  0.16484101 0.18792744 0.20511268 0.24251842
 0.29731551 0.3147674  0.32801037 0.358449   0.37307092 0.38764296
 0.40187628 0.41577878 0.42935813 0.44262185 0.45557727 0.46823157
 0.48059173 0.4926646  0.50445686]",1983.0,1992.0,21
5,rico,Maine,"[1972 1973 1974 1975 1976 1977 1978 1979 1980 1981 1982 1983 1984 1985
 1986 1987 1988 1989 1990 1991 1992 1993 1994 1995]","[0.02781262 0.07426321 0.03430549 0.04764129 0.02724411 0.02534603
 0.02608311 0.0357704  0.03714089 0.02741045 0.03800972 0.04237266
 0.01921953 0.0322978  0.03286033 0.04237656 0.03319852 0.02680435
 0.03380117 0.02468026 0.0336388  0.03510271 0.04423328 0.06725575]","[0.02781262 0.10001037 0.13088495 0.17229072 0.19484092 0.21524851
 0.23571727 0.26305597 0.29042672 0.30987644 0.33610785 0.36423872
 0.37645776 0.3965968  0.41642483 0.44115474 0.45970758 0.47418977
 0.49196276 0.50450125 0.52116924 0.53797749 0.55841426 0.58811344]",,1991.0,24
5,rico,Maryland,"[1973 1974 1975 1976 1977 1978 1979 1980 1981 1982 1983 1984 1985 1986
 1987 1988 1989 1990 1991 1992 1993 1994 1995]","[0.09435434 0.06085036 0.06687483 0.06048473 0.06068495 0.02829023
 0.05746384 0.06365838 0.03266869 0.06507432 0.06233162 0.03297401
 0.03477093 0.06070534 0.07677784 0.05802813 0.04197377 0.12720632
 0.09610036 0.07128444 0.08627715 0.14218503 0.14432888]","[0.09435434 0.1494632  0.20634271 0.25434686 0.29959678 0.31941135
 0.35852059 0.39935613 0.41897839 0.45678797 0.49064726 0.50744266
 0.52456933 0.55343052 0.58771716 0.61164116 0.62794204 0.67527017
 0.70647682 0.72740046 0.75091957 0.78633508 0.81717309]",,1984.0,23
5,rico,Massachusetts,"[1972 1973 1974 1975 1976 1977 1978 1979 1980 1981 1982 1983 1984 1985
 1986 1987 1988 1989 1990 1991 1992 1993 1994 1995]","[0.03830842 0.05044916 0.03048035 0.04541209 0.04334436 0.05357649
 0.02375385 0.03172977 0.0321635  0.03043114 0.05371486 0.06414966
 0.04577598 0.05582953 0.03573917 0.03688343 0.05109687 0.03425912
 0.0357638  0.03757965 0.0534756  0.0710013  0.09497044 0.09835916]","[0.03830842 0.08682496 0.11465886 0.15486404 0.19149593 0.23481274
 0.25298888 0.27669137 0.29995551 0.32125866 0.35771716 0.39891938
 0.42643444 0.45845633 0.47781065 0.49707079 0.5227689  0.53911842
 0.5556013  0.57230164 0.59517307 0.62391631 0.65963314 0.69311134]",,1988.0,24
5,rico,Michigan,"[1972 1973 1974 1975 1976 1977 1978 1979 1980 1981 1982 1983 1984 1985
 1986 1987 1988 1989 1990 1991 1992 1993 1994 1995]","[0.05852665 0.07052649 0.0498983  0.0579793  0.03868013 0.04573415
 0.02639746 0.04930466 0.05842939 0.07422483 0.1169877  0.12185194
 0.05541749 0.07907125 0.10476127 0.08250326 0.10335581 0.08851381
 0.10677937 0.11374969 0.11593623 0.17487593 0.20851585 0.20274737]","[0.05852665 0.12492546 0.16859019 0.21679475 0.24708923 0.28152296
 0.30048893 0.33497809 0.37383491 0.42031191 0.48812829 0.55050084
 0.57541096 0.60898374 0.6499471  0.67882761 0.71202264 0.73751262
 0.76554085 0.79221051 0.81630084 0.8484254  0.88003111 0.90435449]",1995.0,1983.0,24
5,rico,Minnesota,"[1972 1973 1974 1975 1976 1977 1978 1979 1980 1981 1982 1983 1984 1985
 1986 1987 1988 1989]","[0.0223412  0.04823373 0.05206794 0.04454585 0.03237304 0.03610878
 0.02949699 0.04015605 0.0448203  0.05236189 0.07193617 0.12226479
 0.07684605 0.07914255 0.09739479 0.07298105 0.05317034 0.06901923]","[0.0223412  0.06949733 0.11794669 0.15723851 0.18452126 0.2139672
 0.2371528  0.26778572 0.30060379 0.33722549 0.38490295 0.46010766
 0.50159626 0.5410412  0.5857414  0.61597442 0.63639319 0.66148905]",1989.0,1984.0,18
5,rico,Mississippi,"[1974 1975 1976 1977 1978 1979 1980 1981 1982 1983 1984 1985 1986 1987
 1988 1989]","[0.04945994 0.02812588 0.02202281 0.0290313  0.04363916 0.02775003
 0.01801225 0.04630536 0.01914226 0.03397873 0.06336744 0.06336744
 0.06336744 0.06336744 0.06336744 0.06336744]","[0.04945994 0.07619471 0.0965395  0.12276813 0.16104979 0.18433069
 0.19902272 0.23611226 0.2507348  0.27619389 0.32205963 0.36501897
 0.40525609 0.44294349 0.47824274 0.51130516]",1984.0,1989.0,16
5,rico,Missouri,"[1972 1973 1974 1975 1976 1977 1978 1979 1980 1981 1982 1983 1984 1985
 1986 1987 1988 1989 1990 1991 1992 1993 1994 1995]","[0.01452081 0.07971827 0.04571114 0.04997657 0.02345767 0.05098859
 0.03552261 0.03964387 0.04037331 0.04226002 0.04815647 0.05055877
 0.04121068 0.04410889 0.04285899 0.04312994 0.05470662 0.06220781
 0.06386316 0.05225144 0.04709003 0.0553972  0.06028454 0.07078376]","[0.01452081 0.09308151 0.13453779 0.17779062 0.19707773 0.23801761
 0.26508521 0.29422008 0.32271475 0.35133683 0.38257416 0.41379045
 0.43794854 0.46274001 0.48576643 0.50794529 0.53486394 0.56379904
 0.59165621 0.61299276 0.63121694 0.65164649 0.67264682 0.69581811]",,1987.0,24
5,rico,Montana,"[1972 1973 1974 1975 1976 1977 1978 1979 1980 1981 1982 1983 1984 1985
 1986 1987 1988 1989 1990 1991 1992 1993 1994 1995]","[0.02217556 0.08061717 0.07047504 0.04951106 0.05388672 0.06443132
 0.03761818 0.06290038 0.03211606 0.0754662  0.06116797 0.11600779
 0.06295844 0.07509697 0.05686003 0.10071934 0.06367309 0.09365492
 0.04843653 0.07527139 0.06337061 0.07739384 0.05496924 0.10671036]","[0.02217556 0.101005   0.16436171 0.20573505 0.24853538 0.29695323
 0.32340057 0.36595893 0.38632184 0.43263379 0.46733843 0.52913132
 0.55877648 0.59191103 0.61511498 0.65388034 0.67591885 0.70627064
 0.72049787 0.74153639 0.75791539 0.77665125 0.78892856 0.81145207]",,1983.0,24
5,rico,Nevada,[1972 1973 1974 1975 1976 1977 1978 1979 1980 1981 1982 1983],"[0.0183161  0.06738498 0.01764114 0.02834975 0.01645617 0.04319331
 0.06087855 0.04903863 0.03507442 0.16364523 0.06285446 0.10070236]","[0.0183161  0.08446685 0.1006179  0.12611516 0.14049596 0.17762078
 0.22768604 0.26555925 0.29131934 0.40729155 0.44454592 0.50048146]",1983.0,1983.0,12
5,rico,New Hampshire,"[1972 1973 1974 1975 1976 1977 1978 1979 1980 1981 1982 1983 1984 1985
 1986 1987 1988 1989 1990 1991 1992 1993 1994 1995]","[0.01714517 0.06731536 0.02777561 0.03827566 0.02442904 0.04011134
 0.02607089 0.04322287 0.05173731 0.04159193 0.02783295 0.03880586
 0.0256986  0.06780738 0.03300952 0.03864911 0.03775153 0.04616603
 0.04734985 0.105925   0.05658301 0.11456772 0.06356796 0.08731615]","[0.01714517 0.0833064  0.10876812 0.14288061 0.16381921 0.19735954
 0.21828509 0.25207304 0.29076878 0.32026707 0.33918604 0.3648295
 0.38115249 0.42311492 0.44215762 0.46371773 0.48396321 0.50778658
 0.53109282 0.58076181 0.60448357 0.64979698 0.67205867 0.70069325]",,1989.0,24
5,rico,New Jersey,[1972 1973 1974 1975 1976 1977 1978 1979 1980 1981],"[0.12205913 0.1535023  0.08751217 0.07188198 0.06716699 0.05157461
 0.04229342 0.08542547 0.07891512 0.05651234]","[0.12205913 0.25682507 0.32186192 0.37060783 0.41288221 0.44316258
 0.46671314 0.51226942 0.55075874 0.57614641]",1981.0,1979.0,10
5,rico,New Mexico,"[1972 1973 1974 1975 1976 1977 1978 1979 1980 1981 1982 1983 1984 1985
 1986 1987 1988]","[0.02001666 0.03901698 0.02387677 0.02647922 0.02206795 0.03348948
 0.07302261 0.05704553 0.04493353 0.04493353 0.04493353 0.04493353
 0.04493353 0.04493353 0.04493353 0.04493353 0.04493353]","[0.02001666 0.05825265 0.08073853 0.10507986 0.12482891 0.15413793
 0.21590499 0.26063411 0.29385643 0.32558595 0.35588976 0.3848319
 0.41247358 0.43887322 0.46408662 0.4881671  0.51116556]",1980.0,1988.0,17
5,rico,New York,"[1972 1973 1974 1975 1976 1977 1978 1979 1980 1981 1982 1983 1984 1985
 1986]","[0.1027621  0.12254905 0.09526255 0.09056099 0.08030313 0.11656862
 0.05095949 0.07290203 0.0839782  0.10999124 0.14242807 0.13745793
 0.12498824 0.11817328 0.12051781]","[0.1027621  0.21271775 0.28771626 0.35222138 0.40424003 0.47368695
 0.50050759 0.5369216  0.5758101  0.62246727 0.67623853 0.72074211
 0.75564606 0.78452217 0.81049108]",1986.0,1978.0,15
5,rico,North Carolina,"[1973 1974 1975 1976 1977 1978 1979 1980 1981 1982 1983 1984 1985 1986
 1987 1988 1989]","[0.06285196 0.03166369 0.02663497 0.02129196 0.03577349 0.05857965
 0.03031901 0.0329308  0.06046662 0.03203681 0.04247897 0.05408958
 0.05229216 0.04361755 0.04361755 0.04361755 0.04361755]","[0.06285196 0.09252553 0.11669609 0.13550336 0.16642942 0.21525969
 0.23905224 0.26411085 0.30860759 0.33075759 0.35918632 0.39384766
 0.42554468 0.45060101 0.47456444 0.49748265 0.51940123]",1986.0,1989.0,17
5,rico,North Dakota,"[1972 1973 1974 1975 1976 1977 1978 1979 1980 1981 1982 1983 1984 1985
 1986]","[0.01875871 0.14844044 0.03791354 0.04063191 0.02116064 0.04861834
 0.0229524  0.04822676 0.0418286  0.04463619 0.04278693 0.04079208
 0.04079208 0.04079208 0.04079208]","[0.01875871 0.1644146  0.1960946  0.22875881 0.24507877 0.28178179
 0.29826662 0.33210894 0.36004589 0.388611   0.41477046 0.43864319
 0.46154211 0.48350692 0.50457575]",1983.0,1986.0,15
5,rico,Ohio,"[1972 1973 1974 1975 1976 1977 1978 1979 1980 1981 1982 1983 1984 1985
 1986]","[0.09718037 0.09717919 0.11819129 0.06272294 0.05328418 0.0572187
 0.04502386 0.05613696 0.09623273 0.08892588 0.10140931 0.11588977
 0.08548989 0.07655919 0.07207263]","[0.09718037 0.18491565 0.28125152 0.32633354 0.3622293  0.39872171
 0.42579359 0.45802779 0.51018325 0.55374064 0.59899549 0.64546781
 0.67577673 0.700599   0.72217762]",1986.0,1980.0,15
5,rico,Oklahoma,"[1972 1973 1974 1975 1976 1977 1978 1979 1980 1981 1982 1983 1984 1985
 1986 1987 1988]","[0.02848731 0.08539394 0.02248649 0.02297107 0.01857154 0.02884141
 0.05241023 0.02095714 0.03664789 0.08538325 0.04288284 0.05089051
 0.07340937 0.05451195 0.03217369 0.04449533 0.0549617 ]","[0.02848731 0.1114486  0.131429   0.15138101 0.16714117 0.19116199
 0.23355337 0.24961591 0.2771159  0.33883809 0.36719059 0.39939459
 0.44348466 0.47382139 0.4907505  0.51340972 0.54015355]",1988.0,1987.0,17
5,rico,Oregon,"[1972 1973 1974 1975 1976 1977 1978 1979 1980 1981 1982 1983 1984 1985
 1986 1987 1988 1989]","[0.03439623 0.0525377  0.03602927 0.03804963 0.03864929 0.03450082
 0.02374093 0.04746604 0.04219802 0.03883324 0.03883324 0.03883324
 0.03883324 0.03883324 0.03883324 0.03883324 0.03883324 0.03883324]","[0.03439623 0.08512683 0.11808904 0.15164542 0.18443373 0.21257144
 0.23126572 0.26775449 0.2986538  0.32588935 0.35206725 0.37722857
 0.4014128  0.42465788 0.44700028 0.46847505 0.48911589 0.50895517]",1981.0,1989.0,18
5,rico,Pennsylvania,"[1972 1973 1974 1975 1976 1977 1978 1979 1980 1981 1982 1983 1984 1985
 1986 1987]","[0.04283933 0.04283933 0.04283933 0.04283933 0.04283933 0.04283933
 0.04283933 0.04283933 0.04283933 0.04283933 0.04283933 0.04283933
 0.04283933 0.04283933 0.04283933 0.04283933]","[0.04283933 0.08384345 0.12309099 0.16065718 0.19661407 0.23103059
 0.26397272 0.29550364 0.32568379 0.35457105 0.38222079 0.40868604
 0.43401754 0.45826385 0.48147146 0.50368488]",1972.0,1987.0,16
5,rico,Rhode Island,[1972 1973 1974 1975 1976 1977 1978 1979 1980 1981 1982 1983 1984],"[0.03978914 0.04756892 0.04039943 0.04570102 0.05060874 0.03619583
 0.04225071 0.07378613 0.07378613 0.07378613 0.07378613 0.07378613
 0.07378613]","[0.03978914 0.08546533 0.12241201 0.16251868 0.20490255 0.23368176
 0.26605925 0.3202139  0.37037269 0.41683045 0.45986028 0.4997151
 0.53662919]",1979.0,1984.0,13
5,rico,South Carolina,"[1972 1973 1974 1975 1976 1977 1978 1979 1980 1981 1982 1983 1984 1985
 1986 1987 1988 1989 1990 1991 1992 1993 1994 1995]","[0.02216481 0.04508325 0.04411045 0.02313266 0.02648586 0.03285092
 0.03897664 0.0283739  0.09830999 0.12460478 0.06141815 0.09658434
 0.11480911 0.09101593 0.19636872 0.27217676 0.24143526 0.20435131
 0.16779656 0.20417703 0.19913912 0.20388541 0.18964374 0.13655575]","[0.02216481 0.0662488  0.10743699 0.12808434 0.15117778 0.17906237
 0.21105976 0.23344508 0.30880508 0.39493128 0.43209348 0.48694436
 0.54584782 0.5871829  0.66824726 0.75854265 0.81683897 0.85426817
 0.87872147 0.90348376 0.92270392 0.93846346 0.95013348 0.95694304]",,1984.0,24
5,rico,South Dakota,"[1972 1973 1974 1975 1976 1977 1978 1979 1980 1981 1982 1983 1984 1985
 1986 1987 1988 1989 1990 1991 1992 1993 1994 1995]","[0.02906236 0.06085594 0.02782555 0.04749311 0.03718956 0.04871137
 0.0280769  0.05271897 0.04618942 0.05190045 0.06578744 0.09954099
 0.06705708 0.06888075 0.06333982 0.05267933 0.0561373  0.0526493
 0.06234438 0.05872104 0.05945534 0.07219384 0.06476669 0.0738327 ]","[0.02906236 0.08814968 0.11352242 0.15562399 0.18702597 0.22662704
 0.24834096 0.28796765 0.32085601 0.35610388 0.39846416 0.45834163
 0.49466366 0.52947161 0.55927479 0.5824919  0.60592968 0.6266772
 0.64995178 0.67050697 0.69009709 0.71247018 0.73109253 0.7509467 ]",,1985.0,24
5,rico,Tennessee,"[1972 1973 1974 1975 1976 1977 1978 1979 1980 1981 1982 1983 1984 1985
 1986 1987 1988 1989]","[0.02721496 0.06428332 0.05890664 0.02668904 0.02343695 0.04447525
 0.03739551 0.03799845 0.04659181 0.04984383 0.04423065 0.04765335
 0.05048834 0.05348315 0.05999514 0.05802791 0.06709539 0.09143966]","[0.02721496 0.08974882 0.14336866 0.16623132 0.18577232 0.2219853
 0.25107955 0.27953736 0.31310502 0.3473425  0.37620997 0.40593565
 0.43592897 0.46609727 0.49812884 0.52725137 0.55897063 0.5992982 ]",1989.0,1987.0,18
5,rico,Texas,"[1972 1973 1974 1975 1976 1977 1978 1979 1980 1981 1982 1983 1984 1985
 1986 1987 1988 1989 1990 1991 1992 1993 1994 1995]","[0.02183534 0.09032937 0.04251174 0.03084968 0.01335222 0.03932367
 0.03876453 0.05071283 0.02633289 0.07212058 0.02415099 0.07517048
 0.06433777 0.09375868 0.04953736 0.07860059 0.14805444 0.10861192
 0.09548164 0.08726402 0.10234728 0.09986687 0.08196783 0.19097982]","[0.02183534 0.11019234 0.14801962 0.17430294 0.18532782 0.21736372
 0.24770225 0.2858534  0.30465894 0.35480734 0.37038938 0.41771752
 0.45518028 0.50626186 0.53072034 0.567606   0.63162385 0.67163389
 0.70298683 0.72890539 0.75665119 0.78095367 0.79890842 0.83731285]",,1985.0,24
5,rico,Utah,[1972 1973 1974 1975 1976 1977 1978 1979 1980 1981 1982],"[0.01843429 0.0912181  0.04115249 0.03342543 0.01724742 0.02787639
 0.06200381 0.04372272 0.07002984 0.13486611 0.13486611]","[0.01843429 0.10797085 0.14468007 0.17326951 0.18752847 0.21017725
 0.25914927 0.29154128 0.34115452 0.43001045 0.50688273]",1981.0,1982.0,11
5,rico,Vermont,[1989 1990 1991 1992 1993 1994 1995 1996 1997 1998 1999 2000 2001],"[0.03192772 0.04919425 0.03419027 0.02992257 0.04306041 0.04655892
 0.06415217 0.06415217 0.06415217 0.06415217 0.06415217 0.06415217
 0.06415217]","[0.03192772 0.07955131 0.1110217  0.13762222 0.17475656 0.213179
 0.26365528 0.31089339 0.35510108 0.39647275 0.43519033 0.4714241
 0.50533339]",,2001.0,13
5,rico,Virginia,"[1972 1973 1974 1975 1976 1977 1978 1979 1980 1981 1982 1983 1984 1985
 1986 1987 1988 1989 1990 1991 1992 1993 1994 1995]","[0.02764282 0.03611206 0.02832688 0.04065625 0.02808934 0.03573073
 0.05615688 0.03414226 0.0264039  0.03006892 0.02426699 0.02296407
 0.04388081 0.03837214 0.02750687 0.04493418 0.05875387 0.04588439
 0.09968882 0.06812915 0.07155439 0.08202027 0.11234384 0.11537919]","[0.02764282 0.06275664 0.08930582 0.12633123 0.15087201 0.18121197
 0.22719256 0.25357795 0.2732864  0.29513789 0.31224278 0.32803649
 0.35752279 0.38217602 0.39917042 0.4261682  0.45988304 0.48466598
 0.53603902 0.56764829 0.59858495 0.63150912 0.6729068  0.71064655]",,1990.0,24
5,rico,Washington,[1972 1973 1974 1975 1976 1977 1978 1979 1980 1981 1982 1983 1984 1985],"[0.02313005 0.06121922 0.02442239 0.03885094 0.04477604 0.03712532
 0.01684809 0.04569105 0.02159218 0.13823506 0.13751456 0.14559463
 0.07919979 0.08300521]","[0.02313005 0.08293327 0.10533023 0.14008899 0.1785924  0.20908742
 0.22241279 0.25794157 0.27396422 0.37432782 0.46036686 0.53893455
 0.57545084 0.61069063]",1985.0,1983.0,14
5,rico,West Virginia,"[1972 1973 1974 1975 1976 1977 1978 1979 1980 1981 1982 1983 1984 1985
 1986 1987 1988 1989 1990 1991 1992 1993 1994 1995]","[0.06821964 0.13745067 0.09204858 0.06416515 0.06197982 0.07191543
 0.05783732 0.05778202 0.05713215 0.05191191 0.05954337 0.05043454
 0.03024531 0.04923289 0.06437166 0.0601276  0.06003329 0.05869605
 0.06171949 0.06470873 0.04524517 0.05941685 0.09043067 0.10932503]","[0.06821964 0.19629348 0.27027352 0.31709653 0.35942276 0.40549015
 0.43987501 0.47224016 0.50239221 0.52822398 0.55631512 0.57869216
 0.59143474 0.61154959 0.63655479 0.65840788 0.67891478 0.69776121
 0.71641523 0.73476564 0.74676622 0.76181257 0.78335202 0.80703706]",,1980.0,24
5,rico,Wisconsin,"[1972 1973 1974 1975 1976 1977 1978 1979 1980 1981 1982 1983 1984 1985
 1986 1987 1988]","[0.04635667 0.06678179 0.04024573 0.03928124 0.03393339 0.03755693
 0.01765827 0.03927215 0.04392493 0.04449796 0.04449796 0.04449796
 0.04449796 0.04449796 0.04449796 0.04449796 0.04449796]","[0.04635667 0.11004268 0.14585966 0.17941135 0.20725671 0.23702971
 0.25050245 0.27993683 0.31156555 0.34219948 0.37147026 0.39943854
 0.4261623  0.45169691 0.47609528 0.49940797 0.52168329]",1981.0,1988.0,17
5,rico,Wyoming,"[1972 1973 1974 1975 1976 1977 1978 1979 1980 1981 1982 1983 1984 1985
 1986 1987 1988 1989 1990 1991 1992 1993 1994 1995]","[0.01398569 0.03318998 0.01613674 0.0184728  0.02206555 0.04498227
 0.03760893 0.0448908  0.05345511 0.13146186 0.11088276 0.07081311
 0.11567615 0.09943985 0.05309277 0.05642988 0.07140812 0.05441093
 0.05195026 0.05976156 0.08289399 0.07358937 0.06021538 0.06483857]","[0.01398569 0.04671148 0.06209445 0.0794202  0.0997333  0.14022934
 0.17256439 0.20970864 0.25195376 0.3502933  0.42233457 0.46324086
 0.52533109 0.57253209 0.59522755 0.61806881 0.64534179 0.66463908
 0.68206116 0.70106168 0.72584188 0.746017   0.76131068 0.77678696]",,1984.0,24
5,witnessint,Alabama,[1973 1974 1975 1976 1977 1978],[0.04822233 0.02160304 0.12046749 0.13869767 0.20070222 0.20070222],[0.04822233 0.06878362 0.18096492 0.29456318 0.43614591 0.54931268],1977.0,1978.0,6
5,witnessint,Arizona,"[1971 1972 1973 1974 1975 1976 1977 1978 1979 1980 1981 1982 1983 1984
 1985 1986]","[0.03946522 0.0414824  0.0533517  0.04519195 0.0482161  0.04573217
 0.04223888 0.04223888 0.04223888 0.04223888 0.04223888 0.04223888
 0.04223888 0.04223888 0.04223888 0.04223888]","[0.03946522 0.07931051 0.12843087 0.16781878 0.20794331 0.24416578
 0.27609137 0.30666846 0.33595401 0.36400256 0.39086638 0.4165955
 0.44123785 0.46483934 0.48744392 0.50909372]",1977.0,1986.0,16
5,witnessint,Arkansas,[1971 1972 1973 1974 1975 1976 1977 1978 1979],"[0.02907086 0.01359909 0.04146582 0.01858976 0.12192663 0.12192663
 0.12192663 0.12192663 0.12192663]","[0.02907086 0.04227462 0.08198749 0.09905312 0.20890254 0.30535839
 0.3900537  0.4644224  0.52972358]",1975.0,1979.0,9
5,witnessint,California,[1971 1972 1973 1974 1975 1976 1977 1978 1979 1980],"[0.11849241 0.09691503 0.08746185 0.07452938 0.08811477 0.13008223
 0.21971456 0.18755772 0.15684685 0.1911243 ]","[0.11849241 0.20392375 0.27355005 0.32769191 0.38693219 0.46668142
 0.58385927 0.66190968 0.71493808 0.76942034]",1980.0,1977.0,10
5,witnessint,Colorado,[1971 1972 1973 1974 1975 1976 1977 1978 1979 1980 1981 1982 1983 1984],"[0.02419142 0.04668195 0.03992255 0.04545949 0.05208901 0.04657228
 0.07407058 0.07466857 0.07099463 0.09695    0.0984483  0.09031658
 0.11616042 0.139655  ]","[0.02419142 0.06974406 0.10688225 0.14748292 0.19188969 0.22952523
 0.28659475 0.3398637  0.38672983 0.44618637 0.50070838 0.5458027
 0.59856245 0.65462521]",1984.0,1981.0,14
5,witnessint,Connecticut,"[1971 1972 1973 1974 1975 1976 1977 1978 1979 1980 1981 1982 1983 1984
 1985 1986 1987 1988 1989 1990 1991 1992 1993 1994 1995 1996 1997 1998
 1999]","[0.0600454  0.03021104 0.03511305 0.03263596 0.0278099  0.03317029
 0.03236757 0.03099638 0.02529811 0.0410744  0.0667638  0.04529553
 0.0368578  0.03622143 0.13496505 0.0819803  0.0761227  0.13857862
 0.08151114 0.14911907 0.17844197 0.13390045 0.20670186 0.21435215
 0.16648815 0.17490058 0.15786203 0.1692092  0.182253  ]","[0.0600454  0.08844241 0.12044997 0.14915493 0.17281685 0.20025476
 0.22614057 0.25012741 0.26909777 0.29911914 0.34591261 0.37553984
 0.39855607 0.42034123 0.49857491 0.53968189 0.57472255 0.63365691
 0.66351795 0.71369384 0.76478287 0.79627855 0.83838816 0.87303
 0.894169   0.91267891 0.92646359 0.93890663 0.95004108]",1999.0,1986.0,29
5,witnessint,Delaware,"[1971 1972 1973 1974 1975 1976 1977 1978 1979 1980 1981 1982 1983 1984
 1985 1986]","[0.04207902 0.0472394  0.07238978 0.05010583 0.0375474  0.04512785
 0.03855557 0.03945609 0.03115575 0.03090272 0.04599845 0.04619185
 0.04619185 0.04619185 0.04619185 0.04619185]","[0.04207902 0.08733063 0.15339857 0.19581824 0.22601317 0.26094153
 0.28943635 0.31747242 0.33873708 0.3591719  0.388649   0.41688843
 0.44382344 0.46951426 0.49401838 0.51739061]",1982.0,1986.0,16
5,witnessint,Florida,"[1971 1972 1973 1974 1975 1976 1977 1978 1979 1980 1981 1982 1983 1984
 1985 1986 1987 1988 1989 1990 1991]","[0.01531599 0.02847175 0.02847175 0.02847175 0.02847175 0.02847175
 0.02847175 0.02847175 0.02847175 0.02847175 0.02847175 0.02847175
 0.02847175 0.02847175 0.02847175 0.02847175 0.02847175 0.02847175
 0.02847175 0.02847175 0.02847175]","[0.01531599 0.04335167 0.07058913 0.09705108 0.12275962 0.14773619
 0.17200164 0.1955762  0.21847956 0.24073081 0.26234854 0.28335077
 0.30375503 0.32357834 0.34283725 0.36154783 0.37972568 0.39738598
 0.41454345 0.43121243 0.44740681]",1972.0,,21
5,witnessint,Georgia,"[1971 1972 1973 1974 1975 1976 1977 1978 1979 1980 1981 1982 1983 1984
 1985 1986 1987 1988 1989 1990 1991]","[0.01172983 0.02862941 0.02611583 0.02557131 0.03522915 0.03522915
 0.03522915 0.03522915 0.03522915 0.03522915 0.03522915 0.03522915
 0.03522915 0.03522915 0.03522915 0.03522915 0.03522915 0.03522915
 0.03522915 0.03522915 0.03522915]","[0.01172983 0.04002342 0.06509401 0.08900078 0.1210945  0.15205759
 0.18192988 0.21074979 0.2385544  0.26537948 0.29125954 0.31622786
 0.34031657 0.36355665 0.38597801 0.40760948 0.42847889 0.44861309
 0.46803798 0.48677855 0.5048589 ]",1975.0,1991.0,21
5,witnessint,Idaho,"[1971 1972 1973 1974 1975 1976 1977 1978 1979 1980 1981 1982 1983 1984
 1985]","[0.04143444 0.0471861  0.06156088 0.06251608 0.04862797 0.04721306
 0.04780322 0.04746703 0.05013757 0.04995212 0.0441297  0.08202525
 0.06948938 0.07296149 0.09587587]","[0.04143444 0.08666541 0.1428911  0.19647419 0.23554802 0.27164014
 0.30645809 0.33937847 0.37250043 0.40384536 0.43015349 0.47689529
 0.51324551 0.54875984 0.59202288]",1985.0,1983.0,15
5,witnessint,Illinois,"[1971 1972 1973 1974 1975 1976 1977 1978 1979 1980 1981 1982 1983 1984
 1985 1986 1987 1988 1989]","[0.03821712 0.04138096 0.05315942 0.05009291 0.02946873 0.04807964
 0.0476343  0.04722406 0.03506393 0.05155474 0.06507563 0.06374495
 0.08292938 0.09865067 0.0907627  0.06810964 0.07108294 0.07211346
 0.07645775]","[0.03821712 0.07801662 0.12702872 0.17075839 0.1951951  0.23388983
 0.27038295 0.30483843 0.32921352 0.36379574 0.40519714 0.44311282
 0.48929513 0.5396765  0.5814567  0.60996354 0.63768847 0.66381601
 0.68951988]",1989.0,1984.0,19
5,witnessint,Indiana,[1971 1972 1973 1974 1975 1976 1977 1978 1979 1980 1981 1982 1983],"[0.02950621 0.03060326 0.03986217 0.03942846 0.0361198  0.0658615
 0.0658615  0.0658615  0.0658615  0.0658615  0.0658615  0.0658615
 0.0658615 ]","[0.02950621 0.05920648 0.09670855 0.13232393 0.16366422 0.21874655
 0.27020107 0.31826672 0.3631667  0.40510949 0.44428987 0.48088977
 0.51507915]",1976.0,1983.0,13
5,witnessint,Iowa,"[1971 1972 1973 1974 1975 1976 1977 1978 1979 1980 1981 1982 1983 1984
 1985 1986 1987 1988 1989 1990 1991 1992 1993 1994 1995 1996 1997 1998
 1999]","[0.02562538 0.02916998 0.03335187 0.03356586 0.03514205 0.05249475
 0.04801625 0.0653191  0.04585958 0.04677574 0.0611528  0.08862612
 0.22664162 0.18907162 0.16217368 0.19217936 0.16118815 0.12159297
 0.21712356 0.20107817 0.1914796  0.18114351 0.15036374 0.13995755
 0.14139381 0.14119153 0.10787803 0.16211282 0.18587365]","[0.02562538 0.05404787 0.08559714 0.11628986 0.14734524 0.19210514
 0.23089722 0.28113432 0.31410119 0.34618462 0.38616725 0.44056887
 0.56735925 0.64915934 0.70605646 0.76254634 0.80082106 0.82503982
 0.8630278  0.89056992 0.91152354 0.92755048 0.93844426 0.94705945
 0.95454492 0.96096279 0.96517405 0.97081978 0.97624361]",1999.0,1983.0,29
5,witnessint,Kansas,"[1971 1972 1973 1974 1975 1976 1977 1978 1979 1980 1981 1982 1983 1984
 1985]","[0.02782104 0.03171928 0.03155511 0.03225984 0.03450776 0.03281723
 0.05041541 0.04792524 0.050171   0.04416347 0.03408103 0.04327554
 0.08126954 0.08126954 0.08126954]","[0.02782104 0.05865786 0.08836201 0.11777131 0.14821504 0.17616827
 0.21770208 0.2551939  0.29256157 0.3238045  0.34684994 0.37511537
 0.42589945 0.47255633 0.51542144]",1983.0,1985.0,15
5,witnessint,Kentucky,[1972 1973 1974 1975 1976 1977 1978 1979 1980],"[0.03213953 0.02416344 0.08837017 0.08837017 0.08837017 0.08837017
 0.08837017 0.08837017 0.08837017]","[0.03213953 0.05552637 0.13898967 0.21507729 0.28444104 0.34767511
 0.40532117 0.45787304 0.50578089]",1974.0,1980.0,9
5,witnessint,Louisiana,[1971 1972 1973 1974 1975 1976 1977 1978 1979],"[0.02471744 0.04393056 0.08050588 0.04605161 0.15214507 0.13879956
 0.18517386 0.16381959 0.25126746]","[0.02471744 0.06756214 0.14262888 0.1821122  0.30654979 0.40280038
 0.51338614 0.59310302 0.69534299]",1979.0,1977.0,9
5,witnessint,Maine,[1971 1972 1973 1974 1975 1976 1977 1978],"[0.10956192 0.06906811 0.06846297 0.05797396 0.11650434 0.11650434
 0.11650434 0.11650434]","[0.10956192 0.17106279 0.22781429 0.27258096 0.35732843 0.43220246
 0.49835334 0.55679735]",1975.0,1978.0,8
5,witnessint,Maryland,"[1973 1974 1975 1976 1977 1978 1979 1980 1981 1982 1983 1984 1985 1986
 1987 1988 1989 1990 1991 1992 1993 1994 1995 1996 1997]","[0.04711444 0.05178997 0.05468457 0.05932372 0.0446097  0.0390388
 0.02706743 0.03045461 0.05703124 0.10026171 0.09805161 0.07981328
 0.07594876 0.05924887 0.04422659 0.05306602 0.04348659 0.10103368
 0.13711661 0.09105125 0.10299831 0.14240291 0.14841472 0.16047815
 0.17600275]","[0.04711444 0.09646435 0.14587381 0.19654375 0.23238569 0.26235243
 0.28231866 0.30417537 0.34385911 0.40964491 0.46753018 0.51002834
 0.54724108 0.57406653 0.59290412 0.61450708 0.63127085 0.66852491
 0.71397565 0.74001853 0.76679618 0.80000508 0.82968727 0.85701874
 0.88218384]",1997.0,1984.0,25
5,witnessint,Michigan,"[1971 1972 1973 1974 1975 1976 1977 1978 1979 1980 1981 1982 1983 1984
 1985 1986 1987 1988 1989 1990 1991 1992 1993 1994 1995 1996 1997 1998
 1999 2000]","[0.04842323 0.03865341 0.049441   0.04787036 0.03018557 0.04755995
 0.04768708 0.0468605  0.02027653 0.02056178 0.06432905 0.05986188
 0.05599391 0.07408237 0.08688516 0.05795578 0.05744973 0.16273437
 0.12717958 0.17323689 0.16370837 0.15779799 0.21887643 0.19037018
 0.1789444  0.19269916 0.1958368  0.18378655 0.13664393 0.19597877]","[0.04842323 0.08520492 0.1304333  0.17205977 0.19705162 0.2352398
 0.27170898 0.30583706 0.31991228 0.3338961  0.37674593 0.41405509
 0.44686444 0.48784203 0.53234096 0.5594445  0.5847543  0.65232905
 0.69654569 0.74911517 0.79018712 0.82329517 0.86197169 0.88824817
 0.90824553 0.92592654 0.94043285 0.95138049 0.95802405 0.96625045]",2000.0,1985.0,30
5,witnessint,Minnesota,[1971 1972 1973 1974 1975 1976 1977 1978 1979 1980 1981 1982 1983 1984],"[0.03635972 0.02791215 0.0363543  0.03670225 0.06763905 0.05664167
 0.05664167 0.05664167 0.05664167 0.05664167 0.05664167 0.05664167
 0.05664167 0.05664167]","[0.03635972 0.06325699 0.09731163 0.13044233 0.18925838 0.23518014
 0.27850082 0.31936774 0.35791989 0.39428838 0.4285969  0.46096213
 0.49149413 0.52029675]",1976.0,1984.0,14
5,witnessint,Missouri,"[1971 1972 1973 1974 1975 1976 1977 1978 1979 1980 1981 1982 1983 1984
 1985]","[0.02001218 0.02246033 0.03659714 0.03527832 0.04402301 0.04651791
 0.0575926  0.04733113 0.04616576 0.05190951 0.0504202  0.06093444
 0.06903076 0.06903076 0.06903076]","[0.02001218 0.04202303 0.07708225 0.10964124 0.14883751 0.18843181
 0.23517213 0.27137229 0.30500994 0.34108653 0.37430908 0.41243521
 0.45299525 0.49075541 0.52590895]",1983.0,1985.0,15
5,witnessint,Montana,[1971 1972 1973 1974 1975 1976 1977 1978 1979 1980],"[0.03175335 0.02599893 0.07644635 0.07644635 0.07644635 0.07644635
 0.07644635 0.07644635 0.07644635 0.07644635]","[0.03175335 0.05692672 0.12902124 0.19560439 0.2570975  0.31388969
 0.36634032 0.41478129 0.45951913 0.50083692]",1973.0,1980.0,10
5,witnessint,New Hampshire,[1971 1972 1973 1974 1975 1976 1977],"[0.09642852 0.09642852 0.09642852 0.09642852 0.09642852 0.09642852
 0.09642852]","[0.09642852 0.18355857 0.26228681 0.3334234  0.39770039 0.45577925
 0.50825765]",1971.0,1977.0,7
5,witnessint,New Jersey,"[1972 1973 1974 1975 1976 1977 1978 1979 1980 1981 1982 1983 1984 1985
 1986 1987 1988]","[0.03034457 0.02827997 0.03254464 0.02256147 0.02178938 0.02160749
 0.03207941 0.05041211 0.03527044 0.05063327 0.05063327 0.05063327
 0.05063327 0.05063327 0.05063327 0.05063327 0.05063327]","[0.03034457 0.0577664  0.08843106 0.1089974  0.12841179 0.14724463
 0.17460052 0.21621065 0.24385524 0.28214132 0.31848885 0.35299599
 0.38575592 0.41685711 0.44638354 0.47441495 0.50102704]",1981.0,1988.0,17
5,witnessint,New York,"[1971 1972 1973 1974 1975 1976 1977 1978 1979 1980 1981 1982 1983 1984
 1985]","[0.08324483 0.11812029 0.0644122  0.04754769 0.02965121 0.03564504
 0.07405194 0.05019285 0.03872892 0.06617818 0.18618234 0.13701707
 0.12285766 0.15811908 0.18636663]","[0.08324483 0.19153221 0.2436074  0.27957212 0.30093368 0.32585193
 0.3757739  0.40710559 0.43006775 0.46778483 0.56687389 0.62621956
 0.67214135 0.72398206 0.7754226 ]",1985.0,1981.0,15
5,witnessint,North Carolina,[1973 1974 1975 1976 1977 1978 1979 1980 1981 1982 1983 1984],"[0.03281569 0.02116869 0.05504771 0.05011659 0.07216328 0.07216328
 0.07216328 0.07216328 0.07216328 0.07216328 0.07216328 0.07216328]","[0.03281569 0.05328972 0.10540395 0.15023806 0.21155966 0.2684561
 0.3212467  0.37022777 0.41567419 0.45784106 0.49696502 0.53326567]",1977.0,1984.0,12
5,witnessint,North Dakota,[1971 1972 1973 1974 1975],[0.05159318 0.02671578 0.24575237 0.24575237 0.24575237],[0.05159318 0.0769306  0.3037771  0.47487553 0.60392612],1973.0,1975.0,5
5,witnessint,Ohio,[1971 1972 1973 1974 1975 1976 1977 1978 1979 1980 1981 1982 1983 1984],"[0.03208277 0.05180953 0.04109545 0.07476317 0.050315   0.07896984
 0.0657572  0.06023758 0.05030799 0.05931213 0.05991815 0.06992607
 0.079831   0.09999423]","[0.03208277 0.0822301  0.11994627 0.18574187 0.22671127 0.28777775
 0.33461149 0.37469289 0.40615083 0.44137329 0.47484517 0.51156718
 0.55055926 0.59550074]",1984.0,1982.0,14
5,witnessint,Oklahoma,"[1971 1972 1973 1974 1975 1976 1977 1978 1979 1980 1981 1982 1983 1984
 1985 1986 1987]","[0.01704544 0.03145415 0.04229001 0.03098999 0.04125299 0.03906303
 0.04548782 0.04548782 0.04548782 0.04548782 0.04548782 0.04548782
 0.04548782 0.04548782 0.04548782 0.04548782 0.04548782]","[0.01704544 0.04796345 0.08822508 0.11648098 0.15292878 0.18601795
 0.22304422 0.25838625 0.29212064 0.32432053 0.35505572 0.38439283
 0.41239545 0.4391243  0.46463732 0.4889898  0.51223454]",1977.0,1987.0,17
5,witnessint,Oregon,"[1971 1972 1973 1974 1975 1976 1977 1978 1979 1980 1981 1982 1983 1984
 1985]","[0.04712225 0.04712225 0.04712225 0.04712225 0.04712225 0.04712225
 0.04712225 0.04712225 0.04712225 0.04712225 0.04712225 0.04712225
 0.04712225 0.04712225 0.04712225]","[0.04712225 0.09202399 0.13480986 0.17557957 0.21442811 0.25144602
 0.28671957 0.32033095 0.35235848 0.38287681 0.41195704 0.43966695
 0.4660711  0.49123103 0.51520537]",1971.0,1985.0,15
5,witnessint,Pennsylvania,"[1971 1972 1973 1974 1975 1976 1977 1978 1979 1980 1981 1982 1983 1984
 1985 1986 1987 1988 1989 1990 1991 1992 1993 1994 1995 1996 1997 1998
 1999 2000 2001]","[0.04253045 0.04000956 0.03962729 0.04095252 0.02917181 0.03739263
 0.03561322 0.0393184  0.02181567 0.02968844 0.04762742 0.05273504
 0.05149696 0.06234797 0.08729367 0.05666551 0.06081749 0.09677469
 0.08318324 0.09838036 0.1008602  0.101141   0.11734742 0.12541806
 0.21092484 0.22783989 0.21808424 0.30229761 0.27689031 0.32327144
 0.35561091]","[0.04253045 0.08083839 0.11726227 0.15341261 0.1781091  0.20884176
 0.23701745 0.2670167  0.28300722 0.30429362 0.33742832 0.37236906
 0.40469015 0.44180651 0.49053327 0.51940246 0.54863119 0.59231227
 0.62622506 0.66299717 0.69698735 0.72763435 0.75959575 0.78974679
 0.83409441 0.87189432 0.89983215 0.93011265 0.94946378 0.9658007
 0.97796234]",2001.0,1986.0,31
5,witnessint,Rhode Island,"[1971 1972 1973 1974 1975 1976 1977 1978 1979 1980 1981 1982 1983 1984
 1985 1986 1987 1988 1989 1990 1991 1992 1993]","[0.06338524 0.04483217 0.02952436 0.03374868 0.02982424 0.03315539
 0.03386997 0.04208019 0.02605233 0.02538698 0.02538698 0.02538698
 0.02538698 0.02538698 0.02538698 0.02538698 0.02538698 0.02538698
 0.02538698 0.02538698 0.02538698 0.02538698 0.02538698]","[0.06338524 0.10537571 0.13178892 0.1610899  0.18610976 0.2130946
 0.23974707 0.27173865 0.29071156 0.30871825 0.3262678  0.34337183
 0.36004163 0.37628824 0.3921224  0.40755457 0.42259497 0.43725354
 0.45153997 0.46546371 0.47903398 0.49225973 0.50514972]",1980.0,1993.0,23
5,witnessint,South Carolina,[1971 1972 1973 1974 1975 1976 1977 1978 1979 1980],"[0.01101837 0.01781632 0.01610702 0.01236662 0.04130943 0.04862677
 0.14374879 0.20331797 0.21855189 0.27274893]","[0.01101837 0.02863838 0.04428412 0.05610309 0.09509494 0.13909755
 0.26285123 0.41272682 0.54107648 0.66624738]",1980.0,1979.0,10
5,witnessint,South Dakota,[1971 1972 1973 1974 1975 1976 1977 1978 1979 1980 1981 1982],"[0.02909156 0.02822589 0.05228944 0.03836538 0.05399661 0.06817511
 0.06817511 0.06817511 0.06817511 0.06817511 0.06817511 0.06817511]","[0.02909156 0.05649631 0.10583159 0.1401367  0.1865664  0.24202233
 0.29369753 0.34184978 0.38671924 0.42852972 0.46748977 0.50379371]",1976.0,1982.0,12
5,witnessint,Tennessee,"[1971 1972 1973 1974 1975 1976 1977 1978 1979 1980 1981 1982 1983 1984
 1985 1986 1987 1988 1989]","[0.01955223 0.04829237 0.03402979 0.03045182 0.07836794 0.06898056
 0.11013014 0.09368527 0.09333552 0.09495434 0.10070751 0.09377285
 0.12440656 0.13360929 0.14354773 0.15058979 0.15254415 0.11248493
 0.22258069]","[0.01955223 0.06690038 0.09865356 0.12610119 0.19458684 0.25014469
 0.33272636 0.39524007 0.45168565 0.50375048 0.55372653 0.59557487
 0.645888   0.69320066 0.73724101 0.77680983 0.81085618 0.83213201
 0.86949618]",1989.0,1980.0,19
5,witnessint,Texas,[1971 1972 1973 1974 1975 1976 1977 1978 1979],"[0.03307509 0.02175687 0.09862585 0.09862585 0.09862585 0.09862585
 0.09862585 0.09862585 0.09862585]","[0.03307509 0.05411235 0.14740132 0.23148959 0.30728458 0.37560422
 0.43718578 0.49269381 0.54272732]",1973.0,1979.0,9
5,witnessint,Utah,"[1971 1972 1973 1974 1975 1976 1977 1978 1979 1980 1981 1982 1983 1984
 1985 1986 1987 1988 1989 1990 1991 1992 1993 1994 1995 1996 1997 1998
 1999 2000 2001 2002 2003 2004]","[0.03472471 0.04074571 0.03535261 0.04135734 0.04427726 0.03696792
 0.03865718 0.03695611 0.06879995 0.05922251 0.0318911  0.04781182
 0.09553369 0.10847449 0.1649667  0.19421066 0.23401759 0.22668977
 0.16153636 0.18867822 0.11209628 0.11380838 0.11239592 0.10575811
 0.13893001 0.19171101 0.14752237 0.13298204 0.11339419 0.16896187
 0.31861548 0.25391876 0.28846333 0.2501525 ]","[0.03472471 0.07405554 0.10679009 0.14373088 0.18164414 0.21189705
 0.24236289 0.27036221 0.32056126 0.36079932 0.38118413 0.41077085
 0.46706209 0.52487225 0.60325251 0.6803051  0.75511933 0.81063127
 0.84122121 0.87117931 0.88561963 0.89863707 0.91002985 0.91954493
 0.93072255 0.9440038  0.95226449 0.95861246 0.96330556 0.96950552
 0.97922154 0.98449758 0.98896946 0.99172878]",2004.0,1984.0,34
5,witnessint,Virginia,[1972 1973 1974 1975 1976 1977 1978 1979 1980],"[0.05430366 0.03625447 0.03959173 0.10337863 0.10337863 0.10337863
 0.10337863 0.10337863 0.10337863]","[0.05430366 0.08858937 0.1246737  0.21516374 0.29629904 0.36904668
 0.43427377 0.49275778 0.54519579]",1975.0,1980.0,9
5,witnessint,Washington,"[1971 1972 1973 1974 1975 1976 1977 1978 1979 1980 1981 1982 1983 1984
 1985]","[0.05906973 0.02628313 0.04277508 0.02777943 0.03372967 0.06626816
 0.04004105 0.03676642 0.03642518 0.02038787 0.05725845 0.06215427
 0.06215427 0.06215427 0.06215427]","[0.05906973 0.08380032 0.12299083 0.14735364 0.17611312 0.23071059
 0.26151375 0.28866525 0.31457574 0.32855009 0.36699627 0.40634015
 0.44323865 0.47784374 0.51029798]",1982.0,1985.0,15
5,witnessint,Wisconsin,"[1971 1972 1973 1974 1975 1976 1977 1978 1979 1980 1981 1982 1983 1984
 1985 1986 1987]","[0.0433994  0.02669259 0.04200773 0.03642594 0.02462837 0.03994285
 0.03607844 0.03818593 0.0244779  0.02879203 0.05446405 0.05446405
 0.05446405 0.05446405 0.05446405 0.05446405 0.05446405]","[0.0433994  0.06893355 0.10804553 0.14053581 0.16170301 0.19518698
 0.22422337 0.25384712 0.27211138 0.29306877 0.33157111 0.36797646
 0.40239903 0.4349468  0.46572188 0.49482084 0.52233494]",1981.0,1987.0,17
5,witnessint,Wyoming,[1971 1972 1973 1974 1975 1976 1977 1978 1979 1980 1981 1982 1983],"[0.01618606 0.01952836 0.03669688 0.02755589 0.03896373 0.05398942
 0.06907243 0.06588639 0.09927702 0.08059912 0.0390987  0.0703095
 0.0703095 ]","[0.01618606 0.03539833 0.07079619 0.09640123 0.1316088  0.17849274
 0.23523624 0.28562377 0.35654491 0.40840682 0.43153735 0.47150568
 0.50866385]",1982.0,1983.0,13
5,wmd,Alabama,[1999 2000 2001 2002 2003 2004],[0.03214787 0.09494187 0.14416236 0.28683961 0.37515297 0.28810051],[0.03214787 0.12403756 0.25031837 0.46535676 0.66592976 0.76217557],,2003.0,6
5,wmd,Arizona,[1999 2000 2001 2002],[0.05743144 0.11780013 0.1671262  0.30973788],[0.05743144 0.16846614 0.30743724 0.52195016],2002.0,2002.0,4
5,wmd,Arkansas,[1999 2000 2001 2002 2003 2004],[0.02550336 0.02994111 0.09536426 0.11860866 0.28013563 0.28013563],[0.02550336 0.05468087 0.14483053 0.24626103 0.45741017 0.60940891],2003.0,2004.0,6
5,wmd,California,[1999 2000 2001 2002 2003 2004 2005 2006],"[0.08904544 0.08904544 0.08904544 0.08904544 0.08904544 0.08904544
 0.08904544 0.08904544]","[0.08904544 0.17016178 0.24405509 0.31136853 0.37268802 0.42854729
 0.47943255 0.5257867 ]",1999.0,2006.0,8
5,wmd,Colorado,[1999 2000 2001 2002 2003],[0.02820513 0.05382407 0.12093777 0.29766598 0.28449523],[0.02820513 0.08051108 0.19171202 0.43231185 0.59381642],2003.0,2003.0,5
5,wmd,Connecticut,[1999 2000 2001 2002 2003 2004],[0.03251427 0.04083555 0.07152035 0.22010636 0.22010636 0.22010636],[0.03251427 0.07202208 0.13839139 0.32803692 0.47594027 0.59128915],2002.0,2004.0,6
5,wmd,Delaware,[1999 2000 2001 2002 2003 2004],[0.05787218 0.09863801 0.1299169  0.31924011 0.42383545 0.41196899],[0.05787218 0.15080179 0.26112699 0.49700489 0.71019205 0.82958394],,2003.0,6
5,wmd,Florida,[1999 2000 2001 2002 2003],[0.06841898 0.14481393 0.14481393 0.14481393 0.14481393],[0.06841898 0.20332488 0.31869454 0.41735705 0.50173187],2000.0,2003.0,5
5,wmd,Georgia,[1999 2000 2001 2002],[0.03762098 0.10933351 0.18600711 0.33232252],[0.03762098 0.14284126 0.30227888 0.53414732],2002.0,2002.0,4
5,wmd,Idaho,[1999 2000 2001 2002 2003 2004],[0.03281296 0.03504048 0.09376782 0.22255962 0.22255962 0.22255962],[0.03281296 0.06670367 0.15421683 0.34245401 0.4887972  0.6025703 ],2002.0,2004.0,6
5,wmd,Illinois,[1999 2000 2001 2002 2003 2004 2005 2006],"[0.08530318 0.08530318 0.08530318 0.08530318 0.08530318 0.08530318
 0.08530318 0.08530318]","[0.08530318 0.16332973 0.23470036 0.29998285 0.35969654 0.41431646
 0.46427713 0.50997599]",1999.0,2006.0,8
5,wmd,Indiana,[1999 2000 2001 2002],[0.09025348 0.14044876 0.30963217 0.30963217],[0.09025348 0.21802625 0.46015048 0.62730525],2001.0,2002.0,4
5,wmd,Iowa,[1999 2000 2001 2002 2003],[0.03935857 0.06102    0.10913088 0.35541614 0.35541614],[0.03935857 0.09797691 0.19641549 0.4820224  0.66612   ],2002.0,2003.0,5
5,wmd,Kansas,[1999 2000 2001 2002 2003 2004],[0.02773247 0.04271716 0.11654242 0.17914618 0.32789507 0.19103231],[0.02773247 0.06926498 0.17773509 0.3250407  0.54635653 0.63301709],,2003.0,6
5,wmd,Kentucky,[1999 2000 2001 2002 2003 2004 2005 2006 2007],"[0.0229435  0.04795272 0.09315818 0.09315818 0.09315818 0.09315818
 0.09315818 0.09315818 0.09315818]","[0.0229435  0.06979602 0.15645213 0.23503552 0.30629822 0.37092222
 0.42952596 0.48267028 0.53086378]",2001.0,2007.0,9
5,wmd,Louisiana,[1999 2000 2001 2002 2003 2004],[0.02751453 0.04662932 0.10554682 0.20253581 0.43817494 0.29993148],[0.02751453 0.07286087 0.17071746 0.33867687 0.62845209 0.73989101],,2003.0,6
5,wmd,Maine,[1999 2000 2001 2002 2003 2004 2005 2006 2007 2008 2009 2010],"[0.02751303 0.03799645 0.06505522 0.06505522 0.06505522 0.06505522
 0.06505522 0.06505522 0.06505522 0.06505522 0.06505522 0.06505522]","[0.02751303 0.06446408 0.12532557 0.1822277  0.23542806 0.28516745
 0.33167104 0.37514932 0.41579912 0.45380443 0.4893373  0.52255857]",2001.0,2010.0,12
5,wmd,Maryland,[1999 2000 2001 2002],[0.03809327 0.05530656 0.09076651 0.43951173],[0.03809327 0.09129302 0.17377318 0.53690956],2002.0,2002.0,4
5,wmd,Massachusetts,[1999 2000 2001 2002 2003],[0.04157972 0.03034182 0.1050689  0.32872266 0.32872266],[0.04157972 0.07065993 0.16830467 0.44170176 0.62522704],2002.0,2003.0,5
5,wmd,Michigan,[1999 2000 2001 2002],[0.07313161 0.12252236 0.24920035 0.4447739 ],[0.07313161 0.18669371 0.38936992 0.66096224],2002.0,2002.0,4
5,wmd,Minnesota,[1999 2000 2001 2002 2003],[0.04002279 0.05047212 0.09286712 0.3187438  0.3187438 ],[0.04002279 0.08847487 0.17312559 0.43668668 0.61623931],2002.0,2003.0,5
5,wmd,Mississippi,[1999 2000 2001 2002 2003],[0.03020182 0.0462241  0.09020581 0.20241353 0.37957627],[0.03020182 0.07502987 0.15846755 0.3288051  0.58357476],2003.0,2003.0,5
5,wmd,Missouri,[1999 2000 2001 2002 2003 2004],[0.03678889 0.0843963  0.17913877 0.47419543 0.46401453 0.30604483],[0.03678889 0.11808034 0.27606635 0.61935237 0.7959784  0.85841816],,2002.0,6
5,wmd,Montana,[1999 2000 2001 2002 2003 2004],[0.02082083 0.04003332 0.10044422 0.1882867  0.30300485 0.14120264],[0.02082083 0.06002062 0.15443612 0.31364455 0.52161358 0.58916301],,2003.0,6
5,wmd,Nevada,[1999 2000 2001 2002 2003],[0.10073315 0.09405135 0.15701926 0.32621893 0.52184052],[0.10073315 0.18531041 0.31323237 0.53726898 0.77874077],2003.0,2002.0,5
5,wmd,New Hampshire,[1999 2000 2001 2002],[0.02940084 0.04167539 0.28750856 0.37680565],[0.02940084 0.06985094 0.33727675 0.58699462],2002.0,2002.0,4
5,wmd,New Jersey,[1999 2000 2001 2002 2003],[0.05745292 0.060254   0.08904101 0.2662527  0.2662527 ],[0.05745292 0.11424515 0.19311366 0.40794933 0.56558442],2002.0,2003.0,5
5,wmd,New Mexico,[1999 2000 2001 2002 2003 2004],[0.03134899 0.04799222 0.08642725 0.18732191 0.26900397 0.21959473],[0.03134899 0.0778367  0.15753674 0.31534856 0.49952252 0.60942473],,2004.0,6
5,wmd,New York,[1999 2000 2001 2002 2003 2004],[0.06343582 0.0802146  0.14257144 0.45453497 0.39037088 0.37386447],[0.06343582 0.13856194 0.2613784  0.59710775 0.75438515 0.84621182],2004.0,2002.0,6
5,wmd,North Carolina,[1999 2000 2001 2002 2003 2004 2005 2006],"[0.03878396 0.06001022 0.10614174 0.10614174 0.10614174 0.10614174
 0.10614174 0.10614174]","[0.03878396 0.09646674 0.19236933 0.27809265 0.35471715 0.42320859
 0.48443023 0.5391537 ]",2001.0,2006.0,8
5,wmd,North Dakota,[1999 2000 2001 2002 2003 2004],[0.03701215 0.02931789 0.06287105 0.19824639 0.25421509 0.18928268],[0.03701215 0.06524492 0.12401395 0.29767502 0.47621663 0.57535975],,2004.0,6
5,wmd,Ohio,[1999 2000 2001 2002],[0.04900573 0.05841307 0.16597211 0.45214966],[0.04900573 0.10455622 0.25317491 0.59085162],2002.0,2002.0,4
5,wmd,Oklahoma,[1999 2000 2001 2002 2003 2004],[0.0350896  0.04816675 0.11432199 0.13760585 0.28544917 0.11818488],[0.0350896  0.0815662  0.18656339 0.29849702 0.49874046 0.55798176],,2004.0,6
5,wmd,Oregon,[1999 2000 2001 2002 2003 2004],[0.0719164  0.10671636 0.14490925 0.26836259 0.3674686  0.28148405],[0.0719164  0.17095811 0.29109394 0.48133781 0.67192988 0.76427639],,2003.0,6
5,wmd,Pennsylvania,[1999 2000 2001 2002],[0.06452249 0.06027111 0.10069594 0.46346444],[0.06452249 0.12090476 0.20942608 0.57582898],2002.0,2002.0,4
5,wmd,Rhode Island,[1999 2000 2001 2002 2003 2004],[0.02734454 0.04180011 0.05726455 0.40070409 0.30825815 0.29453529],[0.02734454 0.06800164 0.1213721  0.47344189 0.63575772 0.74303993],,2003.0,6
5,wmd,South Carolina,[1999 2000 2001 2002],[0.0366973  0.05757626 0.18787579 0.40951451],[0.0366973  0.09216067 0.2627217  0.56464786],2002.0,2002.0,4
5,wmd,South Dakota,[1999 2000 2001 2002 2003],[0.01744586 0.03201717 0.06936996 0.2655416  0.2655416 ],[0.01744586 0.04890446 0.11488192 0.34991759 0.52254151],2002.0,2003.0,5
5,wmd,Tennessee,[1999 2000 2001 2002 2003],[0.03079773 0.05779886 0.15684496 0.3434898  0.3434898 ],[0.03079773 0.08681652 0.23004474 0.49451652 0.66814494],2002.0,2003.0,5
5,wmd,Texas,[1999 2000 2001 2002 2003 2004],[0.03909286 0.08611623 0.19698464 0.16738913 0.30075238 0.11227452],[0.03909286 0.12184255 0.29482608 0.41286453 0.58944692 0.63554157],,2003.0,6
5,wmd,Utah,[1999 2000 2001 2002 2003 2004],[0.01323613 0.03848022 0.08603656 0.20213792 0.20213792 0.20213792],[0.01323613 0.05120702 0.13283791 0.30812425 0.44797857 0.55956304],2002.0,2004.0,6
5,wmd,Vermont,[1999 2000 2001 2002 2003 2004 2005 2006 2007 2008 2009 2010],"[0.03297467 0.03578386 0.06167446 0.06167446 0.06167446 0.06167446
 0.06167446 0.06167446 0.06167446 0.06167446 0.06167446 0.06167446]","[0.03297467 0.06757857 0.12508516 0.17904506 0.22967701 0.27718626
 0.32176541 0.36359516 0.40284509 0.43967429 0.47423208 0.50665853]",2001.0,2010.0,12
5,wmd,Virginia,[1999 2000 2001 2002],[0.02476625 0.043085   0.18193452 0.35708209],[0.02476625 0.06678419 0.23656836 0.50917613],2002.0,2002.0,4
5,wmd,Washington,[1999 2000 2001 2002 2003 2004],[0.0401635  0.071463   0.11267578 0.34631101 0.28627008 0.21242921],[0.0401635  0.1087563  0.20917788 0.48304829 0.6310361  0.70941481],,2003.0,6
5,wmd,West Virginia,[1999 2000 2001 2002 2003],[0.03495299 0.04175049 0.08021765 0.33768433 0.33768433],[0.03495299 0.07524417 0.14942591 0.43665145 0.62688543],2002.0,2003.0,5
5,wmd,Wisconsin,[1999 2000 2001 2002 2003],[0.06714984 0.09270222 0.10882613 0.28383942 0.30503276],[0.06714984 0.15362712 0.2457346  0.45982485 0.62459597],2003.0,2003.0,5
5,wmd,Wyoming,[1999 2000 2001 2002 2003 2004],[0.02380665 0.02240678 0.05123077 0.19020425 0.17427651 0.18057569],[0.02380665 0.04567999 0.09457054 0.26678707 0.39456886 0.50389501],,2004.0,6
