fold,policy,state,years,hazards,cdf,actual_adoption_time,pred_adoption_time,num_timepoints
1,amber,Alabama,[1999 2000 2001 2002 2003],[0.04089368 0.1428697  0.08035105 0.16105841 0.23589369],[0.04089368 0.17792091 0.24397583 0.36573988 0.51535783],2003.0,2003.0,5
1,amber,Arizona,[1999 2000 2001 2002 2003 2004 2005],"[0.04127529 0.05698886 0.05243789 0.13926768 0.13926768 0.13926768
 0.13926768]","[0.04127529 0.09591192 0.1433204  0.26262818 0.36532024 0.45371062
 0.52979108]",2002.0,2005.0,7
1,amber,Arkansas,[1999 2000 2001 2002 2003 2004 2005 2006 2007],"[0.05170652 0.02627102 0.08669599 0.08669599 0.08669599 0.08669599
 0.08669599 0.08669599 0.08669599]","[0.05170652 0.07661916 0.15667258 0.22978568 0.29656017 0.35754559
 0.41324381 0.46411322 0.51057245]",2001.0,2007.0,9
1,amber,California,[1999 2000 2001 2002 2003 2004],[0.0284652  0.05112656 0.06048896 0.23383083 0.23383083 0.23383083],[0.0284652  0.07813643 0.133899   0.33642011 0.49158555 0.61046853],2002.0,2004.0,6
1,amber,Colorado,[1999 2000 2001 2002 2003],[0.04441796 0.08378323 0.08125759 0.23242407 0.23242407],[0.04441796 0.12447971 0.19562237 0.3825791  0.52608258],2002.0,2003.0,5
1,amber,Connecticut,[1999 2000 2001 2002 2003],[0.0195563  0.03773939 0.04682758 0.37002513 0.37002513],[0.0195563  0.05655765 0.10073677 0.43348676 0.6431109 ],2002.0,2003.0,5
1,amber,Delaware,[1999 2000 2001 2002 2003],[0.02591763 0.05839525 0.04318442 0.41469601 0.35196128],[0.02591763 0.08279942 0.12240819 0.48634202 0.66712974],2003.0,2003.0,5
1,amber,Florida,[1999 2000 2001 2002 2003 2004 2005 2006 2007 2008 2009 2010],"[0.03128093 0.05966895 0.05966895 0.05966895 0.05966895 0.05966895
 0.05966895 0.05966895 0.05966895 0.05966895 0.05966895 0.05966895]","[0.03128093 0.08908338 0.14343682 0.19454705 0.24260758 0.28780039
 0.33029659 0.37025709 0.40783319 0.44316717 0.4763928  0.50763589]",2000.0,2010.0,12
1,amber,Georgia,[1999 2000 2001 2002 2003 2004 2005 2006],"[0.03673935 0.12288294 0.09095601 0.08951125 0.08951125 0.08951125
 0.08951125 0.08951125]","[0.03673935 0.15510766 0.23195569 0.3007043  0.36329914 0.42029103
 0.47218151 0.5194272 ]",2002.0,2006.0,8
1,amber,Idaho,[1999 2000 2001 2002 2003 2004 2005 2006 2007],"[0.0545865  0.03788125 0.02131678 0.03945372 0.11953601 0.11953601
 0.11953601 0.11953601 0.11953601]","[0.0545865  0.09039995 0.10978969 0.1449118  0.24712563 0.33712123
 0.41635911 0.48612521 0.54755176]",2003.0,2007.0,9
1,amber,Illinois,[1999 2000 2001 2002 2003 2004 2005],"[0.02262322 0.03719603 0.06378445 0.14594537 0.14594537 0.14594537
 0.14594537]","[0.02262322 0.05897776 0.11900034 0.24757817 0.35739065 0.45117651
 0.53127476]",2002.0,2005.0,7
1,amber,Indiana,[1999 2000 2001 2002 2003 2004 2005],"[0.03475494 0.06628409 0.10786675 0.13120345 0.13120345 0.13120345
 0.13120345]","[0.03475494 0.09873534 0.19595183 0.30144573 0.39309846 0.47272604
 0.54190621]",2002.0,2005.0,7
1,amber,Iowa,[1999 2000 2001 2002 2003],[0.03254469 0.06778621 0.05749761 0.11584056 0.37308922],[0.03254469 0.09812482 0.14998049 0.24844723 0.52884346],2003.0,2003.0,5
1,amber,Kansas,[1999 2000 2001 2002 2003],[0.08465027 0.0881105  0.06171063 0.204804   0.204804  ],[0.08465027 0.16530219 0.21681192 0.37721197 0.50476145],2002.0,2003.0,5
1,amber,Kentucky,[1999 2000 2001 2002 2003 2004],[0.01914947 0.05428343 0.02764059 0.08061325 0.27510982 0.27510982],[0.01914947 0.07239339 0.09803299 0.17074348 0.39888009 0.56425408],2003.0,2004.0,6
1,amber,Louisiana,[1999 2000 2001 2002 2003],[0.05909237 0.06224138 0.08253253 0.24047219 0.24047219],[0.05909237 0.11765576 0.19047786 0.38514542 0.53300085],2002.0,2003.0,5
1,amber,Maine,"[1999 2000 2001 2002 2003 2004 2005 2006 2007 2008 2009 2010 2011 2012
 2013 2014 2015 2016 2017 2018 2019 2020 2021]","[0.0173593  0.03434275 0.02392404 0.03176844 0.03176844 0.03176844
 0.03176844 0.03176844 0.03176844 0.03176844 0.03176844 0.03176844
 0.03176844 0.03176844 0.03176844 0.03176844 0.03176844 0.03176844
 0.03176844 0.03176844 0.03176844 0.03176844 0.03176844]","[0.0173593  0.05110588 0.07380727 0.10323097 0.13171992 0.15930383
 0.18601143 0.21187058 0.23690822 0.26115046 0.28462256 0.30734899
 0.32935343 0.35065883 0.37128738 0.3912606  0.4105993  0.42932365
 0.44745314 0.4650067  0.4820026  0.49845857 0.51439176]",2002.0,2021.0,23
1,amber,Maryland,[1999 2000 2001 2002 2003 2004],[0.01783379 0.03482237 0.04287832 0.21339352 0.21339352 0.21339352],[0.01783379 0.05203515 0.09268229 0.28629801 0.43859739 0.55839707],2002.0,2004.0,6
1,amber,Massachusetts,[1999 2000 2001 2002 2003 2004 2005 2006 2007 2008],"[0.00828516 0.01660081 0.02041029 0.09274009 0.09274009 0.09274009
 0.09274009 0.09274009 0.09274009 0.09274009]","[0.00828516 0.02474843 0.0446536  0.13325251 0.21363474 0.28656233
 0.3527266  0.41275479 0.46721596 0.5166264 ]",2002.0,2008.0,10
1,amber,Michigan,"[1999 2000 2001 2002 2003 2004 2005 2006 2007 2008 2009 2010 2011 2012
 2013 2014 2015 2016]","[0.02699367 0.03525271 0.04111714 0.04111714 0.04111714 0.04111714
 0.04111714 0.04111714 0.04111714 0.04111714 0.04111714 0.04111714
 0.04111714 0.04111714 0.04111714 0.04111714 0.04111714 0.04111714]","[0.02699367 0.06129478 0.09989165 0.13690153 0.17238967 0.20641864
 0.23904843 0.27033658 0.30033825 0.32910634 0.35669157 0.38314257
 0.40850598 0.43282652 0.45614707 0.47850875 0.49995098 0.52051156]",2001.0,2016.0,18
1,amber,Minnesota,[1999 2000 2001 2002 2003],[0.03238527 0.04752553 0.0549962  0.10865407 0.37525192],[0.03238527 0.07837167 0.12905773 0.22368915 0.51500129],2003.0,2003.0,5
1,amber,Mississippi,[1999 2000 2001 2002 2003 2004 2005 2006],"[0.04709541 0.06745218 0.07477447 0.09498846 0.09498846 0.09498846
 0.09498846 0.09498846]","[0.04709541 0.1113709  0.17781767 0.25591551 0.32659495 0.39056066
 0.44845036 0.50084121]",2002.0,2006.0,8
1,amber,Missouri,[1999 2000 2001 2002 2003 2004],[0.04886134 0.07816021 0.11000306 0.19416035 0.19416035 0.19416035],[0.04886134 0.12320254 0.21965294 0.3711654  0.49326014 0.59164893],2002.0,2004.0,6
1,amber,Montana,[1999 2000 2001 2002 2003 2004 2005],"[0.02942897 0.0090363  0.04904854 0.0140015  0.21071614 0.21071614
 0.21071614]","[0.02942897 0.03819934 0.08537426 0.09818039 0.28820834 0.43819433
 0.55657585]",2003.0,2005.0,7
1,amber,Nevada,[1999 2000 2001 2002 2003 2004],[0.02374487 0.00882226 0.05697682 0.06065524 0.33160494 0.33160494],[0.02374487 0.03235765 0.08749083 0.1428393  0.42707802 0.61706177],2003.0,2004.0,6
1,amber,New Hampshire,[1999 2000 2001 2002 2003],[0.06502275 0.08111978 0.05967827 0.17998678 0.31325562],[0.06502275 0.14086789 0.19213941 0.33754364 0.54506182],2003.0,2003.0,5
1,amber,New Jersey,[1999 2000 2001 2002 2003 2004],[0.01774386 0.03804081 0.03714749 0.25492318 0.25492318 0.25492318],[0.01774386 0.05510969 0.09020999 0.32213655 0.49493966 0.62369125],2002.0,2004.0,6
1,amber,New Mexico,[1999 2000 2001 2002 2003],[0.04187513 0.08153594 0.0720435  0.34339134 0.32360412],[0.04187513 0.11999674 0.18339526 0.46381025 0.63732346],2003.0,2003.0,5
1,amber,New York,[1999 2000 2001 2002 2003 2004],[0.01319596 0.02737125 0.03406586 0.2074086  0.2074086  0.2074086 ],[0.01319596 0.04020602 0.07290223 0.26519028 0.41759614 0.53839171],2002.0,2004.0,6
1,amber,North Carolina,[1999 2000 2001 2002 2003],[0.03670876 0.07881411 0.07358795 0.24240062 0.40047475],[0.03670876 0.11262971 0.17792947 0.37719988 0.6266156 ],2003.0,2003.0,5
1,amber,North Dakota,"[1999 2000 2001 2002 2003 2004 2005 2006 2007 2008 2009 2010 2011 2012
 2013 2014 2015 2016 2017 2018 2019 2020 2021]","[0.0153722  0.00519388 0.03021893 0.00715915 0.00715915 0.00715915
 0.00715915 0.00715915 0.00715915 0.00715915 0.00715915 0.00715915
 0.00715915 0.00715915 0.00715915 0.00715915 0.00715915 0.00715915
 0.00715915 0.00715915 0.00715915 0.00715915 0.00715915]","[0.0153722  0.02048623 0.05008609 0.05688667 0.06363855 0.0703421
 0.07699766 0.08360556 0.09016617 0.0966798  0.1031468  0.1095675
 0.11594224 0.12227134 0.12855512 0.13479392 0.14098806 0.14713785
 0.15324361 0.15930567 0.16532432 0.17129988 0.17723267]",2002.0,,23
1,amber,Ohio,[1999 2000 2001 2002 2003],[0.02919947 0.05434764 0.10016324 0.22154015 0.37957634],[0.02919947 0.08196019 0.17391403 0.35692524 0.6010212 ],2003.0,2003.0,5
1,amber,Oklahoma,[1999 2000 2001 2002 2003 2004 2005 2006],"[0.08603263 0.08603263 0.08603263 0.08603263 0.08603263 0.08603263
 0.08603263 0.08603263]","[0.08603263 0.16466365 0.23652983 0.30221318 0.36224561 0.4171133
 0.46726058 0.51309355]",1999.0,2006.0,8
1,amber,Oregon,[1999 2000 2001 2002 2003 2004 2005 2006],"[0.02403918 0.04333699 0.04028294 0.12808194 0.12808194 0.12808194
 0.12808194 0.12808194]","[0.02403918 0.06633439 0.10394519 0.21871363 0.3187823  0.40603399
 0.48211031 0.54844263]",2002.0,2006.0,8
1,amber,Pennsylvania,[1999 2000 2001 2002 2003 2004],[0.02639553 0.04969206 0.05190009 0.22180351 0.22180351 0.22180351],[0.02639553 0.07477593 0.12279514 0.31736226 0.46877371 0.58660157],2002.0,2004.0,6
1,amber,Rhode Island,[1999 2000 2001 2002 2003 2004 2005],"[0.01278316 0.01458215 0.01502404 0.17365054 0.17365054 0.17365054
 0.17365054]","[0.01278316 0.0271789  0.04179461 0.20818749 0.34568616 0.45930811
 0.55319954]",2002.0,2005.0,7
1,amber,South Carolina,[1999 2000 2001 2002 2003 2004 2005 2006],"[0.02435998 0.04920806 0.05246967 0.13093493 0.13093493 0.13093493
 0.13093493 0.13093493]","[0.02435998 0.07236933 0.1210418  0.23612813 0.33614564 0.42306737
 0.498608   0.56425773]",2002.0,2006.0,8
1,amber,South Dakota,[1999 2000 2001 2002 2003 2004],[0.02730208 0.05299069 0.04046053 0.07439976 0.2409796  0.2409796 ],[0.02730208 0.07884601 0.11611639 0.18187712 0.37902805 0.52866962],2003.0,2004.0,6
1,amber,Tennessee,[1999 2000 2001 2002 2003],[0.03352281 0.08458717 0.06908343 0.13832539 0.36438633],[0.03352281 0.11527438 0.17639426 0.29031985 0.54891759],2003.0,2003.0,5
1,amber,Texas,[1999 2000 2001 2002 2003 2004 2005 2006 2007 2008 2009],"[0.07970036 0.02523136 0.16812988 0.04932325 0.04932325 0.04932325
 0.04932325 0.04932325 0.04932325 0.04932325 0.04932325]","[0.07970036 0.10292077 0.2537466  0.29055424 0.32554641 0.35881265
 0.39043809 0.42050366 0.4490863  0.47625915 0.50209175]",2002.0,2009.0,11
1,amber,Utah,[1999 2000 2001 2002 2003 2004 2005 2006 2007 2008 2009 2010 2011],"[0.05219029 0.0658326  0.03476398 0.05634859 0.05634859 0.05634859
 0.05634859 0.05634859 0.05634859 0.05634859 0.05634859 0.05634859
 0.05634859]","[0.05219029 0.11458707 0.14536755 0.19352489 0.23896863 0.28185167
 0.32231832 0.36050473 0.39653939 0.43054355 0.46263162 0.49291157
 0.52148529]",2002.0,2011.0,13
1,amber,Vermont,[1999 2000 2001 2002 2003 2004 2005 2006 2007],"[0.01225474 0.01767027 0.01814618 0.04266369 0.13692973 0.13692973
 0.13692973 0.13692973 0.13692973]","[0.01225474 0.02970847 0.04731555 0.08796059 0.2128459  0.32063069
 0.41365655 0.4939444  0.56323845]",2003.0,2007.0,9
1,amber,Virginia,[1999 2000 2001 2002 2003 2004 2005],"[0.04360841 0.07675425 0.05617269 0.13183691 0.13183691 0.13183691
 0.13183691]","[0.04360841 0.11701553 0.16661514 0.27648603 0.37187188 0.45468235
 0.52657535]",2002.0,2005.0,7
1,amber,Washington,[1999 2000 2001 2002 2003 2004],[0.04525703 0.07883209 0.06603345 0.18496664 0.18496664 0.18496664],[0.04525703 0.12052141 0.17859642 0.33052868 0.45435854 0.555284  ],2002.0,2004.0,6
1,amber,West Virginia,[1999 2000 2001 2002 2003 2004 2005],"[0.01401088 0.03479357 0.03223527 0.15204242 0.15204242 0.15204242
 0.15204242]","[0.01401088 0.04831697 0.07899473 0.2190266  0.33776768 0.43845509
 0.52383374]",2002.0,2005.0,7
1,amber,Wisconsin,[1999 2000 2001 2002 2003],[0.02838262 0.04293242 0.09538809 0.15240334 0.35113149],[0.02838262 0.07009651 0.15879823 0.28700019 0.53735687],2003.0,2003.0,5
1,amber,Wyoming,[1999 2000 2001 2002 2003 2004],[0.06177089 0.05267239 0.02922534 0.06282009 0.20444694 0.31726733],[0.06177089 0.11118966 0.13716544 0.19136878 0.35669096 0.5607919 ],2004.0,2004.0,6
1,compcrime,Alabama,[1978 1979 1980 1981 1982 1983 1984 1985],"[0.11416681 0.10185185 0.07768613 0.13346748 0.107475   0.14342051
 0.13573736 0.24497315]","[0.11416681 0.20439056 0.26619838 0.36413703 0.43247641 0.51387093
 0.57985681 0.68278061]",1985.0,1983.0,8
1,compcrime,Arizona,[1978 1979 1980 1981 1982 1983 1984 1985 1986 1987 1988 1989 1990],"[0.05544857 0.05544857 0.05544857 0.05544857 0.05544857 0.05544857
 0.05544857 0.05544857 0.05544857 0.05544857 0.05544857 0.05544857
 0.05544857]","[0.05544857 0.10782259 0.15729255 0.20401947 0.24815545 0.28984416
 0.32922128 0.366415   0.40154638 0.43472978 0.4660732  0.49567868
 0.52364257]",1978.0,1990.0,13
1,compcrime,Arkansas,[1978 1979 1980 1981 1982 1983 1984 1985 1986 1987 1988],"[0.01300668 0.06442167 0.00819069 0.0579626  0.01489346 0.08193271
 0.02286494 0.13497572 0.03507003 0.1562578  0.1562578 ]","[0.01300668 0.07659044 0.0841538  0.13723863 0.15008813 0.21972371
 0.23756469 0.34047494 0.3636045  0.46304627 0.54694948]",1987.0,1988.0,11
1,compcrime,California,[1978 1979 1980 1981 1982 1983 1984 1985 1986 1987],"[0.06270206 0.07804107 0.11147995 0.1207721  0.10986497 0.09789053
 0.09385353 0.1632101  0.18991385 0.23270636]","[0.06270206 0.13584979 0.23218521 0.32491581 0.39908392 0.45790791
 0.50878517 0.58895639 0.66701927 0.744506  ]",1987.0,1984.0,10
1,compcrime,Colorado,[1978 1979 1980 1981 1982 1983 1984 1985 1986 1987],"[0.04818234 0.06963407 0.06963407 0.06963407 0.06963407 0.06963407
 0.06963407 0.06963407 0.06963407 0.06963407]","[0.04818234 0.11446127 0.17612493 0.2334947  0.28686958 0.33652775
 0.38272802 0.42571118 0.46570125 0.50290664]",1979.0,1987.0,10
1,compcrime,Connecticut,"[1978 1979 1980 1981 1982 1983 1984 1985 1986 1987 1988 1989 1990 1991
 1992 1993 1994]","[0.01541958 0.03191961 0.04917998 0.05771697 0.02467679 0.04374139
 0.04291516 0.03746121 0.06481334 0.11140614 0.11207993 0.14333242
 0.16521611 0.15518379 0.18753205 0.18642837 0.4021657 ]","[0.01541958 0.04684701 0.09372305 0.14603061 0.16710383 0.20353586
 0.23771625 0.26627232 0.31382766 0.39027148 0.4586098  0.53620857
 0.61283439 0.67291621 0.73425491 0.78379733 0.87074663]",1994.0,1989.0,17
1,compcrime,Delaware,[1978 1979 1980 1981 1982 1983 1984 1985],"[0.04078721 0.03698359 0.03699298 0.03535908 0.02833772 0.10697491
 0.19318385 0.19318385]","[0.04078721 0.07626234 0.11043415 0.14188838 0.16620531 0.25540042
 0.39924504 0.51530119]",1984.0,1985.0,8
1,compcrime,Florida,[1978 1979 1980 1981 1982 1983 1984 1985 1986 1987],"[0.0696048 0.0696048 0.0696048 0.0696048 0.0696048 0.0696048 0.0696048
 0.0696048 0.0696048 0.0696048]","[0.0696048  0.13436478 0.19461715 0.25067567 0.30283224 0.35135847
 0.39650703 0.43851304 0.47759523 0.51395712]",1978.0,1987.0,10
1,compcrime,Georgia,[1978 1979 1980 1981 1982 1983 1984],"[0.09085442 0.10533224 0.09438865 0.10473166 0.10473166 0.10473166
 0.10473166]","[0.09085442 0.18661676 0.2633909  0.3405372  0.40960383 0.47143701
 0.52679429]",1981.0,1984.0,7
1,compcrime,Idaho,[1978 1979 1980 1981 1982 1983 1984 1985 1986],"[0.03849262 0.05602347 0.05439356 0.08495213 0.10687868 0.07815447
 0.1163376  0.1163376  0.1163376 ]","[0.03849262 0.09235961 0.1417294  0.21464132 0.29857942 0.35339857
 0.42862263 0.4950953  0.5538347 ]",1984.0,1986.0,9
1,compcrime,Illinois,[1978 1979 1980 1981 1982 1983 1984 1985 1986 1987],"[0.0269593  0.04624588 0.07766357 0.10865275 0.10917549 0.11895093
 0.22686767 0.21161318 0.31103096 0.38559715]","[0.0269593  0.07195843 0.14403345 0.23703657 0.32033347 0.40118044
 0.53703324 0.63500311 0.74852844 0.84549516]",1987.0,1984.0,10
1,compcrime,Indiana,[1978 1979 1980 1981 1982 1983 1984 1985 1986],"[0.04562208 0.08970197 0.08616065 0.09921303 0.07011493 0.09120718
 0.15312111 0.16425207 0.25096883]","[0.04562208 0.13123166 0.20608531 0.28485199 0.33499454 0.39564781
 0.48818689 0.57225325 0.67960435]",1986.0,1985.0,9
1,compcrime,Iowa,[1978 1979 1980 1981 1982 1983 1984],"[0.02657201 0.03734171 0.04602909 0.07716612 0.10863607 0.19270094
 0.2257    ]","[0.02657201 0.06292148 0.10605435 0.17503667 0.26465744 0.40635865
 0.5403435 ]",1984.0,1984.0,7
1,compcrime,Kansas,[1978 1979 1980 1981 1982 1983 1984 1985],"[0.03891183 0.09728583 0.06746232 0.08065278 0.14252415 0.12719695
 0.20135505 0.22871197]","[0.03891183 0.13241209 0.19094159 0.25619439 0.36220465 0.44333028
 0.55541854 0.65709964]",1985.0,1984.0,8
1,compcrime,Kentucky,[1978 1979 1980 1981 1982 1983 1984 1985 1986 1987 1988],"[0.04500511 0.01309056 0.05817985 0.01189435 0.07600307 0.02197664
 0.09117463 0.09117463 0.09117463 0.09117463 0.09117463]","[0.04500511 0.05750653 0.11234066 0.1228988  0.18956118 0.20737191
 0.27963948 0.34531808 0.40500846 0.4592566  0.50855868]",1984.0,1988.0,11
1,compcrime,Louisiana,"[1978 1979 1980 1981 1982 1983 1984 1985 1986 1987 1988 1989 1990 1991
 1992 1993 1994 1995 1996 1997 1998 1999]","[0.0618608  0.04714753 0.03636414 0.04125722 0.03932705 0.04172121
 0.04469957 0.12448685 0.10913917 0.1459282  0.2111251  0.14013703
 0.12788226 0.13574914 0.14373303 0.07576105 0.13491592 0.1577655
 0.2121213  0.33474668 0.38651251 0.34565282]","[0.0618608  0.10609175 0.13859795 0.174137   0.20661576 0.23971671
 0.27370104 0.36411571 0.43351559 0.51618164 0.61832784 0.67181424
 0.71378338 0.75263704 0.78819127 0.80423812 0.83064951 0.85736718
 0.88762264 0.92524059 0.95413603 0.96998904]",1999.0,1987.0,22
1,compcrime,Maine,[1978 1979 1980 1981 1982 1983 1984 1985 1986 1987 1988 1989],"[0.02243849 0.02543458 0.04766109 0.03399004 0.0301724  0.02812875
 0.02259099 0.25225462 0.21627619 0.20631214 0.18252569 0.27469632]","[0.02243849 0.04730236 0.09270897 0.12354782 0.14999249 0.17390214
 0.19256451 0.39624384 0.52682193 0.62444431 0.69299287 0.7773266 ]",1989.0,1986.0,12
1,compcrime,Maryland,"[1978 1979 1980 1981 1982 1983 1984 1985 1986 1987 1988 1989 1990 1991
 1992 1993 1994 1995 1996 1997 1998 1999 2000]","[0.01937184 0.02686914 0.03828647 0.03237654 0.03384274 0.09630892
 0.18041562 0.14781917 0.16318944 0.16054978 0.15853951 0.30253151
 0.357099   0.28523011 0.3566214  0.39377103 0.48795748 0.4384031
 0.36590291 0.36095117 0.29145956 0.33266395 0.48865629]","[0.01937184 0.04572048 0.08225647 0.11196983 0.14202321 0.22465402
 0.36453855 0.45847194 0.5468436  0.61959776 0.67990654 0.7767449
 0.85646907 0.89740842 0.93399477 0.95998572 0.97951099 0.98849343
 0.99270372 0.99533732 0.9966963  0.99779532 0.99887265]",2000.0,1986.0,23
1,compcrime,Massachusetts,"[1978 1979 1980 1981 1982 1983 1984 1985 1986 1987 1988 1989 1990 1991
 1992 1993 1994]","[0.00810752 0.01532909 0.02291958 0.02998589 0.01462077 0.02595479
 0.02042203 0.01809928 0.03642619 0.05047159 0.04932413 0.05393724
 0.05459327 0.05381733 0.07672498 0.19634499 0.36116834]","[0.00810752 0.02331232 0.04569759 0.0743132  0.08784745 0.11152218
 0.1296667  0.14541911 0.17654823 0.21810916 0.25667524 0.29676813
 0.33515985 0.37093978 0.41920441 0.53324072 0.70181939]",1994.0,1993.0,17
1,compcrime,Michigan,"[1978 1979 1980 1981 1982 1983 1984 1985 1986 1987 1988 1989 1990 1991
 1992 1993 1994 1995 1996 1997 1998]","[0.01848435 0.02067689 0.02067689 0.02067689 0.02067689 0.02067689
 0.02067689 0.02067689 0.02067689 0.02067689 0.02067689 0.02067689
 0.02067689 0.02067689 0.02067689 0.02067689 0.02067689 0.02067689
 0.02067689 0.02067689 0.02067689]","[0.01848435 0.03877904 0.0586541  0.07811821 0.09717986 0.11584737
 0.13412889 0.15203241 0.16956575 0.18673654 0.2035523  0.22002036
 0.23614792 0.251942   0.26740951 0.28255721 0.29739169 0.31191945
 0.32614681 0.34008    0.35372509]",1979.0,,21
1,compcrime,Minnesota,[1978 1979 1980 1981 1982 1983 1984 1985 1986 1987],"[0.03404307 0.02620697 0.04042456 0.07920621 0.0894641  0.0894641
 0.0894641  0.0894641  0.0894641  0.0894641 ]","[0.03404307 0.05935788 0.09738292 0.1688758  0.24323158 0.31093518
 0.37258175 0.42871315 0.47982282 0.52636   ]",1982.0,1987.0,10
1,compcrime,Mississippi,[1978 1979 1980 1981 1982 1983 1984 1985 1986 1987 1988 1989],"[0.04511289 0.03116032 0.02699104 0.03414814 0.04039896 0.03841638
 0.03645423 0.08530545 0.08530545 0.08530545 0.08530545 0.08530545]","[0.04511289 0.07486747 0.09983776 0.13057663 0.16570043 0.1977512
 0.22699656 0.29293796 0.3532542  0.40842514 0.4588897  0.50504936]",1985.0,1989.0,12
1,compcrime,Missouri,[1978 1979 1980 1981 1982 1983 1984 1985 1986 1987 1988 1989 1990],"[0.03439289 0.05020989 0.05926765 0.06038474 0.05808626 0.05808626
 0.05808626 0.05808626 0.05808626 0.05808626 0.05808626 0.05808626
 0.05808626]","[0.03439289 0.08287591 0.1372317  0.18932974 0.23641855 0.28077214
 0.3225494  0.36189998 0.39896482 0.43387671 0.4667607  0.49773458
 0.5269093 ]",1982.0,1990.0,13
1,compcrime,Montana,"[1978 1979 1980 1981 1982 1983 1984 1985 1986 1987 1988 1989 1990 1991
 1992 1993 1994 1995 1996]","[0.00621692 0.02729986 0.00787366 0.04016281 0.04016281 0.04016281
 0.04016281 0.04016281 0.04016281 0.04016281 0.04016281 0.04016281
 0.04016281 0.04016281 0.04016281 0.04016281 0.04016281 0.04016281
 0.04016281]","[0.00621692 0.03334706 0.04095815 0.07947597 0.11644681 0.15193279
 0.18599355 0.21868634 0.25006609 0.28018555 0.30909532 0.336844
 0.36347821 0.38904271 0.41358048 0.43713274 0.45973907 0.48143747
 0.5022644 ]",1981.0,1996.0,19
1,compcrime,Nevada,"[1978 1979 1980 1981 1982 1983 1984 1985 1986 1987 1988 1989 1990 1991
 1992 1993 1994 1995]","[0.02030921 0.10160939 0.01646968 0.08568345 0.01896656 0.11777012
 0.05172391 0.29253404 0.0598999  0.37552448 0.11053829 0.32248734
 0.06672789 0.36221137 0.08147934 0.20964705 0.08416041 0.38907013]","[0.02030921 0.11985499 0.1343507  0.20852252 0.22353412 0.3149786
 0.35041059 0.5404376  0.56796534 0.73020494 0.76002762 0.83741567
 0.84826458 0.90322488 0.91111005 0.92974556 0.93565821 0.96069168]",1995.0,1985.0,18
1,compcrime,New Hampshire,"[1978 1979 1980 1981 1982 1983 1984 1985 1986 1987 1988 1989 1990 1991
 1992 1993 1994 1995 1996]","[0.00701942 0.05156736 0.00958415 0.04876668 0.00913936 0.04063006
 0.00770257 0.04515846 0.04515846 0.04515846 0.04515846 0.04515846
 0.04515846 0.04515846 0.04515846 0.04515846 0.04515846 0.04515846
 0.04515846]","[0.00701942 0.05822481 0.06725092 0.112738   0.12084701 0.15656704
 0.16306364 0.2008584  0.2369464  0.27140472 0.30430696 0.33572339
 0.3657211  0.39436415 0.42171373 0.44782825 0.47276348 0.49657266
 0.51930667]",1985.0,1996.0,19
1,compcrime,New Jersey,[1978 1979 1980 1981 1982 1983 1984 1985 1986 1987],"[0.01665861 0.02292501 0.02903429 0.03554583 0.0200972  0.05339818
 0.13444578 0.13444578 0.13444578 0.13444578]","[0.01665861 0.03920172 0.06709782 0.1002586  0.11834088 0.16541988
 0.27762565 0.37474583 0.45880861 0.53156951]",1984.0,1987.0,10
1,compcrime,New Mexico,[1978 1979 1980 1981 1982 1983 1984 1985 1986 1987 1988 1989],"[0.06905575 0.11840532 0.09672429 0.11664287 0.10633538 0.15758451
 0.20260053 0.29743998 0.24471717 0.22160997 0.26875359 0.20801959]","[0.06905575 0.1792845  0.25866763 0.34513877 0.41477368 0.50699629
 0.6068791  0.72380897 0.79139766 0.83762602 0.88126461 0.9059639 ]",1989.0,1983.0,12
1,compcrime,New York,"[1978 1979 1980 1981 1982 1983 1984 1985 1986 1987 1988 1989 1990 1991
 1992]","[0.01544853 0.0193801  0.02733047 0.03610499 0.02331959 0.04473447
 0.07111738 0.05265415 0.0571103  0.0571103  0.0571103  0.0571103
 0.0571103  0.0571103  0.0571103 ]","[0.01544853 0.03452924 0.06091601 0.09482163 0.11593002 0.15547842
 0.21553859 0.25684373 0.29928561 0.33930362 0.37703618 0.41261383
 0.44615963 0.47778962 0.50761321]",1986.0,1992.0,15
1,compcrime,North Carolina,[1978 1979 1980 1981 1982 1983 1984 1985 1986 1987 1988 1989],"[0.07252835 0.05608761 0.05608761 0.05608761 0.05608761 0.05608761
 0.05608761 0.05608761 0.05608761 0.05608761 0.05608761 0.05608761]","[0.07252835 0.12454802 0.17365003 0.21999803 0.26374648 0.30504118
 0.34401976 0.38081213 0.4155409  0.44832181 0.47926413 0.50847096]",1979.0,1989.0,12
1,compcrime,North Dakota,"[1978 1979 1980 1981 1982 1983 1984 1985 1986 1987 1988 1989 1990 1991
 1992 1993 1994 1995 1996 1997]","[0.00960677 0.04025046 0.00820625 0.06340167 0.0455746  0.1374656
 0.03188524 0.16226494 0.03125287 0.2314918  0.05696457 0.300658
 0.09916649 0.25938447 0.06954221 0.22164346 0.08230841 0.32925342
 0.0660642  0.31166542]","[0.00960677 0.04947055 0.05727084 0.11704144 0.15728192 0.27312667
 0.2963032  0.41048852 0.42891245 0.56111453 0.58611545 0.71055315
 0.73925658 0.80688937 0.82031871 0.8601439  0.87165523 0.91391318
 0.91960044 0.9446582 ]",1997.0,1987.0,20
1,compcrime,Ohio,[1978 1979 1980 1981 1982 1983 1984 1985 1986],"[0.03177755 0.06178889 0.09040569 0.09624173 0.06703917 0.10653154
 0.18462456 0.17624531 0.24851114]","[0.03177755 0.09160294 0.1737272  0.25324913 0.30331068 0.37753007
 0.49245331 0.58190603 0.68580704]",1986.0,1985.0,9
1,compcrime,Oklahoma,[1978 1979 1980 1981 1982 1983 1984 1985 1986 1987],"[0.05314602 0.06351027 0.05694573 0.06458682 0.07895016 0.09508857
 0.08264553 0.08264553 0.08264553 0.08264553]","[0.05314602 0.11328097 0.16377583 0.21778489 0.2795409  0.34804832
 0.40192922 0.45135709 0.49669998 0.53829548]",1984.0,1987.0,10
1,compcrime,Oregon,[1978 1979 1980 1981 1982 1983 1984 1985 1986 1987 1988],"[0.02126342 0.02505907 0.03048676 0.03424854 0.0201466  0.03668483
 0.10609309 0.11016792 0.11016792 0.11016792 0.11016792]","[0.02126342 0.04578965 0.07488043 0.10656442 0.12456411 0.15667933
 0.24614983 0.32919993 0.40310058 0.46885975 0.52737436]",1985.0,1988.0,11
1,compcrime,Pennsylvania,"[1978 1979 1980 1981 1982 1983 1984 1985 1986 1987 1988 1989 1990 1991
 1992 1993 1994 1995 1996 1997]","[0.03026528 0.03387521 0.0495843  0.04511705 0.02661488 0.03312591
 0.03312591 0.03312591 0.03312591 0.03312591 0.03312591 0.03312591
 0.03312591 0.03312591 0.03312591 0.03312591 0.03312591 0.03312591
 0.03312591 0.03312591]","[0.03026528 0.06311525 0.10957002 0.1497436  0.17237308 0.19978897
 0.22629668 0.25192631 0.27670692 0.30066666 0.32383271 0.34623137
 0.36788805 0.38882733 0.40907298 0.42864797 0.44757452 0.46587412
 0.48356752 0.50067481]",1983.0,1997.0,20
1,compcrime,Rhode Island,"[1978 1979 1980 1981 1982 1983 1984 1985 1986 1987 1988 1989 1990 1991
 1992 1993 1994 1995 1996 1997 1998]","[0.01119515 0.01588446 0.01588446 0.01588446 0.01588446 0.01588446
 0.01588446 0.01588446 0.01588446 0.01588446 0.01588446 0.01588446
 0.01588446 0.01588446 0.01588446 0.01588446 0.01588446 0.01588446
 0.01588446 0.01588446 0.01588446]","[0.01119515 0.02690178 0.04235892 0.05757054 0.07254052 0.08727272
 0.1017709  0.11603878 0.13008003 0.14389824 0.15749696 0.17087966
 0.18404979 0.19701072 0.20976578 0.22231822 0.23467128 0.24682811
 0.25879184 0.27056554 0.28215221]",1979.0,,21
1,compcrime,South Carolina,[1978 1979 1980 1981 1982 1983 1984],"[0.04587098 0.15812598 0.12837154 0.33342332 0.30917164 0.35843168
 0.32215742]","[0.04587098 0.19674356 0.29985883 0.53330222 0.67759194 0.7931532
 0.85979043]",1984.0,1981.0,7
1,compcrime,South Dakota,[1978 1979 1980 1981 1982 1983 1984 1985 1986],"[0.02249228 0.02215996 0.04345498 0.0682446  0.11332124 0.11332124
 0.11332124 0.11332124 0.11332124]","[0.02249228 0.04415381 0.08569009 0.1480868  0.24462666 0.33022651
 0.40612607 0.4734246  0.53309678]",1982.0,1986.0,9
1,compcrime,Tennessee,[1978 1979 1980 1981 1982 1983 1984 1985 1986 1987 1988 1989],"[0.04229008 0.06046195 0.06861562 0.10536499 0.12280848 0.1613439
 0.16818435 0.26434578 0.27547952 0.36045058 0.43973668 0.36568973]","[0.04229008 0.10019509 0.16193576 0.25023839 0.34231548 0.44842886
 0.5411945  0.66247779 0.75545825 0.84360346 0.91237676 0.94441968]",1989.0,1984.0,12
1,compcrime,Texas,"[1978 1979 1980 1981 1982 1983 1984 1985 1986 1987 1988 1989 1990 1991
 1992 1993 1994 1995 1996 1997]","[0.01642606 0.05078449 0.0089964  0.04726212 0.00827851 0.05724199
 0.02523049 0.11492759 0.01965474 0.11824759 0.03449003 0.15977523
 0.03734843 0.20895157 0.04795608 0.09335743 0.02972407 0.2158342
 0.06496804 0.28848004]","[0.01642606 0.06637636 0.07477561 0.11850368 0.12580115 0.17584204
 0.19663594 0.28896464 0.30293985 0.38536554 0.4065643  0.50138062
 0.52000328 0.62029935 0.6385083  0.67225624 0.68199812 0.7506338
 0.76683463 0.83409819]",1997.0,1989.0,20
1,compcrime,Utah,[1978 1979 1980 1981 1982 1983 1984 1985 1986 1987],"[0.07009717 0.07393084 0.07393084 0.07393084 0.07393084 0.07393084
 0.07393084 0.07393084 0.07393084 0.07393084]","[0.07009717 0.13884567 0.20251153 0.26147051 0.31607062 0.36663409
 0.41345936 0.4568228  0.49698034 0.53416901]",1979.0,1987.0,10
1,compcrime,Vermont,[1989 1990 1991 1992 1993 1994 1995 1996 1997 1998 1999],"[0.10888907 0.13787357 0.0626851  0.08348139 0.19537204 0.28538991
 0.22491404 0.15288984 0.30351926 0.19345256 0.25407283]","[0.10888907 0.23174972 0.27990756 0.34002188 0.46896315 0.62051571
 0.70586706 0.750837   0.82646277 0.86003399 0.89559555]",1999.0,1994.0,11
1,compcrime,Virginia,[1978 1979 1980 1981 1982 1983 1984 1985 1986 1987 1988],"[0.06296472 0.07255582 0.06451169 0.03997959 0.04549691 0.07161383
 0.07161383 0.07161383 0.07161383 0.07161383 0.07161383]","[0.06296472 0.13095208 0.18701583 0.2195186  0.2550281  0.30837839
 0.35790806 0.40389072 0.44658039 0.48621289 0.52300715]",1983.0,1988.0,11
1,compcrime,Washington,[1978 1979 1980 1981 1982 1983 1984 1985 1986 1987 1988],"[0.00615866 0.0297109  0.00504901 0.04976233 0.03048665 0.04085104
 0.11508217 0.11508217 0.11508217 0.11508217 0.11508217]","[0.00615866 0.03568658 0.04055541 0.08829961 0.1160943  0.15220277
 0.24976911 0.33610731 0.41250952 0.48011919 0.5399482 ]",1984.0,1988.0,11
1,compcrime,West Virginia,[1978 1979 1980 1981 1982 1983 1984 1985 1986 1987 1988 1989],"[0.05440273 0.05174131 0.0451566  0.05261708 0.04633896 0.07095564
 0.12203143 0.14151083 0.13781921 0.20955709 0.20810865 0.25039539]","[0.05440273 0.10332917 0.14381978 0.18886948 0.22645643 0.2813437
 0.36904235 0.4583297  0.53298227 0.63084915 0.70767263 0.78087006]",1989.0,1986.0,12
1,compcrime,Wisconsin,[1978 1979 1980 1981 1982 1983 1984 1985 1986],"[0.02367421 0.04950381 0.07132902 0.09124385 0.09124385 0.09124385
 0.09124385 0.09124385 0.09124385]","[0.02367421 0.07200606 0.13819896 0.216833   0.28829218 0.35323114
 0.41224482 0.46587387 0.5146096 ]",1981.0,1986.0,9
1,compcrime,Wyoming,[1978 1979 1980 1981 1982 1983],[0.03962734 0.10896317 0.08405198 0.11619201 0.15778635 0.15778635],[0.03962734 0.14427259 0.21619817 0.30726968 0.41657307 0.50862987],1982.0,1983.0,6
1,crimeviccomp,Alabama,[1973 1974 1975 1976 1977 1978 1979 1980 1981 1982 1983 1984],"[0.01524067 0.00171014 0.01120058 0.03193508 0.0722361  0.05773506
 0.10089067 0.08824332 0.10153865 0.05431752 0.07661297 0.08836755]","[0.01524067 0.01692475 0.02793576 0.05897871 0.12695442 0.17735976
 0.26035649 0.32562509 0.3941002  0.42701118 0.47090956 0.51766399]",1984.0,1984.0,12
1,crimeviccomp,Arizona,"[1971 1972 1973 1974 1975 1976 1977 1978 1979 1980 1981 1982 1983 1984
 1985 1986]","[0.06225509 0.05637981 0.04467573 0.02962324 0.03975618 0.05061775
 0.05083794 0.03805397 0.05053685 0.06492653 0.13738148 0.09724677
 0.13058752 0.10543728 0.1214679  0.15459838]","[0.06225509 0.11512497 0.1546574  0.17969919 0.21231121 0.25218225
 0.29019976 0.31721048 0.35171651 0.3938073  0.47708696 0.52793856
 0.58958389 0.63285705 0.67745313 0.72731836]",1986.0,1982.0,16
1,crimeviccomp,Arkansas,"[1971 1972 1973 1974 1975 1976 1977 1978 1979 1980 1981 1982 1983 1984
 1985 1986 1987]","[0.0366382  0.00410744 0.02609233 0.0033358  0.01996544 0.00867141
 0.06096455 0.00830772 0.09589906 0.01704755 0.11314407 0.03287471
 0.16952461 0.03533882 0.08739617 0.02218393 0.10385854]","[0.0366382  0.04059515 0.06562826 0.06874513 0.08733804 0.0952521
 0.15040966 0.15746782 0.23826586 0.25125156 0.33596801 0.35779787
 0.46666693 0.4855143  0.53047838 0.54089421 0.58857627]",1987.0,1985.0,17
1,crimeviccomp,Colorado,"[1971 1972 1973 1974 1975 1976 1977 1978 1979 1980 1981 1982 1983 1984
 1985 1986 1987]","[0.02270952 0.01440102 0.02597524 0.01814104 0.02477835 0.03065974
 0.03495775 0.04715947 0.03301587 0.0301598  0.05711763 0.05711763
 0.05711763 0.05711763 0.05711763 0.05711763 0.05711763]","[0.02270952 0.0367835  0.06180328 0.07882314 0.10164838 0.12919161
 0.15963312 0.19926438 0.22570136 0.24905405 0.2919463  0.33238865
 0.37052103 0.40647537 0.44037609 0.47234049 0.50247915]",1981.0,1987.0,17
1,crimeviccomp,Connecticut,[1971 1972 1973 1974 1975 1976 1977 1978],"[0.09544903 0.24127464 0.15290027 0.13658836 0.1449323  0.17138345
 0.16649538 0.1414819 ]","[0.09544903 0.31369424 0.41863058 0.49803887 0.57078925 0.64434887
 0.70356314 0.74550359]",1978.0,1975.0,8
1,crimeviccomp,Delaware,[1971 1972 1973 1974 1975 1976 1977],"[0.12741071 0.11207903 0.11997299 0.09744368 0.09744368 0.09744368
 0.09744368]","[0.12741071 0.22520968 0.31816359 0.38460424 0.44457067 0.49869374
 0.54754287]",1974.0,1977.0,7
1,crimeviccomp,Florida,"[1971 1972 1973 1974 1975 1976 1977 1978 1979 1980 1981 1982 1983 1984
 1985 1986 1987 1988 1989 1990 1991 1992 1993 1994 1995 1996]","[0.02607252 0.01508077 0.02029928 0.01100033 0.01698192 0.02413935
 0.02674143 0.02674143 0.02674143 0.02674143 0.02674143 0.02674143
 0.02674143 0.02674143 0.02674143 0.02674143 0.02674143 0.02674143
 0.02674143 0.02674143 0.02674143 0.02674143 0.02674143 0.02674143
 0.02674143 0.02674143]","[0.02607252 0.04076009 0.06023198 0.07056974 0.08635325 0.10840809
 0.13225053 0.15545539 0.17803973 0.20002012 0.22141273 0.24223327
 0.26249703 0.28221892 0.30141341 0.32009462 0.33827626 0.3559717
 0.37319394 0.38995563 0.40626909 0.42214631 0.43759894 0.45263835
 0.46727559 0.4815214 ]",1977.0,,26
1,crimeviccomp,Georgia,"[1971 1972 1973 1974 1975 1976 1977 1978 1979 1980 1981 1982 1983 1984
 1985 1986 1987 1988]","[0.02389905 0.00938938 0.01429115 0.00893887 0.01103733 0.02924874
 0.04896982 0.04057875 0.06115094 0.08198387 0.07905005 0.07391801
 0.12133474 0.25948455 0.25373469 0.22574471 0.23725475 0.23411142]","[0.02389905 0.03306403 0.04688266 0.05540246 0.06582829 0.09315164
 0.13755984 0.17255658 0.22315552 0.28684424 0.34321924 0.39176716
 0.46556693 0.60424406 0.70466107 0.77133227 0.82558478 0.86641737]",1988.0,1984.0,18
1,crimeviccomp,Idaho,"[1971 1972 1973 1974 1975 1976 1977 1978 1979 1980 1981 1982 1983 1984
 1985 1986]","[0.04880588 0.03191412 0.04217993 0.02359666 0.03320752 0.03999209
 0.07344612 0.08424429 0.09505171 0.08910464 0.10072636 0.07758115
 0.05829424 0.07514927 0.10426831 0.16012358]","[0.04880588 0.07916241 0.11800327 0.13881545 0.16741325 0.20071013
 0.25941488 0.32180494 0.38626854 0.44095486 0.49726545 0.53626817
 0.56330107 0.59611867 0.6382307  0.69615849]",1986.0,1982.0,16
1,crimeviccomp,Illinois,"[1971 1972 1973 1974 1975 1976 1977 1978 1979 1980 1981 1982 1983 1984
 1985 1986 1987 1988 1989 1990 1991]","[0.03028899 0.02454557 0.03313923 0.03313923 0.03313923 0.03313923
 0.03313923 0.03313923 0.03313923 0.03313923 0.03313923 0.03313923
 0.03313923 0.03313923 0.03313923 0.03313923 0.03313923 0.03313923
 0.03313923 0.03313923 0.03313923]","[0.03028899 0.05409111 0.0854378  0.11574569 0.1450492  0.17338162
 0.20077512 0.22726082 0.2528688  0.27762815 0.301567   0.32471254
 0.34709105 0.36872795 0.38964782 0.40987442 0.42943073 0.44833896
 0.46662058 0.48429637 0.50138639]",1973.0,1991.0,21
1,crimeviccomp,Indiana,[1971 1972 1973 1974 1975 1976 1977],"[0.04080161 0.02653648 0.04299176 0.03018902 0.05764384 0.23590625
 0.27462424]","[0.04080161 0.06625536 0.10639868 0.13337563 0.18333119 0.37598847
 0.54735716]",1977.0,1977.0,7
1,crimeviccomp,Iowa,[1971 1972 1973 1974 1975 1976 1977 1978 1979 1980 1981 1982],"[0.03168311 0.02267907 0.03585527 0.04288667 0.09338278 0.08827085
 0.07109415 0.1168445  0.07698818 0.04851955 0.10528078 0.07194197]","[0.03168311 0.05364363 0.0875755  0.12670635 0.20825694 0.27814477
 0.32946445 0.40781285 0.45340425 0.47992483 0.53467875 0.56815488]",1982.0,1981.0,12
1,crimeviccomp,Kansas,"[1971 1972 1973 1974 1975 1976 1977 1978 1979 1980 1981 1982 1983 1984
 1985 1986 1987 1988 1989 1990 1991 1992]","[0.03295589 0.01461198 0.0198447  0.01461998 0.02206412 0.02268036
 0.02782469 0.03735963 0.03735963 0.03735963 0.03735963 0.03735963
 0.03735963 0.03735963 0.03735963 0.03735963 0.03735963 0.03735963
 0.03735963 0.03735963 0.03735963 0.03735963]","[0.03295589 0.04708631 0.0659966  0.07965171 0.09995838 0.12037165
 0.14484704 0.17679524 0.20754987 0.23715552 0.26565511 0.29308997
 0.31949987 0.3449231  0.36939653 0.39295565 0.4156346  0.43746628
 0.45848234 0.47871324 0.49818832 0.51693582]",1978.0,1992.0,22
1,crimeviccomp,Kentucky,[1972 1973 1974 1975 1976 1977 1978 1979 1980],"[0.02070465 0.00933291 0.02985023 0.00640603 0.11796104 0.11796104
 0.11796104 0.11796104 0.11796104]","[0.02070465 0.02984432 0.05880369 0.06483302 0.17514629 0.27244688
 0.3582698  0.43396896 0.50073857]",1976.0,1980.0,9
1,crimeviccomp,Louisiana,"[1971 1972 1973 1974 1975 1976 1977 1978 1979 1980 1981 1982 1983 1984
 1985 1986 1987 1988 1989 1990 1991]","[0.02140041 0.0107083  0.0107083  0.0107083  0.0107083  0.0107083
 0.0107083  0.0107083  0.0107083  0.0107083  0.0107083  0.0107083
 0.0107083  0.0107083  0.0107083  0.0107083  0.0107083  0.0107083
 0.0107083  0.0107083  0.0107083 ]","[0.02140041 0.03187954 0.04224647 0.05250238 0.06264847 0.07268591
 0.08261586 0.09243948 0.10215791 0.11177227 0.12128368 0.13069324
 0.14000203 0.14921115 0.15832165 0.16733459 0.17625102 0.18507197
 0.19379847 0.20243151 0.21097211]",1972.0,,21
1,crimeviccomp,Maine,"[1971 1972 1973 1974 1975 1976 1977 1978 1979 1980 1981 1982 1983 1984
 1985 1986 1987 1988 1989 1990 1991 1992 1993 1994]","[0.01879755 0.00609032 0.01806216 0.00305158 0.01447158 0.00343801
 0.0113788  0.02305736 0.01176546 0.01109652 0.01039517 0.01325166
 0.01124357 0.0068874  0.00923254 0.00581796 0.00618847 0.00671701
 0.00901571 0.10289025 0.073536   0.12777473 0.12777473 0.12777473]","[0.01879755 0.02477339 0.04238809 0.04531031 0.05912618 0.06236092
 0.07303012 0.09440361 0.10505837 0.1149891  0.12418894 0.13579489
 0.14551163 0.15139683 0.1592316  0.16412316 0.16929596 0.17487581
 0.18231489 0.26644671 0.32038929 0.40722637 0.48296786 0.5490315 ]",1992.0,1994.0,24
1,crimeviccomp,Michigan,[1971 1972 1973 1974 1975 1976 1977 1978],"[0.02443752 0.03183109 0.04593903 0.03481176 0.08415664 0.14453233
 0.14453233 0.14453233]","[0.02443752 0.05549073 0.09888058 0.13025013 0.20344536 0.31857326
 0.41706146 0.50131493]",1976.0,1978.0,8
1,crimeviccomp,Minnesota,"[1971 1972 1973 1974 1975 1976 1977 1978 1979 1980 1981 1982 1983 1984
 1985 1986 1987 1988 1989 1990 1991 1992 1993]","[0.02398972 0.00819681 0.03647844 0.02953648 0.02953648 0.02953648
 0.02953648 0.02953648 0.02953648 0.02953648 0.02953648 0.02953648
 0.02953648 0.02953648 0.02953648 0.02953648 0.02953648 0.02953648
 0.02953648 0.02953648 0.02953648 0.02953648 0.02953648]","[0.02398972 0.03198989 0.06730139 0.09485002 0.12158496 0.14753025
 0.17270921 0.19714446 0.22085799 0.2438711  0.26620449 0.28787822
 0.30891179 0.3293241  0.34913351 0.36835781 0.3870143  0.40511974
 0.42269041 0.4397421  0.45629015 0.47234942 0.48793436]",1974.0,,23
1,crimeviccomp,Mississippi,"[1974 1975 1976 1977 1978 1979 1980 1981 1982 1983 1984 1985 1986 1987
 1988 1989 1990]","[0.0112422  0.01449043 0.04227502 0.04254482 0.0386217  0.05385605
 0.08490473 0.07662908 0.06036246 0.05956003 0.11785888 0.14780243
 0.13412636 0.19598232 0.22382079 0.1979399  0.15085636]","[0.0112422  0.02556973 0.0667638  0.10646817 0.14097788 0.18724142
 0.25624847 0.31324147 0.3546959  0.39313023 0.46465522 0.54378048
 0.60497154 0.68239013 0.75347782 0.8022744  0.83210256]",1990.0,1985.0,17
1,crimeviccomp,Missouri,[1971 1972 1973 1974 1975 1976 1977 1978 1979 1980 1981 1982],"[0.03565247 0.00455021 0.03255427 0.02041442 0.02924369 0.05085899
 0.07853298 0.12383377 0.09352491 0.06008749 0.10281616 0.10281616]","[0.03565247 0.04004045 0.07129123 0.09025029 0.11685472 0.1617706
 0.22759925 0.32324855 0.38654166 0.42340284 0.48268634 0.53587455]",1981.0,1982.0,12
1,crimeviccomp,Montana,"[1971 1972 1973 1974 1975 1976 1977 1978 1979 1980 1981 1982 1983 1984
 1985 1986 1987 1988 1989 1990 1991 1992 1993 1994 1995 1996 1997]","[0.03585391 0.00539956 0.03285065 0.00396784 0.05438227 0.05088072
 0.04774982 0.01124538 0.01124538 0.01124538 0.01124538 0.01124538
 0.01124538 0.01124538 0.01124538 0.01124538 0.01124538 0.01124538
 0.01124538 0.01124538 0.01124538 0.01124538 0.01124538 0.01124538
 0.01124538 0.01124538 0.01124538]","[0.03585391 0.04105988 0.07256169 0.07624161 0.12647769 0.17092313
 0.2105114  0.2193895  0.22816777 0.23684731 0.24542926 0.25391469
 0.26230471 0.27060037 0.27880275 0.28691288 0.29493182 0.30286058
 0.31070018 0.31845162 0.32611589 0.33369397 0.34118684 0.34859544
 0.35592073 0.36316365 0.37032512]",1978.0,,27
1,crimeviccomp,New Hampshire,"[1971 1972 1973 1974 1975 1976 1977 1978 1979 1980 1981 1982 1983 1984
 1985 1986 1987 1988 1989 1990 1991]","[0.04922135 0.00588999 0.03891141 0.00588976 0.03959178 0.01128491
 0.04401321 0.00927899 0.05109811 0.00705007 0.03216023 0.00857024
 0.04357783 0.01029434 0.03643467 0.03748745 0.04408067 0.04348339
 0.04212199 0.07580381 0.07580381]","[0.04922135 0.05482143 0.09159966 0.09694992 0.13270328 0.14249064
 0.18023238 0.187839   0.22933889 0.23477211 0.25938201 0.26572928
 0.29772721 0.30495665 0.33028032 0.35538641 0.38380141 0.41059581
 0.43542268 0.4782198  0.51777272]",1990.0,1991.0,21
1,crimeviccomp,New Mexico,"[1971 1972 1973 1974 1975 1976 1977 1978 1979 1980 1981 1982 1983 1984
 1985 1986]","[0.02921494 0.02167926 0.02064514 0.01219097 0.01197632 0.01590481
 0.01353557 0.01223185 0.02847402 0.04229366 0.08832864 0.08832864
 0.08832864 0.08832864 0.08832864 0.08832864]","[0.02921494 0.05026084 0.06986834 0.08120755 0.0922113  0.10664951
 0.11874152 0.12952094 0.15430698 0.19007444 0.26161407 0.32683469
 0.38629447 0.44050225 0.48992193 0.53497643]",1981.0,1986.0,16
1,crimeviccomp,North Carolina,[1973 1974 1975 1976 1977 1978 1979 1980 1981 1982 1983],"[0.01165663 0.00830649 0.01385606 0.05939113 0.07271887 0.06234998
 0.09515602 0.10753381 0.10260818 0.10528841 0.15222515]","[0.01165663 0.0198663  0.03344709 0.09085176 0.15696399 0.20952727
 0.28474551 0.36165955 0.4271585  0.48747208 0.56549171]",1983.0,1983.0,11
1,crimeviccomp,North Dakota,"[1971 1972 1973 1974 1975 1976 1977 1978 1979 1980 1981 1982 1983 1984
 1985 1986 1987 1988]","[0.02804834 0.0036662  0.02657486 0.00983982 0.04536722 0.04536722
 0.04536722 0.04536722 0.04536722 0.04536722 0.04536722 0.04536722
 0.04536722 0.04536722 0.04536722 0.04536722 0.04536722 0.04536722]","[0.02804834 0.03161171 0.0573465  0.06662203 0.1089668  0.1493905
 0.18798029 0.22481937 0.25998716 0.29355949 0.32560873 0.35620399
 0.38541123 0.41329341 0.43991066 0.46532036 0.48957729 0.51273375]",1975.0,1988.0,18
1,crimeviccomp,Ohio,[1971 1972 1973 1974 1975 1976 1977 1978 1979],"[0.03700905 0.03144074 0.03534303 0.02655784 0.03122667 0.13005717
 0.13005717 0.13005717 0.13005717]","[0.03700905 0.06728619 0.10025113 0.12414652 0.1514965  0.26185047
 0.35785211 0.44136805 0.51402214]",1976.0,1979.0,9
1,crimeviccomp,Oklahoma,[1971 1972 1973 1974 1975 1976 1977 1978 1979 1980 1981 1982 1983],"[0.02852377 0.01591501 0.01631303 0.00922533 0.01400353 0.01640608
 0.01703297 0.02151061 0.05238655 0.05986086 0.19276962 0.19276962
 0.19276962]","[0.02852377 0.04398482 0.05958032 0.068256   0.0813037  0.0963759
 0.11176731 0.13087373 0.17640426 0.2257054  0.37496588 0.49545347
 0.59271471]",1981.0,1983.0,13
1,crimeviccomp,Oregon,[1971 1972 1973 1974 1975 1976 1977],"[0.09751053 0.07394825 0.12344378 0.11860183 0.10461366 0.12128397
 0.08842896]","[0.09751053 0.16424804 0.26741642 0.35430218 0.42185099 0.49197119
 0.53689565]",1977.0,1977.0,7
1,crimeviccomp,Pennsylvania,[1971 1972 1973 1974 1975 1976],[0.08291046 0.12122275 0.11767607 0.1161487  0.12704474 0.17748691],[0.08291046 0.19408258 0.28891977 0.37151082 0.45135706 0.548734  ],1976.0,1976.0,6
1,crimeviccomp,Rhode Island,[1971 1972 1973 1974 1975 1976 1977 1978 1979],"[0.05479936 0.07741933 0.07741933 0.07741933 0.07741933 0.07741933
 0.07741933 0.07741933 0.07741933]","[0.05479936 0.12797616 0.19548766 0.25777247 0.31523523 0.36824926
 0.41715898 0.46228214 0.5039119 ]",1972.0,1979.0,9
1,crimeviccomp,South Carolina,"[1971 1972 1973 1974 1975 1976 1977 1978 1979 1980 1981 1982 1983 1984
 1985 1986 1987 1988 1989 1990 1991 1992 1993 1994 1995 1996 1997 1998
 1999 2000 2001]","[0.02112619 0.01069399 0.01320636 0.00729386 0.01315563 0.01950693
 0.02230525 0.02191659 0.03146023 0.02639714 0.03462149 0.020433
 0.020433   0.020433   0.020433   0.020433   0.020433   0.020433
 0.020433   0.020433   0.020433   0.020433   0.020433   0.020433
 0.020433   0.020433   0.020433   0.020433   0.020433   0.020433
 0.020433  ]","[0.02112619 0.03159426 0.04438337 0.0513535  0.06383355 0.08209528
 0.10256937 0.12223799 0.14985258 0.17229404 0.20095046 0.21727744
 0.23327081 0.24893738 0.26428385 0.27931674 0.29404246 0.30846729
 0.32259738 0.33643874 0.34999729 0.3632788  0.37628892 0.38903321
 0.4015171  0.4137459  0.42572483 0.43745899 0.44895339 0.46021293
 0.4712424 ]",1982.0,,31
1,crimeviccomp,South Dakota,"[1971 1972 1973 1974 1975 1976 1977 1978 1979 1980 1981 1982 1983 1984
 1985 1986 1987 1988 1989 1990 1991]","[0.02573472 0.02093835 0.02320349 0.02097294 0.06513253 0.06701255
 0.06278795 0.10033335 0.04646567 0.05786269 0.07203678 0.10696497
 0.08759102 0.08477791 0.13440185 0.08819863 0.0737974  0.14641371
 0.07106544 0.14136146 0.15579815]","[0.02573472 0.04613423 0.06826725 0.08780842 0.14722177 0.20436861
 0.25432468 0.32914078 0.36031271 0.39732673 0.44074137 0.50056246
 0.5443087  0.58294126 0.63899472 0.67083489 0.69512642 0.73976409
 0.75825787 0.79243089 0.82476977]",1991.0,1982.0,21
1,crimeviccomp,Tennessee,"[1971 1972 1973 1974 1975 1976 1977 1978 1979 1980 1981 1982 1983 1984
 1985 1986 1987 1988 1989]","[0.02466458 0.01369699 0.01553627 0.00962712 0.01881537 0.04321213
 0.04321213 0.04321213 0.04321213 0.04321213 0.04321213 0.04321213
 0.04321213 0.04321213 0.04321213 0.04321213 0.04321213 0.04321213
 0.04321213]","[0.02466458 0.03802375 0.05296927 0.06208645 0.07973364 0.11950031
 0.15754859 0.19395271 0.22878373 0.26210964 0.29399545 0.32450342
 0.35369307 0.38162137 0.40834283 0.4339096  0.45837157 0.4817765
 0.50417004]",1976.0,1989.0,19
1,crimeviccomp,Texas,"[1971 1972 1973 1974 1975 1976 1977 1978 1979 1980 1981 1982 1983 1984
 1985 1986 1987 1988 1989]","[0.0278634  0.00563321 0.03641523 0.00433956 0.02837772 0.00802022
 0.04348927 0.00792818 0.05027825 0.05027825 0.05027825 0.05027825
 0.05027825 0.05027825 0.05027825 0.05027825 0.05027825 0.05027825
 0.05027825]","[0.0278634  0.03333965 0.06854081 0.07258293 0.09890091 0.10612793
 0.14500177 0.15178035 0.19442735 0.23493013 0.27339651 0.30992886
 0.34462443 0.37757557 0.40886998 0.43859097 0.46681763 0.49362511
 0.51908475]",1979.0,1989.0,19
1,crimeviccomp,Utah,"[1971 1972 1973 1974 1975 1976 1977 1978 1979 1980 1981 1982 1983 1984
 1985 1986]","[0.05510771 0.02952214 0.03436258 0.02513492 0.03214833 0.02586055
 0.02717553 0.01964337 0.02910206 0.03383321 0.07523884 0.04800548
 0.04567935 0.05848173 0.0959529  0.18416526]","[0.05510771 0.08300295 0.11451333 0.13676997 0.16452137 0.18612731
 0.20824473 0.22379747 0.24638656 0.27188373 0.32666635 0.35899006
 0.38827098 0.42404595 0.47931041 0.57520334]",1986.0,1986.0,16
1,crimeviccomp,Vermont,[1989 1990 1991 1992 1993 1994 1995 1996 1997],"[0.02916339 0.08327695 0.08327695 0.08327695 0.08327695 0.08327695
 0.08327695 0.08327695 0.08327695]","[0.02916339 0.1100117  0.18412721 0.25207061 0.31435589 0.37145424
 0.42379761 0.47178199 0.51577038]",1990.0,1997.0,9
1,crimeviccomp,Virginia,"[1972 1973 1974 1975 1976 1977 1978 1979 1980 1981 1982 1983 1984 1985
 1986]","[0.01494261 0.01330383 0.009546   0.01843393 0.06137557 0.06137557
 0.06137557 0.06137557 0.06137557 0.06137557 0.06137557 0.06137557
 0.06137557 0.06137557 0.06137557]","[0.01494261 0.02804765 0.03732591 0.05507177 0.11306728 0.16750328
 0.21859824 0.26655722 0.31157269 0.35382531 0.39348465 0.43070988
 0.46565039 0.4984464  0.52922954]",1976.0,1986.0,15
1,crimeviccomp,Washington,"[1971 1972 1973 1974 1975 1976 1977 1978 1979 1980 1981 1982 1983 1984
 1985 1986 1987 1988 1989 1990 1991 1992]","[0.01829951 0.00667333 0.01932928 0.01932928 0.01932928 0.01932928
 0.01932928 0.01932928 0.01932928 0.01932928 0.01932928 0.01932928
 0.01932928 0.01932928 0.01932928 0.01932928 0.01932928 0.01932928
 0.01932928 0.01932928 0.01932928 0.01932928]","[0.01829951 0.02485071 0.04369965 0.06218425 0.08031156 0.09808848
 0.11552178 0.13261812 0.14938399 0.16582579 0.18194978 0.1977621
 0.21326879 0.22847574 0.24338875 0.2580135  0.27235557 0.28642042
 0.3002134  0.31373978 0.3270047  0.34001321]",1973.0,,22
1,crimeviccomp,West Virginia,[1971 1972 1973 1974 1975 1976 1977 1978 1979 1980 1981],"[0.06275011 0.03820436 0.03838069 0.04905464 0.04491944 0.25323273
 0.26393948 0.23950895 0.20301761 0.09789194 0.145068  ]","[0.06275011 0.09855715 0.13315514 0.1756779  0.21270599 0.4120746
 0.56725133 0.67089851 0.73771191 0.76338779 0.79771265]",1981.0,1977.0,11
1,crimeviccomp,Wisconsin,[1971 1972 1973 1974 1975 1976 1977 1978 1979 1980],"[0.02417053 0.03911738 0.06583888 0.09001059 0.08468119 0.08468119
 0.08468119 0.08468119 0.08468119 0.08468119]","[0.02417053 0.06234242 0.12407675 0.20291912 0.27041688 0.33219884
 0.38874904 0.4405105  0.48788873 0.53125492]",1975.0,1980.0,10
1,crimeviccomp,Wyoming,"[1971 1972 1973 1974 1975 1976 1977 1978 1979 1980 1981 1982 1983 1984
 1985 1986]","[0.02242312 0.00213024 0.01497285 0.00873321 0.01316515 0.0208077
 0.02171669 0.04558147 0.05994511 0.0443525  0.08797632 0.05717993
 0.04946877 0.0708105  0.07676657 0.07676657]","[0.02242312 0.02450559 0.03911152 0.04750316 0.06004293 0.07960127
 0.09958929 0.14063133 0.19214628 0.22797661 0.29589639 0.33615699
 0.36899648 0.41367816 0.45868808 0.50024274]",1985.0,1986.0,16
1,furlough,Alabama,[1973 1974 1975 1976 1977 1978 1979 1980 1981 1982 1983],"[0.06769151 0.00544666 0.02888497 0.03054059 0.06116939 0.08117187
 0.0726067  0.08501891 0.07377057 0.0763163  0.10013047]","[0.06769151 0.07276948 0.09955251 0.1270527  0.18045036 0.24697473
 0.30164941 0.36102242 0.40816016 0.45332718 0.50806579]",1983.0,1983.0,11
1,furlough,Arkansas,"[1971 1972 1973 1974 1975 1976 1977 1978 1979 1980 1981 1982 1983 1984
 1985 1986 1987 1988 1989 1990 1991 1992 1993 1994 1995 1996 1997]","[0.03870727 0.00883546 0.03780416 0.00333356 0.01644692 0.0031596
 0.03555993 0.01193426 0.05455681 0.01093767 0.03819184 0.01821567
 0.0959067  0.02046264 0.05237641 0.01754325 0.07858746 0.01722794
 0.05938465 0.00622022 0.04723998 0.01793642 0.0819619  0.02207765
 0.16797573 0.03908734 0.15573743]","[0.03870727 0.04720073 0.0832205  0.08627664 0.10130457 0.10414409
 0.13600067 0.14631186 0.19288636 0.20171431 0.2322023  0.24618825
 0.31848385 0.33242947 0.36739442 0.37849238 0.42733508 0.43720092
 0.47062255 0.47391539 0.49876762 0.50775793 0.54810302 0.55807985
 0.63231171 0.64668367 0.70170825]",1997.0,1992.0,27
1,furlough,Delaware,"[1971 1972 1973 1974 1975 1976 1977 1978 1979 1980 1981 1982 1983 1984
 1985 1986 1987 1988]","[0.05250505 0.02432239 0.04375197 0.04734179 0.04743577 0.0368817
 0.0368817  0.0368817  0.0368817  0.0368817  0.0368817  0.0368817
 0.0368817  0.0368817  0.0368817  0.0368817  0.0368817  0.0368817 ]","[0.05250505 0.07555039 0.11599688 0.15784717 0.19779534 0.22738201
 0.25587747 0.28332198 0.30975428 0.33521171 0.35973023 0.38334446
 0.40608777 0.42799226 0.44908887 0.46940741 0.48897656 0.50782397]",1976.0,1988.0,18
1,furlough,Georgia,"[1971 1972 1973 1974 1975 1976 1977 1978 1979 1980 1981 1982 1983 1984
 1985 1986 1987 1988 1989 1990 1991]","[0.03963879 0.0493724  0.05114634 0.02234053 0.0226975  0.02497454
 0.06420278 0.08850283 0.06747601 0.1401367  0.13296861 0.09273281
 0.14153126 0.18926925 0.2191927  0.15078748 0.12611651 0.1153226
 0.07199603 0.06563301 0.0966192 ]","[0.03963879 0.08705413 0.13374797 0.1531005  0.172323   0.19299386
 0.2448059  0.31164272 0.35809032 0.44804542 0.52143805 0.56581645
 0.62726699 0.69781389 0.76405088 0.79962905 0.82489914 0.84509222
 0.85624497 0.86568004 0.87865793]",1991.0,1981.0,21
1,furlough,Illinois,"[1971 1972 1973 1974 1975 1976 1977 1978 1979 1980 1981 1982 1983 1984
 1985 1986 1987 1988 1989 1990 1991]","[0.02367616 0.01783441 0.02410891 0.02182274 0.03157173 0.02000717
 0.02474235 0.01399599 0.0220487  0.02208363 0.03496702 0.06348654
 0.09691651 0.084636   0.06061494 0.07159079 0.12041121 0.17142555
 0.12325248 0.08835365 0.13079116]","[0.02367616 0.04108833 0.06420664 0.08462821 0.11352808 0.13126388
 0.15275845 0.16461644 0.18303556 0.2010771  0.22901305 0.27796034
 0.34793791 0.40312583 0.43930532 0.4794459  0.54212645 0.62061767
 0.66737748 0.6967659  0.73642624]",1991.0,1987.0,21
1,furlough,Indiana,"[1971 1972 1973 1974 1975 1976 1977 1978 1979 1980 1981 1982 1983 1984
 1985 1986]","[0.05577372 0.03946343 0.05345436 0.03016933 0.04780916 0.0280029
 0.05246525 0.04196556 0.04381178 0.04381178 0.04381178 0.04381178
 0.04381178 0.04381178 0.04381178 0.04381178]","[0.05577372 0.09303613 0.1415173  0.16741715 0.20722223 0.22942231
 0.26985086 0.30049198 0.33113867 0.36044267 0.38846282 0.41525535
 0.44087405 0.46537036 0.48879343 0.5111903 ]",1979.0,1986.0,16
1,furlough,Iowa,[1971 1972 1973 1974 1975 1976 1977 1978 1979 1980 1981 1982 1983],"[0.05895162 0.04017928 0.06184085 0.04285907 0.058135   0.04346832
 0.04319762 0.04282326 0.05455171 0.03975041 0.0736575  0.06315685
 0.11407921]","[0.05895162 0.09676227 0.15261926 0.18893721 0.23608835 0.26929431
 0.30085906 0.33079855 0.36730464 0.39245454 0.43720482 0.47274919
 0.53289755]",1983.0,1983.0,13
1,furlough,Kansas,"[1971 1972 1973 1974 1975 1976 1977 1978 1979 1980 1981 1982 1983 1984
 1985 1986 1987 1988]","[0.0834541  0.0929941  0.08674461 0.04528398 0.05593053 0.03812637
 0.07116614 0.06222757 0.06925065 0.07390741 0.07504856 0.10236961
 0.08829904 0.09393229 0.11021397 0.09074633 0.05077009 0.05751461]","[0.0834541  0.16868746 0.24079934 0.27517897 0.31571859 0.34180776
 0.38864876 0.42669166 0.46639364 0.5058311  0.54291777 0.5897091
 0.62593739 0.66107394 0.69842833 0.72579485 0.73971627 0.75468639]",1988.0,1980.0,18
1,furlough,Kentucky,[1972 1973 1974 1975 1976 1977 1978 1979 1980 1981 1982 1983 1984],"[0.11016905 0.01847221 0.05638875 0.01018047 0.04872375 0.01630811
 0.06139924 0.02203783 0.07800334 0.01333506 0.10445043 0.10445043
 0.10445043]","[0.11016905 0.12660619 0.17585577 0.18424595 0.22399255 0.23664777
 0.28351701 0.29930675 0.35396316 0.3625781  0.42915709 0.48878188
 0.54217883]",1982.0,1984.0,13
1,furlough,Louisiana,"[1971 1972 1973 1974 1975 1976 1977 1978 1979 1980 1981 1982 1983 1984
 1985 1986 1987 1988 1989 1990 1991 1992 1993 1994 1995 1996 1997]","[0.02262917 0.02286004 0.02622997 0.00910816 0.00989447 0.00917918
 0.01757665 0.02464808 0.02464808 0.02464808 0.02464808 0.02464808
 0.02464808 0.02464808 0.02464808 0.02464808 0.02464808 0.02464808
 0.02464808 0.02464808 0.02464808 0.02464808 0.02464808 0.02464808
 0.02464808 0.02464808 0.02464808]","[0.02262917 0.0449719  0.07002226 0.07849265 0.08761047 0.09598546
 0.111875   0.13376558 0.1551166  0.17594136 0.19625283 0.21606366
 0.23538618 0.25423245 0.27261419 0.29054286 0.30802962 0.32508536
 0.34172071 0.35794604 0.37377144 0.38920677 0.40426166 0.41894546
 0.43326735 0.44723622 0.46086079]",1978.0,,27
1,furlough,Maine,[1971 1972 1973 1974 1975 1976 1977 1978 1979 1980 1981 1982 1983],"[0.13210622 0.02270743 0.09122139 0.02342787 0.12083549 0.04653632
 0.09287291 0.10741956 0.11046955 0.12076894 0.09668738 0.10676194
 0.09783397]","[0.13210622 0.15181386 0.22918657 0.24724509 0.3382046  0.36900212
 0.42760473 0.48909118 0.54553105 0.60041678 0.63905144 0.67758701
 0.70912995]",1983.0,1979.0,13
1,furlough,Maryland,"[1973 1974 1975 1976 1977 1978 1979 1980 1981 1982 1983 1984 1985 1986
 1987 1988 1989 1990 1991]","[0.04531714 0.04958462 0.05676725 0.08971065 0.06188891 0.03136139
 0.03945035 0.03302738 0.03083638 0.04036796 0.03755309 0.03733271
 0.0227831  0.02670864 0.0386761  0.08969078 0.11844377 0.09297301
 0.11649561]","[0.04531714 0.09265473 0.14416222 0.22093999 0.26915516 0.29207547
 0.32000334 0.34246185 0.36273794 0.38846291 0.41142802 0.43340101
 0.44630989 0.4610982  0.48194081 0.52840595 0.58426332 0.62291562
 0.66684429]",1991.0,1988.0,19
1,furlough,Michigan,"[1971 1972 1973 1974 1975 1976 1977 1978 1979 1980 1981 1982 1983 1984
 1985 1986 1987 1988]","[0.03361529 0.02311146 0.04108524 0.03478918 0.04342439 0.03083047
 0.03253831 0.01696421 0.03044937 0.02356362 0.05056713 0.05098603
 0.05585549 0.05270537 0.03887734 0.03666639 0.07305209 0.07891654]","[0.03361529 0.05594984 0.09473637 0.12622974 0.16417268 0.18994163
 0.21629956 0.22959441 0.25305278 0.27065356 0.30753452 0.34284058
 0.37954654 0.41224777 0.43509802 0.45581094 0.49556509 0.53537334]",1988.0,1988.0,18
1,furlough,Minnesota,"[1971 1972 1973 1974 1975 1976 1977 1978 1979 1980 1981 1982 1983 1984
 1985 1986 1987 1988 1989 1990 1991]","[0.033005   0.00577712 0.04838703 0.04002107 0.04245434 0.04092341
 0.04693607 0.03128416 0.03128416 0.03128416 0.03128416 0.03128416
 0.03128416 0.03128416 0.03128416 0.03128416 0.03128416 0.03128416
 0.03128416 0.03128416 0.03128416]","[0.033005   0.03859145 0.08511115 0.12172599 0.15901253 0.19342861
 0.2312859  0.25533448 0.27863072 0.30119815 0.32305959 0.3442371
 0.3647521  0.3846253  0.40387678 0.422526   0.44059179 0.45809241
 0.47504553 0.49146829 0.50737728]",1978.0,1991.0,21
1,furlough,Mississippi,"[1974 1975 1976 1977 1978 1979 1980 1981 1982 1983 1984 1985 1986 1987
 1988 1989 1990]","[0.01123473 0.01192503 0.01300537 0.02036631 0.05475051 0.03819771
 0.05189297 0.05525416 0.04912684 0.04912684 0.04912684 0.04912684
 0.04912684 0.04912684 0.04912684 0.04912684 0.04912684]","[0.01123473 0.02302579 0.0357317  0.05537028 0.10708924 0.14119638
 0.18576225 0.23075227 0.26854298 0.30447715 0.33864599 0.37113622
 0.40203031 0.43140667 0.45933987 0.48590079 0.51115686]",1982.0,1990.0,17
1,furlough,Missouri,"[1971 1972 1973 1974 1975 1976 1977 1978 1979 1980 1981 1982 1983 1984
 1985 1986 1987]","[0.04974433 0.01201959 0.05100555 0.02709736 0.0320108  0.02094422
 0.05062724 0.03160656 0.04211287 0.0309775  0.03443996 0.05355728
 0.05355728 0.05355728 0.05355728 0.05355728 0.05355728]","[0.04974433 0.06116601 0.10905175 0.1331941  0.16094125 0.17851468
 0.22010421 0.24475403 0.2765596  0.29896998 0.32311342 0.35936562
 0.39367625 0.4261493  0.45688318 0.48597104 0.51350103]",1982.0,1987.0,17
1,furlough,Nevada,[1971 1972 1973 1974 1975 1976 1977 1978],"[0.09614493 0.02147089 0.1746016  0.01544762 0.0938619  0.0156079
 0.12297229 0.12297229]","[0.09614493 0.11555151 0.26997763 0.28125473 0.34871753 0.35888268
 0.43772235 0.50686692]",1977.0,1978.0,8
1,furlough,New Hampshire,[1971 1972 1973 1974 1975 1976 1977 1978 1979 1980 1981 1982 1983],"[0.0519627 0.0519627 0.0519627 0.0519627 0.0519627 0.0519627 0.0519627
 0.0519627 0.0519627 0.0519627 0.0519627 0.0519627 0.0519627]","[0.0519627  0.10122528 0.14792805 0.19220401 0.23417927 0.27397339
 0.31169969 0.34746564 0.38137308 0.41351861 0.44399377 0.47288536
 0.50027566]",1971.0,1983.0,13
1,furlough,New York,[1971 1972 1973 1974 1975 1976 1977 1978 1979 1980 1981 1982 1983],"[0.06117709 0.05193247 0.05193247 0.05193247 0.05193247 0.05193247
 0.05193247 0.05193247 0.05193247 0.05193247 0.05193247 0.05193247
 0.05193247]","[0.06117709 0.10993248 0.15615588 0.19997879 0.24152587 0.2809153
 0.31825915 0.35366363 0.38722948 0.41905216 0.44922222 0.47782547
 0.50494328]",1972.0,1983.0,13
1,furlough,North Carolina,[1973 1974 1975 1976 1977 1978 1979 1980 1981 1982 1983 1984 1985],"[0.05242968 0.02607902 0.03558226 0.03261275 0.0615831  0.0615831
 0.0615831  0.0615831  0.0615831  0.0615831  0.0615831  0.0615831
 0.0615831 ]","[0.05242968 0.07714139 0.10997878 0.13900482 0.19202758 0.24178503
 0.28847826 0.33229598 0.37341526 0.4120023  0.44821302 0.48219378
 0.51408189]",1977.0,1985.0,13
1,furlough,North Dakota,[1971 1972 1973 1974 1975 1976 1977 1978 1979 1980],"[0.09552029 0.024427   0.08545439 0.02110595 0.07807804 0.01268042
 0.10585525 0.04839633 0.16636341 0.16636341]","[0.09552029 0.11761401 0.19301777 0.21004989 0.27172765 0.28096245
 0.35707635 0.3881915  0.48997405 0.5748237 ]",1979.0,1980.0,10
1,furlough,Oklahoma,"[1971 1972 1973 1974 1975 1976 1977 1978 1979 1980 1981 1982 1983 1984
 1985 1986 1987 1988 1989 1990 1991 1992 1993 1994 1995 1996 1997]","[0.06322405 0.07053595 0.05015248 0.01980197 0.02468515 0.0189682
 0.03052106 0.04461878 0.03713869 0.05202251 0.04997898 0.0462124
 0.05440047 0.05175904 0.07312171 0.0564847  0.03118346 0.05299372
 0.02719415 0.02601825 0.04117007 0.07838814 0.05758992 0.06265027
 0.07812893 0.07856869 0.13345193]","[0.06322405 0.12930043 0.17296817 0.18934503 0.20935617 0.22435326
 0.24802682 0.28157895 0.30826016 0.3442462  0.37702011 0.40580951
 0.43813375 0.46721541 0.50617353 0.53406717 0.54859657 0.57251812
 0.58414312 0.59496299 0.61163839 0.64208134 0.66269384 0.68382617
 0.70852849 0.73142903 0.76727034]",,1985.0,27
1,furlough,Oregon,[1971 1972 1973 1974 1975],[0.09399606 0.0732334  0.17117271 0.17117271 0.17117271],[0.09399606 0.1603458  0.30407169 0.42319563 0.5219288 ],1973.0,1975.0,5
1,furlough,Pennsylvania,"[1971 1972 1973 1974 1975 1976 1977 1978 1979 1980 1981 1982 1983 1984
 1985 1986 1987 1988 1989 1990 1991 1992 1993 1994 1995 1996 1997]","[0.04546973 0.05418796 0.06639525 0.08183238 0.08285195 0.10847212
 0.09951024 0.0700875  0.07136456 0.06187182 0.06209163 0.04615025
 0.05582541 0.04993922 0.0322483  0.02834504 0.06600743 0.13243115
 0.09667685 0.06814879 0.14590117 0.15027971 0.19053536 0.24483698
 0.17877798 0.14568876 0.13646034]","[0.04546973 0.09719378 0.15713582 0.22610941 0.29022775 0.36721825
 0.43018651 0.47012331 0.50793773 0.53838252 0.5670451  0.58702607
 0.61008051 0.62955279 0.64149908 0.65166081 0.67465378 0.71773976
 0.74502779 0.76240384 0.7970694  0.82756575 0.86042057 0.89459478
 0.91343891 0.92604989 0.93614115]",,1979.0,27
1,furlough,Rhode Island,[1971 1972 1973 1974 1975 1976],[0.12586992 0.09046779 0.09069545 0.13485657 0.09763765 0.1395115 ],[0.12586992 0.20495054 0.27705791 0.3745514  0.43561874 0.51435641],1976.0,1976.0,6
1,furlough,South Carolina,[1971 1972 1973 1974 1975 1976 1977 1978 1979 1980 1981 1982 1983 1984],"[0.02233956 0.02282987 0.0192485  0.00728899 0.01082395 0.01051066
 0.0575583  0.0730397  0.06759909 0.08327336 0.08327336 0.08327336
 0.08327336 0.08327336]","[0.02233956 0.04465942 0.0630483  0.06987773 0.07994532 0.08961571
 0.14201587 0.20468277 0.25844549 0.32019723 0.37680669 0.42870209
 0.47627599 0.51988825]",1980.0,1984.0,14
1,furlough,Tennessee,"[1971 1972 1973 1974 1975 1976 1977 1978 1979 1980 1981 1982 1983 1984
 1985 1986 1987 1988]","[0.02607577 0.03859237 0.03859237 0.03859237 0.03859237 0.03859237
 0.03859237 0.03859237 0.03859237 0.03859237 0.03859237 0.03859237
 0.03859237 0.03859237 0.03859237 0.03859237 0.03859237 0.03859237]","[0.02607577 0.06366181 0.09979732 0.13453827 0.16793849 0.20004971
 0.23092169 0.26060224 0.28913735 0.31657122 0.34294636 0.36830361
 0.39268227 0.4161201  0.43865341 0.4603171  0.48114474 0.5011686 ]",1972.0,1988.0,18
1,furlough,Texas,"[1971 1972 1973 1974 1975 1976 1977 1978 1979 1980 1981 1982 1983 1984
 1985 1986 1987 1988 1989 1990 1991 1992 1993 1994 1995]","[0.05148189 0.01209617 0.05251077 0.00433665 0.02341211 0.00429821
 0.03665264 0.02019231 0.0619704  0.01759673 0.0758371  0.01014034
 0.06731363 0.01868054 0.0700021  0.01613458 0.04022912 0.00784445
 0.02156676 0.00376799 0.0281564  0.01221114 0.04824028 0.0118505
 0.075532  ]","[0.05148189 0.06295532 0.11216026 0.11601052 0.13670658 0.14041719
 0.17192317 0.18864395 0.23892401 0.25231645 0.30901861 0.31602539
 0.36206621 0.37398315 0.41780564 0.4271991  0.45024238 0.45455493
 0.46631841 0.46832932 0.48329925 0.48960875 0.51423017 0.51998678
 0.55624314]",1995.0,1993.0,25
1,furlough,Utah,[1971 1972 1973 1974 1975 1976 1977 1978 1979 1980],"[0.12652465 0.12396752 0.12920074 0.07614871 0.08022335 0.04337623
 0.09925139 0.11985353 0.08973306 0.08873235]","[0.12652465 0.23480722 0.3336707  0.38441081 0.43379544 0.45835526
 0.51211425 0.57058908 0.60912143 0.64380501]",1980.0,1977.0,10
1,furlough,Vermont,[1989 1990 1991 1992 1993 1994],[0.12814519 0.12814519 0.12814519 0.12814519 0.12814519 0.12814519],[0.12814519 0.23986919 0.33727629 0.42220115 0.49624329 0.56079729],1989.0,1994.0,6
1,furlough,Virginia,"[1972 1973 1974 1975 1976 1977 1978 1979 1980 1981 1982 1983 1984 1985
 1986 1987 1988 1989 1990 1991]","[0.03174524 0.03174524 0.03174524 0.03174524 0.03174524 0.03174524
 0.03174524 0.03174524 0.03174524 0.03174524 0.03174524 0.03174524
 0.03174524 0.03174524 0.03174524 0.03174524 0.03174524 0.03174524
 0.03174524 0.03174524]","[0.03174524 0.06248272 0.09224443 0.12106134 0.14896346 0.17597982
 0.20213854 0.22746684 0.25199109 0.27573681 0.29872872 0.32099074
 0.34254605 0.36341708 0.38362556 0.40319251 0.42213831 0.44048267
 0.45824468 0.47544283]",1972.0,,20
1,furlough,Washington,[1971 1972 1973 1974 1975 1976 1977 1978 1979],"[0.04424862 0.00790017 0.0971133  0.0971133  0.0971133  0.0971133
 0.0971133  0.0971133  0.0971133 ]","[0.04424862 0.05179922 0.14388213 0.22702257 0.30208896 0.36986541
 0.43105986 0.48631152 0.5361975 ]",1973.0,1979.0,9
1,furlough,West Virginia,"[1971 1972 1973 1974 1975 1976 1977 1978 1979 1980 1981 1982 1983 1984
 1985 1986 1987 1988]","[0.04941134 0.06659769 0.03277617 0.05918021 0.05790877 0.04944844
 0.07167731 0.06953115 0.06043416 0.03115305 0.04017284 0.06858273
 0.04262485 0.04195846 0.03811625 0.02464451 0.05895266 0.07945426]","[0.04941134 0.11271835 0.14180004 0.1925885  0.23934471 0.27695792
 0.32878363 0.37545408 0.41319798 0.43147866 0.45431777 0.49174215
 0.51340657 0.53382328 0.55159219 0.56264298 0.58842634 0.62112762]",1988.0,1983.0,18
1,furlough,Wisconsin,"[1971 1972 1973 1974 1975 1976 1977 1978 1979 1980 1981 1982 1983 1984
 1985 1986 1987 1988 1989 1990 1991 1992 1993 1994 1995 1996 1997]","[0.01886752 0.01485966 0.02385856 0.02433947 0.02576888 0.02421451
 0.02091883 0.02173671 0.02364424 0.0201832  0.02898057 0.02898057
 0.02898057 0.02898057 0.02898057 0.02898057 0.02898057 0.02898057
 0.02898057 0.02898057 0.02898057 0.02898057 0.02898057 0.02898057
 0.02898057 0.02898057 0.02898057]","[0.01886752 0.03344682 0.05650738 0.0794715  0.10319248 0.12490823
 0.14321413 0.16183783 0.18165554 0.19817235 0.22140977 0.24397375
 0.26588382 0.28715892 0.30781746 0.3278773  0.3473558  0.3662698
 0.38463566 0.40246927 0.41978604 0.43660097 0.4529286  0.46878304
 0.484178   0.49912682 0.51364241]",1981.0,1997.0,27
1,furlough,Wyoming,[1971 1972 1973 1974 1975 1976 1977 1978 1979 1980 1981 1982 1983 1984],"[0.14432607 0.03105118 0.13406672 0.05762541 0.07067976 0.07304469
 0.11427639 0.12802782 0.13119254 0.20740209 0.17862872 0.13497481
 0.11098214 0.13972559]","[0.14432607 0.17089576 0.28205105 0.32342315 0.37124344 0.41717077
 0.48377439 0.54986563 0.6089199  0.69003073 0.74540015 0.77976471
 0.8042069  0.8315642 ]",1984.0,1978.0,14
1,gayhate,Alabama,"[1989 1990 1991 1992 1993 1994 1995 1996 1997 1998 1999 2000 2001 2002
 2003 2004 2005]","[0.02029504 0.01796847 0.05100631 0.05217306 0.05587827 0.08267466
 0.05652347 0.03029956 0.04875489 0.09976006 0.12107586 0.06280708
 0.0935105  0.08822165 0.06337847 0.08360318 0.08133953]","[0.02029504 0.03789884 0.08697207 0.13460753 0.18296417 0.25051233
 0.29287597 0.31430152 0.34773267 0.4128029  0.4838983  0.51631314
 0.56154294 0.60022434 0.62556151 0.65686576 0.68477614]",,2000.0,17
1,gayhate,Arizona,[1989 1990 1991 1992 1993 1994 1995 1996 1997 1998 1999 2000 2001],"[0.01876747 0.01966053 0.03651402 0.04621589 0.04010965 0.04912593
 0.0839106  0.0461865  0.07425034 0.07425034 0.07425034 0.07425034
 0.07425034]","[0.01876747 0.03805903 0.07318336 0.11601701 0.15147326 0.19315793
 0.26086053 0.29499879 0.34734537 0.39580519 0.44066686 0.48219753
 0.52064454]",1997.0,2001.0,13
1,gayhate,Arkansas,"[1989 1990 1991 1992 1993 1994 1995 1996 1997 1998 1999 2000 2001 2002
 2003 2004 2005]","[0.03429174 0.00467816 0.03114137 0.00782257 0.03452947 0.01005957
 0.0441864  0.0044474  0.05822102 0.01501789 0.12673471 0.01627767
 0.18736123 0.0345179  0.1654185  0.03961915 0.14974382]","[0.03429174 0.03880948 0.06874228 0.07602711 0.1079314  0.11690523
 0.15592601 0.15967994 0.20860423 0.22048933 0.31928039 0.33036092
 0.45582532 0.47460909 0.56151847 0.57889073 0.64194924]",,2003.0,17
1,gayhate,California,[1989 1990 1991 1992 1993 1994 1995 1996],"[0.08184519 0.07581312 0.09652832 0.09652832 0.09652832 0.09652832
 0.09652832 0.09652832]","[0.08184519 0.15145338 0.23336215 0.30736441 0.37422336 0.43462853
 0.48920288 0.53850927]",1991.0,1996.0,8
1,gayhate,Colorado,"[1989 1990 1991 1992 1993 1994 1995 1996 1997 1998 1999 2000 2001 2002
 2003 2004 2005]","[0.02409279 0.02285308 0.03331771 0.03594643 0.03338887 0.04766471
 0.04478107 0.03065638 0.07780948 0.10505293 0.1047887  0.09705578
 0.10190457 0.12315299 0.14222238 0.16327029 0.14555266]","[0.02409279 0.04639527 0.0781672  0.11130379 0.14097636 0.18192147
 0.2185559  0.24251215 0.30145189 0.37483641 0.44034649 0.4946641
 0.54616014 0.60205187 0.658649   0.71438148 0.75595401]",2005.0,2001.0,17
1,gayhate,Connecticut,"[1989 1990 1991 1992 1993 1994 1995 1996 1997 1998 1999 2000 2001 2002
 2003 2004 2005 2006 2007 2008 2009]","[0.02909649 0.03282954 0.03282954 0.03282954 0.03282954 0.03282954
 0.03282954 0.03282954 0.03282954 0.03282954 0.03282954 0.03282954
 0.03282954 0.03282954 0.03282954 0.03282954 0.03282954 0.03282954
 0.03282954 0.03282954 0.03282954]","[0.02909649 0.06097081 0.09179871 0.12161454 0.15045153 0.17834182
 0.20531648 0.23140558 0.25663819 0.28104241 0.30464546 0.32747364
 0.34955237 0.37090627 0.39155913 0.41153396 0.43085304 0.44953787
 0.46760929 0.48508743 0.50199178]",1990.0,2009.0,21
1,gayhate,Delaware,[1989 1990 1991 1992 1993 1994 1995 1996 1997],"[0.02558369 0.07402892 0.07296303 0.06080184 0.09546686 0.12305943
 0.09955375 0.0584634  0.07597749]","[0.02558369 0.09771868 0.16355186 0.21440945 0.28940731 0.37685244
 0.43888912 0.47169357 0.51183297]",1997.0,1997.0,9
1,gayhate,Florida,"[1989 1990 1991 1992 1993 1994 1995 1996 1997 1998 1999 2000 2001 2002
 2003 2004 2005 2006 2007]","[0.02643955 0.02496533 0.03751917 0.03751917 0.03751917 0.03751917
 0.03751917 0.03751917 0.03751917 0.03751917 0.03751917 0.03751917
 0.03751917 0.03751917 0.03751917 0.03751917 0.03751917 0.03751917
 0.03751917]","[0.02643955 0.05074481 0.08636007 0.12063908 0.15363197 0.18538699
 0.21595059 0.24536747 0.27368065 0.30093155 0.32716001 0.35240441
 0.37670165 0.40008729 0.42259551 0.44425925 0.46511018 0.4851788
 0.50449446]",1991.0,2007.0,19
1,gayhate,Georgia,"[1989 1990 1991 1992 1993 1994 1995 1996 1997 1998 1999 2000 2001 2002
 2003 2004 2005]","[0.01970237 0.023719   0.04838738 0.06338515 0.05084474 0.06539639
 0.07146884 0.04259948 0.06027877 0.10799    0.0988547  0.07032644
 0.09515803 0.08140845 0.07052583 0.06027011 0.06975224]","[0.01970237 0.04295405 0.089263   0.1469902  0.19036126 0.2433087
 0.29738855 0.32731943 0.36786779 0.43613174 0.49187277 0.52760755
 0.57255949 0.60735676 0.63504825 0.65704393 0.68096588]",,2000.0,17
1,gayhate,Idaho,"[1989 1990 1991 1992 1993 1994 1995 1996 1997 1998 1999 2000 2001 2002
 2003 2004 2005]","[0.01424017 0.01451497 0.03060679 0.03866102 0.04573657 0.04598779
 0.04902415 0.02992603 0.03018998 0.11073954 0.10089865 0.04820001
 0.04397314 0.03570457 0.04200541 0.03697625 0.05827156]","[0.01424017 0.02854844 0.05828145 0.09468926 0.13609507 0.17582415
 0.21622867 0.23968384 0.26263777 0.34429292 0.41045288 0.43886906
 0.46354375 0.48269769 0.50442718 0.5227516  0.55056161]",,2003.0,17
1,gayhate,Illinois,[1989 1990 1991 1992 1993 1994 1995 1996 1997 1998],"[0.03513886 0.04706705 0.06209069 0.07874047 0.07874047 0.07874047
 0.07874047 0.07874047 0.07874047 0.07874047]","[0.03513886 0.08055203 0.13764119 0.20554373 0.26809959 0.32572977
 0.37882213 0.42773397 0.47279446 0.51430688]",1992.0,1998.0,10
1,gayhate,Indiana,"[1989 1990 1991 1992 1993 1994 1995 1996 1997 1998 1999 2000 2001 2002
 2003 2004 2005]","[0.02857956 0.02808789 0.03974754 0.07228592 0.06812777 0.08019962
 0.06757499 0.04140097 0.06045378 0.18846997 0.1722321  0.12452798
 0.12492046 0.11982325 0.1146423  0.10085345 0.09942635]","[0.02857956 0.05586472 0.09339177 0.15892678 0.21622723 0.2790855
 0.32780129 0.35563097 0.39458551 0.50868796 0.59330766 0.64395224
 0.68842989 0.72576323 0.75720237 0.78168935 0.80339518]",,1998.0,17
1,gayhate,Iowa,"[1989 1990 1991 1992 1993 1994 1995 1996 1997 1998 1999 2000 2001 2002
 2003 2004]","[0.04270701 0.04287818 0.04287818 0.04287818 0.04287818 0.04287818
 0.04287818 0.04287818 0.04287818 0.04287818 0.04287818 0.04287818
 0.04287818 0.04287818 0.04287818 0.04287818]","[0.04270701 0.083754   0.12304096 0.16064337 0.19663346 0.23108035
 0.26405023 0.29560642 0.32580954 0.3547176  0.38238613 0.40886829
 0.43421495 0.45847478 0.4816944  0.5039184 ]",1990.0,2004.0,16
1,gayhate,Kansas,[1989 1990 1991 1992 1993 1994 1995 1996 1997 1998 1999 2000 2001 2002],"[0.01665054 0.01896467 0.02502739 0.0366847  0.02811989 0.03499992
 0.03020854 0.01968881 0.0459458  0.08072081 0.15921561 0.06496919
 0.07205646 0.07205646]","[0.01665054 0.03529944 0.05944338 0.09394742 0.11942551 0.15024555
 0.17591539 0.19214063 0.22925837 0.29147326 0.40428177 0.44298511
 0.48312163 0.52036606]",2001.0,2002.0,14
1,gayhate,Kentucky,[1989 1990 1991 1992 1993 1994 1995 1996 1997 1998 1999 2000 2001 2002],"[0.00477745 0.02514175 0.00605859 0.05861502 0.01103328 0.06878796
 0.01138788 0.03152516 0.00834904 0.09582593 0.09582593 0.09582593
 0.09582593 0.09582593]","[0.00477745 0.02979908 0.03567714 0.09220093 0.10221693 0.16397359
 0.17349416 0.19954989 0.20623288 0.28229635 0.35107097 0.4132552
 0.46948057 0.52031808]",1998.0,2002.0,14
1,gayhate,Louisiana,"[1989 1990 1991 1992 1993 1994 1995 1996 1997 1998 1999 2000 2001 2002
 2003 2004 2005 2006 2007 2008 2009 2010 2011 2012 2013 2014 2015 2016]","[0.01864999 0.01883769 0.01958424 0.03082677 0.02809723 0.04684889
 0.03246582 0.02166495 0.02333256 0.02333256 0.02333256 0.02333256
 0.02333256 0.02333256 0.02333256 0.02333256 0.02333256 0.02333256
 0.02333256 0.02333256 0.02333256 0.02333256 0.02333256 0.02333256
 0.02333256 0.02333256 0.02333256 0.02333256]","[0.01864999 0.03713636 0.05599331 0.08509399 0.11080031 0.15245834
 0.17997448 0.19774029 0.21645906 0.23474107 0.25259652 0.27003535
 0.28706729 0.30370183 0.31994825 0.3358156  0.35131272 0.36644825
 0.38123063 0.3956681  0.40976871 0.42354031 0.43699059 0.45012704
 0.46295698 0.47548757 0.48772578 0.49967845]",1997.0,,28
1,gayhate,Maine,[1989 1990 1991 1992 1993 1994 1995],"[0.03029868 0.26165717 0.14771092 0.17803947 0.2303846  0.28413391
 0.29151295]","[0.03029868 0.28402798 0.38978486 0.49842724 0.61398188 0.72366272
 0.80421861]",1995.0,1993.0,7
1,gayhate,Maryland,"[1989 1990 1991 1992 1993 1994 1995 1996 1997 1998 1999 2000 2001 2002
 2003 2004 2005]","[0.0345485  0.04203379 0.03355474 0.0333049  0.03823173 0.05947721
 0.05665553 0.06075227 0.12760559 0.04726202 0.05541369 0.11336535
 0.08319207 0.10600133 0.12666813 0.11273195 0.12671287]","[0.0345485  0.07513008 0.10616386 0.13593298 0.16896776 0.21839524
 0.26267747 0.30747148 0.395842   0.42439572 0.45629208 0.51792972
 0.55803415 0.60488312 0.65493183 0.69383204 0.73262746]",2005.0,2000.0,17
1,gayhate,Massachusetts,[1989 1990 1991 1992 1993 1994 1995 1996 1997],"[0.0117839  0.04460134 0.04820343 0.0502056  0.09725846 0.13172561
 0.12455708 0.12938681 0.12938681]","[0.0117839  0.05585966 0.10137046 0.1464867  0.22949809 0.33099292
 0.41432249 0.49010144 0.55607559]",1996.0,1997.0,9
1,gayhate,Michigan,"[1989 1990 1991 1992 1993 1994 1995 1996 1997 1998 1999 2000 2001 2002
 2003 2004 2005]","[0.03726662 0.02950244 0.02545274 0.08371181 0.11591333 0.16053698
 0.1451999  0.09062819 0.15071857 0.09065073 0.13816469 0.17609579
 0.13445841 0.11060765 0.13337538 0.11687435 0.13095813]","[0.03726662 0.0656696  0.08945087 0.16567458 0.26238402 0.38079867
 0.47070664 0.51867554 0.59122007 0.62827627 0.67963536 0.73605023
 0.77154049 0.79680986 0.82391042 0.84449078 0.86485597]",,1996.0,17
1,gayhate,Minnesota,"[1989 1990 1991 1992 1993 1994 1995 1996 1997 1998 1999 2000 2001 2002
 2003 2004 2005]","[0.0404846 0.0404846 0.0404846 0.0404846 0.0404846 0.0404846 0.0404846
 0.0404846 0.0404846 0.0404846 0.0404846 0.0404846 0.0404846 0.0404846
 0.0404846 0.0404846 0.0404846]","[0.0404846  0.0793302  0.11660316 0.15236713 0.18668321 0.21961001
 0.25120379 0.28151851 0.31060595 0.33851579 0.36529572 0.39099147
 0.41564694 0.43930424 0.46200379 0.48378435 0.50468314]",1989.0,2005.0,17
1,gayhate,Mississippi,"[1989 1990 1991 1992 1993 1994 1995 1996 1997 1998 1999 2000 2001 2002
 2003 2004 2005]","[0.02025395 0.0177228  0.01903993 0.02214881 0.02007249 0.03090557
 0.01744719 0.01258255 0.03043306 0.07428048 0.08655223 0.04944238
 0.08710713 0.08643692 0.07544108 0.06190219 0.06546433]","[0.02025395 0.03761779 0.05594147 0.07685124 0.09538114 0.1233389
 0.13863417 0.14947234 0.1753565  0.23661142 0.3026844  0.33716135
 0.39489932 0.44720236 0.48890601 0.52054385 0.55193112]",,2004.0,17
1,gayhate,Missouri,[1989 1990 1991 1992 1993 1994 1995 1996 1997 1998 1999],"[0.02632292 0.04129593 0.05141989 0.05936753 0.07124458 0.08608124
 0.08057435 0.05035107 0.09314641 0.15509949 0.18164894]","[0.02632292 0.06653183 0.11453065 0.16709878 0.22643848 0.29302761
 0.34999145 0.38272008 0.44021749 0.52703947 0.61295225]",1999.0,1998.0,11
1,gayhate,Montana,"[1989 1990 1991 1992 1993 1994 1995 1996 1997 1998 1999 2000 2001 2002
 2003 2004 2005 2006 2007 2008 2009 2010 2011 2012 2013]","[0.02222199 0.00374544 0.02859127 0.00771234 0.03858037 0.01054266
 0.03500979 0.00352199 0.01687084 0.01046407 0.05192738 0.00735848
 0.03796007 0.00710617 0.03168026 0.00570239 0.0427717  0.0427717
 0.0427717  0.0427717  0.0427717  0.0427717  0.0427717  0.0427717
 0.0427717 ]","[0.02222199 0.02588419 0.0537354  0.06103332 0.097259   0.10677629
 0.13804787 0.14108365 0.1555743  0.16441043 0.2078004  0.21362979
 0.24348046 0.24885641 0.27265283 0.27680045 0.30773293 0.33734237
 0.36568537 0.39281609 0.41878638 0.44364588 0.46744209 0.4902205
 0.51202464]",,2013.0,25
1,gayhate,Nevada,[1989 1990 1991 1992 1993 1994 1995 1996 1997 1998],"[0.03911348 0.00681879 0.07777784 0.01925006 0.09848205 0.03271242
 0.11755503 0.11755503 0.11755503 0.11755503]","[0.03911348 0.04566556 0.11989164 0.13683378 0.22184016 0.24729565
 0.33577984 0.41386226 0.4827657  0.5435692 ]",1995.0,1998.0,10
1,gayhate,New Hampshire,"[1989 1990 1991 1992 1993 1994 1995 1996 1997 1998 1999 2000 2001 2002
 2003 2004 2005 2006 2007]","[0.01932252 0.0377812  0.0377812  0.0377812  0.0377812  0.0377812
 0.0377812  0.0377812  0.0377812  0.0377812  0.0377812  0.0377812
 0.0377812  0.0377812  0.0377812  0.0377812  0.0377812  0.0377812
 0.0377812 ]","[0.01932252 0.05637369 0.09202503 0.12632941 0.15933774 0.19109897
 0.22166022 0.25106684 0.27936243 0.30658898 0.33278689 0.357995
 0.38225072 0.40559003 0.42804755 0.4496566  0.47044924 0.4904563
 0.50970748]",1990.0,2007.0,19
1,gayhate,New Jersey,"[1989 1990 1991 1992 1993 1994 1995 1996 1997 1998 1999 2000 2001 2002
 2003]","[0.0386454  0.04663417 0.04663417 0.04663417 0.04663417 0.04663417
 0.04663417 0.04663417 0.04663417 0.04663417 0.04663417 0.04663417
 0.04663417 0.04663417 0.04663417]","[0.0386454  0.08347736 0.12621863 0.1669667  0.20581451 0.24285069
 0.27815971 0.31182213 0.34391473 0.37451072 0.40367989 0.43148878
 0.45800083 0.48327651 0.50737348]",1990.0,2003.0,15
1,gayhate,New Mexico,"[1989 1990 1991 1992 1993 1994 1995 1996 1997 1998 1999 2000 2001 2002
 2003]","[0.02196857 0.02232119 0.02924857 0.04254773 0.03229556 0.04548254
 0.0446334  0.0315988  0.05539351 0.08052371 0.07317126 0.06593355
 0.11739212 0.09196497 0.10136505]","[0.02196857 0.04379939 0.07176688 0.1112611  0.13996342 0.17908006
 0.21572051 0.2405028  0.28257402 0.34034382 0.38861169 0.42892269
 0.49596267 0.54231645 0.58870956]",2003.0,2002.0,15
1,gayhate,New York,[1989 1990 1991 1992 1993 1994 1995 1996 1997 1998 1999 2000],"[0.02779812 0.08336909 0.07193353 0.07807475 0.09979106 0.16167284
 0.14733702 0.26661753 0.21416935 0.10128526 0.13439096 0.2638334 ]","[0.02779812 0.1088497  0.17295329 0.23752475 0.31361296 0.4245831
 0.50936331 0.64017565 0.717239   0.74587852 0.78003015 0.83806554]",2000.0,1995.0,12
1,gayhate,North Carolina,"[1989 1990 1991 1992 1993 1994 1995 1996 1997 1998 1999 2000 2001 2002
 2003 2004 2005]","[0.02279687 0.02169386 0.03846085 0.03447983 0.03843507 0.06065746
 0.04792961 0.0276822  0.03993497 0.06637122 0.06440325 0.04768706
 0.08574306 0.08270428 0.08367152 0.06497746 0.07824777]","[0.02279687 0.04399618 0.0807649  0.11245998 0.14657264 0.19833937
 0.23676265 0.25789074 0.28752685 0.33481456 0.37765467 0.40733249
 0.45814961 0.50296295 0.5445508  0.57414473 0.60746696]",,2002.0,17
1,gayhate,North Dakota,"[1989 1990 1991 1992 1993 1994 1995 1996 1997 1998 1999 2000 2001 2002
 2003 2004 2005]","[0.07149869 0.01569966 0.06205218 0.00998507 0.07038581 0.02484824
 0.07577925 0.01289279 0.0741896  0.01088186 0.05769548 0.02196653
 0.07116202 0.01209035 0.07853809 0.01084003 0.05017271]","[0.07149869 0.08607585 0.14278683 0.15134617 0.21107936 0.23068265
 0.28898094 0.29814796 0.35021808 0.35728892 0.39437045 0.40767403
 0.44982514 0.45647695 0.49916421 0.50459329 0.52944919]",,2004.0,17
1,gayhate,Ohio,"[1989 1990 1991 1992 1993 1994 1995 1996 1997 1998 1999 2000 2001 2002
 2003 2004 2005]","[0.03349397 0.03327077 0.04176614 0.0409672  0.0395147  0.05110171
 0.04501004 0.03057601 0.04287122 0.07040666 0.07962081 0.08152442
 0.07225821 0.09189284 0.0960638  0.09896603 0.10016133]","[0.03349397 0.06565037 0.10467455 0.14135353 0.17528268 0.21742715
 0.25265079 0.27550174 0.30656187 0.35538453 0.40670934 0.45507701
 0.49445217 0.5409084  0.58501048 0.62608035 0.66353264]",,2002.0,17
1,gayhate,Oklahoma,"[1989 1990 1991 1992 1993 1994 1995 1996 1997 1998 1999 2000 2001 2002
 2003 2004 2005]","[0.01547945 0.01966518 0.0270812  0.03541655 0.02389477 0.02920589
 0.01903703 0.00912509 0.01595849 0.03809281 0.0614585  0.04076471
 0.07847369 0.07339288 0.10107158 0.0884566  0.11822992]","[0.01547945 0.03484023 0.06097791 0.09423483 0.11587788 0.14169945
 0.15803894 0.16572192 0.17903573 0.21030857 0.25884182 0.28905492
 0.3448454  0.39292908 0.4542867  0.50255864 0.56137109]",,2004.0,17
1,gayhate,Oregon,"[1989 1990 1991 1992 1993 1994 1995 1996 1997 1998 1999 2000 2001 2002
 2003 2004 2005 2006 2007 2008]","[0.03510184 0.03510184 0.03510184 0.03510184 0.03510184 0.03510184
 0.03510184 0.03510184 0.03510184 0.03510184 0.03510184 0.03510184
 0.03510184 0.03510184 0.03510184 0.03510184 0.03510184 0.03510184
 0.03510184 0.03510184]","[0.03510184 0.06897155 0.10165236 0.13318602 0.16361279 0.19297152
 0.22129971 0.24863353 0.27500788 0.30045644 0.3250117  0.34870504
 0.37156669 0.39362586 0.41491071 0.43544842 0.45526522 0.47438642
 0.49283643 0.5106388 ]",1989.0,2008.0,20
1,gayhate,Pennsylvania,[1989 1990 1991 1992 1993 1994 1995 1996 1997 1998 1999 2000 2001 2002],"[0.03924928 0.05205826 0.06017023 0.05686215 0.07283429 0.09011649
 0.08457121 0.05057299 0.11868705 0.07147075 0.09610629 0.16645583
 0.16549524 0.13700239]","[0.03924928 0.08926429 0.14406347 0.19273387 0.25153052 0.31897996
 0.37657465 0.40810313 0.47835363 0.51563608 0.5621865  0.63506311
 0.69545843 0.73718135]",2002.0,1998.0,14
1,gayhate,Rhode Island,[1989 1990 1991 1992 1993 1994 1995 1996 1997],"[0.02962636 0.0756043  0.06461517 0.09245259 0.08937086 0.14486279
 0.12771678 0.35990947 0.32075243]","[0.02962636 0.10299078 0.16095119 0.23852342 0.30657724 0.4070284
 0.48276082 0.6689201  0.77511478]",1997.0,1996.0,9
1,gayhate,South Carolina,"[1989 1990 1991 1992 1993 1994 1995 1996 1997 1998 1999 2000 2001 2002
 2003 2004 2005 2006 2007 2008 2009 2010]","[0.01834759 0.01999559 0.0332323  0.03613359 0.03187066 0.04265411
 0.03207284 0.02022368 0.0300244  0.05337233 0.04315546 0.04811021
 0.03526482 0.04072588 0.03018762 0.02405248 0.02649137 0.02649137
 0.02649137 0.02649137 0.02649137 0.02649137]","[0.01834759 0.03797631 0.06994657 0.10355273 0.1321231  0.16914162
 0.19578961 0.21205371 0.23571133 0.27650319 0.30772603 0.34103147
 0.36426988 0.39016055 0.40857015 0.4227955  0.43808644 0.4529723
 0.46746381 0.48157142 0.49530531 0.50867536]",,2010.0,22
1,gayhate,South Dakota,"[1989 1990 1991 1992 1993 1994 1995 1996 1997 1998 1999 2000 2001 2002
 2003 2004 2005]","[0.03645026 0.04466353 0.06681096 0.07316111 0.0778285  0.08833336
 0.09700335 0.04887892 0.08597626 0.12927209 0.13956109 0.10156002
 0.12393713 0.09646643 0.09775952 0.09210416 0.10261834]","[0.03645026 0.0794858  0.14098624 0.20383264 0.26579715 0.33065175
 0.39558078 0.42512414 0.47454981 0.54247585 0.60632842 0.64630972
 0.69014508 0.72003568 0.74740485 0.77066992 0.79420339]",,1998.0,17
1,gayhate,Tennessee,"[1989 1990 1991 1992 1993 1994 1995 1996 1997 1998 1999 2000 2001 2002
 2003]","[0.03003438 0.02705542 0.03440905 0.04147275 0.03636069 0.04062329
 0.03651146 0.01985016 0.02984415 0.08568759 0.10077107 0.06230799
 0.06148612 0.06148612 0.06148612]","[0.03003438 0.0562772  0.08874981 0.12654186 0.15830141 0.19249397
 0.22197719 0.23742107 0.26017959 0.32357302 0.39173729 0.42963692
 0.46470633 0.49761946 0.52850889]",2001.0,2003.0,15
1,gayhate,Texas,"[1989 1990 1991 1992 1993 1994 1995 1996 1997 1998 1999 2000 2001 2002
 2003 2004 2005]","[0.01793962 0.00416746 0.02692876 0.00780179 0.02904823 0.00789106
 0.03903301 0.00468607 0.05800723 0.02405374 0.12901764 0.01714012
 0.06941511 0.06941511 0.06941511 0.06941511 0.06941511]","[0.01793962 0.02203231 0.04836777 0.05579221 0.08321977 0.09045414
 0.12595645 0.13005228 0.18051554 0.20022721 0.303412   0.3153516
 0.36287655 0.40710254 0.44825859 0.48655778 0.52219843]",2001.0,2005.0,17
1,gayhate,Utah,"[1989 1990 1991 1992 1993 1994 1995 1996 1997 1998 1999 2000 2001 2002
 2003 2004 2005]","[0.01379397 0.01865969 0.01891002 0.01986672 0.01791827 0.02320749
 0.03680705 0.01990058 0.04979779 0.10145037 0.1094644  0.05795036
 0.04908361 0.05107935 0.05656858 0.0511453  0.07488429]","[0.01379397 0.03219627 0.05049746 0.06936096 0.0860364  0.1072472
 0.1401068  0.15721917 0.19918779 0.28043049 0.35919773 0.39633245
 0.42596263 0.45528409 0.48609789 0.51238157 0.54889653]",,2004.0,17
1,gayhate,Vermont,[1989 1990 1991 1992 1993 1994 1995 1996 1997 1998 1999 2000 2001],"[0.02141816 0.05620206 0.05620206 0.05620206 0.05620206 0.05620206
 0.05620206 0.05620206 0.05620206 0.05620206 0.05620206 0.05620206
 0.05620206]","[0.02141816 0.07641648 0.12832378 0.17731378 0.22355044 0.26718851
 0.30837403 0.34724484 0.38393103 0.41855537 0.45123376 0.48207556
 0.51118398]",1990.0,2001.0,13
1,gayhate,Virginia,"[1989 1990 1991 1992 1993 1994 1995 1996 1997 1998 1999 2000 2001 2002
 2003 2004 2005]","[0.0201895  0.02499039 0.03486914 0.03720933 0.03360785 0.04496268
 0.04590519 0.02491485 0.03674071 0.09701419 0.11593947 0.07243758
 0.13112458 0.12040937 0.10739154 0.10086391 0.14731232]","[0.0201895  0.04467535 0.0779867  0.1122942  0.14212808 0.1807003
 0.21831041 0.23778609 0.26579037 0.33701912 0.41388477 0.45634154
 0.52762853 0.58450648 0.62912697 0.66653467 0.71565822]",,2001.0,17
1,gayhate,Washington,[1989 1990 1991 1992 1993 1994],[0.12801786 0.12547714 0.11043209 0.08757239 0.15333897 0.15333897],[0.12801786 0.23743169 0.3216437  0.38104898 0.47595829 0.55631431],1993.0,1994.0,6
1,gayhate,West Virginia,"[1989 1990 1991 1992 1993 1994 1995 1996 1997 1998 1999 2000 2001 2002
 2003 2004 2005]","[0.04203437 0.04624675 0.04233858 0.01910898 0.03783987 0.05704946
 0.03598158 0.05091922 0.04369325 0.0285068  0.03926553 0.10211345
 0.05665805 0.08090986 0.07190145 0.06904138 0.10847637]","[0.04203437 0.08633716 0.12502035 0.14174032 0.17421676 0.22132725
 0.24934512 0.28756788 0.31869636 0.33811815 0.36410729 0.42904049
 0.46138994 0.5049688  0.54056226 0.57228248 0.61867972]",,2002.0,17
1,gayhate,Wisconsin,[1989 1990 1991 1992 1993 1994],[0.05304517 0.08815169 0.11861242 0.17013531 0.17013531 0.17013531],[0.05304517 0.13652084 0.2389402  0.36842334 0.47587683 0.56504869],1992.0,1994.0,6
1,gayhate,Wyoming,"[1989 1990 1991 1992 1993 1994 1995 1996 1997 1998 1999 2000 2001 2002
 2003 2004 2005 2006 2007 2008 2009]","[0.01339708 0.01457104 0.02105627 0.03044231 0.02318316 0.03122513
 0.02516945 0.01373496 0.02428082 0.05183159 0.05800407 0.03188852
 0.02844887 0.02707808 0.0252885  0.02706551 0.05614038 0.05614038
 0.05614038 0.05614038 0.05614038]","[0.01339708 0.02777291 0.04824439 0.07721803 0.09861104 0.12675702
 0.14873606 0.16042814 0.18081363 0.22327336 0.26832667 0.29165864
 0.31181015 0.33044501 0.34737705 0.36504062 0.40068748 0.43433311
 0.46608986 0.49606378 0.52435495]",,2009.0,21
1,humantraffic,Alabama,[2003 2004 2005 2006 2007 2008],[0.04744656 0.12478248 0.12414126 0.28027976 0.38954367 0.32396847],[0.04744656 0.16630854 0.26980405 0.4744632  0.67918273 0.78311741],,2007.0,6
1,humantraffic,Arizona,[2003 2004 2005 2006 2007 2008],[0.07996808 0.0844185  0.13186373 0.13186373 0.13186373 0.13186373],[0.07996808 0.15763579 0.26871308 0.3651433  0.44885787 0.52153352],2005.0,2008.0,6
1,humantraffic,Arkansas,[2003 2004 2005 2006],[0.11549215 0.03273642 0.24087385 0.24087385],[0.11549215 0.14444777 0.35052793 0.50696877],2005.0,2006.0,4
1,humantraffic,California,[2003 2004 2005 2006 2007 2008],[0.08111547 0.06379413 0.15469684 0.15469684 0.15469684 0.15469684],[0.08111547 0.1397349  0.27281519 0.38530838 0.48039923 0.56077983],2005.0,2008.0,6
1,humantraffic,Colorado,[2003 2004 2005 2006 2007],[0.0936839  0.07242734 0.17660366 0.22018475 0.22018475],[0.0936839  0.15932597 0.30779208 0.46020571 0.57906018],2006.0,2007.0,5
1,humantraffic,Connecticut,"[2003 2004 2005 2006 2007 2008 2009 2010 2011 2012 2013 2014 2015 2016
 2017 2018 2019 2020]","[0.06321933 0.03783896 0.04608028 0.03720451 0.03720451 0.03720451
 0.03720451 0.03720451 0.03720451 0.03720451 0.03720451 0.03720451
 0.03720451 0.03720451 0.03720451 0.03720451 0.03720451 0.03720451]","[0.06321933 0.09866614 0.14019985 0.17218829 0.20298662 0.23263911
 0.26118839 0.28867551 0.31513998 0.34061986 0.36515177 0.38877099
 0.41151146 0.43340589 0.45448574 0.47478133 0.49432183 0.51313533]",2006.0,2020.0,18
1,humantraffic,Delaware,[2003 2004 2005 2006 2007],[0.07700621 0.04121135 0.24431793 0.19339231 0.35473883],[0.07700621 0.11504403 0.33125464 0.46058485 0.65193634],2007.0,2007.0,5
1,humantraffic,Florida,[2003 2004 2005 2006 2007 2008 2009 2010 2011],"[0.07399273 0.07787434 0.07787434 0.07787434 0.07787434 0.07787434
 0.07787434 0.07787434 0.07787434]","[0.07399273 0.14610494 0.21260146 0.2739196  0.33046263 0.38260241
 0.43068185 0.47501712 0.51589982]",2004.0,2011.0,9
1,humantraffic,Georgia,[2003 2004 2005 2006 2007],[0.06583773 0.10119619 0.17674231 0.19269381 0.19269381],[0.06583773 0.16037139 0.30876929 0.44196517 0.54949502],2006.0,2007.0,5
1,humantraffic,Idaho,[2003 2004 2005 2006 2007 2008 2009 2010 2011 2012 2013 2014 2015 2016],"[0.04539853 0.04710421 0.0754448  0.04625586 0.04625586 0.04625586
 0.04625586 0.04625586 0.04625586 0.04625586 0.04625586 0.04625586
 0.04625586 0.04625586]","[0.04539853 0.09036428 0.15899157 0.19789313 0.23499527 0.27038122
 0.30413036 0.3363184  0.36701756 0.39629671 0.42422152 0.45085464
 0.47625583 0.50048207]",2006.0,2016.0,14
1,humantraffic,Illinois,[2003 2004 2005 2006 2007 2008 2009 2010],"[0.07112018 0.08669927 0.08913958 0.08913958 0.08913958 0.08913958
 0.08913958 0.08913958]","[0.07112018 0.15165338 0.22727464 0.29615506 0.3588955  0.41604328
 0.46809694 0.51551055]",2005.0,2010.0,8
1,humantraffic,Indiana,[2003 2004 2005 2006 2007],[0.08702111 0.08925747 0.1395294  0.20068854 0.20068854],[0.08702111 0.1685113  0.28452842 0.42811536 0.54288606],2006.0,2007.0,5
1,humantraffic,Iowa,[2003 2004 2005 2006],[0.08760754 0.10974955 0.24162049 0.27746585],[0.08760754 0.1877422  0.38400032 0.5549192 ],2006.0,2006.0,4
1,humantraffic,Kansas,[2003 2004 2005 2006 2007 2008 2009],"[0.05728929 0.11196728 0.10091611 0.10091611 0.10091611 0.10091611
 0.10091611]","[0.05728929 0.16284204 0.24732477 0.32328183 0.3915736  0.45297363
 0.5081774 ]",2005.0,2009.0,7
1,humantraffic,Kentucky,[2003 2004 2005 2006 2007],[0.05770001 0.08425908 0.1336183  0.15595175 0.22427324],[0.05770001 0.13709735 0.25239693 0.36898694 0.51050628],2007.0,2007.0,5
1,humantraffic,Louisiana,[2003 2004 2005 2006],[0.10658429 0.15620079 0.31131909 0.31131909],[0.10658429 0.24613653 0.48082862 0.64245658],2005.0,2006.0,4
1,humantraffic,Maine,"[2003 2004 2005 2006 2007 2008 2009 2010 2011 2012 2013 2014 2015 2016
 2017 2018 2019 2020 2021 2022 2023]","[0.04632395 0.04385107 0.03072414 0.03855092 0.05335525 0.03045641
 0.03045641 0.03045641 0.03045641 0.03045641 0.03045641 0.03045641
 0.03045641 0.03045641 0.03045641 0.03045641 0.03045641 0.03045641
 0.03045641 0.03045641 0.03045641]","[0.04632395 0.08814367 0.11615967 0.15023253 0.19557208 0.22007207
 0.24382588 0.26685623 0.28918516 0.31083403 0.33182355 0.35217381
 0.37190427 0.39103381 0.40958074 0.42756279 0.44499717 0.46190057
 0.47828915 0.49417859 0.50958409]",2008.0,2023.0,21
1,humantraffic,Maryland,[2003 2004 2005 2006 2007 2008],[0.06967247 0.05663074 0.11440997 0.08802685 0.23597806 0.23597806],[0.06967247 0.1223576  0.22276864 0.29118587 0.45845045 0.58624426],2007.0,2008.0,6
1,humantraffic,Massachusetts,[2003 2004 2005 2006 2007 2008 2009 2010],"[0.03181517 0.02314911 0.03352443 0.04151713 0.13473689 0.1610131
 0.1610131  0.1610131 ]","[0.03181517 0.05422778 0.08593426 0.12388365 0.24192884 0.36398822
 0.46639445 0.55231193]",,2010.0,8
1,humantraffic,Michigan,[2003 2004 2005 2006 2007 2008],[0.07420532 0.05884839 0.11829888 0.15508731 0.15508731 0.15508731],[0.07420532 0.12868685 0.23176222 0.35090615 0.45157237 0.53662654],2006.0,2008.0,6
1,humantraffic,Minnesota,[2003 2004 2005 2006 2007 2008 2009 2010 2011],"[0.08447376 0.08303972 0.07703242 0.07703242 0.07703242 0.07703242
 0.07703242 0.07703242 0.07703242]","[0.08447376 0.1604988  0.22516761 0.28485483 0.33994419 0.39078989
 0.43771882 0.4810327  0.52101001]",2005.0,2011.0,9
1,humantraffic,Mississippi,[2003 2004 2005 2006 2007 2008],[0.05666034 0.05451324 0.16705851 0.15102245 0.15102245 0.15102245],[0.05666034 0.10808484 0.25708685 0.36928342 0.46453578 0.5454029 ],2006.0,2008.0,6
1,humantraffic,Missouri,[2003 2004 2005 2006 2007 2008 2009 2010],"[0.08033082 0.0862015  0.0862015  0.0862015  0.0862015  0.0862015
 0.0862015  0.0862015 ]","[0.08033082 0.15960769 0.23205077 0.29824914 0.35874112 0.4140186
 0.46453108 0.5106893 ]",2004.0,2010.0,8
1,humantraffic,Montana,[2003 2004 2005 2006 2007 2008 2009 2010 2011],"[0.07153104 0.01577764 0.07073586 0.0296953  0.1169319  0.1169319
 0.1169319  0.1169319  0.1169319 ]","[0.07153104 0.08618009 0.15081993 0.17603659 0.2723842  0.3574657
 0.43259846 0.4989458  0.55753502]",2007.0,2011.0,9
1,humantraffic,Nevada,[2003 2004 2005 2006 2007],[0.07411366 0.01562471 0.17665523 0.05578665 0.37496022],[0.07411366 0.08858037 0.24958741 0.29145042 0.55712832],2007.0,2007.0,5
1,humantraffic,New Hampshire,[2003 2004 2005 2006 2007 2008 2009],"[0.06855128 0.08793948 0.08781972 0.07943027 0.09572486 0.17917418
 0.17917418]","[0.06855128 0.15046239 0.22506854 0.28662156 0.35490961 0.47049315
 0.5653671 ]",,2009.0,7
1,humantraffic,New Jersey,[2003 2004 2005 2006 2007 2008],[0.07883034 0.05861588 0.14965704 0.14965704 0.14965704 0.14965704],[0.07883034 0.13282551 0.26260428 0.37296074 0.46680158 0.54659847],2005.0,2008.0,6
1,humantraffic,New Mexico,[2003 2004 2005 2006 2007 2008],[0.10475955 0.09170562 0.12675085 0.16486796 0.20455764 0.35980203],[0.10475955 0.18685813 0.28992455 0.40699324 0.5282973  0.69801689],2008.0,2007.0,6
1,humantraffic,New York,[2003 2004 2005 2006 2007 2008 2009],"[0.04264745 0.03201496 0.10697542 0.11690375 0.16311719 0.16311719
 0.16311719]","[0.04264745 0.07329705 0.17243149 0.26917734 0.38838708 0.48815166
 0.57164292]",2007.0,2009.0,7
1,humantraffic,North Carolina,[2003 2004 2005 2006 2007 2008 2009 2010],"[0.09306315 0.09796327 0.08842985 0.08842985 0.08842985 0.08842985
 0.08842985 0.08842985]","[0.09306315 0.18190965 0.25425325 0.32019952 0.38031417 0.4351129
 0.48506578 0.53060133]",2005.0,2010.0,8
1,humantraffic,North Dakota,[2003 2004 2005 2006 2007 2008 2009 2010 2011 2012 2013 2014],"[0.06089666 0.00757149 0.07759304 0.01443509 0.21689003 0.04465796
 0.04465796 0.04465796 0.04465796 0.04465796 0.04465796 0.04465796]","[0.06089666 0.06800707 0.14032323 0.15273275 0.33649656 0.36612728
 0.39443474 0.42147805 0.44731367 0.47199551 0.49557512 0.51810171]",,2014.0,12
1,humantraffic,Ohio,[2003 2004 2005 2006 2007 2008],[0.08600874 0.07276327 0.11067068 0.2184639  0.36905618 0.3855401 ],[0.08600874 0.15251374 0.24630562 0.41096063 0.62834925 0.77163552],,2007.0,6
1,humantraffic,Oklahoma,[2003 2004 2005 2006 2007 2008],[0.07643774 0.11105913 0.20669035 0.21811334 0.22387072 0.28935084],[0.07643774 0.17900776 0.34869893 0.49075638 0.60476112 0.71912382],2008.0,2007.0,6
1,humantraffic,Oregon,[2003 2004 2005 2006 2007],[0.11615053 0.09189281 0.17729763 0.27079395 0.36811718],[0.11615053 0.19736994 0.33967435 0.51848654 0.69573992],2007.0,2006.0,5
1,humantraffic,Pennsylvania,[2003 2004 2005 2006 2007 2008 2009],"[0.08090383 0.07574006 0.10472086 0.10472086 0.10472086 0.10472086
 0.10472086]","[0.08090383 0.15051623 0.23947491 0.31911775 0.39042033 0.45425603
 0.51140681]",2005.0,2009.0,7
1,humantraffic,Rhode Island,[2003 2004 2005 2006 2007 2008 2009 2010 2011],"[0.0247951  0.02757916 0.02684504 0.0607149  0.10443108 0.10443108
 0.10443108 0.10443108 0.10443108]","[0.0247951  0.05169043 0.07714784 0.13317872 0.22370181 0.30477146
 0.37737493 0.44239634 0.50062749]",2007.0,2011.0,9
1,humantraffic,South Carolina,[2003 2004 2005 2006],[0.06829323 0.064448   0.19951757 0.39589765],[0.06829323 0.12833987 0.30225139 0.57848842],2006.0,2006.0,4
1,humantraffic,South Dakota,[2003 2004 2005 2006 2007 2008],[0.06704414 0.06547996 0.08189157 0.18411967 0.2407195  0.27073473],[0.06704414 0.12813405 0.19953252 0.34691433 0.50412479 0.63837543],,2007.0,6
1,humantraffic,Tennessee,[2003 2004 2005 2006 2007],[0.08466462 0.11165136 0.18557902 0.22849408 0.34157021],[0.08466462 0.18686305 0.33776421 0.48908116 0.66359582],2007.0,2007.0,5
1,humantraffic,Texas,[2003 2004 2005 2006 2007 2008 2009 2010 2011 2012],"[0.07363433 0.07363433 0.07363433 0.07363433 0.07363433 0.07363433
 0.07363433 0.07363433 0.07363433 0.07363433]","[0.07363433 0.14184664 0.20503618 0.26357281 0.31779913 0.36803253
 0.41456703 0.45767499 0.49760873 0.53460197]",2003.0,2012.0,10
1,humantraffic,Utah,[2003 2004 2005 2006 2007 2008 2009],"[0.04227126 0.04497878 0.06755298 0.11828656 0.20104878 0.15774237
 0.15774237]","[0.04227126 0.08534873 0.14713615 0.24801848 0.39920345 0.49397452
 0.57379618]",2008.0,2009.0,7
1,humantraffic,Vermont,[2003 2004 2005 2006 2007 2008 2009 2010 2011 2012 2013 2014 2015],"[0.02379179 0.02073273 0.01905344 0.01543968 0.0705719  0.06721608
 0.06721608 0.06721608 0.06721608 0.06721608 0.06721608 0.06721608
 0.06721608]","[0.02379179 0.04403125 0.06224573 0.07672436 0.14188168 0.19956103
 0.25336339 0.30354938 0.35036206 0.39402817 0.43475922 0.47275249
 0.508192  ]",,2015.0,13
1,humantraffic,Virginia,[2003 2004 2005 2006 2007 2008],[0.10051786 0.10404708 0.15058955 0.14045393 0.38014022 0.40365388],[0.10051786 0.19410636 0.31546552 0.41161107 0.63528137 0.78250146],,2007.0,6
1,humantraffic,Washington,[2003 2004 2005 2006 2007 2008 2009 2010],"[0.08729199 0.08729199 0.08729199 0.08729199 0.08729199 0.08729199
 0.08729199 0.08729199]","[0.08729199 0.1669641  0.23968146 0.30605118 0.36662736 0.42191572
 0.47237785 0.51843504]",2003.0,2010.0,8
1,humantraffic,West Virginia,[2003 2004 2005 2006 2007 2008 2009],"[0.04805057 0.04234203 0.07100323 0.09780709 0.1714129  0.16769703
 0.16769703]","[0.04805057 0.08835805 0.15308757 0.23592161 0.36689451 0.47306442
 0.56142995]",,2009.0,7
1,humantraffic,Wisconsin,[2003 2004 2005 2006 2007],[0.07674788 0.05856445 0.21973433 0.42226071 0.41942954],[0.07674788 0.13081764 0.32180684 0.60818117 0.77252156],2007.0,2006.0,5
1,humantraffic,Wyoming,[2003 2004 2005 2006 2007 2008],[0.03981258 0.05012643 0.07273405 0.14178573 0.15958376 0.19888597],[0.03981258 0.08794335 0.15428092 0.27419182 0.39001901 0.51133567],,2008.0,6
1,insanity,Alabama,"[1975 1976 1977 1978 1979 1980 1981 1982 1983 1984 1985 1986 1987 1988
 1989 1990 1991 1992 1993 1994 1995 1996 1997 1998]","[0.01890024 0.02267616 0.03117857 0.0842834  0.08096223 0.06117265
 0.08109527 0.05108396 0.06461763 0.07069749 0.07125956 0.09427712
 0.08879423 0.07963765 0.0924207  0.09013466 0.07985618 0.08253504
 0.09701248 0.12173152 0.09624983 0.07770396 0.11635503 0.09920095]","[0.01890024 0.04114781 0.07104345 0.14933906 0.21821047 0.26603461
 0.32555573 0.36000901 0.40136371 0.4436858  0.4833285  0.5320388
 0.57359105 0.60754926 0.64381983 0.67592401 0.70180348 0.72641514
 0.75295628 0.78302929 0.80391269 0.81914945 0.84019232 0.85604539]",,1986.0,24
1,insanity,Arizona,[1975 1976 1977 1978 1979 1980 1981 1982 1983 1984 1985 1986],"[0.02702289 0.02577407 0.02717574 0.04023666 0.02863628 0.02435089
 0.05222678 0.06649358 0.12317783 0.12317783 0.12317783 0.12317783]","[0.02702289 0.05210047 0.07786034 0.11496416 0.1403083  0.16124256
 0.20504816 0.25790735 0.34931672 0.42946648 0.49974356 0.56136407]",1983.0,1986.0,12
1,insanity,Arkansas,"[1975 1976 1977 1978 1979 1980 1981 1982 1983 1984 1985 1986 1987 1988
 1989 1990 1991 1992 1993 1994 1995 1996 1997 1998]","[0.02297341 0.00504283 0.03803557 0.01026054 0.05077492 0.00634795
 0.05442504 0.00813773 0.06178902 0.01357201 0.07781731 0.02484445
 0.06453426 0.01252198 0.05725709 0.01892313 0.09808459 0.01734428
 0.0994706  0.03075954 0.14590366 0.02548498 0.10358419 0.02735918]","[0.02297341 0.02790039 0.06487475 0.07446964 0.12146337 0.12704028
 0.17455114 0.18126842 0.23185705 0.24228229 0.30124584 0.318606
 0.36257926 0.37056103 0.40660087 0.41782984 0.47493176 0.48403869
 0.53536167 0.54965373 0.6153609  0.62516342 0.66399057 0.67318351]",,1993.0,24
1,insanity,California,[1975 1976 1977 1978 1979 1980 1981 1982 1983 1984 1985 1986],"[0.05954804 0.05537313 0.06400801 0.04254226 0.04797968 0.06337572
 0.05587749 0.05879334 0.05879334 0.05879334 0.05879334 0.05879334]","[0.05954804 0.11162381 0.168487   0.20386144 0.24205991 0.29009491
 0.32976262 0.36916811 0.40625682 0.44116497 0.47402074 0.50494482]",1982.0,1986.0,12
1,insanity,Colorado,[1975 1976 1977 1978 1979 1980 1981 1982 1983 1984 1985],"[0.04142081 0.03826696 0.04570814 0.04975698 0.04742046 0.03718264
 0.06547182 0.0624691  0.09759292 0.15832075 0.15832075]","[0.04142081 0.07810273 0.12024094 0.16401509 0.20365788 0.23326799
 0.28346732 0.32822848 0.39378862 0.48976446 0.57054533]",1984.0,1985.0,11
1,insanity,Connecticut,"[1975 1976 1977 1978 1979 1980 1981 1982 1983 1984 1985 1986 1987 1988
 1989 1990 1991 1992 1993 1994]","[0.02942944 0.05082732 0.04982159 0.02208508 0.04087887 0.06152424
 0.05419353 0.02884293 0.02884293 0.02884293 0.02884293 0.02884293
 0.02884293 0.02884293 0.02884293 0.02884293 0.02884293 0.02884293
 0.02884293 0.02884293]","[0.02942944 0.07876094 0.12465854 0.14399052 0.17898322 0.22949566
 0.27125201 0.29227123 0.3126842  0.3325084  0.35176081 0.37045793
 0.38861577 0.40624988 0.42337537 0.44000691 0.45615875 0.47184473
 0.48707827 0.50187243]",1982.0,1994.0,20
1,insanity,Delaware,"[1975 1976 1977 1978 1979 1980 1981 1982 1983 1984 1985 1986 1987 1988
 1989 1990 1991 1992 1993]","[0.04536708 0.03989981 0.04449346 0.05538794 0.04729477 0.04642765
 0.0331525  0.03310095 0.03310095 0.03310095 0.03310095 0.03310095
 0.03310095 0.03310095 0.03310095 0.03310095 0.03310095 0.03310095
 0.03310095]","[0.04536708 0.08345675 0.12423693 0.17274364 0.21186854 0.24845963
 0.27337507 0.29742704 0.32068288 0.34316892 0.36491065 0.38593271
 0.40625892 0.42591232 0.44491517 0.463289   0.48105465 0.49823223
 0.51484122]",1982.0,1993.0,19
1,insanity,Florida,"[1975 1976 1977 1978 1979 1980 1981 1982 1983 1984 1985 1986 1987 1988
 1989 1990 1991 1992 1993 1994 1995 1996 1997 1998]","[0.02854114 0.03017911 0.03505688 0.15479873 0.14476092 0.11738622
 0.14834356 0.11420369 0.12847504 0.15711698 0.1732287  0.15802331
 0.14508283 0.16167458 0.13156945 0.12763893 0.13850856 0.13171405
 0.12856214 0.18746605 0.19781315 0.18213509 0.16270248 0.18348796]","[0.02854114 0.05785891 0.09088744 0.2316169  0.34284875 0.41998925
 0.50603011 0.56244329 0.61865841 0.67857365 0.73425392 0.77624799
 0.80871057 0.8396372  0.86073605 0.87851155 0.89533874 0.9091241
 0.9208073  0.93565324 0.94838188 0.95778335 0.9646521  0.97113802]",,1981.0,24
1,insanity,Georgia,"[1975 1976 1977 1978 1979 1980 1981 1982 1983 1984 1985 1986 1987 1988
 1989 1990 1991 1992]","[0.01862687 0.02325152 0.02615317 0.0428998  0.0428998  0.0428998
 0.0428998  0.0428998  0.0428998  0.0428998  0.0428998  0.0428998
 0.0428998  0.0428998  0.0428998  0.0428998  0.0428998  0.0428998 ]","[0.01862687 0.04144528 0.06651453 0.10656087 0.14488923 0.18157331
 0.21668365 0.25028777 0.28245027 0.31323302 0.34269518 0.37089343
 0.39788197 0.42371272 0.44843533 0.47209734 0.49474426 0.51641963]",1978.0,1992.0,18
1,insanity,Idaho,"[1975 1976 1977 1978 1979 1980 1981 1982 1983 1984 1985 1986 1987 1988
 1989 1990 1991]","[0.0262008  0.02356885 0.03172436 0.04982303 0.04407195 0.0426026
 0.06065413 0.04221329 0.04221329 0.04221329 0.04221329 0.04221329
 0.04221329 0.04221329 0.04221329 0.04221329 0.04221329]","[0.0262008  0.04915213 0.07931716 0.12518837 0.16374302 0.19936974
 0.24793127 0.27967857 0.3100857  0.33920926 0.36710341 0.39382006
 0.41940891 0.44391757 0.46739164 0.48987479 0.51140885]",1982.0,1991.0,17
1,insanity,Illinois,[1975 1976 1977 1978 1979 1980 1981 1982 1983],"[0.08990623 0.06618592 0.07773468 0.055597   0.05898127 0.07348895
 0.10235762 0.10235762 0.10235762]","[0.08990623 0.15014163 0.2162051  0.25978174 0.30344075 0.35463016
 0.42068868 0.47998561 0.53321304]",1981.0,1983.0,9
1,insanity,Indiana,[1975 1976 1977 1978 1979 1980 1981],"[0.09422768 0.06356504 0.08045187 0.10976088 0.10405645 0.06797854
 0.15858433]","[0.09422768 0.15180314 0.22004216 0.30565102 0.37790251 0.42019179
 0.51214029]",1981.0,1981.0,7
1,insanity,Iowa,[1975 1976 1977 1978 1979 1980 1981 1982 1983 1984],"[0.05562696 0.04699913 0.06038772 0.03787299 0.04774778 0.05130448
 0.07254679 0.04280643 0.10607725 0.14631335]","[0.05562696 0.10001167 0.15435991 0.18638683 0.22523505 0.26498396
 0.31830701 0.34748786 0.41670455 0.50204846]",1984.0,1984.0,10
1,insanity,Kansas,"[1975 1976 1977 1978 1979 1980 1981 1982 1983 1984 1985 1986 1987 1988
 1989 1990 1991 1992 1993 1994 1995 1996]","[0.03695264 0.02836569 0.03646437 0.05508648 0.04471475 0.03033972
 0.04786024 0.03988854 0.03252437 0.10883312 0.11144465 0.10747457
 0.14215989 0.1209843  0.15294123 0.13252212 0.16106981 0.11699589
 0.15830962 0.20048583 0.15048575 0.14765975]","[0.03695264 0.06427015 0.09839095 0.14805741 0.18615181 0.21084374
 0.24861295 0.27858468 0.30204826 0.37800853 0.44732615 0.50672454
 0.57684852 0.62804321 0.68493073 0.72668438 0.77070727 0.79753358
 0.82958596 0.86375156 0.88425501 0.90134589]",1996.0,1986.0,22
1,insanity,Kentucky,[1975 1976 1977 1978 1979 1980 1981 1982 1983 1984],"[0.00780383 0.04264197 0.01329941 0.08654023 0.01646303 0.06245872
 0.02960618 0.15800245 0.15800245 0.15800245]","[0.00780383 0.05011303 0.06274597 0.14385614 0.15795086 0.21054418
 0.23391695 0.35495995 0.45687786 0.54269249]",1982.0,1984.0,10
1,insanity,Louisiana,[1975 1976 1977 1978 1979 1980 1981 1982 1983 1984 1985 1986 1987],"[0.02028537 0.02136158 0.02749257 0.0449735  0.03701527 0.02836421
 0.04223765 0.03169618 0.06520615 0.0808932  0.09711886 0.11232574
 0.11232574]","[0.02028537 0.04121363 0.06757313 0.10950763 0.14246945 0.16679262
 0.20198535 0.22727936 0.2776655  0.33609745 0.40057491 0.46790578
 0.52767366]",1986.0,1987.0,13
1,insanity,Maine,[1975 1976 1977 1978 1979 1980 1981 1982],"[0.02617914 0.00905788 0.02999159 0.03203935 0.03263497 0.33753579
 0.25197099 0.27205777]","[0.02617914 0.03499989 0.06394177 0.09393247 0.12350195 0.41935142
 0.56565801 0.68382413]",1982.0,1981.0,8
1,insanity,Maryland,[1975 1976 1977 1978 1979 1980 1981 1982 1983],"[0.06310326 0.06767308 0.10233097 0.04848086 0.06000623 0.08277836
 0.05301514 0.11624611 0.1920516 ]","[0.06310326 0.12650595 0.21589144 0.25390571 0.29867601 0.35673046
 0.39083349 0.46164672 0.56503833]",1983.0,1983.0,9
1,insanity,Massachusetts,"[1975 1976 1977 1978 1979 1980 1981 1982 1983 1984 1985 1986 1987 1988
 1989 1990 1991 1992 1993 1994 1995 1996 1997 1998]","[0.01636901 0.02850323 0.02109047 0.01164959 0.01972657 0.04519912
 0.04401695 0.04228893 0.11827021 0.1226032  0.08034412 0.07504708
 0.0591859  0.05860512 0.0622321  0.06125339 0.07827297 0.07649208
 0.12993622 0.18532146 0.19778279 0.13973173 0.09400815 0.11850065]","[0.01636901 0.04440568 0.06455961 0.07545711 0.09369517 0.13465935
 0.17274901 0.20773257 0.3014342  0.3870806  0.43632507 0.47862723
 0.50948515 0.53823183 0.56696863 0.59349327 0.62531176 0.65397244
 0.69893396 0.75472796 0.80323855 0.83073236 0.8466449  0.86481758]",,1987.0,24
1,insanity,Michigan,[1975 1976 1977 1978 1979 1980 1981 1982 1983 1984 1985 1986 1987 1988],"[0.04995962 0.04995962 0.04995962 0.04995962 0.04995962 0.04995962
 0.04995962 0.04995962 0.04995962 0.04995962 0.04995962 0.04995962
 0.04995962 0.04995962]","[0.04995962 0.09742327 0.14251566 0.18535524 0.22605458 0.2647206
 0.30145488 0.33635392 0.36950942 0.40100849 0.43093388 0.4593642
 0.48637416 0.51203471]",1975.0,1988.0,14
1,insanity,Minnesota,[1975 1976 1977 1978 1979 1980 1981 1982 1983 1984 1985],"[0.0472729  0.05321834 0.07632762 0.04836359 0.03361847 0.05068834
 0.04305249 0.03479846 0.0800005  0.13742984 0.20662276]","[0.0472729  0.09797546 0.16682484 0.20712018 0.23377559 0.27261424
 0.30393    0.32815217 0.38190033 0.46684567 0.57700749]",1985.0,1985.0,11
1,insanity,Mississippi,"[1975 1976 1977 1978 1979 1980 1981 1982 1983 1984 1985 1986 1987 1988
 1989 1990 1991 1992 1993 1994 1995 1996 1997 1998]","[0.01378804 0.01706188 0.01803515 0.03263852 0.0243759  0.02100819
 0.0349658  0.03256715 0.02863773 0.03173743 0.03794907 0.07103634
 0.07503496 0.07183185 0.08670999 0.08899171 0.07507188 0.08130698
 0.08314167 0.10974688 0.05344172 0.05789624 0.07462228 0.06498128]","[0.01378804 0.03061467 0.04809769 0.07916637 0.10161252 0.12048601
 0.15123892 0.17888065 0.20239564 0.22770955 0.25701726 0.30979604
 0.36158546 0.40744396 0.45882449 0.50698462 0.54399621 0.5810725
 0.61590283 0.6580563  0.67633036 0.69506962 0.71782422 0.73616036]",,1990.0,24
1,insanity,Missouri,"[1975 1976 1977 1978 1979 1980 1981 1982 1983 1984 1985 1986 1987 1988
 1989 1990 1991 1992 1993 1994 1995 1996 1997 1998]","[0.03689457 0.02740818 0.04499145 0.04885312 0.06396369 0.04647205
 0.0774331  0.08104835 0.0855317  0.13714383 0.13154451 0.11398238
 0.0829936  0.07569769 0.09378295 0.08381431 0.09194906 0.06522071
 0.09494045 0.19616406 0.18524444 0.18640614 0.1779478  0.23511728]","[0.03689457 0.06329154 0.10543541 0.14913768 0.20356197 0.24057408
 0.29937878 0.35616298 0.41123145 0.49197743 0.558805   0.60909346
 0.6415362  0.66867109 0.69974409 0.72490983 0.75020411 0.76649598
 0.78866496 0.8301213  0.86159038 0.88739078 0.90742935 0.92919431]",,1985.0,24
1,insanity,Montana,"[1975 1976 1977 1978 1979 1980 1981 1982 1983 1984 1985 1986 1987 1988
 1989 1990 1991 1992 1993]","[0.05184795 0.04435768 0.05072827 0.00894046 0.03500933 0.03500933
 0.03500933 0.03500933 0.03500933 0.03500933 0.03500933 0.03500933
 0.03500933 0.03500933 0.03500933 0.03500933 0.03500933 0.03500933
 0.03500933]","[0.05184795 0.09390577 0.13987037 0.14756032 0.17740366 0.2062022
 0.23399252 0.26080993 0.28668847 0.31166103 0.33575931 0.35901393
 0.38145442 0.40310928 0.42400602 0.44417118 0.46363038 0.48240831
 0.50052885]",1979.0,1993.0,19
1,insanity,Nevada,"[1975 1976 1977 1978 1979 1980 1981 1982 1983 1984 1985 1986 1987 1988
 1989 1990 1991 1992 1993 1994 1995]","[0.03231255 0.00577871 0.03332189 0.00921234 0.0334954  0.00508364
 0.03649901 0.01522375 0.28451506 0.11718998 0.33247469 0.09484958
 0.24714145 0.09534399 0.32803784 0.10071131 0.33756131 0.08403221
 0.3413062  0.11284852 0.40330504]","[0.03231255 0.03790453 0.06996337 0.07853118 0.10939615 0.11392366
 0.14626457 0.15926163 0.39846435 0.4689583  0.64551623 0.67913887
 0.75843695 0.78146854 0.85315513 0.86794407 0.91252104 0.91987209
 0.94722024 0.95317636 0.97206057]",1995.0,1985.0,21
1,insanity,New Hampshire,"[1975 1976 1977 1978 1979 1980 1981 1982 1983 1984 1985 1986 1987 1988
 1989 1990 1991 1992 1993 1994 1995 1996 1997 1998 1999]","[0.03128158 0.00699418 0.05060513 0.01009095 0.05085832 0.00743026
 0.00743026 0.00743026 0.00743026 0.00743026 0.00743026 0.00743026
 0.00743026 0.00743026 0.00743026 0.00743026 0.00743026 0.00743026
 0.00743026 0.00743026 0.00743026 0.00743026 0.00743026 0.00743026
 0.00743026]","[0.03128158 0.03805696 0.08673622 0.09595192 0.14193029 0.14830597
 0.15463427 0.16091556 0.16715018 0.17333847 0.17948077 0.18557745
 0.19162882 0.19763522 0.203597   0.20951448 0.21538799 0.22121786
 0.22700442 0.23274797 0.23844886 0.24410738 0.24972386 0.2552986
 0.26083193]",1980.0,,25
1,insanity,New Jersey,"[1975 1976 1977 1978 1979 1980 1981 1982 1983 1984 1985 1986 1987 1988
 1989 1990 1991 1992 1993 1994 1995 1996 1997 1998]","[0.03247319 0.04191918 0.0371768  0.02384673 0.02943641 0.03651615
 0.033328   0.04967243 0.13249218 0.26017966 0.19965226 0.15819996
 0.13908931 0.14934183 0.18281662 0.21629214 0.21563725 0.16082822
 0.18356775 0.3513752  0.3011507  0.24237502 0.18635087 0.29938163]","[0.03247319 0.07303111 0.10749285 0.12877623 0.15442193 0.18529918
 0.21245153 0.25157098 0.35073197 0.5196583  0.61555961 0.67637806
 0.72139041 0.76299848 0.8063263  0.8482164  0.88094659 0.90009374
 0.91843331 0.94709382 0.96302655 0.97198799 0.97720806 0.98403154]",,1984.0,24
1,insanity,New Mexico,"[1975 1976 1977 1978 1979 1980 1981 1982 1983 1984 1985 1986 1987 1988
 1989 1990 1991 1992 1993 1994 1995 1996 1997]","[0.02019835 0.01992633 0.01781975 0.03219937 0.02519559 0.02010836
 0.03243564 0.03243564 0.03243564 0.03243564 0.03243564 0.03243564
 0.03243564 0.03243564 0.03243564 0.03243564 0.03243564 0.03243564
 0.03243564 0.03243564 0.03243564 0.03243564 0.03243564]","[0.02019835 0.0397222  0.05683411 0.08720345 0.1102019  0.12809428
 0.1563751  0.18373861 0.21021457 0.23583177 0.26061806 0.28460038
 0.30780483 0.33025662 0.35198018 0.37299911 0.39333629 0.41301381
 0.43205309 0.45047481 0.46829901 0.48554507 0.50223175]",1981.0,1997.0,23
1,insanity,New York,[1975 1976 1977 1978 1979 1980 1981 1982 1983 1984 1985 1986],"[0.03668934 0.04640528 0.04169231 0.02212627 0.0249103  0.03438882
 0.0338535  0.04271941 0.12895868 0.11278841 0.11278841 0.11278841]","[0.03668934 0.08139205 0.11969094 0.13916889 0.16061246 0.189478
 0.21691701 0.25036985 0.34704117 0.42068735 0.4860271  0.54399729]",1984.0,1986.0,12
1,insanity,North Carolina,"[1975 1976 1977 1978 1979 1980 1981 1982 1983 1984 1985 1986 1987 1988
 1989 1990 1991 1992 1993 1994 1995 1996 1997 1998]","[0.02333809 0.02422806 0.03139623 0.09081588 0.07626425 0.05404591
 0.09621307 0.0580847  0.07713928 0.13330953 0.11400026 0.16121022
 0.13699514 0.12532158 0.15258916 0.17677454 0.13126256 0.12852735
 0.15699953 0.22468026 0.20181382 0.17177401 0.17512503 0.22163502]","[0.02333809 0.04700071 0.07692129 0.1607515  0.22475615 0.26665492
 0.3372123  0.37571012 0.42386739 0.50067136 0.55759496 0.62891517
 0.67975198 0.71988597 0.76262834 0.8045896  0.83023967 0.85205852
 0.87528526 0.9033062  0.92282035 0.9360778  0.94727218 0.95895851]",,1984.0,24
1,insanity,North Dakota,[1975 1976 1977 1978 1979 1980 1981 1982 1983 1984 1985 1986],"[0.03589007 0.00637881 0.03817054 0.01200962 0.10530452 0.01916508
 0.05955313 0.01175161 0.08386406 0.01557331 0.18528327 0.18528327]","[0.03589007 0.04203995 0.0786058  0.0896714  0.18553311 0.20114244
 0.24871691 0.25754569 0.31981093 0.33040372 0.45446871 0.55554653]",1985.0,1986.0,12
1,insanity,Ohio,"[1975 1976 1977 1978 1979 1980 1981 1982 1983 1984 1985 1986 1987 1988
 1989 1990 1991 1992 1993 1994 1995 1996 1997 1998]","[0.08027679 0.06906004 0.14297322 0.1071332  0.11936881 0.12693549
 0.20162958 0.25400154 0.37508051 0.37446625 0.38907577 0.3083222
 0.27707458 0.24544525 0.26810324 0.24537572 0.2369253  0.2127202
 0.27919247 0.38751019 0.40665203 0.35973535 0.32124934 0.37869351]","[0.08027679 0.14379292 0.2662076  0.34482113 0.42302905 0.49626714
 0.59783458 0.69998522 0.81251491 0.88272175 0.92835188 0.95044258
 0.96417368 0.97296708 0.9802147  0.98506953 0.98860694 0.99103047
 0.9935347  0.99604007 0.99765038 0.99849562 0.9989789  0.99936559]",,1981.0,24
1,insanity,Oklahoma,"[1975 1976 1977 1978 1979 1980 1981 1982 1983 1984 1985 1986 1987 1988
 1989 1990 1991 1992 1993 1994 1995 1996 1997 1998]","[0.02358405 0.02055169 0.02239898 0.03854003 0.03452014 0.03072819
 0.06608344 0.04444913 0.07196397 0.10314481 0.10339105 0.11441036
 0.14899528 0.12111548 0.14358401 0.12576316 0.15790637 0.11695844
 0.16236111 0.17218469 0.09939288 0.10478073 0.16415215 0.13917377]","[0.02358405 0.04365106 0.06507229 0.10110443 0.13213443 0.15880237
 0.2143916  0.24931122 0.30333376 0.37519127 0.4397909  0.50388462
 0.57780347 0.62893801 0.68221658 0.72218203 0.76605125 0.79341353
 0.82695514 0.85675082 0.87098877 0.88450666 0.90346514 0.91690026]",,1986.0,24
1,insanity,Oregon,[1975 1976 1977 1978 1979 1980 1981 1982 1983 1984 1985],"[0.03603618 0.06007509 0.04356018 0.03037712 0.03215665 0.03832812
 0.03210896 0.07167535 0.13188435 0.13188435 0.13188435]","[0.03603618 0.09394639 0.13341425 0.15973863 0.18675863 0.21792864
 0.24304014 0.29729551 0.38997123 0.47042448 0.54026721]",1983.0,1985.0,11
1,insanity,Pennsylvania,[1975 1976 1977 1978 1979 1980 1981 1982 1983 1984],"[0.05350017 0.05733053 0.09646233 0.06219031 0.06260249 0.084685
 0.06114381 0.06514395 0.12024259 0.12024259]","[0.05350017 0.1077635  0.19383072 0.24396663 0.29129621 0.35131279
 0.390976   0.43065023 0.49911032 0.55933859]",1983.0,1984.0,10
1,insanity,Rhode Island,"[1975 1976 1977 1978 1979 1980 1981 1982 1983 1984 1985 1986 1987 1988
 1989 1990 1991 1992 1993 1994 1995 1996 1997 1998]","[0.02072492 0.02946895 0.04517627 0.01606432 0.02043796 0.02043796
 0.02043796 0.02043796 0.02043796 0.02043796 0.02043796 0.02043796
 0.02043796 0.02043796 0.02043796 0.02043796 0.02043796 0.02043796
 0.02043796 0.02043796 0.02043796 0.02043796 0.02043796 0.02043796]","[0.02072492 0.04958313 0.09251942 0.10709748 0.12534659 0.14322272
 0.1607335  0.17788639 0.19468871 0.21114763 0.22727016 0.24306319
 0.25853343 0.27368749 0.28853184 0.30307279 0.31731656 0.33126922
 0.34493671 0.35832487 0.3714394  0.38428589 0.39686983 0.40919658]",1979.0,,24
1,insanity,South Carolina,[1975 1976 1977 1978 1979 1980 1981 1982 1983 1984],"[0.02216912 0.02441664 0.02928274 0.16149102 0.12733092 0.10227879
 0.13810924 0.10060923 0.11416309 0.11403528]","[0.02216912 0.04604446 0.0739789  0.22352299 0.32239252 0.3916974
 0.47570961 0.52845806 0.58229075 0.62992434]",1984.0,1982.0,10
1,insanity,South Dakota,[1975 1976 1977 1978 1979 1980 1981 1982 1983 1984 1985 1986 1987 1988],"[0.05175026 0.03995485 0.04289544 0.0321154  0.04137782 0.04923285
 0.06981966 0.05794211 0.05649649 0.05649649 0.05649649 0.05649649
 0.05649649 0.05649649]","[0.05175026 0.08963744 0.12868784 0.15667038 0.19156552 0.23136705
 0.28503274 0.32645945 0.36451212 0.40041496 0.43428941 0.46625007
 0.49640507 0.52485641]",1983.0,1988.0,14
1,insanity,Tennessee,"[1975 1976 1977 1978 1979 1980 1981 1982 1983 1984 1985 1986 1987 1988
 1989 1990 1991 1992 1993 1994 1995 1996 1997 1998]","[0.03158248 0.03078764 0.0400946  0.07847694 0.07216081 0.05391751
 0.07610954 0.07724082 0.07353842 0.08100666 0.08976167 0.06997287
 0.05994166 0.06130888 0.06351439 0.0648967  0.0702636  0.06031956
 0.08296416 0.14065677 0.10753224 0.08897831 0.12384789 0.10377475]","[0.03158248 0.06139777 0.09903065 0.16973597 0.2296485  0.27118393
 0.32665379 0.3786636  0.4243557  0.47098672 0.51847183 0.55216574
 0.57900967 0.60482012 0.62991973 0.65393672 0.67825237 0.69766005
 0.72274343 0.76174144 0.78736192 0.8062821  0.83027365 0.84788696]",,1985.0,24
1,insanity,Texas,"[1975 1976 1977 1978 1979 1980 1981 1982 1983 1984 1985 1986 1987 1988
 1989]","[0.02702063 0.00565442 0.03251921 0.01186213 0.03990335 0.00697367
 0.08334853 0.0117977  0.07419455 0.07419455 0.07419455 0.07419455
 0.07419455 0.07419455 0.07419455]","[0.02702063 0.03252227 0.06398388 0.07508702 0.11199415 0.11818681
 0.19168464 0.2012209  0.26048596 0.31535387 0.36615088 0.41317903
 0.45671795 0.49702652 0.53434441]",1983.0,1989.0,15
1,insanity,Utah,"[1975 1976 1977 1978 1979 1980 1981 1982 1983 1984 1985 1986 1987 1988
 1989]","[0.03692263 0.02216259 0.02445492 0.03524779 0.02777148 0.01728003
 0.04973699 0.05425769 0.06653879 0.06653879 0.06653879 0.06653879
 0.06653879 0.06653879 0.06653879]","[0.03692263 0.05826692 0.08129692 0.11367918 0.13829362 0.15318393
 0.19530202 0.23896307 0.28960155 0.3368706  0.38099443 0.42218231
 0.4606296  0.49651865 0.53001969]",1983.0,1989.0,15
1,insanity,Virginia,"[1975 1976 1977 1978 1979 1980 1981 1982 1983 1984 1985 1986 1987 1988
 1989 1990 1991 1992 1993 1994 1995 1996 1997 1998]","[0.01966467 0.01997085 0.03553447 0.07098475 0.05729149 0.05064488
 0.04093096 0.05721433 0.12611485 0.14733385 0.14586894 0.15826104
 0.20164615 0.18969069 0.21707048 0.20593465 0.21288228 0.17220957
 0.1911514  0.27506568 0.25664983 0.21759347 0.19848314 0.24287295]","[0.01966467 0.0392428  0.0733828  0.13915849 0.18847738 0.22957685
 0.261111   0.30338604 0.39123941 0.48093045 0.55664658 0.62681215
 0.70206404 0.75857972 0.81098493 0.84990969 0.88186125 0.90220588
 0.92089936 0.94265723 0.95737424 0.96664933 0.97326888 0.97976114]",,1985.0,24
1,insanity,Washington,"[1975 1976 1977 1978 1979 1980 1981 1982 1983 1984 1985 1986 1987 1988
 1989 1990 1991 1992 1993 1994 1995 1996 1997 1998]","[0.03401163 0.01145914 0.05393383 0.00885691 0.03807458 0.00639078
 0.04670043 0.10561155 0.35213994 0.30257673 0.30448426 0.25970193
 0.17112055 0.15409349 0.20344284 0.23287898 0.20802186 0.15950094
 0.28183665 0.4037812  0.35976268 0.34007969 0.31628456 0.39042524]","[0.03401163 0.04508103 0.09658347 0.10458495 0.1386775  0.14418202
 0.18414909 0.27031237 0.52726453 0.67030328 0.77069074 0.8302428
 0.85929175 0.88097397 0.90518897 0.92726846 0.94239821 0.95158575
 0.96523066 0.97926987 0.9867278  0.9912414  0.99401161 0.99634963]",1998.0,1983.0,24
1,insanity,West Virginia,[1975 1976 1977 1978 1979 1980 1981 1982 1983 1984 1985 1986],"[0.04783233 0.0461168  0.06353564 0.06353564 0.06353564 0.06353564
 0.06353564 0.06353564 0.06353564 0.06353564 0.06353564 0.06353564]","[0.04783233 0.09174326 0.14944993 0.20349017 0.25409693 0.30148835
 0.34586873 0.38742938 0.42634944 0.4627967  0.49692825 0.52889123]",1977.0,1986.0,12
1,insanity,Wisconsin,"[1975 1976 1977 1978 1979 1980 1981 1982 1983 1984 1985 1986 1987 1988
 1989 1990 1991 1992 1993 1994 1995 1996 1997 1998]","[0.08650484 0.09467558 0.10563008 0.05886013 0.06307704 0.08871401
 0.14382988 0.11347112 0.16335312 0.25887182 0.32630848 0.33449071
 0.23988878 0.18041827 0.24743994 0.22851414 0.22163016 0.18476423
 0.19700624 0.2933386  0.34943953 0.31191003 0.27861118 0.32276898]","[0.08650484 0.17299052 0.2603476  0.30388363 0.34779259 0.40565253
 0.49113745 0.54887865 0.62257074 0.72027654 0.81155267 0.87458655
 0.90467183 0.92187077 0.94120307 0.954639   0.96469236 0.97121595
 0.97688659 0.98366664 0.98937416 0.99268847 0.99472554 0.99642797]",,1982.0,24
1,insanity,Wyoming,[1975 1976 1977 1978 1979 1980 1981 1982 1983 1984 1985],"[0.022185   0.02603612 0.02851544 0.05580287 0.06056729 0.04596309
 0.05842995 0.064546   0.10249327 0.25496176 0.24300915]","[0.022185   0.04764351 0.07480038 0.12642917 0.17933898 0.2170591
 0.2628063  0.3103892  0.38106966 0.53887323 0.65093126]",1985.0,1984.0,11
1,rightdie,Alabama,"[1976 1977 1978 1979 1980 1981 1982 1983 1984 1985 1986 1987 1988 1989
 1990]","[0.00865072 0.00874618 0.00595066 0.00715032 0.02639123 0.0400085
 0.0249822  0.03764855 0.0676434  0.076092   0.09473639 0.0765442
 0.08668918 0.08668918 0.08668918]","[0.00865072 0.01732125 0.02316884 0.0301535  0.05574894 0.09352701
 0.1161727  0.14944752 0.20698178 0.26732412 0.33673519 0.38750426
 0.44060102 0.48909486 0.53338481]",,1990.0,15
1,rightdie,Arizona,"[1976 1977 1978 1979 1980 1981 1982 1983 1984 1985 1986 1987 1988 1989
 1990 1991 1992 1993 1994]","[0.00985186 0.00760072 0.00485323 0.0042921  0.01027635 0.01608053
 0.0131959  0.04758731 0.0640885  0.05792822 0.05704531 0.04921156
 0.04921156 0.04921156 0.04921156 0.04921156 0.04921156 0.04921156
 0.04921156]","[0.00985186 0.0173777  0.0221466  0.02634364 0.03634927 0.05184529
 0.06435704 0.10888177 0.16599221 0.21430479 0.25912502 0.29558463
 0.33025001 0.36320945 0.39454691 0.4243422  0.45267122 0.47960612
 0.50521552]",1987.0,1994.0,19
1,rightdie,Arkansas,"[1976 1977 1978 1979 1980 1981 1982 1983 1984 1985 1986 1987 1988 1989
 1990 1991 1992 1993 1994 1995 1996 1997 1998 1999 2000 2001 2002 2003
 2004 2005 2006 2007]","[0.00190256 0.01072431 0.00120452 0.00776067 0.00265064 0.03184971
 0.00388974 0.02468697 0.00495414 0.03622597 0.00655302 0.03368908
 0.01190234 0.01190234 0.01190234 0.01190234 0.01190234 0.01190234
 0.01190234 0.01190234 0.01190234 0.01190234 0.01190234 0.01190234
 0.01190234 0.01190234 0.01190234 0.01190234 0.01190234 0.01190234
 0.01190234 0.01190234]","[0.00190256 0.01260646 0.01379579 0.0214494  0.02404318 0.05512712
 0.05880243 0.08203774 0.08658546 0.11967479 0.12544358 0.15490658
 0.16496517 0.17490404 0.18472461 0.1944283  0.20401649 0.21349056
 0.22285186 0.23210174 0.24124153 0.25027253 0.25919604 0.26801334
 0.2767257  0.28533436 0.29384055 0.3022455  0.31055041 0.31875648
 0.32686487 0.33487675]",,,32
1,rightdie,California,"[1976 1977 1978 1979 1980 1981 1982 1983 1984 1985 1986 1987 1988 1989
 1990 1991 1992 1993 1994 1995 1996 1997 1998 1999]","[0.02157064 0.01840416 0.01279861 0.01406477 0.02737821 0.04005699
 0.02887226 0.03235373 0.03235373 0.03235373 0.03235373 0.03235373
 0.03235373 0.03235373 0.03235373 0.03235373 0.03235373 0.03235373
 0.03235373 0.03235373 0.03235373 0.03235373 0.03235373 0.03235373]","[0.02157064 0.03957781 0.05186988 0.06520511 0.09079812 0.12721802
 0.15241721 0.17983968 0.20637492 0.23205166 0.25689766 0.28093979
 0.30420407 0.32671567 0.34849893 0.36957742 0.38997395 0.40971057
 0.42880864 0.44728881 0.46517108 0.48247479 0.49921867 0.51542081]",1983.0,1999.0,24
1,rightdie,Colorado,"[1976 1977 1978 1979 1980 1981 1982 1983 1984 1985 1986 1987 1988 1989
 1990 1991 1992 1993 1994]","[0.01474393 0.01296186 0.00789648 0.00929176 0.01581168 0.03126344
 0.02224237 0.03055001 0.03569588 0.0372681  0.03810995 0.04575725
 0.05650132 0.05650132 0.05650132 0.05650132 0.05650132 0.05650132
 0.05650132]","[0.01474393 0.02751469 0.0351939  0.04415865 0.05927211 0.0886825
 0.10895235 0.13617387 0.1670089  0.19805289 0.22861506 0.26391151
 0.30550149 0.34474157 0.38176454 0.41669566 0.44965313 0.48074846
 0.51008686]",,1994.0,19
1,rightdie,Connecticut,[1976 1977 1978 1979 1980 1981 1982 1983 1984 1985 1986 1987 1988],"[0.03658582 0.05710506 0.04224896 0.06494166 0.05678002 0.0920164
 0.04984766 0.07851567 0.06942709 0.06113413 0.03967161 0.06034269
 0.07716593]","[0.03658582 0.09160165 0.12998054 0.18648104 0.23267266 0.30327937
 0.33800926 0.3899859  0.43233741 0.46704097 0.48818431 0.51906865
 0.55618016]",,1987.0,13
1,rightdie,Delaware,"[1976 1977 1978 1979 1980 1981 1982 1983 1984 1985 1986 1987 1988 1989
 1990 1991 1992 1993]","[0.03281981 0.02697053 0.01459296 0.01922851 0.04279624 0.04279624
 0.04279624 0.04279624 0.04279624 0.04279624 0.04279624 0.04279624
 0.04279624 0.04279624 0.04279624 0.04279624 0.04279624 0.04279624]","[0.03281981 0.05890517 0.07263853 0.09047031 0.12939476 0.16665339
 0.20231748 0.23645529 0.26913213 0.30041052 0.33035032 0.35900881
 0.38644082 0.41269884 0.43783312 0.46189174 0.48492075 0.5069642 ]",1980.0,1993.0,18
1,rightdie,Florida,"[1976 1977 1978 1979 1980 1981 1982 1983 1984 1985 1986 1987 1988 1989
 1990 1991 1992 1993 1994 1995 1996 1997 1998 1999]","[0.01156795 0.00986253 0.00661594 0.00767715 0.01700135 0.01700135
 0.01700135 0.01700135 0.01700135 0.01700135 0.01700135 0.01700135
 0.01700135 0.01700135 0.01700135 0.01700135 0.01700135 0.01700135
 0.01700135 0.01700135 0.01700135 0.01700135 0.01700135 0.01700135]","[0.01156795 0.02131639 0.0277913  0.0352551  0.05165706 0.06778017
 0.08362917 0.09920871 0.11452337 0.12957767 0.14437603 0.15892279
 0.17322224 0.18727857 0.20109593 0.21467838 0.22802991 0.24115444
 0.25405584 0.2667379  0.27920434 0.29145884 0.303505   0.31534635]",1980.0,,24
1,rightdie,Georgia,"[1976 1977 1978 1979 1980 1981 1982 1983 1984 1985 1986 1987 1988 1989
 1990 1991 1992 1993 1994 1995 1996 1997]","[0.00887345 0.00730918 0.00518711 0.00524723 0.02063131 0.0343358
 0.02450438 0.02804091 0.0392055  0.0392055  0.0392055  0.0392055
 0.0392055  0.0392055  0.0392055  0.0392055  0.0392055  0.0392055
 0.0392055  0.0392055  0.0392055  0.0392055 ]","[0.00887345 0.01611778 0.02122128 0.02635716 0.04644468 0.07918577
 0.10174975 0.1269375  0.16116635 0.19405324 0.22565079 0.25600953
 0.28517805 0.313203   0.34012922 0.36599978 0.39085607 0.41473786
 0.43768336 0.45972926 0.48091084 0.50126199]",1984.0,1997.0,22
1,rightdie,Idaho,"[1976 1977 1978 1979 1980 1981 1982 1983 1984 1985 1986 1987 1988 1989
 1990 1991 1992 1993 1994 1995 1996 1997 1998 1999 2000 2001 2002 2003
 2004 2005 2006 2007]","[0.00899636 0.00890289 0.00606277 0.00455426 0.01240753 0.02027492
 0.01403663 0.01605708 0.01865628 0.01757193 0.01987511 0.01874356
 0.01970563 0.01970563 0.01970563 0.01970563 0.01970563 0.01970563
 0.01970563 0.01970563 0.01970563 0.01970563 0.01970563 0.01970563
 0.01970563 0.01970563 0.01970563 0.01970563 0.01970563 0.01970563
 0.01970563 0.01970563]","[0.00899636 0.01781916 0.0237739  0.02821988 0.04027727 0.05973557
 0.07293371 0.08781969 0.10483758 0.12056731 0.13804613 0.15420222
 0.1708692  0.18720774 0.20322433 0.2189253  0.23431687 0.24940514
 0.26419609 0.27869557 0.29290933 0.306843   0.3205021  0.33389203
 0.34701811 0.35988553 0.37249939 0.38486469 0.39698632 0.40886909
 0.4205177  0.43193676]",,,32
1,rightdie,Illinois,"[1976 1977 1978 1979 1980 1981 1982 1983 1984 1985 1986 1987 1988 1989
 1990 1991 1992 1993 1994 1995]","[0.01776943 0.01544123 0.01054469 0.01222759 0.02190367 0.03512425
 0.03102441 0.03494397 0.03136311 0.02891986 0.02562046 0.03045502
 0.05382325 0.05382325 0.05382325 0.05382325 0.05382325 0.05382325
 0.05382325 0.05382325]","[0.01776943 0.03293628 0.04313367 0.05483384 0.07553644 0.10800753
 0.13568107 0.1658838  0.19204428 0.21541025 0.23551181 0.25879431
 0.29868841 0.33643528 0.37215049 0.40594339 0.43791745 0.46817056
 0.49679535 0.52387946]",1988.0,1995.0,20
1,rightdie,Indiana,"[1976 1977 1978 1979 1980 1981 1982 1983 1984 1985 1986 1987 1988 1989
 1990 1991]","[0.01407248 0.01323388 0.00887994 0.0094054  0.01668146 0.02893925
 0.02985127 0.02734987 0.04461414 0.05043356 0.05732429 0.05681968
 0.0960949  0.0960949  0.0960949  0.0960949 ]","[0.01407248 0.02712013 0.03575925 0.04482833 0.06076198 0.08794283
 0.11516889 0.13936891 0.17776523 0.21923346 0.26399034 0.30581017
 0.37251827 0.43281606 0.48731954 0.53658552]",,1991.0,16
1,rightdie,Iowa,"[1976 1977 1978 1979 1980 1981 1982 1983 1984 1985 1986 1987 1988 1989
 1990 1991]","[0.01821    0.01821729 0.01040457 0.00961795 0.02200239 0.031734
 0.0240989  0.03002318 0.0403912  0.03177703 0.03620291 0.03996275
 0.09260343 0.09260343 0.09260343 0.09260343]","[0.01821    0.03609555 0.04612457 0.05529889 0.07608457 0.10540411
 0.12696288 0.15317423 0.18737854 0.21320124 0.24168564 0.27198997
 0.33940619 0.40057944 0.45608784 0.50645597]",,1991.0,16
1,rightdie,Kansas,"[1976 1977 1978 1979 1980 1981 1982 1983 1984 1985 1986 1987 1988 1989
 1990 1991 1992 1993 1994 1995 1996 1997 1998 1999]","[0.01086033 0.01026926 0.00673603 0.00679764 0.01284929 0.02318705
 0.01939028 0.01868234 0.01994886 0.02298829 0.02072018 0.01961387
 0.04230716 0.04230716 0.04230716 0.04230716 0.04230716 0.04230716
 0.04230716 0.04230716 0.04230716 0.04230716 0.04230716 0.04230716]","[0.01086033 0.02101806 0.02761251 0.03422246 0.04663201 0.0687378
 0.08679523 0.10385604 0.12173308 0.14192294 0.15970245 0.17618393
 0.21103725 0.24441602 0.27638263 0.30699682 0.33631581 0.3643944
 0.39128507 0.41703807 0.44170153 0.46532155 0.48794227 0.50960598]",,1999.0,24
1,rightdie,Kentucky,"[1976 1977 1978 1979 1980 1981 1982 1983 1984 1985 1986 1987 1988 1989
 1990 1991 1992 1993]","[0.01647566 0.00264379 0.00952952 0.00175254 0.01949243 0.0088282
 0.03307494 0.00648421 0.05226691 0.01056696 0.05500617 0.00941925
 0.08693784 0.08693784 0.08693784 0.08693784 0.08693784 0.08693784]","[0.01647566 0.01907589 0.02842363 0.03012636 0.04903155 0.05742688
 0.08860243 0.09451212 0.14183918 0.15090733 0.19761267 0.20517055
 0.27427131 0.3373646  0.39497269 0.44757246 0.49559932 0.53945083]",,1993.0,18
1,rightdie,Louisiana,"[1976 1977 1978 1979 1980 1981 1982 1983 1984 1985 1986 1987 1988 1989
 1990 1991 1992 1993 1994 1995 1996 1997 1998 1999 2000 2001 2002 2003
 2004 2005]","[0.00814245 0.00769114 0.00544823 0.00558895 0.01199854 0.02040094
 0.01534061 0.0178696  0.02115757 0.02887488 0.03172246 0.02367373
 0.02827897 0.02827897 0.02827897 0.02827897 0.02827897 0.02827897
 0.02827897 0.02827897 0.02827897 0.02827897 0.02827897 0.02827897
 0.02827897 0.02827897 0.02827897 0.02827897 0.02827897 0.02827897]","[0.00814245 0.01577097 0.02113327 0.02660411 0.03828344 0.05790336
 0.0723557  0.08893233 0.10820831 0.13395869 0.16143166 0.18128369
 0.20443614 0.22693387 0.24879538 0.27003867 0.29068122 0.31074002
 0.33023158 0.34917194 0.36757668 0.38546096 0.40283949 0.41972657
 0.4361361  0.45208159 0.46757616 0.48263255 0.49726317 0.51148005]",,2005.0,30
1,rightdie,Maine,"[1976 1977 1978 1979 1980 1981 1982 1983 1984 1985 1986 1987 1988 1989
 1990 1991 1992 1993 1994 1995 1996 1997 1998 1999 2000 2001 2002 2003
 2004 2005 2006]","[0.00443753 0.02373402 0.00881837 0.0119227  0.02029171 0.02611342
 0.02885565 0.02423039 0.01740492 0.02477358 0.01581888 0.01284315
 0.01284315 0.01284315 0.01284315 0.01284315 0.01284315 0.01284315
 0.01284315 0.01284315 0.01284315 0.01284315 0.01284315 0.01284315
 0.01284315 0.01284315 0.01284315 0.01284315 0.01284315 0.01284315
 0.01284315]","[0.00443753 0.02806623 0.0366371  0.04812298 0.0674382  0.09179058
 0.11799756 0.13936883 0.15434804 0.17529787 0.18834373 0.19876795
 0.20905829 0.21921648 0.2292442  0.23914313 0.24891493 0.25856122
 0.26808363 0.27748374 0.28676313 0.29592334 0.3049659  0.31389232
 0.32270411 0.33140272 0.33998961 0.34846623 0.35683397 0.36509425
 0.37324844]",1987.0,,31
1,rightdie,Maryland,"[1976 1977 1978 1979 1980 1981 1982 1983 1984 1985 1986 1987 1988 1989
 1990 1991 1992 1993]","[0.02657332 0.02692996 0.01919045 0.02064808 0.07272892 0.04361655
 0.05645739 0.04863569 0.05009339 0.04010869 0.03506216 0.02971289
 0.03755004 0.03755004 0.03755004 0.03755004 0.03755004 0.03755004]","[0.02657332 0.05278766 0.07096508 0.09014787 0.15632043 0.19311882
 0.23867323 0.27570088 0.31198348 0.33957892 0.36273471 0.38166971
 0.40488803 0.42723451 0.44874188 0.46944164 0.48936413 0.50853853]",,1993.0,18
1,rightdie,Massachusetts,"[1976 1977 1978 1979 1980 1981 1982 1983 1984 1985 1986 1987 1988 1989
 1990 1991 1992 1993 1994 1995 1996]","[0.02803194 0.02847553 0.02847553 0.02847553 0.02847553 0.02847553
 0.02847553 0.02847553 0.02847553 0.02847553 0.02847553 0.02847553
 0.02847553 0.02847553 0.02847553 0.02847553 0.02847553 0.02847553
 0.02847553 0.02847553 0.02847553]","[0.02803194 0.05570925 0.08259842 0.10872192 0.13410154 0.15875845
 0.18271325 0.20598592 0.2285959  0.25056204 0.27190268 0.29263564
 0.31277821 0.33234721 0.35135898 0.36982938 0.38777382 0.40520728
 0.42214432 0.43859907 0.45458526]",1977.0,,21
1,rightdie,Michigan,"[1976 1977 1978 1979 1980 1981 1982 1983 1984 1985 1986 1987 1988 1989
 1990 1991 1992 1993 1994]","[0.0155159  0.01705362 0.01186781 0.01486359 0.03169866 0.02330748
 0.02333102 0.02365646 0.04058386 0.03895354 0.02740589 0.03244986
 0.0572094  0.0572094  0.0572094  0.0572094  0.0572094  0.0572094
 0.0572094 ]","[0.0155159  0.03230491 0.04378933 0.05800205 0.08786212 0.10912176
 0.12990685 0.15049018 0.18496657 0.216715   0.23818162 0.26290252
 0.30507143 0.34482788 0.38230989 0.41764757 0.4509636  0.48237365
 0.51198675]",,1994.0,19
1,rightdie,Minnesota,"[1976 1977 1978 1979 1980 1981 1982 1983 1984 1985 1986 1987 1988 1989
 1990 1991 1992 1993 1994 1995 1996 1997]","[0.02070241 0.02215416 0.0126253  0.01595187 0.03127808 0.03535415
 0.02849757 0.03236679 0.03530853 0.03530853 0.03530853 0.03530853
 0.03530853 0.03530853 0.03530853 0.03530853 0.03530853 0.03530853
 0.03530853 0.03530853 0.03530853 0.03530853]","[0.02070241 0.04239793 0.05448795 0.06957063 0.09867267 0.13053834
 0.15531588 0.18265559 0.21151482 0.23935507 0.26621232 0.29212128
 0.31711543 0.34122708 0.36448738 0.38692639 0.40857312 0.42945553
 0.44960061 0.4690344  0.48778202 0.50586768]",1984.0,1997.0,22
1,rightdie,Mississippi,"[1976 1977 1978 1979 1980 1981 1982 1983 1984 1985 1986 1987 1988 1989
 1990 1991 1992 1993 1994 1995 1996 1997 1998 1999 2000 2001 2002 2003
 2004 2005 2006 2007]","[0.00648589 0.0050103  0.00390955 0.00363997 0.00884817 0.01682258
 0.01576947 0.01642173 0.01717674 0.02312563 0.02346819 0.02589802
 0.02707417 0.02707417 0.02707417 0.02707417 0.02707417 0.02707417
 0.02707417 0.02707417 0.02707417 0.02707417 0.02707417 0.02707417
 0.02707417 0.02707417 0.02707417 0.02707417 0.02707417 0.02707417
 0.02707417 0.02707417]","[0.00648589 0.01146369 0.01532843 0.0189126  0.02759342 0.0439518
 0.05902818 0.07448057 0.09037797 0.11141355 0.13226707 0.15473963
 0.17762435 0.19988949 0.22155182 0.24262766 0.26313288 0.28308295
 0.30249288 0.32137731 0.33975045 0.35762616 0.3750179  0.39193877
 0.40840153 0.42441856 0.44000195 0.45516343 0.46991443 0.48426606
 0.49822913 0.51181416]",,2007.0,32
1,rightdie,Missouri,"[1976 1977 1978 1979 1980 1981 1982 1983 1984 1985 1986 1987 1988 1989
 1990 1991 1992 1993 1994 1995 1996]","[0.01048735 0.01275177 0.01021945 0.01038166 0.01987214 0.03016336
 0.02293128 0.03360687 0.03191202 0.03013979 0.02753432 0.03010691
 0.04573009 0.04573009 0.04573009 0.04573009 0.04573009 0.04573009
 0.04573009 0.04573009 0.04573009]","[0.01048735 0.02310538 0.03308871 0.04312685 0.06214197 0.09043093
 0.11128851 0.14115532 0.16856279 0.19362213 0.21582519 0.23943427
 0.27421501 0.30740523 0.33907765 0.36930169 0.39814358 0.42566653
 0.45193086 0.47699411 0.50091122]",1988.0,1996.0,21
1,rightdie,Montana,"[1976 1977 1978 1979 1980 1981 1982 1983 1984 1985 1986 1987 1988 1989
 1990 1991 1992 1993 1994 1995 1996 1997 1998 1999 2000 2001 2002 2003
 2004 2005 2006 2007]","[0.01715743 0.01443989 0.00198346 0.01327375 0.00475397 0.03090152
 0.00600855 0.0272409  0.00581797 0.02515066 0.00663223 0.02957863
 0.00555073 0.00555073 0.00555073 0.00555073 0.00555073 0.00555073
 0.00555073 0.00555073 0.00555073 0.00555073 0.00555073 0.00555073
 0.00555073 0.00555073 0.00555073 0.00555073 0.00555073 0.00555073
 0.00555073 0.00555073]","[0.01715743 0.03134957 0.03327085 0.04610297 0.05063776 0.0799745
 0.08550253 0.11041426 0.11558985 0.13783335 0.14355143 0.16888401
 0.17349731 0.178085   0.18264723 0.18718413 0.19169585 0.19618253
 0.2006443  0.20508131 0.20949368 0.21388157 0.2182451  0.22258441
 0.22689963 0.2311909  0.23545835 0.23970211 0.24392232 0.2481191
 0.25229259 0.25644291]",,,32
1,rightdie,Nevada,"[1976 1977 1978 1979 1980 1981 1982 1983 1984 1985 1986 1987 1988 1989
 1990 1991 1992 1993 1994 1995 1996 1997 1998 1999 2000 2001 2002 2003
 2004 2005 2006 2007]","[0.00218119 0.00936233 0.00108045 0.00504184 0.00212114 0.01757472
 0.00289382 0.03385091 0.01089237 0.04443954 0.00908119 0.08191808
 0.01553502 0.01553502 0.01553502 0.01553502 0.01553502 0.01553502
 0.01553502 0.01553502 0.01553502 0.01553502 0.01553502 0.01553502
 0.01553502 0.01553502 0.01553502 0.01553502 0.01553502 0.01553502
 0.01553502 0.01553502]","[0.00218119 0.0115231  0.0125911  0.01756946 0.01965333 0.03688265
 0.03966974 0.0721778  0.08228397 0.12306685 0.13103044 0.20221476
 0.21460837 0.22680945 0.23882098 0.25064592 0.26228715 0.27374754
 0.28502988 0.29613696 0.30707149 0.31783615 0.32843358 0.33886638
 0.34913711 0.35924828 0.36920237 0.37900183 0.38864905 0.3981464
 0.40749621 0.41670077]",,,32
1,rightdie,New Hampshire,"[1976 1977 1978 1979 1980 1981 1982 1983 1984 1985 1986 1987 1988 1989
 1990 1991]","[0.00264199 0.0307527  0.00291871 0.01672585 0.00671583 0.0675009
 0.01086561 0.0370038  0.00772494 0.04454134 0.03970579 0.09621498
 0.08881627 0.08881627 0.08881627 0.08881627]","[0.00264199 0.03331344 0.03613491 0.05225637 0.05862126 0.12216517
 0.13170338 0.16383366 0.17029299 0.20724926 0.23872605 0.311972
 0.37308008 0.42876077 0.47949611 0.52572532]",,1991.0,16
1,rightdie,New Jersey,"[1976 1977 1978 1979 1980 1981 1982 1983 1984 1985 1986 1987 1988 1989
 1990 1991 1992]","[0.04123547 0.04123547 0.04123547 0.04123547 0.04123547 0.04123547
 0.04123547 0.04123547 0.04123547 0.04123547 0.04123547 0.04123547
 0.04123547 0.04123547 0.04123547 0.04123547 0.04123547]","[0.04123547 0.08077058 0.11867544 0.15501727 0.18986053 0.22326701
 0.25529596 0.28600419 0.31544614 0.34367404 0.37073795 0.39668587
 0.42156381 0.4454159  0.46828444 0.49020998 0.51123141]",1976.0,1992.0,17
1,rightdie,New Mexico,"[1976 1977 1978 1979 1980 1981 1982 1983 1984 1985 1986 1987 1988 1989
 1990 1991 1992 1993 1994 1995 1996 1997 1998 1999 2000 2001 2002]","[0.00758849 0.00494967 0.00385541 0.00376506 0.00846468 0.01558408
 0.01109368 0.03097962 0.03097962 0.03097962 0.03097962 0.03097962
 0.03097962 0.03097962 0.03097962 0.03097962 0.03097962 0.03097962
 0.03097962 0.03097962 0.03097962 0.03097962 0.03097962 0.03097962
 0.03097962 0.03097962 0.03097962]","[0.00758849 0.0125006  0.01630781 0.02001147 0.02830676 0.0434497
 0.05406136 0.08336619 0.11176315 0.13928039 0.16594516 0.19178387
 0.2168221  0.24108465 0.26459556 0.28737811 0.30945487 0.3308477
 0.35157778 0.37166566 0.39113122 0.40999374 0.42827191 0.44598383
 0.46314704 0.47977854 0.49589481]",1983.0,,27
1,rightdie,New York,[1976 1977 1978 1979 1980 1981 1982 1983 1984 1985 1986 1987],"[0.03959373 0.05764284 0.03651835 0.04233127 0.07655946 0.06748314
 0.06748314 0.06748314 0.06748314 0.06748314 0.06748314 0.06748314]","[0.03959373 0.09495427 0.12800505 0.1649177  0.22885115 0.2808907
 0.32941845 0.3746714  0.41687054 0.45622195 0.4929178  0.5271373 ]",1981.0,1987.0,12
1,rightdie,North Carolina,"[1976 1977 1978 1979 1980 1981 1982 1983 1984 1985 1986 1987 1988 1989
 1990 1991 1992 1993 1994]","[0.00925184 0.00880866 0.00645467 0.00670417 0.01311455 0.02733882
 0.0161448  0.02578327 0.0438433  0.04138641 0.05696134 0.05811571
 0.05781046 0.05781046 0.05781046 0.05781046 0.05781046 0.05781046
 0.05781046]","[0.00925184 0.01797901 0.02431764 0.03085878 0.04356863 0.06971633
 0.08473557 0.10833408 0.14742765 0.18271257 0.22926636 0.27405809
 0.31602512 0.35556603 0.39282105 0.42792235 0.46099442 0.49215458
 0.52151336]",,1994.0,19
1,rightdie,North Dakota,"[1976 1977 1978 1979 1980 1981 1982 1983 1984 1985 1986 1987 1988 1989
 1990 1991 1992 1993 1994 1995 1996 1997 1998 1999 2000 2001 2002 2003
 2004 2005 2006 2007]","[0.00240861 0.01076345 0.00141205 0.00844864 0.00373006 0.02320891
 0.00443652 0.01318517 0.00532626 0.03069421 0.00406299 0.0316949
 0.00841772 0.00841772 0.00841772 0.00841772 0.00841772 0.00841772
 0.00841772 0.00841772 0.00841772 0.00841772 0.00841772 0.00841772
 0.00841772 0.00841772 0.00841772 0.00841772 0.00841772 0.00841772
 0.00841772 0.00841772]","[0.00240861 0.01314614 0.01453962 0.02286542 0.02651019 0.04910383
 0.0533225  0.0658046  0.07078037 0.09930203 0.10296156 0.1313931
 0.13870479 0.14595493 0.15314403 0.16027263 0.16734121 0.1743503
 0.18130038 0.18819196 0.19502553 0.20180158 0.20852058 0.21518303
 0.2217894  0.22834015 0.23483576 0.2412767  0.24766342 0.25399637
 0.26027602 0.2665028 ]",,,32
1,rightdie,Ohio,"[1976 1977 1978 1979 1980 1981 1982 1983 1984 1985 1986 1987 1988 1989
 1990 1991 1992 1993 1994 1995 1996]","[0.0172206  0.0177215  0.01071336 0.0116667  0.02330157 0.03290047
 0.02947429 0.03878599 0.04121617 0.04121617 0.04121617 0.04121617
 0.04121617 0.04121617 0.04121617 0.04121617 0.04121617 0.04121617
 0.04121617 0.04121617 0.04121617]","[0.0172206  0.03463692 0.04497921 0.05612115 0.07811501 0.10844545
 0.13472339 0.168284   0.20256415 0.23543141 0.266944   0.29715776
 0.32612622 0.35390072 0.38053046 0.40606262 0.43054245 0.45401331
 0.47651679 0.49809276 0.51877946]",1984.0,1996.0,21
1,rightdie,Oklahoma,"[1976 1977 1978 1979 1980 1981 1982 1983 1984 1985 1986 1987 1988 1989
 1990 1991 1992 1993 1994 1995 1996]","[0.00782974 0.00624264 0.00464138 0.00520077 0.01301682 0.02217511
 0.01480315 0.02894069 0.02746855 0.03089049 0.03236573 0.03075361
 0.05632704 0.05632704 0.05632704 0.05632704 0.05632704 0.05632704
 0.05632704 0.05632704 0.05632704]","[0.00782974 0.0140235  0.01859978 0.02370382 0.03641209 0.05777975
 0.07172758 0.09859242 0.12335278 0.15043284 0.17792971 0.20321134
 0.24809208 0.29044483 0.33041197 0.36812788 0.40371936 0.43730609
 0.46900097 0.49891057 0.52713545]",,1996.0,21
1,rightdie,Oregon,[1976 1977 1978 1979 1980 1981 1982 1983 1984 1985 1986 1987 1988 1989],"[0.02750534 0.0303284  0.0158152  0.01583937 0.0353053  0.02631366
 0.0192587  0.09463126 0.0833731  0.087098   0.06064309 0.0589235
 0.08852042 0.08852042]","[0.02750534 0.05699954 0.07191328 0.08661359 0.11886097 0.14204696
 0.15857002 0.2381956  0.3017096  0.3625293  0.40118749 0.43647162
 0.48635538 0.53182342]",,1989.0,14
1,rightdie,Pennsylvania,[1976 1977 1978 1979 1980 1981 1982 1983 1984 1985 1986 1987 1988],"[0.0326036  0.03161835 0.01800234 0.01839107 0.05366887 0.10328771
 0.0770986  0.08595233 0.11335396 0.09650965 0.06462368 0.087768
 0.11600794]","[0.0326036  0.06319108 0.08005583 0.09697458 0.14543894 0.2337046
 0.2927849  0.35357168 0.42684689 0.4821617  0.51562632 0.55813883
 0.60939823]",,1986.0,13
1,rightdie,Rhode Island,"[1976 1977 1978 1979 1980 1981 1982 1983 1984 1985 1986 1987 1988 1989
 1990 1991]","[0.02898217 0.08059599 0.07264332 0.07605757 0.05883204 0.04630645
 0.03065972 0.04787318 0.0399093  0.04072706 0.02953045 0.03215927
 0.02652309 0.02652309 0.02652309 0.02652309]","[0.02898217 0.10724231 0.17209519 0.23506362 0.28006639 0.31340396
 0.33445481 0.36631657 0.39160644 0.41638451 0.43361894 0.45183334
 0.46637242 0.48052587 0.49430393 0.50771655]",,1991.0,16
1,rightdie,South Carolina,"[1976 1977 1978 1979 1980 1981 1982 1983 1984 1985 1986 1987 1988 1989
 1990]","[0.00932497 0.00820282 0.00695467 0.00662492 0.0145996  0.02310774
 0.01637053 0.02230532 0.0642218  0.0739896  0.0872011  0.0901381
 0.08953981 0.08953981 0.08953981]","[0.00932497 0.0174513  0.0242846  0.03074864 0.04489932 0.06696955
 0.08224375 0.1027146  0.16033988 0.22246599 0.29026781 0.35424172
 0.41206279 0.46470658 0.51263665]",,1990.0,15
1,rightdie,South Dakota,"[1976 1977 1978 1979 1980 1981 1982 1983 1984 1985 1986 1987 1988 1989
 1990 1991 1992 1993 1994 1995 1996 1997 1998 1999]","[0.01541089 0.01213861 0.00938801 0.01103093 0.01440924 0.02349128
 0.01948025 0.02249621 0.03448956 0.03061815 0.03599488 0.02340751
 0.03857568 0.03857568 0.03857568 0.03857568 0.03857568 0.03857568
 0.03857568 0.03857568 0.03857568 0.03857568 0.03857568 0.03857568]","[0.01541089 0.02736243 0.03649356 0.04712193 0.06085218 0.08291396
 0.10077903 0.12100809 0.15132414 0.17730902 0.20692169 0.22548567
 0.25536309 0.28408797 0.31170477 0.33825622 0.36378344 0.38832593
 0.41192168 0.4346072  0.45641762 0.47738668 0.49754684 0.51692932]",,1999.0,24
1,rightdie,Tennessee,"[1976 1977 1978 1979 1980 1981 1982 1983 1984 1985 1986 1987 1988 1989
 1990 1991 1992 1993]","[0.01180578 0.01132227 0.00818493 0.0084314  0.01741879 0.03120095
 0.02178926 0.02451602 0.04619928 0.04616163 0.0381007  0.04695553
 0.06569177 0.06569177 0.06569177 0.06569177 0.06569177 0.06569177]","[0.01180578 0.02299438 0.0309911  0.0391612  0.05589785 0.08535473
 0.10528418 0.12721905 0.1675409  0.20596856 0.23622172 0.27208533
 0.31990334 0.36458009 0.40632195 0.44532171 0.48175951 0.51580365]",,1993.0,18
1,rightdie,Texas,"[1976 1977 1978 1979 1980 1981 1982 1983 1984 1985 1986 1987 1988 1989
 1990 1991 1992 1993 1994 1995 1996 1997 1998 1999 2000 2001 2002 2003
 2004 2005 2006 2007]","[0.00213412 0.00913135 0.00139452 0.0060404  0.00291298 0.02344449
 0.00316684 0.04341393 0.01181548 0.05567145 0.01150637 0.04776043
 0.01013336 0.01013336 0.01013336 0.01013336 0.01013336 0.01013336
 0.01013336 0.01013336 0.01013336 0.01013336 0.01013336 0.01013336
 0.01013336 0.01013336 0.01013336 0.01013336 0.01013336 0.01013336
 0.01013336 0.01013336]","[0.00213412 0.01124598 0.01262482 0.01858896 0.02144779 0.04438944
 0.04741571 0.08877113 0.09953774 0.14966778 0.15945201 0.19959695
 0.20770772 0.2157363  0.22368352 0.23155021 0.23933719 0.24704525
 0.25467521 0.26222785 0.26970396 0.27710431 0.28442967 0.2916808
 0.29885845 0.30596336 0.31299628 0.31995794 0.32684904 0.33367032
 0.34042248 0.34710621]",,,32
1,rightdie,Utah,"[1976 1977 1978 1979 1980 1981 1982 1983 1984 1985 1986 1987 1988 1989
 1990 1991 1992 1993 1994 1995 1996 1997 1998 1999 2000 2001]","[0.00845206 0.00682599 0.00423215 0.00415933 0.00726194 0.01649799
 0.01242059 0.0182537  0.02096431 0.02346597 0.02344712 0.04311153
 0.03756192 0.03756192 0.03756192 0.03756192 0.03756192 0.03756192
 0.03756192 0.03756192 0.03756192 0.03756192 0.03756192 0.03756192
 0.03756192 0.03756192]","[0.00845206 0.01522035 0.01938808 0.02346677 0.0305583  0.04655214
 0.05839452 0.07558231 0.09496209 0.11619968 0.13692225 0.17413085
 0.20515208 0.23500809 0.26374265 0.29139789 0.31801434 0.34363103
 0.36828551 0.39201391 0.41485104 0.43683035 0.45798408 0.47834324
 0.49793767 0.51679609]",,2001.0,26
1,rightdie,Virginia,"[1976 1977 1978 1979 1980 1981 1982 1983 1984 1985 1986 1987 1988 1989
 1990 1991 1992 1993 1994 1995 1996 1997 1998 1999 2000 2001 2002]","[0.00760565 0.0063042  0.00555141 0.00554997 0.01374647 0.01249946
 0.01126465 0.01984432 0.02231444 0.02476153 0.0255135  0.03176803
 0.03389328 0.03389328 0.03389328 0.03389328 0.03389328 0.03389328
 0.03389328 0.03389328 0.03389328 0.03389328 0.03389328 0.03389328
 0.03389328 0.03389328 0.03389328]","[0.00760565 0.01386191 0.01933636 0.02477901 0.03818486 0.05020704
 0.06090612 0.0795418  0.10008131 0.12236467 0.14475621 0.17192563
 0.19999179 0.22710669 0.25330258 0.27861061 0.30306087 0.32668242
 0.34950337 0.37155083 0.39285104 0.41342931 0.43331012 0.4525171
 0.47107309 0.48900016 0.50631962]",,2002.0,27
1,rightdie,Washington,"[1976 1977 1978 1979 1980 1981 1982 1983 1984 1985 1986 1987 1988 1989
 1990 1991 1992 1993 1994 1995 1996 1997 1998 1999]","[0.00443824 0.02280172 0.00260161 0.01586017 0.00587138 0.03424608
 0.0291566  0.03525346 0.03525346 0.03525346 0.03525346 0.03525346
 0.03525346 0.03525346 0.03525346 0.03525346 0.03525346 0.03525346
 0.03525346 0.03525346 0.03525346 0.03525346 0.03525346 0.03525346]","[0.00443824 0.02713877 0.02966977 0.04505938 0.05066619 0.08317715
 0.10990859 0.14128739 0.17155998 0.20076535 0.22894113 0.25612362
 0.28234784 0.30764756 0.33205537 0.35560273 0.37831996 0.40023633
 0.42138007 0.44177843 0.46145767 0.48044314 0.49875932 0.51642979]",1983.0,1999.0,24
1,rightdie,West Virginia,"[1976 1977 1978 1979 1980 1981 1982 1983 1984 1985 1986 1987 1988 1989
 1990 1991 1992 1993 1994 1995 1996]","[0.01785801 0.01826178 0.00952669 0.01134041 0.02936073 0.04060541
 0.04080017 0.02519555 0.04032192 0.04771377 0.02305951 0.03254531
 0.04134394 0.04134394 0.04134394 0.04134394 0.04134394 0.04134394
 0.04134394 0.04134394 0.04134394]","[0.01785801 0.03579367 0.04497936 0.05580969 0.0835318  0.12074537
 0.15661911 0.17786855 0.21101847 0.24866375 0.26598919 0.2898778
 0.31923706 0.34738248 0.37436426 0.40023051 0.42502735 0.44879899
 0.47158781 0.49343446 0.51437787]",,1996.0,21
1,rightdie,Wisconsin,"[1976 1977 1978 1979 1980 1981 1982 1983 1984 1985 1986 1987 1988 1989
 1990]","[0.02151653 0.02210291 0.01383327 0.01430808 0.02828967 0.03610104
 0.03152698 0.03403049 0.06618054 0.0526357  0.05824551 0.05706562
 0.08785371 0.08785371 0.08785371]","[0.02151653 0.04314386 0.0563803  0.06988169 0.09619443 0.12882276
 0.15628835 0.18500027 0.23893739 0.27899645 0.32099168 0.35973971
 0.41598895 0.46729649 0.51409647]",,1990.0,15
1,rightdie,Wyoming,"[1976 1977 1978 1979 1980 1981 1982 1983 1984 1985 1986 1987 1988 1989
 1990 1991 1992 1993 1994 1995 1996 1997 1998 1999 2000 2001 2002 2003
 2004 2005 2006 2007]","[0.00995368 0.00798333 0.00682818 0.0063572  0.01341962 0.0195007
 0.01490077 0.01353421 0.01751738 0.01847757 0.01665597 0.01570537
 0.01577429 0.01577429 0.01577429 0.01577429 0.01577429 0.01577429
 0.01577429 0.01577429 0.01577429 0.01577429 0.01577429 0.01577429
 0.01577429 0.01577429 0.01577429 0.01577429 0.01577429 0.01577429
 0.01577429 0.01577429]","[0.00995368 0.01785755 0.02456379 0.03076483 0.0437716  0.06241872
 0.0763894  0.08888975 0.10485001 0.1213902  0.1360243  0.14959336
 0.16300793 0.17621088 0.18920557 0.20199528 0.21458324 0.22697264
 0.2391666  0.2511682  0.2629805  0.27460646 0.28604903 0.2973111
 0.30839552 0.31930509 0.33004257 0.34061067 0.35101207 0.3612494
 0.37132524 0.38124214]",,,32
1,salvia,Alabama,[2005 2006 2007 2008 2009],[0.07858702 0.10554651 0.08266008 0.21776712 0.21776712],[0.07858702 0.17583895 0.24396417 0.40860391 0.53739053],,2009.0,5
1,salvia,Arizona,[2005 2006 2007 2008 2009 2010 2011 2012 2013 2014 2015],"[0.08987554 0.08107518 0.03812911 0.05867742 0.05867742 0.05867742
 0.05867742 0.05867742 0.05867742 0.05867742 0.05867742]","[0.08987554 0.16366404 0.19555279 0.24275567 0.28718882 0.32901474
 0.36838642 0.40544788 0.44033466 0.47317438 0.50408715]",,2015.0,11
1,salvia,Arkansas,[2005 2006 2007 2008 2009],[0.16284813 0.05422534 0.2004518  0.11898168 0.11898168],[0.16284813 0.20824297 0.36695209 0.4422732  0.50863247],,2009.0,5
1,salvia,California,[2005 2006 2007 2008 2009 2010 2011 2012],"[0.07075576 0.06848547 0.10449795 0.09736075 0.09736075 0.09736075
 0.09736075 0.09736075]","[0.07075576 0.13439549 0.22484938 0.30031863 0.36844014 0.42992928
 0.4854318  0.53553055]",2008.0,2012.0,8
1,salvia,Colorado,[2005 2006 2007 2008 2009 2010],[0.09065267 0.09612284 0.08094971 0.16831203 0.16831203 0.16831203],[0.09065267 0.17806172 0.24459739 0.37174073 0.47748432 0.56543   ],,2010.0,6
1,salvia,Connecticut,"[2005 2006 2007 2008 2009 2010 2011 2012 2013 2014 2015 2016 2017 2018
 2019 2020]","[0.0418116  0.0379368  0.07394005 0.041333   0.041333   0.041333
 0.041333   0.041333   0.041333   0.041333   0.041333   0.041333
 0.041333   0.041333   0.041333   0.041333  ]","[0.0418116  0.0781622  0.14632294 0.18160797 0.21543457 0.24786301
 0.27895109 0.3087542  0.33732546 0.36471579 0.39097399 0.41614686
 0.44027926 0.4634142  0.4855929  0.50685488]",,2020.0,16
1,salvia,Delaware,[2005 2006 2007 2008 2009 2010 2011 2012 2013 2014 2015 2016 2017 2018],"[0.05834344 0.04934422 0.04934422 0.04934422 0.04934422 0.04934422
 0.04934422 0.04934422 0.04934422 0.04934422 0.04934422 0.04934422
 0.04934422 0.04934422]","[0.05834344 0.10480875 0.14898126 0.19097412 0.23089487 0.26884577
 0.304924   0.33922199 0.37182756 0.40282424 0.43229142 0.46030455
 0.48693541 0.51225218]",2006.0,2018.0,14
1,salvia,Florida,[2005 2006 2007 2008 2009 2010 2011 2012 2013],"[0.08932327 0.08113106 0.08252106 0.07764163 0.07764163 0.07764163
 0.07764163 0.07764163 0.07764163]","[0.08932327 0.16320743 0.23226045 0.29186899 0.34684944 0.39756111
 0.44433545 0.48747815 0.52727118]",2008.0,2013.0,9
1,salvia,Georgia,[2005 2006 2007 2008 2009 2010],[0.08352807 0.08363004 0.07575815 0.15465391 0.15465391 0.15465391],[0.08352807 0.16017266 0.22379642 0.34383934 0.44531716 0.53110103],,2010.0,6
1,salvia,Idaho,"[2005 2006 2007 2008 2009 2010 2011 2012 2013 2014 2015 2016 2017 2018
 2019 2020 2021 2022 2023 2024 2025]","[0.05625186 0.0309195  0.02742339 0.03241296 0.03241296 0.03241296
 0.03241296 0.03241296 0.03241296 0.03241296 0.03241296 0.03241296
 0.03241296 0.03241296 0.03241296 0.03241296 0.03241296 0.03241296
 0.03241296 0.03241296 0.03241296]","[0.05625186 0.08543209 0.11051264 0.13934356 0.16723999 0.19423221
 0.22034953 0.24562031 0.27007199 0.29373112 0.31662338 0.33877365
 0.36020595 0.38094357 0.40100902 0.4204241  0.43920987 0.45738674
 0.47497444 0.49199207 0.50845812]",,2025.0,21
1,salvia,Illinois,[2005 2006 2007 2008 2009 2010 2011],"[0.08122171 0.09295832 0.10442979 0.10442979 0.10442979 0.10442979
 0.10442979]","[0.08122171 0.1666298  0.25365847 0.33159877 0.40139977 0.46391147
 0.51989508]",2007.0,2011.0,7
1,salvia,Indiana,[2005 2006 2007 2008 2009 2010 2011],"[0.07569672 0.07415191 0.14316785 0.09292373 0.09292373 0.09292373
 0.09292373]","[0.07569672 0.14423557 0.26675352 0.33488952 0.39669407 0.4527555
 0.5036075 ]",,2011.0,7
1,salvia,Iowa,[2005 2006 2007 2008 2009],[0.11704401 0.10912941 0.17034221 0.17601572 0.17601572],[0.11704401 0.21340048 0.34739157 0.46226092 0.55691145],,2009.0,5
1,salvia,Kansas,[2005 2006 2007 2008 2009 2010],[0.10778405 0.10516337 0.07254542 0.15684032 0.15684032 0.15684032],[0.10778405 0.20161248 0.25953184 0.37566711 0.47358768 0.55615035],2008.0,2010.0,6
1,salvia,Kentucky,[2005 2006 2007 2008 2009],[0.10639805 0.11384618 0.14351305 0.21840108 0.21840108],[0.10639805 0.20813121 0.32177472 0.46989985 0.5856743 ],,2009.0,5
1,salvia,Louisiana,[2005 2006 2007 2008 2009 2010 2011 2012],"[0.09356026 0.09356026 0.09356026 0.09356026 0.09356026 0.09356026
 0.09356026 0.09356026]","[0.09356026 0.17836701 0.25523921 0.32491922 0.38807996 0.44533136
 0.4972263  0.54426594]",2005.0,2012.0,8
1,salvia,Maine,[2005 2006 2007 2008 2009 2010 2011 2012 2013 2014 2015 2016],"[0.02783648 0.03930863 0.06554483 0.06554483 0.06554483 0.06554483
 0.06554483 0.06554483 0.06554483 0.06554483 0.06554483 0.06554483]","[0.02783648 0.0660509  0.12726643 0.1844696  0.2379234  0.28787358
 0.33454978 0.3781666  0.41892456 0.45701105 0.49260117 0.52585854]",2007.0,2016.0,12
1,salvia,Maryland,[2005 2006 2007 2008 2009],[0.06125104 0.0896663  0.17689015 0.22108366 0.22108366],[0.06125104 0.14542519 0.29659106 0.45210328 0.57323429],,2009.0,5
1,salvia,Massachusetts,"[2005 2006 2007 2008 2009 2010 2011 2012 2013 2014 2015 2016 2017 2018
 2019 2020]","[0.03038183 0.02701088 0.04580791 0.04463918 0.04463918 0.04463918
 0.04463918 0.04463918 0.04463918 0.04463918 0.04463918 0.04463918
 0.04463918 0.04463918 0.04463918 0.04463918]","[0.03038183 0.05657207 0.09978853 0.13997323 0.17836413 0.21504128
 0.2500812  0.28355696 0.3155384  0.3460922  0.37528211 0.40316901
 0.42981106 0.45526383 0.47958041 0.50281151]",,2020.0,16
1,salvia,Michigan,[2005 2006 2007 2008 2009 2010 2011 2012 2013],"[0.06346252 0.05531314 0.11089443 0.08463787 0.08463787 0.08463787
 0.08463787 0.08463787 0.08463787]","[0.06346252 0.11526535 0.21337749 0.27995555 0.34089858 0.39668352
 0.44774694 0.49448846 0.53727388]",,2013.0,9
1,salvia,Minnesota,[2005 2006 2007 2008 2009 2010 2011],"[0.0701072  0.07403802 0.13632603 0.11867577 0.11867577 0.11867577
 0.11867577]","[0.0701072  0.13895462 0.25633752 0.34459224 0.42237326 0.49092356
 0.5513386 ]",,2011.0,7
1,salvia,Mississippi,[2005 2006 2007 2008 2009 2010],[0.10769197 0.14707353 0.0926441  0.10514521 0.10514521 0.10514521],[0.10769197 0.23892687 0.3094358  0.38204532 0.44702029 0.50516346],2008.0,2010.0,6
1,salvia,Missouri,[2005 2006 2007 2008 2009 2010 2011 2012 2013],"[0.07869451 0.07869451 0.07869451 0.07869451 0.07869451 0.07869451
 0.07869451 0.07869451 0.07869451]","[0.07869451 0.15119619 0.21799238 0.27953209 0.33622895 0.38846409
 0.43658861 0.48092599 0.52177426]",2005.0,2013.0,9
1,salvia,Montana,"[2005 2006 2007 2008 2009 2010 2011 2012 2013 2014 2015 2016 2017 2018
 2019 2020 2021 2022 2023 2024 2025]","[0.06433724 0.01631561 0.14147552 0.02627487 0.02627487 0.02627487
 0.02627487 0.02627487 0.02627487 0.02627487 0.02627487 0.02627487
 0.02627487 0.02627487 0.02627487 0.02627487 0.02627487 0.02627487
 0.02627487 0.02627487 0.02627487]","[0.06433724 0.07960315 0.20981678 0.23057874 0.25079519 0.27048045
 0.28964848 0.30831288 0.32648687 0.34418334 0.36141484 0.37819358
 0.39453147 0.41044008 0.42593069 0.44101429 0.45570157 0.47000294
 0.48392854 0.49748826 0.51069169]",,2025.0,21
1,salvia,Nevada,"[2005 2006 2007 2008 2009 2010 2011 2012 2013 2014 2015 2016 2017 2018
 2019 2020 2021 2022 2023 2024 2025 2026 2027]","[0.07101962 0.01471613 0.07012369 0.01911053 0.01911053 0.01911053
 0.01911053 0.01911053 0.01911053 0.01911053 0.01911053 0.01911053
 0.01911053 0.01911053 0.01911053 0.01911053 0.01911053 0.01911053
 0.01911053 0.01911053 0.01911053 0.01911053 0.01911053]","[0.07101962 0.08469062 0.14887548 0.16514092 0.18109552 0.19674522
 0.21209584 0.22715311 0.24192262 0.25640988 0.27062028 0.28455911
 0.29823156 0.31164273 0.3247976  0.33770107 0.35035796 0.36277296
 0.3749507  0.38689573 0.39861247 0.41010531 0.42137851]",,,23
1,salvia,New Hampshire,[2005 2006 2007 2008 2009],[0.09388944 0.08092383 0.15661184 0.18487522 0.18487522],[0.09388944 0.16721537 0.2976393  0.42748839 0.5333316 ],,2009.0,5
1,salvia,New Jersey,[2005 2006 2007 2008 2009],[0.0682299  0.16882536 0.18236182 0.18447572 0.18447572],[0.0682299  0.22553633 0.36676893 0.48358469 0.57885078],,2009.0,5
1,salvia,New Mexico,[2005 2006 2007 2008 2009 2010 2011 2012 2013 2014],"[0.04917456 0.04753383 0.0734579  0.07913696 0.07913696 0.07913696
 0.07913696 0.07913696 0.07913696 0.07913696]","[0.04917456 0.09437094 0.16089655 0.22730064 0.28844973 0.34475965
 0.39661338 0.44436357 0.48833495 0.52882657]",,2014.0,10
1,salvia,New York,[2005 2006 2007 2008 2009 2010 2011 2012 2013 2014 2015 2016 2017],"[0.04093508 0.03238148 0.05668377 0.05511555 0.05511555 0.05511555
 0.05511555 0.05511555 0.05511555 0.05511555 0.05511555 0.05511555
 0.05511555]","[0.04093508 0.07199102 0.12459406 0.17284254 0.21843178 0.26150835
 0.30221072 0.34066977 0.37700912 0.4113456  0.44378962 0.47444546
 0.50341169]",,2017.0,13
1,salvia,North Carolina,[2005 2006 2007 2008 2009],[0.08056944 0.14160931 0.1308327  0.25484594 0.25484594],[0.08056944 0.21076936 0.31402654 0.48884409 0.6191101 ],,2009.0,5
1,salvia,North Dakota,[2005 2006 2007 2008 2009 2010 2011 2012 2013 2014 2015 2016],"[0.03381606 0.00683708 0.06813939 0.06813939 0.06813939 0.06813939
 0.06813939 0.06813939 0.06813939 0.06813939 0.06813939 0.06813939]","[0.03381606 0.04042193 0.10580699 0.16673675 0.2235148  0.27642402
 0.32572805 0.37167252 0.41448637 0.45438291 0.49156092 0.52620565]",2007.0,2016.0,12
1,salvia,Ohio,[2005 2006 2007 2008 2009 2010 2011 2012],"[0.06594434 0.06600081 0.0884024  0.09209102 0.09209102 0.09209102
 0.09209102 0.09209102]","[0.06594434 0.12759277 0.20471566 0.2779542  0.34444813 0.40481857
 0.45962944 0.50939271]",,2012.0,8
1,salvia,Oklahoma,[2005 2006 2007 2008 2009 2010 2011 2012 2013],"[0.08059174 0.05425394 0.04711277 0.08235936 0.08235936 0.08235936
 0.08235936 0.08235936 0.08235936]","[0.08059174 0.13047326 0.17143907 0.23967882 0.30229839 0.35976065
 0.41249036 0.46087728 0.50527908]",2008.0,2013.0,9
1,salvia,Oregon,[2005 2006 2007 2008 2009 2010 2011 2012 2013],"[0.05736249 0.06211608 0.06615677 0.08150107 0.08150107 0.08150107
 0.08150107 0.08150107 0.08150107]","[0.05736249 0.11591544 0.17440362 0.24169061 0.30349364 0.36025965
 0.41239917 0.46028927 0.50427627]",,2013.0,9
1,salvia,Pennsylvania,[2005 2006 2007 2008 2009 2010 2011 2012],"[0.06691145 0.08737833 0.08333812 0.09001942 0.09001942 0.09001942
 0.09001942 0.09001942]","[0.06691145 0.14844317 0.21941032 0.28967855 0.35362128 0.41180792
 0.46475663 0.51293893]",,2012.0,8
1,salvia,Rhode Island,"[2005 2006 2007 2008 2009 2010 2011 2012 2013 2014 2015 2016 2017 2018
 2019]","[0.02431282 0.02020274 0.04339443 0.04908624 0.04908624 0.04908624
 0.04908624 0.04908624 0.04908624 0.04908624 0.04908624 0.04908624
 0.04908624 0.04908624 0.04908624]","[0.02431282 0.04402437 0.08550839 0.13039734 0.17308286 0.21367311
 0.25227093 0.28897414 0.32387572 0.35706412 0.38862342 0.41863359
 0.44717068 0.47430699 0.50011128]",,2019.0,15
1,salvia,South Carolina,[2005 2006 2007 2008 2009 2010 2011 2012 2013 2014 2015 2016 2017 2018],"[0.07518053 0.05844618 0.04536286 0.0462382  0.0462382  0.0462382
 0.0462382  0.0462382  0.0462382  0.0462382  0.0462382  0.0462382
 0.0462382  0.0462382 ]","[0.07518053 0.1292327  0.16873319 0.20716947 0.24382853 0.27879253
 0.31213987 0.34394528 0.37428007 0.40321223 0.43080662 0.4571251
 0.48222666 0.50616756]",,2018.0,14
1,salvia,South Dakota,[2005 2006 2007 2008 2009 2010 2011 2012],"[0.05184732 0.06715225 0.07413612 0.10760362 0.10760362 0.10760362
 0.10760362 0.10760362]","[0.05184732 0.1155179  0.18108998 0.26920766 0.34784357 0.41801796
 0.48064134 0.53652621]",,2012.0,8
1,salvia,Tennessee,[2005 2006 2007 2008 2009 2010 2011 2012],"[0.12058376 0.08235126 0.08235126 0.08235126 0.08235126 0.08235126
 0.08235126 0.08235126]","[0.12058376 0.1930048  0.25946187 0.32044612 0.37640824 0.42776181
 0.47488635 0.51813012]",2006.0,2012.0,8
1,salvia,Texas,[2005 2006 2007 2008 2009 2010 2011 2012 2013 2014 2015 2016 2017],"[0.14953834 0.02908883 0.10052582 0.04151026 0.04151026 0.04151026
 0.04151026 0.04151026 0.04151026 0.04151026 0.04151026 0.04151026
 0.04151026]","[0.14953834 0.17427727 0.25728372 0.28811407 0.31766463 0.34598855
 0.37313674 0.39915799 0.4240991  0.44800489 0.47091835 0.49288067
 0.51393132]",,2017.0,13
1,salvia,Utah,"[2005 2006 2007 2008 2009 2010 2011 2012 2013 2014 2015 2016 2017 2018
 2019 2020 2021 2022 2023 2024 2025 2026 2027]","[0.05025856 0.0390626  0.04134997 0.02725422 0.02725422 0.02725422
 0.02725422 0.02725422 0.02725422 0.02725422 0.02725422 0.02725422
 0.02725422 0.02725422 0.02725422 0.02725422 0.02725422 0.02725422
 0.02725422 0.02725422 0.02725422 0.02725422 0.02725422]","[0.05025856 0.08735793 0.12509565 0.14894049 0.17213546 0.19469826
 0.21664614 0.23799584 0.25876367 0.27896549 0.29861673 0.31773238
 0.33632706 0.35441495 0.37200987 0.38912525 0.40577417 0.42196933
 0.43772311 0.45304753 0.46795429 0.48245479 0.49656008]",,,23
1,salvia,Vermont,"[2005 2006 2007 2008 2009 2010 2011 2012 2013 2014 2015 2016 2017 2018
 2019 2020 2021 2022 2023 2024 2025 2026 2027]","[0.01724315 0.01575058 0.04170843 0.03158918 0.03158918 0.03158918
 0.03158918 0.03158918 0.03158918 0.03158918 0.03158918 0.03158918
 0.03158918 0.03158918 0.03158918 0.03158918 0.03158918 0.03158918
 0.03158918 0.03158918 0.03158918 0.03158918 0.03158918]","[0.01724315 0.03272214 0.07306578 0.10234687 0.13070299 0.15816337
 0.1847563  0.21050918 0.23544854 0.25960009 0.28298872 0.30563851
 0.32757282 0.34881424 0.36938466 0.38930528 0.40859663 0.42727857
 0.44537037 0.46289066 0.47985751 0.49628838 0.51220022]",,2027.0,23
1,salvia,Virginia,[2005 2006 2007 2008 2009],[0.09138826 0.1429168  0.15900481 0.14148249 0.14148249],[0.09138826 0.22124414 0.34507006 0.43773118 0.51728238],2008.0,2009.0,5
1,salvia,Washington,[2005 2006 2007 2008 2009 2010 2011 2012],"[0.0666913  0.082802   0.11636499 0.08429467 0.08429467 0.08429467
 0.08429467 0.08429467]","[0.0666913  0.14397113 0.24358292 0.30734485 0.36573199 0.4191974
 0.46815596 0.51298758]",,2012.0,8
1,salvia,West Virginia,[2005 2006 2007 2008 2009 2010 2011 2012 2013 2014],"[0.04155891 0.06496599 0.05995434 0.07244899 0.07244899 0.07244899
 0.07244899 0.07244899 0.07244899 0.07244899]","[0.04155891 0.10382499 0.15755457 0.21858889 0.27520134 0.32771227
 0.37641884 0.42159666 0.4635014  0.50237018]",,2014.0,10
1,salvia,Wisconsin,[2005 2006 2007 2008 2009 2010],[0.07366271 0.06792886 0.13579435 0.12595546 0.12595546 0.12595546],[0.07366271 0.13658775 0.25383426 0.34781791 0.4299638  0.50176297],,2010.0,6
1,salvia,Wyoming,"[2005 2006 2007 2008 2009 2010 2011 2012 2013 2014 2015 2016 2017 2018
 2019 2020 2021 2022]","[0.07785009 0.04767389 0.03152229 0.03580993 0.03580993 0.03580993
 0.03580993 0.03580993 0.03580993 0.03580993 0.03580993 0.03580993
 0.03580993 0.03580993 0.03580993 0.03580993 0.03580993 0.03580993]","[0.07785009 0.12181257 0.14949505 0.17995157 0.20931745 0.23763174
 0.2649321  0.29125483 0.31663495 0.34110621 0.36470115 0.38745116
 0.40938649 0.43053633 0.45092878 0.47059099 0.48954909 0.5078283 ]",,2022.0,18
2,bootcamp,Alabama,[1982 1983 1984 1985 1986 1987 1988 1989 1990 1991],"[0.08774133 0.11038377 0.10564458 0.10084109 0.08850929 0.08013751
 0.06129846 0.08066627 0.05172891 0.08332356]","[0.08774133 0.18843988 0.27417681 0.34736961 0.40513346 0.45280458
 0.48634682 0.5277813  0.55220866 0.58952023]",1991.0,1989.0,10
2,bootcamp,Arizona,"[1982 1983 1984 1985 1986 1987 1988 1989 1990 1991 1992 1993 1994 1995
 1996 1997 1998 1999]","[0.04954432 0.04491548 0.04062102 0.05675655 0.04633765 0.03833929
 0.04270226 0.04209422 0.03223079 0.03546861 0.02149378 0.02109315
 0.03348922 0.05106992 0.07185447 0.09183018 0.08969149 0.06276767]","[0.04954432 0.0922345  0.12910886 0.17853763 0.21660227 0.24663718
 0.27880748 0.30916552 0.33143165 0.35514484 0.36900522 0.38231489
 0.40300069 0.43348939 0.47419571 0.52248042 0.56530986 0.59259435]",,1997.0,18
2,bootcamp,Arkansas,"[1982 1983 1984 1985 1986 1987 1988 1989 1990 1991 1992 1993 1994 1995
 1996 1997 1998 1999 2000 2001 2002 2003]","[0.01160698 0.04829819 0.012874   0.03664357 0.00932427 0.0276193
 0.00457075 0.03537748 0.03537748 0.03537748 0.03537748 0.03537748
 0.03537748 0.03537748 0.03537748 0.03537748 0.03537748 0.03537748
 0.03537748 0.03537748 0.03537748 0.03537748]","[0.01160698 0.05934457 0.07145457 0.10547979 0.11382053 0.1382962
 0.14223483 0.1725804  0.20185242 0.23008888 0.2573264  0.28360032
 0.30894474 0.33339254 0.35697543 0.37972402 0.40166783 0.42283532
 0.44325395 0.46295023 0.4819497  0.50027701]",1989.0,2003.0,22
2,bootcamp,California,"[1982 1983 1984 1985 1986 1987 1988 1989 1990 1991 1992 1993 1994 1995
 1996 1997 1998 1999 2000 2001 2002 2003 2004 2005]","[0.03480569 0.02878251 0.02853476 0.02739488 0.02462891 0.02259157
 0.01985235 0.03039814 0.03920517 0.03410874 0.03602289 0.02744535
 0.02744535 0.02744535 0.02744535 0.02744535 0.02744535 0.02744535
 0.02744535 0.02744535 0.02744535 0.02744535 0.02744535 0.02744535]","[0.03480569 0.06258641 0.08933528 0.11428283 0.13609708 0.155614
 0.17237705 0.19753525 0.22899601 0.25529399 0.28212045 0.3018229
 0.32098461 0.33962043 0.35774477 0.37537169 0.39251483 0.40918747
 0.42540252 0.44117255 0.45650976 0.47142604 0.48593293 0.50004168]",1993.0,2005.0,24
2,bootcamp,Colorado,"[1982 1983 1984 1985 1986 1987 1988 1989 1990 1991 1992 1993 1994 1995
 1996]","[0.04603652 0.05294529 0.05876528 0.05682591 0.04449998 0.04645609
 0.0321247  0.06013465 0.05414699 0.05444431 0.03833495 0.02518981
 0.04750047 0.05886684 0.06231454]","[0.04603652 0.0965444  0.14963622 0.19795892 0.23364973 0.26925137
 0.29272645 0.3352581  0.37125187 0.40548363 0.42827438 0.44267604
 0.46914919 0.5003987  0.53153113]",1996.0,1995.0,15
2,bootcamp,Connecticut,"[1982 1983 1984 1985 1986 1987 1988 1989 1990 1991 1992 1993 1994 1995
 1996 1997 1998]","[0.00658896 0.01159512 0.01184084 0.01177542 0.00715338 0.00901978
 0.00779125 0.01757767 0.02599223 0.02368771 0.09062333 0.09103292
 0.0854051  0.0854051  0.0854051  0.0854051  0.0854051 ]","[0.00658896 0.01810767 0.02973411 0.0411594  0.04801836 0.05660502
 0.06395524 0.08040873 0.10431096 0.12552778 0.20477537 0.27716699
 0.33890061 0.39536187 0.44700104 0.49422997 0.53742531]",1994.0,1998.0,17
2,bootcamp,Delaware,"[1982 1983 1984 1985 1986 1987 1988 1989 1990 1991 1992 1993 1994 1995
 1996 1997 1998 1999]","[0.02110141 0.037922   0.03653317 0.03253411 0.0288903  0.01706323
 0.02623815 0.03880664 0.0348049  0.02990984 0.043801   0.0305005
 0.04331014 0.05143357 0.09289688 0.10324131 0.06787515 0.08205989]","[0.02110141 0.0582232  0.09262929 0.12214978 0.14751114 0.16205735
 0.18404341 0.21570795 0.24300515 0.26564675 0.29781216 0.31922924
 0.34871352 0.38221151 0.43960213 0.49745835 0.53156844 0.57000788]",1999.0,1998.0,18
2,bootcamp,Florida,[1982 1983 1984 1985 1986 1987 1988 1989 1990 1991 1992 1993 1994],"[0.17726776 0.15994302 0.17584258 0.1498822  0.15452383 0.11688061
 0.11293976 0.14579389 0.11073008 0.35272238 0.2197537  0.18247823
 0.27938364]","[0.17726776 0.30885804 0.43039022 0.51576459 0.5905905  0.63844253
 0.67927675 0.72603624 0.75637227 0.84230522 0.87695923 0.89941149
 0.92751428]",1994.0,1985.0,13
2,bootcamp,Georgia,[1982 1983 1984 1985 1986 1987 1988 1989 1990 1991 1992 1993],"[0.05619065 0.05619065 0.05619065 0.05619065 0.05619065 0.05619065
 0.05619065 0.05619065 0.05619065 0.05619065 0.05619065 0.05619065]","[0.05619065 0.10922392 0.15927721 0.20651797 0.25110424 0.29318519
 0.33290157 0.37038627 0.40576468 0.43915515 0.47066939 0.50041282]",1982.0,1993.0,12
2,bootcamp,Idaho,"[1982 1983 1984 1985 1986 1987 1988 1989 1990 1991 1992 1993 1994 1995
 1996 1997 1998 1999 2000]","[0.05099698 0.0387474  0.03601257 0.02825251 0.03320933 0.03776447
 0.0436379  0.02104886 0.01581513 0.03486691 0.0203013  0.01704302
 0.03089302 0.04330974 0.04530646 0.03361285 0.06527417 0.04181432
 0.04181432]","[0.05099698 0.08776838 0.12062019 0.14546487 0.17384341 0.20504277
 0.23973304 0.25573579 0.26750643 0.29304622 0.3073983  0.31920232
 0.34023422 0.36880851 0.39740556 0.41766048 0.4556722  0.4784329
 0.50024187]",,2000.0,19
2,bootcamp,Illinois,"[1982 1983 1984 1985 1986 1987 1988 1989 1990 1991 1992 1993 1994 1995
 1996 1997 1998 1999]","[0.0231244  0.02389994 0.02478872 0.02537953 0.02209325 0.02191021
 0.01793018 0.04759514 0.08579232 0.07089028 0.08721357 0.05190026
 0.08608107 0.12181108 0.13331232 0.09930456 0.11709628 0.13435575]","[0.0231244  0.04647167 0.07010842 0.09370864 0.11373156 0.13314989
 0.14869267 0.18921076 0.25877025 0.31131623 0.37137881 0.40400441
 0.45530835 0.52165783 0.58542673 0.62659575 0.67032    0.7146144 ]",,1995.0,18
2,bootcamp,Indiana,"[1982 1983 1984 1985 1986 1987 1988 1989 1990 1991 1992 1993 1994 1995
 1996 1997 1998 1999]","[0.02489698 0.03120874 0.03827396 0.04098731 0.03419962 0.02735812
 0.02006548 0.04257605 0.04443572 0.04443572 0.04443572 0.04443572
 0.04443572 0.04443572 0.04443572 0.04443572 0.04443572 0.04443572]","[0.02489698 0.05532872 0.09148503 0.12872262 0.15851997 0.18154128
 0.19796404 0.23211157 0.26623325 0.2988387  0.32999531 0.35976745
 0.38821664 0.41540167 0.44137872 0.46620146 0.48992118 0.5125869 ]",1990.0,1999.0,18
2,bootcamp,Iowa,"[1982 1983 1984 1985 1986 1987 1988 1989 1990 1991 1992 1993 1994 1995
 1996 1997 1998 1999]","[0.01564573 0.02925242 0.04620281 0.01930287 0.02223492 0.02041845
 0.01524545 0.05509904 0.06220612 0.04791608 0.04867939 0.02708987
 0.04700317 0.07944468 0.08059277 0.07988666 0.07969997 0.0813278 ]","[0.01564573 0.04444047 0.08859    0.10618284 0.12605679 0.14390135
 0.15695296 0.20340404 0.25295718 0.28875255 0.32337564 0.34170531
 0.37264724 0.42248709 0.46903045 0.51144783 0.55038542 0.58695159]",,1997.0,18
2,bootcamp,Kansas,"[1982 1983 1984 1985 1986 1987 1988 1989 1990 1991 1992 1993 1994 1995
 1996]","[0.04570888 0.04570888 0.04570888 0.04570888 0.04570888 0.04570888
 0.04570888 0.04570888 0.04570888 0.04570888 0.04570888 0.04570888
 0.04570888 0.04570888 0.04570888]","[0.04570888 0.08932846 0.13095423 0.17067734 0.20858475 0.24475945
 0.27928065 0.31222393 0.3436614  0.3736619  0.40229111 0.42961172
 0.45568353 0.48056362 0.50430648]",1982.0,1996.0,15
2,bootcamp,Kentucky,"[1982 1983 1984 1985 1986 1987 1988 1989 1990 1991 1992 1993 1994 1995
 1996 1997 1998 1999]","[0.03543508 0.00689511 0.03052214 0.0100586  0.03818718 0.00684649
 0.02871957 0.01073423 0.05373308 0.01306946 0.04242937 0.00574833
 0.08555614 0.02687259 0.1172726  0.02549085 0.1244894  0.01344242]","[0.03543508 0.04208586 0.07132345 0.08066463 0.11577146 0.12182532
 0.14704612 0.15620193 0.2015418  0.21197722 0.24541253 0.24975014
 0.31393862 0.33237487 0.410669   0.42569155 0.49718687 0.50394589]",,1999.0,18
2,bootcamp,Louisiana,[1982 1983 1984 1985 1986 1987 1988 1989 1990 1991 1992 1993 1994],"[0.05481818 0.06120098 0.0577992  0.06894164 0.06414909 0.05426578
 0.04079489 0.08377259 0.06308286 0.06131325 0.04705012 0.03038368
 0.0683528 ]","[0.05481818 0.11266423 0.16395153 0.22159009 0.27152438 0.31105568
 0.33916108 0.39452128 0.43271661 0.4674986  0.49255285 0.50797097
 0.54160253]",1994.0,1993.0,13
2,bootcamp,Maine,"[1982 1983 1984 1985 1986 1987 1988 1989 1990 1991 1992 1993 1994 1995
 1996 1997 1998 1999 2000 2001 2002 2003 2004 2005 2006 2007 2008 2009
 2010 2011 2012]","[0.0203618  0.01744563 0.01443688 0.02375485 0.01448405 0.00953655
 0.00692643 0.0199052  0.02880338 0.01214009 0.03199643 0.04128333
 0.02318117 0.02237881 0.03128123 0.01325138 0.01299803 0.02580933
 0.02580933 0.02580933 0.02580933 0.02580933 0.02580933 0.02580933
 0.02580933 0.02580933 0.02580933 0.02580933 0.02580933 0.02580933
 0.02580933]","[0.0203618  0.03745221 0.0513484  0.07388347 0.08729739 0.09600142
 0.1022629  0.12013254 0.1454757  0.15584969 0.18285949 0.21659377
 0.23475404 0.25187933 0.27528147 0.28488498 0.29418007 0.31239681
 0.33014339 0.34743194 0.36427428 0.38068194 0.39666612 0.41223777
 0.42740752 0.44218574 0.45658256 0.4706078  0.48427106 0.49758168
 0.51054876]",,2012.0,31
2,bootcamp,Maryland,"[1982 1983 1984 1985 1986 1987 1988 1989 1990 1991 1992 1993 1994 1995
 1996 1997 1998 1999]","[0.02121304 0.01889267 0.02287713 0.01985697 0.0168336  0.01149024
 0.00977736 0.02111468 0.03413836 0.02408361 0.04925304 0.05991339
 0.10232509 0.09060084 0.15980541 0.13888122 0.09700345 0.20004566]","[0.02121304 0.03970494 0.06167373 0.08030605 0.09578781 0.10617742
 0.11491664 0.13360489 0.1631822  0.1833358  0.22355899 0.27007821
 0.34476752 0.40413213 0.49935504 0.56888523 0.61070485 0.68858165]",,1997.0,18
2,bootcamp,Massachusetts,"[1982 1983 1984 1985 1986 1987 1988 1989 1990 1991 1992 1993 1994 1995
 1996 1997 1998 1999 2000 2001 2002 2003 2004 2005 2006 2007 2008 2009
 2010 2011]","[0.00576134 0.01013725 0.0081439  0.0049103  0.00483091 0.00481056
 0.00398953 0.00719218 0.00897428 0.0088193  0.01926073 0.01926073
 0.01926073 0.01926073 0.01926073 0.01926073 0.01926073 0.01926073
 0.01926073 0.01926073 0.01926073 0.01926073 0.01926073 0.01926073
 0.01926073 0.01926073 0.01926073 0.01926073 0.01926073 0.01926073]","[0.00576134 0.01584019 0.02385509 0.02864825 0.03334076 0.03799093
 0.0418289  0.04872023 0.05725728 0.06557162 0.08356939 0.10122052
 0.11853167 0.13550939 0.15216011 0.16849013 0.18450562 0.20021264
 0.21561713 0.23072492 0.24554172 0.26007314 0.27432467 0.28830171
 0.30200954 0.31545335 0.32863822 0.34156914 0.354251   0.3666886 ]",1992.0,,30
2,bootcamp,Michigan,"[1982 1983 1984 1985 1986 1987 1988 1989 1990 1991 1992 1993 1994 1995
 1996]","[0.01606214 0.01725609 0.0197158  0.02092512 0.01388023 0.01358578
 0.00902728 0.04260205 0.07548259 0.05922282 0.12649486 0.06964585
 0.11735208 0.10792044 0.10709148]","[0.01606214 0.03304106 0.05210543 0.07194023 0.08482192 0.09725533
 0.10540466 0.14351626 0.20816587 0.25506052 0.34929154 0.39461068
 0.46565438 0.52332119 0.57436943]",1996.0,1995.0,15
2,bootcamp,Minnesota,"[1982 1983 1984 1985 1986 1987 1988 1989 1990 1991 1992 1993 1994 1995
 1996 1997 1998 1999]","[0.01766354 0.02130285 0.02740841 0.02480402 0.01954849 0.01679445
 0.01507504 0.06421343 0.05953464 0.05002194 0.08539624 0.06126876
 0.07672472 0.0715486  0.06097748 0.05021434 0.05467089 0.07760419]","[0.01766354 0.0385901  0.06494082 0.08813404 0.10595965 0.12097456
 0.1342259  0.18982022 0.23805399 0.276168   0.33798053 0.37854164
 0.42622286 0.46727581 0.49975999 0.52487921 0.55085448 0.58571006]",,1997.0,18
2,bootcamp,Mississippi,"[1982 1983 1984 1985 1986 1987 1988 1989 1990 1991 1992 1993 1994 1995
 1996 1997 1998 1999]","[0.06310873 0.06235648 0.0514409  0.06017165 0.06145192 0.04242798
 0.03537293 0.08900172 0.05643571 0.09698441 0.05475381 0.03553949
 0.12078446 0.08270551 0.10564164 0.11055783 0.12707794 0.11530134]","[0.06310873 0.12152998 0.16671926 0.21685914 0.26498465 0.29616986
 0.3210664  0.38149265 0.41639855 0.4729988  0.50185412 0.51955797
 0.5775879  0.61252371 0.65345734 0.69177035 0.73093953 0.76196257]",,1992.0,18
2,bootcamp,Missouri,[1982 1983 1984 1985 1986 1987 1988 1989 1990 1991 1992 1993 1994 1995],"[0.05932769 0.03335749 0.03989524 0.03817813 0.0342381  0.03043817
 0.02339464 0.06715465 0.07531481 0.06225447 0.06245502 0.04133601
 0.06236193 0.07563757]","[0.05932769 0.09070616 0.12698266 0.16031283 0.18906212 0.21374558
 0.23213972 0.28370511 0.33765272 0.3788868  0.41767843 0.44174929
 0.47656288 0.51615439]",1995.0,1995.0,14
2,bootcamp,Montana,"[1982 1983 1984 1985 1986 1987 1988 1989 1990 1991 1992 1993 1994 1995
 1996 1997 1998 1999 2000 2001 2002 2003 2004 2005 2006 2007 2008 2009
 2010 2011 2012]","[0.005662   0.03456862 0.00755978 0.02467024 0.00683196 0.02403311
 0.00518431 0.03798287 0.00703987 0.04837632 0.00654267 0.023814
 0.023814   0.023814   0.023814   0.023814   0.023814   0.023814
 0.023814   0.023814   0.023814   0.023814   0.023814   0.023814
 0.023814   0.023814   0.023814   0.023814   0.023814   0.023814
 0.023814  ]","[0.005662   0.0400349  0.04729202 0.07079556 0.07714385 0.09932295
 0.10399234 0.13802528 0.14409347 0.18549907 0.19082808 0.2100977
 0.22890844 0.24727121 0.26519669 0.2826953  0.29977719 0.3164523
 0.3327303  0.34862066 0.36413261 0.37927515 0.3940571  0.40848702
 0.42257331 0.43632415 0.44974752 0.46285124 0.4756429  0.48812994
 0.50031961]",1993.0,2012.0,31
2,bootcamp,Nevada,"[1982 1983 1984 1985 1986 1987 1988 1989 1990 1991 1992 1993 1994 1995
 1996 1997 1998 1999]","[0.01154199 0.06049221 0.0098284  0.05627049 0.01020962 0.02749492
 0.00792512 0.05895729 0.00760124 0.05361179 0.0059863  0.03520405
 0.01592516 0.11507213 0.02353315 0.08395271 0.02042309 0.08449521]","[0.01154199 0.071336   0.08046328 0.13220607 0.14106591 0.16468224
 0.17130223 0.22016001 0.22608776 0.26757858 0.27196307 0.29759293
 0.30877887 0.38831916 0.40271394 0.45285772 0.46403206 0.50931878]",,1999.0,18
2,bootcamp,New Hampshire,"[1982 1983 1984 1985 1986 1987 1988 1989 1990 1991 1992 1993 1994 1995
 1996 1997 1998 1999]","[0.00657035 0.04745032 0.01104711 0.04754847 0.04689668 0.03592964
 0.03298326 0.04684161 0.03075596 0.04041348 0.05338671 0.02981791
 0.04642213 0.06002187 0.05198402 0.0859612  0.07551046 0.05740783]","[0.00657035 0.0537089  0.06416268 0.10866031 0.15046118 0.18098481
 0.2079986  0.24509722 0.26831498 0.29788492 0.33536854 0.35518646
 0.38512008 0.42202632 0.45207172 0.49917229 0.53699002 0.56357042]",,1998.0,18
2,bootcamp,New Jersey,"[1982 1983 1984 1985 1986 1987 1988 1989 1990 1991 1992 1993 1994 1995
 1996 1997 1998 1999 2000 2001]","[0.01165472 0.01389252 0.0186067  0.01277729 0.01025029 0.01119817
 0.01028003 0.02268578 0.03698286 0.02715696 0.04283627 0.03610202
 0.04848014 0.03099565 0.04895571 0.03601855 0.04767937 0.10126455
 0.10126455 0.10126455]","[0.01165472 0.02538533 0.04351969 0.05574092 0.06541984 0.07588543
 0.08538536 0.1061341  0.13919182 0.16256875 0.19844118 0.22737907
 0.26483584 0.28762273 0.32249767 0.34690032 0.3780397  0.44102223
 0.49762686 0.54849945]",,2001.0,20
2,bootcamp,New Mexico,"[1982 1983 1984 1985 1986 1987 1988 1989 1990 1991 1992 1993 1994 1995
 1996 1997 1998 1999]","[0.04148239 0.02937092 0.02576853 0.05184998 0.041322   0.02894975
 0.02648217 0.05175883 0.0398698  0.04918019 0.03455893 0.01792747
 0.03364313 0.06950574 0.08863282 0.10188193 0.09780153 0.09765086]","[0.04148239 0.06963493 0.09360907 0.14060543 0.17611733 0.19996853
 0.22115509 0.26146719 0.29091235 0.32578541 0.34908555 0.36075479
 0.382261   0.42519741 0.47614379 0.52951527 0.57552939 0.61697931]",,1997.0,18
2,bootcamp,New York,"[1982 1983 1984 1985 1986 1987 1988 1989 1990 1991 1992 1993 1994 1995
 1996 1997 1998 1999 2000]","[0.01472942 0.01720519 0.01832455 0.01458758 0.01206745 0.01176683
 0.00934258 0.01739645 0.01809045 0.01359421 0.04855815 0.0669835
 0.06764605 0.05650721 0.07370524 0.05883849 0.04851335 0.07261817
 0.07261817]","[0.01472942 0.0316812  0.0494252  0.06329179 0.07459547 0.08548455
 0.09402848 0.10978917 0.12589349 0.13777628 0.17964427 0.23459456
 0.28637122 0.32669639 0.37632239 0.41301864 0.44149508 0.48205268
 0.51966507]",,2000.0,19
2,bootcamp,North Carolina,"[1982 1983 1984 1985 1986 1987 1988 1989 1990 1991 1992 1993 1994 1995
 1996 1997 1998 1999]","[0.09275956 0.11142262 0.11033274 0.09072042 0.08326247 0.06639544
 0.05095014 0.08335511 0.05715011 0.08546093 0.04090961 0.03370967
 0.11820642 0.12278503 0.12330251 0.13512804 0.14057637 0.14423282]","[0.09275956 0.19384667 0.28279177 0.3478572  0.40215622 0.44185032
 0.47028812 0.51444232 0.54219199 0.58131669 0.59844486 0.61198115
 0.65784747 0.69985868 0.73686686 0.77242352 0.8044154  0.83262512]",,1989.0,18
2,bootcamp,North Dakota,"[1982 1983 1984 1985 1986 1987 1988 1989 1990 1991 1992 1993 1994 1995
 1996 1997 1998 1999 2000 2001 2002 2003 2004 2005 2006]","[0.00335559 0.00932883 0.00213006 0.0138059  0.00180356 0.01150175
 0.00208289 0.02430379 0.0083721  0.02419319 0.00804403 0.06083703
 0.0177806  0.04823804 0.01108154 0.0577083  0.0094216  0.05164828
 0.05164828 0.05164828 0.05164828 0.05164828 0.05164828 0.05164828
 0.05164828]","[0.00335559 0.01265311 0.01475622 0.02835839 0.03011081 0.04126623
 0.04326316 0.06651549 0.07433071 0.0967256  0.10399157 0.15850206
 0.1734644  0.21333486 0.22205232 0.26694636 0.2738529  0.31135715
 0.34692437 0.3806546  0.41264272 0.44297872 0.47174791 0.49903122
 0.52490539]",,2006.0,25
2,bootcamp,Ohio,"[1982 1983 1984 1985 1986 1987 1988 1989 1990 1991 1992 1993 1994 1995
 1996 1997 1998 1999]","[0.02633654 0.02539286 0.03187397 0.03382239 0.02489447 0.02750202
 0.01983838 0.03870878 0.06829113 0.04912035 0.05497073 0.03166476
 0.08126381 0.09215396 0.2127383  0.19030982 0.17279003 0.20717775]","[0.02633654 0.05106064 0.0813071  0.1123795  0.13447633 0.15827998
 0.17497834 0.20691392 0.26107466 0.29737093 0.33599496 0.35702052
 0.40927149 0.46370946 0.57779899 0.65814799 0.71721661 0.77580304]",,1996.0,18
2,bootcamp,Oklahoma,"[1982 1983 1984 1985 1986 1987 1988 1989 1990 1991 1992 1993 1994 1995
 1996 1997 1998 1999]","[0.07948025 0.08388169 0.07522378 0.07148578 0.07525776 0.06771107
 0.04531248 0.0700891  0.06975733 0.09029744 0.05689514 0.02615382
 0.04095599 0.06952961 0.07877081 0.10700057 0.11659793 0.09890019]","[0.07948025 0.156695   0.2201316  0.2758811  0.33037667 0.37571758
 0.40400537 0.4457781  0.48443913 0.53099296 0.55767718 0.56924562
 0.58688759 0.61561113 0.64588975 0.68377975 0.72065038 0.74827811]",,1991.0,18
2,bootcamp,Oregon,"[1982 1983 1984 1985 1986 1987 1988 1989 1990 1991 1992 1993 1994 1995
 1996 1997 1998]","[0.01200699 0.02156893 0.02174125 0.02561879 0.01687772 0.01340923
 0.01403762 0.02157628 0.02530064 0.01667276 0.03500755 0.07777798
 0.08966739 0.08397403 0.08397403 0.08397403 0.08397403]","[0.01200699 0.03331694 0.05433384 0.07856067 0.09411247 0.10625972
 0.1188057  0.13781859 0.15963233 0.17364358 0.20257229 0.26459461
 0.33053649 0.38675404 0.43825077 0.48542312 0.52863421]",1995.0,1998.0,17
2,bootcamp,Pennsylvania,"[1982 1983 1984 1985 1986 1987 1988 1989 1990 1991 1992 1993 1994 1995
 1996 1997 1998 1999 2000 2001]","[0.01551483 0.01865568 0.0202642  0.01881339 0.01184068 0.01376394
 0.01262655 0.02742506 0.03607357 0.03005341 0.04234686 0.02715004
 0.06281275 0.04956653 0.05129398 0.05129398 0.05129398 0.05129398
 0.05129398 0.05129398]","[0.01551483 0.03388107 0.05345869 0.07126634 0.08226318 0.09489486
 0.10632321 0.13083235 0.16218633 0.18736549 0.22177801 0.24290676
 0.29046188 0.32563122 0.36022228 0.39303903 0.42417247 0.45370896
 0.4817304  0.50831452]",1996.0,2001.0,20
2,bootcamp,Rhode Island,"[1982 1983 1984 1985 1986 1987 1988 1989 1990 1991 1992 1993 1994 1995
 1996 1997 1998 1999]","[0.00630122 0.01090038 0.0105074  0.0120647  0.00834949 0.0074622
 0.00396132 0.0199023  0.02157909 0.01599784 0.13961353 0.14252591
 0.24853503 0.20613048 0.16446629 0.14772086 0.10078514 0.16126248]","[0.00630122 0.01713291 0.02746029 0.03919368 0.04721593 0.05432579
 0.05807191 0.07681844 0.09673986 0.11119007 0.23527996 0.34427238
 0.50724367 0.60881577 0.67315239 0.7214346  0.74950985 0.78990451]",,1994.0,18
2,bootcamp,South Carolina,"[1982 1983 1984 1985 1986 1987 1988 1989 1990 1991 1992 1993 1994 1995
 1996 1997 1998 1999]","[0.17952769 0.15438506 0.17197316 0.16966587 0.13943358 0.09450447
 0.0866272  0.12335658 0.10176362 0.12193395 0.08601784 0.05546841
 0.09558723 0.09109448 0.1001148  0.114489   0.10479748 0.11162543]","[0.17952769 0.30619635 0.42551196 0.52298297 0.58949516 0.62828971
 0.66048993 0.70237073 0.73265856 0.76525656 0.78544868 0.7973495
 0.8167203  0.83341607 0.85009359 0.86725622 0.88116744 0.89443217]",,1985.0,18
2,bootcamp,South Dakota,"[1982 1983 1984 1985 1986 1987 1988 1989 1990 1991 1992 1993 1994 1995
 1996 1997 1998 1999 2000]","[0.02848542 0.02372832 0.03159767 0.04317209 0.0265732  0.01323461
 0.01997288 0.01782666 0.04016305 0.03259245 0.03239379 0.03360784
 0.04788645 0.04911288 0.0598779  0.05635834 0.05526752 0.04875678
 0.04875678]","[0.02848542 0.05153782 0.08150702 0.12116028 0.14451386 0.15583589
 0.17269628 0.18744434 0.22007906 0.24549859 0.26993975 0.2944755
 0.32826056 0.36125162 0.39949853 0.43334179 0.46465959 0.49076106
 0.51558991]",,2000.0,19
2,bootcamp,Tennessee,"[1982 1983 1984 1985 1986 1987 1988 1989 1990 1991 1992 1993 1994 1995
 1996 1997 1998 1999]","[0.05024571 0.04851464 0.03899072 0.04368441 0.03488136 0.03770618
 0.03271809 0.07443365 0.07660545 0.10392821 0.06956364 0.04350819
 0.07871524 0.11999638 0.11238589 0.12926609 0.14340864 0.14583931]","[0.05024571 0.0963227  0.13155772 0.16949511 0.19846425 0.2286871
 0.25392298 0.30945622 0.36235563 0.42862487 0.46837181 0.49150199
 0.53152853 0.58774341 0.63407524 0.6813769  0.72707021 0.7668741 ]",,1994.0,18
2,bootcamp,Texas,"[1982 1983 1984 1985 1986 1987 1988 1989 1990 1991 1992 1993 1994 1995
 1996 1997]","[0.01090054 0.06394402 0.01294541 0.06421792 0.01102451 0.04165587
 0.00821288 0.06035345 0.01143994 0.06521644 0.00936107 0.02321417
 0.01471205 0.09148764 0.09148764 0.09148764]","[0.01090054 0.07414753 0.08613307 0.14481971 0.15424766 0.18947821
 0.19613493 0.24465096 0.2532921  0.30198974 0.30852386 0.3245759
 0.33451278 0.39539663 0.45071037 0.50096358]",1995.0,1997.0,16
2,bootcamp,Utah,"[1982 1983 1984 1985 1986 1987 1988 1989 1990 1991 1992 1993 1994 1995
 1996 1997 1998 1999 2000 2001 2002 2003 2004]","[0.0452812  0.04206266 0.03909456 0.03795748 0.03719705 0.03805887
 0.03357128 0.030027   0.0314857  0.0285336  0.01345469 0.00865356
 0.01432004 0.0212018  0.02899824 0.04089356 0.03824371 0.03021965
 0.03021965 0.03021965 0.03021965 0.03021965 0.03021965]","[0.0452812  0.08543921 0.12119356 0.15455084 0.18599905 0.21697901
 0.24326603 0.26598848 0.28909934 0.30938389 0.31867592 0.3245718
 0.33424395 0.34835918 0.36725562 0.39313079 0.41633972 0.43397773
 0.45108273 0.46767082 0.48375762 0.49935829 0.51448751]",,2004.0,23
2,bootcamp,Vermont,"[1989 1990 1991 1992 1993 1994 1995 1996 1997 1998 1999 2000 2001 2002
 2003 2004 2005 2006 2007 2008]","[0.01457283 0.0238454  0.00951466 0.03990145 0.07690296 0.02110007
 0.02618    0.02327235 0.0506752  0.02548545 0.03947057 0.03947057
 0.03947057 0.03947057 0.03947057 0.03947057 0.03947057 0.03947057
 0.03947057 0.03947057]","[0.01457283 0.03807074 0.04722317 0.08524035 0.15558807 0.17340522
 0.19504547 0.21377866 0.25362058 0.27264239 0.30135161 0.32892766
 0.35541527 0.3808574  0.40529531 0.42876864 0.45131547 0.47297236
 0.49377444 0.51375545]",,2008.0,20
2,bootcamp,Virginia,"[1982 1983 1984 1985 1986 1987 1988 1989 1990 1991 1992 1993 1994 1995
 1996 1997]","[0.03495083 0.06259798 0.05626327 0.05342822 0.0561598  0.04899324
 0.03858469 0.04080062 0.03865253 0.05181488 0.02574024 0.01646547
 0.04583732 0.04583732 0.04583732 0.04583732]","[0.03495083 0.09536095 0.1462589  0.19187277 0.23725704 0.27462629
 0.30261461 0.33106836 0.35692426 0.39024515 0.40594039 0.41572186
 0.4425036  0.46805774 0.49244055 0.51570572]",1994.0,1997.0,16
2,bootcamp,Washington,"[1982 1983 1984 1985 1986 1987 1988 1989 1990 1991 1992 1993 1994 1995
 1996 1997 1998 1999 2000 2001]","[0.01865059 0.02301114 0.02306634 0.02331889 0.01967564 0.01474302
 0.01099219 0.02713514 0.0417431  0.02630539 0.04003502 0.02801956
 0.05272801 0.05272801 0.05272801 0.05272801 0.05272801 0.05272801
 0.05272801 0.05272801]","[0.01865059 0.04123257 0.06334783 0.08518951 0.10318899 0.11641069
 0.12612327 0.14983604 0.18532452 0.20675488 0.23851246 0.259849
 0.29887569 0.33584458 0.37086417 0.40403725 0.43546117 0.46522818
 0.49342563 0.52013629]",1994.0,2001.0,20
2,bootcamp,West Virginia,"[1982 1983 1984 1985 1986 1987 1988 1989 1990 1991 1992 1993 1994 1995
 1996 1997 1998 1999 2000]","[0.02948279 0.01655564 0.02003532 0.02768763 0.01242846 0.01466676
 0.01267716 0.0272244  0.03974327 0.03164276 0.02811373 0.04393978
 0.05451529 0.05451529 0.05451529 0.05451529 0.05451529 0.05451529
 0.05451529]","[0.02948279 0.04555033 0.06467303 0.09057002 0.10187283 0.11504545
 0.12626416 0.15005109 0.18383083 0.20965668 0.23187618 0.26562737
 0.30566191 0.34351395 0.37930248 0.41313998 0.44513283 0.47538157
 0.5039813 ]",1994.0,2000.0,19
2,bootcamp,Wisconsin,"[1982 1983 1984 1985 1986 1987 1988 1989 1990 1991 1992 1993 1994 1995
 1996 1997 1998 1999 2000 2001 2002]","[0.02044595 0.02804177 0.03513695 0.02654056 0.02997159 0.02405041
 0.01403723 0.03656182 0.03656182 0.03656182 0.03656182 0.03656182
 0.03656182 0.03656182 0.03656182 0.03656182 0.03656182 0.03656182
 0.03656182 0.03656182 0.03656182]","[0.02044595 0.04791438 0.08136776 0.10574877 0.1325509  0.15341341
 0.16529714 0.19581539 0.22521784 0.25354529 0.28083703 0.30713093
 0.33246349 0.35686983 0.38038384 0.40303814 0.42486415 0.44589216
 0.46615135 0.48566983 0.50447467]",1989.0,2002.0,21
2,bootcamp,Wyoming,"[1982 1983 1984 1985 1986 1987 1988 1989 1990 1991 1992 1993 1994 1995
 1996 1997 1998 1999]","[0.05919053 0.04944927 0.05096209 0.04600644 0.0411651  0.04752925
 0.05304517 0.03180089 0.02569037 0.03656981 0.02550934 0.01961269
 0.03482766 0.03741938 0.05123762 0.04640833 0.0452469  0.03544604]","[0.05919053 0.10571287 0.15128761 0.19033385 0.22366384 0.26056252
 0.29978611 0.32205353 0.33947023 0.36362568 0.37985917 0.3920218
 0.41319626 0.43515409 0.46409545 0.48896589 0.5120886  0.52938313]",,1998.0,18
2,cpban,Alabama,"[1974 1975 1976 1977 1978 1979 1980 1981 1982 1983 1984 1985 1986 1987
 1988 1989]","[0.00519774 0.02509756 0.02988139 0.02658793 0.04680519 0.12971764
 0.11859053 0.09540952 0.05007509 0.13776151 0.12987986 0.10853969
 0.1462216  0.14382754 0.1847691  0.17078404]","[0.00519774 0.03016485 0.05914486 0.08416026 0.12702631 0.24026639
 0.33036361 0.3942533  0.42458612 0.503856   0.56829512 0.61515223
 0.67142529 0.71868338 0.770662   0.80982927]",1989.0,1983.0,16
2,cpban,Arizona,"[1974 1975 1976 1977 1978 1979 1980 1981 1982 1983 1984 1985 1986 1987
 1988 1989 1990 1991 1992 1993 1994 1995 1996 1997 1998]","[0.03841347 0.03848433 0.03479996 0.0226474  0.021269   0.03907607
 0.04319432 0.05442209 0.03884106 0.09382979 0.17953709 0.11849078
 0.12103152 0.12826342 0.14187661 0.1710634  0.17719745 0.13440159
 0.17569789 0.14987944 0.11101895 0.12566417 0.10343889 0.12968795
 0.146675  ]","[0.03841347 0.07541948 0.10759485 0.12780551 0.14635621 0.17971326
 0.21514499 0.25785843 0.286684   0.35361429 0.4696645  0.53250437
 0.58908608 0.6417913  0.69261274 0.74519545 0.79034616 0.81852397
 0.85040893 0.87282955 0.88694788 0.90115448 0.91137895 0.92287204
 0.93418478]",1998.0,1985.0,25
2,cpban,Arkansas,[1974 1975 1976 1977 1978 1979 1980 1981 1982 1983 1984 1985 1986 1987],"[0.00732293 0.03252668 0.00731709 0.051246   0.00871551 0.10329761
 0.01646543 0.10148078 0.0112845  0.06958508 0.06958508 0.06958508
 0.06958508 0.06958508]","[0.00732293 0.03961141 0.04663866 0.09549461 0.10337784 0.19599676
 0.20923502 0.28948247 0.2975003  0.3463838  0.39186574 0.43418281
 0.47355524 0.51018795]",1983.0,1987.0,14
2,cpban,California,"[1974 1975 1976 1977 1978 1979 1980 1981 1982 1983 1984 1985 1986 1987
 1988 1989]","[0.03514369 0.03494175 0.04172287 0.0543302  0.04747645 0.03062038
 0.03671822 0.04545779 0.04545779 0.04545779 0.04545779 0.04545779
 0.04545779 0.04545779 0.04545779 0.04545779]","[0.03514369 0.06885745 0.1077074  0.15618583 0.19624713 0.22085835
 0.24946704 0.28358461 0.31615127 0.34723752 0.37691066 0.40523493
 0.43227163 0.45807931 0.48271382 0.50622851]",1981.0,1989.0,16
2,cpban,Colorado,[1974 1975 1976 1977 1978 1979 1980 1981 1982 1983 1984 1985],"[0.03494104 0.04803057 0.05358068 0.04103497 0.06899562 0.06446014
 0.06446014 0.06446014 0.06446014 0.06446014 0.06446014 0.06446014]","[0.03494104 0.08129337 0.13051829 0.16619745 0.22372618 0.27376489
 0.32057811 0.36437373 0.40534629 0.44367775 0.47953836 0.51308739]",1979.0,1985.0,12
2,cpban,Connecticut,[1974 1975 1976 1977 1978 1979 1980 1981 1982 1983 1984 1985],"[0.01291412 0.01482127 0.02605942 0.14038905 0.10632645 0.05259158
 0.06391684 0.0858315  0.0518753  0.08258281 0.07174187 0.08262426]","[0.01291412 0.02754399 0.05288563 0.18585011 0.27241578 0.31068059
 0.3547397  0.41012336 0.44072339 0.48691002 0.52372005 0.56307233]",1985.0,1984.0,12
2,cpban,Delaware,"[1974 1975 1976 1977 1978 1979 1980 1981 1982 1983 1984 1985 1986 1987
 1988 1989 1990 1991 1992 1993 1994 1995 1996 1997 1998 1999 2000]","[0.03703077 0.04480371 0.0441148  0.04668243 0.03518089 0.078891
 0.0611079  0.06564556 0.07603244 0.07604357 0.07795189 0.07310469
 0.08447598 0.05382241 0.07979374 0.06333123 0.04243817 0.05543405
 0.04149303 0.05677397 0.12490384 0.26742418 0.24296449 0.23934334
 0.24102628 0.15155461 0.21245761]","[0.03703077 0.08017537 0.12075324 0.16179862 0.19128729 0.25508744
 0.30060748 0.3465195  0.39620521 0.44211993 0.48560773 0.52321222
 0.56348934 0.5869834  0.61993953 0.64400923 0.65911683 0.67801336
 0.69137357 0.70889551 0.74525558 0.8133804  0.85872234 0.8925362
 0.9184378  0.93079893 0.94550122]",2000.0,1985.0,27
2,cpban,Florida,[1974 1975 1976 1977 1978 1979 1980 1981 1982 1983],"[0.02921014 0.0357954  0.03703466 0.02685257 0.07969181 0.12366389
 0.12057528 0.09470877 0.06214066 0.08684444]","[0.02921014 0.06395995 0.09862587 0.12283008 0.19273334 0.29256307
 0.37786247 0.43678435 0.47178295 0.51765566]",1983.0,1983.0,10
2,cpban,Georgia,"[1974 1975 1976 1977 1978 1979 1980 1981 1982 1983 1984 1985 1986 1987
 1988 1989 1990 1991 1992 1993 1994 1995 1996 1997]","[0.02479638 0.02342572 0.02957043 0.02064365 0.02204726 0.02204726
 0.02204726 0.02204726 0.02204726 0.02204726 0.02204726 0.02204726
 0.02204726 0.02204726 0.02204726 0.02204726 0.02204726 0.02204726
 0.02204726 0.02204726 0.02204726 0.02204726 0.02204726 0.02204726]","[0.02479638 0.04764123 0.07580289 0.09488169 0.11483707 0.13435248
 0.15343764 0.17210201 0.19035489 0.20820535 0.22566225 0.24273427
 0.2594299  0.27575744 0.291725   0.30734052 0.32261177 0.33754632
 0.3521516  0.36643488 0.38040326 0.39406367 0.4074229  0.4204876 ]",1978.0,,24
2,cpban,Idaho,"[1974 1975 1976 1977 1978 1979 1980 1981 1982 1983 1984 1985 1986 1987
 1988 1989 1990 1991 1992 1993 1994 1995]","[0.03512464 0.03884683 0.03299801 0.02882291 0.02915761 0.04017019
 0.05054332 0.04449215 0.02633255 0.02813533 0.02813533 0.02813533
 0.02813533 0.02813533 0.02813533 0.02813533 0.02813533 0.02813533
 0.02813533 0.02813533 0.02813533 0.02813533]","[0.03512464 0.07260699 0.10320912 0.12905724 0.15445185 0.18841768
 0.22943774 0.26372172 0.2831098  0.30327974 0.32288219 0.34193312
 0.36044805 0.37844206 0.39592979 0.41292551 0.42944304 0.44549585
 0.461097   0.47625921 0.49099483 0.50531586]",1983.0,1995.0,22
2,cpban,Illinois,"[1974 1975 1976 1977 1978 1979 1980 1981 1982 1983 1984 1985 1986 1987
 1988 1989 1990 1991 1992 1993 1994]","[0.06974962 0.04852139 0.06341781 0.09651546 0.09086233 0.05584585
 0.07547788 0.08321748 0.08287583 0.15816545 0.14085439 0.2244088
 0.19325263 0.25527006 0.21529347 0.21001682 0.19950941 0.2388693
 0.19119176 0.23000652 0.26939976]","[0.06974962 0.11488666 0.17101862 0.25102814 0.31908146 0.35710794
 0.40563207 0.45509387 0.50025342 0.57929606 0.63855406 0.71966571
 0.77384105 0.83157266 0.86783397 0.89559106 0.91642162 0.93638593
 0.94854842 0.96038262 0.97105553]",1994.0,1982.0,21
2,cpban,Indiana,[1974 1975 1976 1977 1978 1979 1980 1981 1982 1983],"[0.08344847 0.06144493 0.07784313 0.1091997  0.10745785 0.12610699
 0.12031759 0.11611004 0.10946945 0.09827341]","[0.08344847 0.13976591 0.20672923 0.29335416 0.3692888  0.44882589
 0.51514183 0.57143874 0.6183531  0.65585885]",1983.0,1980.0,10
2,cpban,Iowa,[1974 1975 1976 1977 1978 1979 1980 1981 1982 1983 1984],"[0.03644971 0.03058574 0.04074718 0.04213495 0.09192545 0.06847055
 0.06511862 0.08580336 0.08188934 0.11326001 0.11326001]","[0.03644971 0.06592061 0.10398171 0.1417354  0.22063176 0.27399553
 0.32127194 0.37950909 0.43032068 0.49484257 0.5520567 ]",1983.0,1984.0,11
2,cpban,Kansas,[1974 1975 1976 1977 1978 1979 1980 1981 1982 1983 1984 1985 1986 1987],"[0.04519871 0.04067024 0.03873872 0.03132073 0.05321101 0.05321101
 0.05321101 0.05321101 0.05321101 0.05321101 0.05321101 0.05321101
 0.05321101 0.05321101]","[0.04519871 0.08403071 0.11951419 0.14709164 0.19247576 0.23544494
 0.27612768 0.31464566 0.35111405 0.38564193 0.41833254 0.44928365
 0.47858783 0.50633269]",1978.0,1987.0,14
2,cpban,Kentucky,[1974 1975 1976 1977 1978 1979 1980 1981 1982 1983 1984],"[0.06361191 0.06361191 0.06361191 0.06361191 0.06361191 0.06361191
 0.06361191 0.06361191 0.06361191 0.06361191 0.06361191]","[0.06361191 0.12317735 0.17895371 0.23118204 0.28008802 0.32588299
 0.36876487 0.40891894 0.44651873 0.48172674 0.51469509]",1974.0,1984.0,11
2,cpban,Louisiana,"[1974 1975 1976 1977 1978 1979 1980 1981 1982 1983 1984 1985 1986 1987
 1988 1989 1990 1991 1992 1993 1994 1995 1996]","[0.02640943 0.02689155 0.02804274 0.02233388 0.02233388 0.02233388
 0.02233388 0.02233388 0.02233388 0.02233388 0.02233388 0.02233388
 0.02233388 0.02233388 0.02233388 0.02233388 0.02233388 0.02233388
 0.02233388 0.02233388 0.02233388 0.02233388 0.02233388]","[0.02640943 0.05259079 0.07915874 0.09972471 0.11983135 0.13948893
 0.15870749 0.17749681 0.1958665  0.21382593 0.23138425 0.24855042
 0.26533321 0.28174117 0.29778268 0.31346592 0.32879889 0.34378942
 0.35844515 0.37277356 0.38678196 0.4004775  0.41386717]",1977.0,,23
2,cpban,Maine,"[1974 1975 1976 1977 1978 1979 1980 1981 1982 1983 1984 1985 1986 1987
 1988 1989 1990 1991 1992 1993 1994 1995 1996 1997 1998 1999 2000 2001
 2002 2003]","[0.00284728 0.01464423 0.00525639 0.02159479 0.04120514 0.02367832
 0.03521993 0.02725545 0.03541761 0.22744688 0.16954736 0.2844059
 0.18637787 0.12840981 0.09486831 0.13705541 0.14545078 0.09847473
 0.11455915 0.13023898 0.13917929 0.17592771 0.25650589 0.12845143
 0.11040568 0.10265074 0.12564763 0.10771817 0.19695866 0.24038389]","[0.00284728 0.01744981 0.02261447 0.0437209  0.08312452 0.10483459
 0.13636225 0.15990109 0.18965538 0.37396573 0.48010819 0.62796849
 0.69730693 0.73617569 0.76120426 0.79393251 0.82390518 0.84124607
 0.85943279 0.87774012 0.89475616 0.91327147 0.93551785 0.94380067
 0.9500054  0.95513738 0.96077426 0.96499959 0.97189322 0.97864964]",2003.0,1985.0,30
2,cpban,Maryland,"[1974 1975 1976 1977 1978 1979 1980 1981 1982 1983 1984 1985 1986 1987
 1988 1989 1990 1991 1992 1993 1994]","[0.04236434 0.03508497 0.04028952 0.04139832 0.03170515 0.06793934
 0.07642016 0.07163084 0.10843193 0.09133619 0.09315653 0.09434248
 0.07750021 0.05302272 0.04462568 0.05042413 0.06002447 0.06459106
 0.06000413 0.0560767  0.07146367]","[0.04236434 0.07596295 0.11319196 0.14990433 0.17685673 0.23278055
 0.29141158 0.34216836 0.41349832 0.46706715 0.51671333 0.56230779
 0.59622903 0.61763807 0.63470123 0.6531211  0.67394232 0.69500273
 0.71330383 0.7293808  0.74872024]",1994.0,1984.0,21
2,cpban,Massachusetts,"[1974 1975 1976 1977 1978 1979 1980 1981 1982 1983 1984 1985 1986 1987
 1988 1989 1990 1991 1992 1993 1994 1995 1996]","[0.00898598 0.00890933 0.01584968 0.02351353 0.02351353 0.02351353
 0.02351353 0.02351353 0.02351353 0.02351353 0.02351353 0.02351353
 0.02351353 0.02351353 0.02351353 0.02351353 0.02351353 0.02351353
 0.02351353 0.02351353 0.02351353 0.02351353 0.02351353]","[0.00898598 0.01781524 0.03338255 0.05611114 0.07830531 0.0999776
 0.12114031 0.1418054  0.16198459 0.18168929 0.20093067 0.21971961
 0.23806676 0.2559825  0.27347698 0.2905601  0.30724154 0.32353074
 0.33943692 0.35496909 0.37013605 0.38494637 0.39940846]",1977.0,,23
2,cpban,Michigan,"[1974 1975 1976 1977 1978 1979 1980 1981 1982 1983 1984 1985 1986 1987
 1988 1989 1990 1991]","[0.03213876 0.02944258 0.04295374 0.04076148 0.04076148 0.04076148
 0.04076148 0.04076148 0.04076148 0.04076148 0.04076148 0.04076148
 0.04076148 0.04076148 0.04076148 0.04076148 0.04076148 0.04076148]","[0.03213876 0.06063509 0.10098433 0.13762954 0.17278104 0.20649971
 0.23884396 0.2698698  0.29963099 0.32817907 0.35556349 0.38183167
 0.40702913 0.4311995  0.45438465 0.47662474 0.49795829 0.51842225]",1977.0,1991.0,18
2,cpban,Minnesota,[1974 1975 1976 1977 1978 1979 1980 1981 1982 1983 1984 1985 1986 1987],"[0.02443772 0.02424881 0.04924415 0.05266909 0.09301824 0.03708731
 0.04462445 0.0573394  0.05358085 0.05358085 0.05358085 0.05358085
 0.05358085 0.05358085]","[0.02443772 0.04809394 0.09496975 0.14263687 0.22238728 0.25122684
 0.28464043 0.32565872 0.3617905  0.39598631 0.42834987 0.45897937
 0.48796772 0.51540284]",1982.0,1987.0,14
2,cpban,Mississippi,"[1974 1975 1976 1977 1978 1979 1980 1981 1982 1983 1984 1985 1986 1987
 1988 1989 1990 1991 1992 1993]","[0.01848631 0.01863874 0.0236148  0.02664359 0.0316685  0.03853306
 0.03853306 0.03853306 0.03853306 0.03853306 0.03853306 0.03853306
 0.03853306 0.03853306 0.03853306 0.03853306 0.03853306 0.03853306
 0.03853306 0.03853306]","[0.01848631 0.0367805  0.05952673 0.08458431 0.11357416 0.14773086
 0.1805714  0.21214649 0.2425049  0.2716935  0.29975738 0.32673987
 0.35268264 0.37762576 0.40160775 0.42466563 0.44683503 0.46815017
 0.48864397 0.50834808]",1979.0,1993.0,20
2,cpban,Missouri,[1974 1975 1976 1977 1978 1979 1980 1981 1982 1983 1984 1985],"[0.06165597 0.06918102 0.04775972 0.05274059 0.10818347 0.10191396
 0.09857306 0.09976454 0.06612146 0.15263702 0.15148469 0.13900016]","[0.06165597 0.12657157 0.16828627 0.21215134 0.29738354 0.36898996
 0.43119056 0.48793757 0.52179588 0.59478753 0.65617102 0.7039633 ]",1985.0,1982.0,12
2,cpban,Montana,"[1974 1975 1976 1977 1978 1979 1980 1981 1982 1983 1984 1985 1986 1987
 1988 1989 1990]","[0.01179308 0.04322922 0.04379451 0.04981995 0.01903627 0.04460881
 0.04460881 0.04460881 0.04460881 0.04460881 0.04460881 0.04460881
 0.04460881 0.04460881 0.04460881 0.04460881 0.04460881]","[0.01179308 0.0545125  0.09591966 0.14096089 0.15731379 0.19490501
 0.23081934 0.26513157 0.29791317 0.32923243 0.35915457 0.38774192
 0.41505402 0.44114776 0.46607749 0.48989514 0.51265031]",1979.0,1990.0,17
2,cpban,Nevada,"[1974 1975 1976 1977 1978 1979 1980 1981 1982 1983 1984 1985 1986 1987
 1988 1989 1990]","[0.00819462 0.04727893 0.00825604 0.02811105 0.0048619  0.03024663
 0.00588635 0.03731136 0.00566897 0.06885647 0.06885647 0.06885647
 0.06885647 0.06885647 0.06885647 0.06885647 0.06885647]","[0.00819462 0.05508611 0.06288736 0.08923058 0.09365865 0.12107242
 0.1262461  0.15884704 0.16361551 0.22120599 0.274831   0.32476357
 0.37125797 0.41455093 0.45486288 0.4923991  0.52735071]",1983.0,1990.0,17
2,cpban,New Hampshire,[1974 1975 1976 1977 1978 1979 1980 1981 1982 1983 1984 1985],"[0.00959284 0.04791796 0.00842392 0.08538907 0.01465065 0.10156996
 0.0198534  0.08343914 0.01542206 0.09735623 0.09735623 0.09735623]","[0.00959284 0.05705113 0.06499445 0.1448337  0.15736245 0.24294911
 0.25797914 0.31989273 0.33038138 0.39557293 0.45441767 0.5075335 ]",1983.0,1985.0,12
2,cpban,New Jersey,"[1974 1975 1976 1977 1978 1979 1980 1981 1982 1983 1984 1985 1986 1987
 1988 1989 1990 1991 1992]","[0.02483415 0.01542133 0.02024231 0.04835777 0.0536946  0.03729115
 0.03729115 0.03729115 0.03729115 0.03729115 0.03729115 0.03729115
 0.03729115 0.03729115 0.03729115 0.03729115 0.03729115 0.03729115
 0.03729115]","[0.02483415 0.03987251 0.0593077  0.10479748 0.15286502 0.18445566
 0.21486824 0.24414671 0.27233335 0.29946887 0.32559248 0.35074191
 0.37495349 0.3982622  0.42070169 0.44230439 0.4631015  0.48312306
 0.502398  ]",1979.0,1992.0,19
2,cpban,New Mexico,"[1974 1975 1976 1977 1978 1979 1980 1981 1982 1983 1984 1985 1986 1987
 1988 1989 1990]","[0.03614585 0.02621924 0.02489931 0.01317525 0.01576673 0.03248805
 0.03443727 0.03472331 0.02069344 0.06851173 0.05482673 0.05482673
 0.05482673 0.05482673 0.05482673 0.05482673 0.05482673]","[0.03614585 0.06141738 0.08478743 0.09684559 0.11108538 0.13996449
 0.16958176 0.19841663 0.21500415 0.26878557 0.30887567 0.34676775
 0.38258234 0.41643333 0.44842838 0.47866925 0.50725211]",1984.0,1990.0,17
2,cpban,New York,"[1974 1975 1976 1977 1978 1979 1980 1981 1982 1983 1984 1985 1986 1987
 1988 1989 1990]","[0.02245213 0.01975377 0.02469175 0.04459266 0.04459266 0.04459266
 0.04459266 0.04459266 0.04459266 0.04459266 0.04459266 0.04459266
 0.04459266 0.04459266 0.04459266 0.04459266 0.04459266]","[0.02245213 0.04176238 0.06542295 0.10709822 0.14691508 0.1849564
 0.22130136 0.2560256  0.2892014  0.32089779 0.35118077 0.38011334
 0.40775573 0.43416548 0.45939754 0.48350444 0.50653635]",1977.0,1990.0,17
2,cpban,North Carolina,[1974 1975 1976 1977 1978 1979 1980 1981 1982 1983 1984 1985],"[0.02180705 0.02809381 0.02898022 0.02409868 0.04567039 0.10851704
 0.09374399 0.10803257 0.05306437 0.0900347  0.0808208  0.05729163]","[0.02180705 0.04928821 0.07684005 0.09908699 0.14023204 0.23353151
 0.30538333 0.38042455 0.41330193 0.46612511 0.50927331 0.53738784]",1985.0,1984.0,12
2,cpban,North Dakota,[1974 1975 1976 1977 1978 1979 1980 1981 1982 1983 1984 1985],"[0.00673676 0.05525785 0.00980454 0.03515401 0.01536983 0.16129016
 0.02894192 0.10941223 0.05661901 0.13505413 0.02889166 0.1861019 ]","[0.00673676 0.06162235 0.07082271 0.10348702 0.11726627 0.25964254
 0.2810699  0.35972965 0.39598112 0.47755637 0.49265063 0.58706931]",1985.0,1985.0,12
2,cpban,Ohio,[1974 1975 1976 1977 1978 1979 1980 1981 1982 1983 1984],"[0.05397746 0.05906692 0.07757493 0.12142182 0.10846103 0.11895046
 0.13685318 0.16007626 0.13016361 0.21389499 0.22420891]","[0.05397746 0.10985609 0.17890895 0.27860732 0.35685031 0.43335326
 0.51090067 0.58919386 0.64266587 0.71909785 0.78207862]",1984.0,1980.0,11
2,cpban,Oklahoma,"[1974 1975 1976 1977 1978 1979 1980 1981 1982 1983 1984 1985 1986 1987
 1988 1989 1990 1991 1992 1993 1994 1995 1996 1997 1998 1999 2000]","[0.02644684 0.03213591 0.02624876 0.01759256 0.02888113 0.06392347
 0.07295142 0.06628176 0.03756505 0.07646279 0.09320772 0.1529844
 0.16776662 0.19617531 0.27136679 0.20639304 0.26269321 0.23544492
 0.30075834 0.2040437  0.15222723 0.09725729 0.06916541 0.09335372
 0.1183721  0.19865086 0.24900116]","[0.02644684 0.05773286 0.0824662  0.09860797 0.12464119 0.18059716
 0.24037376 0.29072312 0.31736714 0.36956316 0.42832474 0.51578213
 0.59701773 0.6760729  0.76397596 0.81268968 0.86189483 0.89441099
 0.92616777 0.94123277 0.95017874 0.95502422 0.95813499 0.96204324
 0.96653627 0.97318387 0.97986111]",2000.0,1985.0,27
2,cpban,Oregon,[1974 1975 1976 1977 1978 1979 1980 1981 1982 1983 1984 1985],"[0.03605523 0.01872272 0.03181903 0.02905568 0.03478528 0.02100825
 0.01966853 0.04402152 0.03685371 0.17018517 0.23649833 0.30042814]","[0.03605523 0.0541029  0.08420043 0.11080961 0.14174034 0.15977087
 0.17629695 0.21255761 0.24157778 0.37065    0.51949022 0.66384888]",1985.0,1984.0,12
2,cpban,Pennsylvania,"[1974 1975 1976 1977 1978 1979 1980 1981 1982 1983 1984 1985 1986 1987
 1988 1989 1990 1991 1992 1993 1994 1995]","[0.0321509  0.02732241 0.03897389 0.06364141 0.06833902 0.08208274
 0.09342008 0.09553895 0.08124995 0.0902741  0.11770201 0.12658326
 0.07955267 0.08993492 0.08166686 0.09259767 0.09040585 0.11303983
 0.0990331  0.11792297 0.19645584 0.18372448]","[0.0321509  0.05859488 0.0952851  0.15286243 0.21075498 0.27553837
 0.34321764 0.40596593 0.45423118 0.50349997 0.56193902 0.6173902
 0.64782784 0.67950041 0.70567461 0.73292845 0.75707328 0.78453368
 0.80587198 0.82876413 0.86240442 0.88768409]",1995.0,1983.0,22
2,cpban,Rhode Island,"[1974 1975 1976 1977 1978 1979 1980 1981 1982 1983 1984 1985 1986 1987
 1988 1989 1990 1991 1992 1993 1994 1995 1996 1997 1998 1999 2000 2001]","[0.01747897 0.01112684 0.01579893 0.0981416  0.05865526 0.04267278
 0.03403765 0.04615326 0.03436152 0.0543968  0.04451782 0.16629486
 0.11600968 0.10317205 0.05639432 0.1370378  0.11235431 0.12626054
 0.16663181 0.13415388 0.18254368 0.19353656 0.17246983 0.15861071
 0.09475891 0.07601877 0.05534625 0.07000697]","[0.01747897 0.02841133 0.04376139 0.13760818 0.188192   0.22283411
 0.249287   0.28393485 0.30853994 0.34615315 0.37526099 0.47915188
 0.5395753  0.58707826 0.6103647  0.66375947 0.70153754 0.73922157
 0.78267555 0.81183047 0.84617963 0.87594949 0.89734446 0.91362673
 0.92181137 0.92775517 0.93175365 0.93653137]",2001.0,1986.0,28
2,cpban,South Carolina,[1974 1975 1976 1977 1978 1979 1980 1981 1982 1983 1984 1985 1986 1987],"[0.02027029 0.03073332 0.03339604 0.02543007 0.09977682 0.12262833
 0.12048282 0.10221173 0.06304534 0.09076628 0.07631453 0.18155787
 0.22466771 0.27859507]","[0.02027029 0.05038064 0.08209417 0.10543658 0.19469327 0.29344669
 0.37857423 0.44209123 0.47726478 0.52471151 0.56098293 0.64068993
 0.7214153  0.79902763]",1987.0,1983.0,14
2,cpban,South Dakota,[1974 1975 1976 1977 1978 1979 1980 1981 1982 1983 1984 1985 1986],"[0.04556664 0.03563273 0.05335217 0.0413217  0.06096545 0.06096545
 0.06096545 0.06096545 0.06096545 0.06096545 0.06096545 0.06096545
 0.06096545]","[0.04556664 0.0795757  0.12868234 0.16468667 0.21561192 0.26343249
 0.30833766 0.35050516 0.39010191 0.42728462 0.46220047 0.49498766
 0.52577596]",1978.0,1986.0,13
2,cpban,Tennessee,"[1974 1975 1976 1977 1978 1979 1980 1981 1982 1983 1984 1985 1986 1987
 1988 1989 1990]","[0.03603467 0.05717122 0.05356856 0.04473144 0.06384836 0.12235467
 0.13588938 0.13118444 0.08081084 0.12028837 0.15111604 0.20900068
 0.22044411 0.24524819 0.22190598 0.26082291 0.25571498]","[0.03603467 0.09114575 0.13983176 0.17830833 0.23077199 0.32489063
 0.41663082 0.49315978 0.53411797 0.59015816 0.65209183 0.72480488
 0.78547002 0.83808311 0.87401344 0.90687362 0.93068743]",1990.0,1982.0,17
2,cpban,Texas,[1974 1975 1976 1977 1978 1979 1980 1981 1982 1983 1984 1985 1986 1987],"[0.00640516 0.03145339 0.00661525 0.04016706 0.01004287 0.0536147
 0.0128024  0.05077107 0.00600397 0.08260593 0.04083144 0.12692116
 0.12692116 0.12692116]","[0.00640516 0.03765708 0.04402322 0.082422   0.09163712 0.14033872
 0.15134445 0.1944316  0.19926821 0.26541341 0.29540764 0.38483532
 0.46291273 0.53108047]",1985.0,1987.0,14
2,cpban,Utah,"[1974 1975 1976 1977 1978 1979 1980 1981 1982 1983 1984 1985 1986 1987
 1988 1989 1990 1991 1992 1993 1994 1995 1996 1997 1998 1999 2000 2001]","[0.05442162 0.05292199 0.02784625 0.0190255  0.01690816 0.03354764
 0.02534951 0.03320131 0.02099017 0.04430372 0.07026513 0.0592364
 0.06112107 0.09605528 0.09425259 0.09650674 0.13379371 0.08351397
 0.08861995 0.0769132  0.05756939 0.06321902 0.05310223 0.07336592
 0.11386379 0.24735853 0.24246153 0.15025587]","[0.05442162 0.1044635  0.12940084 0.14596442 0.16040459 0.18857104
 0.20914037 0.23539794 0.25144707 0.28461075 0.33487767 0.37427712
 0.41252198 0.46895234 0.51900496 0.56542422 0.62356773 0.65500508
 0.68557851 0.70976168 0.72647052 0.74376279 0.75736955 0.77517036
 0.80077031 0.85005147 0.88640822 0.90347605]",2001.0,1988.0,28
2,cpban,Virginia,[1974 1975 1976 1977 1978 1979 1980 1981 1982 1983 1984 1985 1986],"[0.02232226 0.03585827 0.03568034 0.02537993 0.03529633 0.0711029
 0.0711029  0.0711029  0.0711029  0.0711029  0.0711029  0.0711029
 0.0711029 ]","[0.02232226 0.0573801  0.09101309 0.11408312 0.14535273 0.20612063
 0.26256775 0.31500132 0.36370671 0.40894901 0.45097445 0.49001176
 0.5262734 ]",1979.0,1986.0,13
2,cpban,Washington,"[1974 1975 1976 1977 1978 1979 1980 1981 1982 1983 1984 1985 1986 1987
 1988]","[0.00265237 0.0174581  0.00609262 0.03668952 0.01080758 0.02474285
 0.00325849 0.03771498 0.03248306 0.10948457 0.09387117 0.09387117
 0.09387117 0.09387117 0.09387117]","[0.00265237 0.02006417 0.02603454 0.06176887 0.07190888 0.0948725
 0.09782185 0.13184749 0.16004773 0.25200955 0.32222429 0.38584788
 0.44349906 0.49573846 0.54307408]",1984.0,1988.0,15
2,cpban,West Virginia,[1974 1975 1976 1977 1978 1979 1980 1981],"[0.04331549 0.08292596 0.06957427 0.08846418 0.06484757 0.10861742
 0.10861742 0.10861742]","[0.04331549 0.12264947 0.1836905  0.25590465 0.30415742 0.37973805
 0.44710931 0.50716287]",1979.0,1981.0,8
2,cpban,Wisconsin,[1974 1975 1976 1977 1978 1979 1980 1981 1982 1983 1984 1985 1986 1987],"[0.02698488 0.02708766 0.03798431 0.07345106 0.06729241 0.04142276
 0.04732828 0.06994535 0.10484877 0.20785779 0.21383782 0.19990839
 0.17851595 0.17462293]","[0.02698488 0.05334159 0.08929975 0.15619165 0.21297354 0.24557435
 0.28128002 0.33155114 0.40163718 0.52601155 0.62736821 0.70186043
 0.7550831  0.7978512 ]",1987.0,1983.0,14
2,cpban,Wyoming,"[1974 1975 1976 1977 1978 1979 1980 1981 1982 1983 1984 1985 1986 1987
 1988 1989 1990 1991 1992 1993 1994 1995 1996 1997 1998 1999]","[0.02837023 0.03277926 0.03770431 0.02562974 0.07034427 0.16856095
 0.15586262 0.12079403 0.08285762 0.10609081 0.12788049 0.10163655
 0.09612242 0.11265174 0.12772335 0.14280804 0.15552094 0.14756628
 0.20434709 0.16033697 0.13173621 0.10802897 0.09207455 0.08288139
 0.09434742 0.15208222]","[0.02837023 0.06021954 0.09565331 0.11883149 0.18081665 0.31889897
 0.42505716 0.49450682 0.53639078 0.58557546 0.63857228 0.67530654
 0.70651687 0.73957825 0.77284019 0.80528044 0.8355634  0.8598287
 0.8884723  0.90635431 0.91869084 0.92747459 0.93415233 0.93960988
 0.94530753 0.95362528]",1999.0,1982.0,26
2,dnaforexon,Alabama,[1997 1998 1999 2000 2001 2002 2003 2004 2005 2006 2007 2008],"[0.03041957 0.03398581 0.0404366  0.06476739 0.15094494 0.12500249
 0.17302168 0.17714718 0.13947024 0.14294432 0.15513005 0.26365165]","[0.03041957 0.06337155 0.10124563 0.1594556  0.28633153 0.37554187
 0.48358666 0.57506783 0.63433322 0.68660321 0.73522047 0.80503003]",,2004.0,12
2,dnaforexon,Arizona,[1997 1998 1999 2000 2001 2002 2003 2004 2005 2006 2007 2008],"[0.03342204 0.03236201 0.02878361 0.0658062  0.0658062  0.0658062
 0.0658062  0.0658062  0.0658062  0.0658062  0.0658062  0.0658062 ]","[0.03342204 0.06470244 0.09162368 0.15140048 0.20724359 0.25941188
 0.30814718 0.35367539 0.39620756 0.43594084 0.47305944 0.5077354 ]",2000.0,2008.0,12
2,dnaforexon,Arkansas,[1997 1998 1999 2000 2001 2002 2003 2004 2005],"[0.04514476 0.00936309 0.04199108 0.01699431 0.30269788 0.0780308
 0.28424903 0.08144427 0.21552749]","[0.04514476 0.05408515 0.09380514 0.10920529 0.37884696 0.42731603
 0.59010089 0.62348483 0.7046342 ]",2005.0,2003.0,9
2,dnaforexon,California,[1997 1998 1999 2000 2001 2002],[0.06254372 0.06241898 0.07336986 0.17000301 0.17000301 0.17000301],[0.06254372 0.12105879 0.18554658 0.32400612 0.43892711 0.53431119],2000.0,2002.0,6
2,dnaforexon,Colorado,[1997 1998 1999 2000 2001 2002 2003],"[0.04664593 0.04191673 0.04785154 0.10173117 0.33896525 0.34589138
 0.33785815]","[0.04664593 0.08660742 0.13031466 0.21878876 0.48359222 0.66221322
 0.77633724]",2003.0,2002.0,7
2,dnaforexon,Connecticut,[1997 1998 1999 2000 2001 2002],[0.06617406 0.05083004 0.13530245 0.13981878 0.13981878 0.13981878],[0.06617406 0.11364047 0.23356709 0.3407288  0.4329073  0.51219751],2000.0,2002.0,6
2,dnaforexon,Delaware,[1997 1998 1999 2000 2001 2002 2003 2004 2005 2006 2007],"[0.04396377 0.06749206 0.07758693 0.06294047 0.06294047 0.06294047
 0.06294047 0.06294047 0.06294047 0.06294047 0.06294047]","[0.04396377 0.10848863 0.17765826 0.22941684 0.27791771 0.32336591
 0.36595358 0.40586077 0.44325617 0.47829789 0.51113407]",2000.0,2007.0,11
2,dnaforexon,Florida,[1997 1998 1999 2000 2001 2002 2003 2004 2005 2006 2007 2008 2009 2010],"[0.04239776 0.04337855 0.04158914 0.04591727 0.05409288 0.05409288
 0.05409288 0.05409288 0.05409288 0.05409288 0.05409288 0.05409288
 0.05409288 0.05409288]","[0.04239776 0.08393716 0.12203542 0.16234916 0.20766011 0.25052005
 0.29106158 0.32941011 0.36568425 0.39999621 0.43245215 0.46315244
 0.49219208 0.51966087]",2001.0,2010.0,14
2,dnaforexon,Georgia,[1997 1998 1999 2000 2001 2002 2003],"[0.04103343 0.03560759 0.04896222 0.07182184 0.22361933 0.16553959
 0.17434372]","[0.04103343 0.07517992 0.12046117 0.18363127 0.36618709 0.47110822
 0.56331718]",2003.0,2003.0,7
2,dnaforexon,Idaho,[1997 1998 1999 2000 2001 2002 2003 2004 2005 2006 2007 2008 2009],"[0.00935104 0.01846424 0.0150945  0.02245676 0.07209574 0.07209574
 0.07209574 0.07209574 0.07209574 0.07209574 0.07209574 0.07209574
 0.07209574]","[0.00935104 0.02764262 0.04231987 0.06382626 0.1313204  0.19394849
 0.25206137 0.30598456 0.35602011 0.40244832 0.44552925 0.48550423
 0.52259718]",2001.0,2009.0,13
2,dnaforexon,Illinois,[1997 1998 1999 2000 2001 2002 2003 2004 2005],"[0.0755945 0.0755945 0.0755945 0.0755945 0.0755945 0.0755945 0.0755945
 0.0755945 0.0755945]","[0.0755945  0.14547448 0.21007191 0.26978614 0.32498629 0.37601362
 0.42318356 0.46678771 0.50709563]",1997.0,2005.0,9
2,dnaforexon,Indiana,[1997 1998 1999 2000 2001 2002],[0.06026256 0.06503892 0.08044579 0.12139619 0.18646026 0.18646026],[0.06026256 0.12138206 0.19206317 0.29014363 0.42250363 0.53018375],2001.0,2002.0,6
2,dnaforexon,Iowa,[1997 1998 1999 2000 2001 2002 2003 2004 2005],"[0.04844955 0.04799281 0.08988405 0.09035864 0.21414014 0.20546199
 0.23015241 0.22353786 0.22894496]","[0.04844955 0.09411713 0.17554155 0.25003849 0.41063536 0.53172739
 0.63950146 0.72008653 0.78417131]",2005.0,2002.0,9
2,dnaforexon,Kansas,[1997 1998 1999 2000 2001 2002 2003],"[0.02774381 0.02138077 0.02548655 0.0344601  0.18604753 0.18604753
 0.18604753]","[0.02774381 0.04853139 0.07278105 0.10473311 0.2712953  0.40686901
 0.51721957]",2001.0,2003.0,7
2,dnaforexon,Kentucky,[1997 1998 1999 2000 2001 2002 2003 2004 2005 2006 2007],"[0.00830369 0.04322713 0.00561265 0.03486567 0.11501434 0.08023198
 0.08023198 0.08023198 0.08023198 0.08023198 0.08023198]","[0.00830369 0.05117188 0.05649732 0.08939317 0.19412601 0.25878288
 0.3182522  0.37295017 0.42325962 0.46953264 0.51209309]",2002.0,2007.0,11
2,dnaforexon,Louisiana,[1997 1998 1999 2000 2001 2002 2003 2004 2005 2006 2007],"[0.02347734 0.02980044 0.02446369 0.02518611 0.09087664 0.09087664
 0.09087664 0.09087664 0.09087664 0.09087664 0.09087664]","[0.02347734 0.05257814 0.07575557 0.0990337  0.18091049 0.25534659
 0.32301819 0.38454003 0.44047096 0.49131908 0.5375463 ]",2001.0,2007.0,11
2,dnaforexon,Maine,"[1997 1998 1999 2000 2001 2002 2003 2004 2005 2006 2007 2008 2009 2010
 2011 2012 2013 2014 2015 2016 2017 2018 2019 2020]","[0.04444519 0.04331376 0.06431914 0.06638603 0.02222682 0.02222682
 0.02222682 0.02222682 0.02222682 0.02222682 0.02222682 0.02222682
 0.02222682 0.02222682 0.02222682 0.02222682 0.02222682 0.02222682
 0.02222682 0.02222682 0.02222682 0.02222682 0.02222682 0.02222682]","[0.04444519 0.08583386 0.14463224 0.20141671 0.21916668 0.23652211
 0.2534918  0.2700843  0.286308   0.3021711  0.31768162 0.33284738
 0.34767606 0.36217515 0.37635196 0.39021367 0.40376728 0.41701964
 0.42997743 0.44264722 0.4550354  0.46714823 0.47899182 0.49057218]",2001.0,,24
2,dnaforexon,Maryland,[1997 1998 1999 2000 2001 2002 2003 2004],"[0.08980333 0.06123729 0.0604173  0.10633779 0.1128245  0.1128245
 0.1128245  0.1128245 ]","[0.08980333 0.1455413  0.19716539 0.28253705 0.36348445 0.435299
 0.49901111 0.55553493]",2001.0,2004.0,8
2,dnaforexon,Massachusetts,[1997 1998 1999 2000 2001 2002 2003 2004 2005 2006 2007 2008],"[0.02750126 0.02458303 0.0464174  0.0767387  0.04633929 0.0832213
 0.07457904 0.18386253 0.28821499 0.21859625 0.21474884 0.11661729]","[0.02750126 0.05140822 0.09543939 0.16485419 0.20355426 0.26983551
 0.32429048 0.44852814 0.6074706  0.69327605 0.75914466 0.78723256]",,2005.0,12
2,dnaforexon,Michigan,[1997 1998 1999 2000 2001 2002 2003],"[0.10694605 0.09996624 0.08122924 0.11376218 0.11376218 0.11376218
 0.11376218]","[0.10694605 0.1962213  0.26151163 0.34552368 0.41997833 0.48596286
 0.54444084]",2000.0,2003.0,7
2,dnaforexon,Minnesota,[1997 1998 1999 2000 2001 2002 2003 2004 2005 2006 2007 2008],"[0.07068588 0.05910938 0.0561119  0.0561119  0.0561119  0.0561119
 0.0561119  0.0561119  0.0561119  0.0561119  0.0561119  0.0561119 ]","[0.07068588 0.12561706 0.17468035 0.2209906  0.2647023  0.30596125
 0.34490508 0.3816637  0.41635972 0.44910889 0.48002043 0.50919747]",1999.0,2008.0,12
2,dnaforexon,Mississippi,[1997 1998 1999 2000 2001 2002 2003 2004 2005 2006 2007 2008],"[0.01857528 0.02152937 0.0250378  0.05447089 0.1546532  0.13674842
 0.14138588 0.08591856 0.122814   0.12858105 0.10702647 0.2256316 ]","[0.01857528 0.03970474 0.06374842 0.11474688 0.25165411 0.35398922
 0.44532603 0.49298282 0.55525162 0.61243784 0.65391725 0.73200445]",,2005.0,12
2,dnaforexon,Missouri,[1997 1998 1999 2000 2001 2002],[0.05990585 0.06342013 0.06126507 0.10761097 0.23595306 0.23595306],[0.05990585 0.11952674 0.173469   0.2624128  0.43644876 0.5694204 ],2001.0,2002.0,6
2,dnaforexon,Montana,[1997 1998 1999 2000 2001 2002 2003 2004 2005 2006 2007],"[0.01793653 0.00654556 0.03550127 0.00861528 0.08686857 0.02132226
 0.10276295 0.10276295 0.10276295 0.10276295 0.10276295]","[0.01793653 0.02436469 0.05900098 0.06710795 0.14814694 0.16631038
 0.25198278 0.32885124 0.39782046 0.45970221 0.5152248 ]",2003.0,2007.0,11
2,dnaforexon,Nevada,[1997 1998 1999 2000 2001 2002 2003],"[0.03038735 0.01170033 0.06844293 0.0413434  0.38394659 0.13034554
 0.41001362]","[0.03038735 0.04173214 0.1073188  0.14422527 0.47279706 0.54151561
 0.72950045]",2003.0,2002.0,7
2,dnaforexon,New Hampshire,[1997 1998 1999 2000 2001 2002 2003 2004],"[0.03616159 0.03133058 0.03048391 0.04472569 0.13947171 0.12320482
 0.11207179 0.18125077]","[0.03616159 0.06635921 0.09482023 0.13530502 0.2559055  0.34758153
 0.42069924 0.52569795]",2004.0,2004.0,8
2,dnaforexon,New Jersey,[1997 1998 1999 2000 2001],[0.05650327 0.07377696 0.11916789 0.25429244 0.13614251],[0.05650327 0.12611158 0.23025103 0.42599237 0.50413921],2001.0,2001.0,5
2,dnaforexon,New Mexico,[1997 1998 1999 2000 2001 2002],[0.04081121 0.03549033 0.04678756 0.11356221 0.24192612 0.24192612],[0.04081121 0.07485314 0.1181385  0.21828464 0.40740201 0.55076695],2001.0,2002.0,6
2,dnaforexon,New York,"[1997 1998 1999 2000 2001 2002 2003 2004 2005 2006 2007 2008 2009 2010
 2011]","[0.05131941 0.04195568 0.0483073  0.0483073  0.0483073  0.0483073
 0.0483073  0.0483073  0.0483073  0.0483073  0.0483073  0.0483073
 0.0483073  0.0483073  0.0483073 ]","[0.05131941 0.09112195 0.13502739 0.17681188 0.21657788 0.25442288
 0.2904397  0.32471664 0.35733776 0.38838303 0.4179286  0.44604689
 0.47280687 0.49827415 0.52251117]",1999.0,2011.0,15
2,dnaforexon,North Carolina,[1997 1998 1999 2000 2001 2002 2003],"[0.0406766  0.04545476 0.05840328 0.07960793 0.20093086 0.20093086
 0.20093086]","[0.0406766  0.08428241 0.13776333 0.2064042  0.36586209 0.49327996
 0.59509565]",2001.0,2003.0,7
2,dnaforexon,North Dakota,[1997 1998 1999 2000 2001 2002 2003 2004 2005],"[0.04674341 0.01368576 0.12381216 0.02486258 0.06661204 0.01614771
 0.17501383 0.03791885 0.18863968]","[0.04674341 0.05978946 0.17619896 0.19668077 0.2501915  0.2622992
 0.39140704 0.41448418 0.5249357 ]",2005.0,2005.0,9
2,dnaforexon,Ohio,[1997 1998 1999 2000 2001 2002 2003],"[0.04408544 0.04249253 0.04680864 0.08005996 0.13528523 0.2653222
 0.25940452]","[0.04408544 0.08470467 0.12754841 0.19739685 0.3059772  0.49011685
 0.62238285]",2003.0,2003.0,7
2,dnaforexon,Oklahoma,"[1997 1998 1999 2000 2001 2002 2003 2004 2005 2006 2007 2008 2009 2010
 2011 2012 2013 2014 2015 2016 2017 2018 2019]","[0.01482501 0.01618728 0.0175249  0.02720324 0.02720324 0.02720324
 0.02720324 0.02720324 0.02720324 0.02720324 0.02720324 0.02720324
 0.02720324 0.02720324 0.02720324 0.02720324 0.02720324 0.02720324
 0.02720324 0.02720324 0.02720324 0.02720324 0.02720324]","[0.01482501 0.03077232 0.04775794 0.07366201 0.0988614  0.12337529
 0.14722232 0.17042064 0.19298788 0.21494123 0.23629737 0.25707255
 0.27728259 0.29694284 0.31606827 0.33467343 0.35277247 0.37037916
 0.38750688 0.40416868 0.42037722 0.43614484 0.45148353]",2000.0,,23
2,dnaforexon,Oregon,[1997 1998 1999 2000 2001 2002],[0.05890175 0.05534799 0.06738533 0.2089318  0.17035835 0.17035835],[0.05890175 0.11098964 0.1708959  0.34412211 0.45585638 0.54855579],2001.0,2002.0,6
2,dnaforexon,Pennsylvania,[1997 1998 1999 2000 2001 2002],[0.06401566 0.05664856 0.07706265 0.11967889 0.18146851 0.19912386],[0.06401566 0.11703783 0.18508123 0.2826098  0.41279354 0.52972035],2002.0,2002.0,6
2,dnaforexon,Rhode Island,[1997 1998 1999 2000 2001 2002 2003 2004 2005 2006 2007 2008 2009],"[0.05615129 0.03678216 0.04710993 0.08432514 0.04308687 0.05559052
 0.05559052 0.05559052 0.05559052 0.05559052 0.05559052 0.05559052
 0.05559052]","[0.05615129 0.09086809 0.13369722 0.20674832 0.24092705 0.28312431
 0.32297581 0.36061194 0.39615585 0.42972386 0.46142581 0.49136543
 0.51964069]",2002.0,2009.0,13
2,dnaforexon,South Carolina,[1997 1998 1999 2000 2001 2002 2003 2004 2005 2006 2007 2008],"[0.03389835 0.03057128 0.05296149 0.05496992 0.17866687 0.15661577
 0.38293836 0.25969691 0.23896778 0.23371394 0.25168044 0.33939284]","[0.03389835 0.06343331 0.11303528 0.16179166 0.31155172 0.41937358
 0.64171771 0.73476251 0.79814572 0.84532188 0.88425134 0.92353561]",,2003.0,12
2,dnaforexon,South Dakota,[1997 1998 1999 2000 2001 2002 2003 2004 2005 2006 2007 2008],"[0.03383961 0.03368845 0.05408808 0.05762253 0.08995766 0.11251267
 0.14114617 0.1375227  0.23611097 0.20880878 0.20713395 0.26633057]","[0.03383961 0.06638805 0.11688533 0.16777263 0.24263786 0.32785069
 0.422722   0.50211082 0.61966792 0.6990846  0.76141439 0.82495704]",,2004.0,12
2,dnaforexon,Tennessee,"[1997 1998 1999 2000 2001 2002 2003 2004 2005 2006 2007 2008 2009 2010
 2011 2012 2013 2014 2015 2016]","[0.02929429 0.03267769 0.04298462 0.03526976 0.03526976 0.03526976
 0.03526976 0.03526976 0.03526976 0.03526976 0.03526976 0.03526976
 0.03526976 0.03526976 0.03526976 0.03526976 0.03526976 0.03526976
 0.03526976 0.03526976]","[0.02929429 0.06101471 0.10137663 0.13307086 0.16364724 0.19314519
 0.22160277 0.24905665 0.27554223 0.30109368 0.32574394 0.34952478
 0.37246688 0.39459982 0.41595214 0.43655136 0.45642406 0.47559585
 0.49409146 0.51193473]",2000.0,2016.0,20
2,dnaforexon,Texas,[1997 1998 1999 2000 2001 2002],[0.03204995 0.0068609  0.03264764 0.01709737 0.2764034  0.2764034 ],[0.03204995 0.03869097 0.07007544 0.08597471 0.3386144  0.52142363],2001.0,2002.0,6
2,dnaforexon,Utah,[1997 1998 1999 2000 2001 2002 2003 2004 2005 2006],"[0.02439425 0.02262372 0.02310219 0.03816749 0.10706037 0.10706037
 0.10706037 0.10706037 0.10706037 0.10706037]","[0.02439425 0.04646608 0.0684948  0.10404801 0.19996896 0.28562058
 0.3621023  0.43039586 0.49137789 0.54583116]",2001.0,2006.0,10
2,dnaforexon,Vermont,[1997 1998 1999 2000 2001 2002 2003 2004 2005 2006 2007],"[0.07811179 0.0399446  0.09634819 0.06882471 0.03530955 0.01645432
 0.02981533 0.08091108 0.08091108 0.08091108 0.08091108]","[0.07811179 0.11493625 0.20021054 0.25525582 0.2815524  0.29337396
 0.31444225 0.36991147 0.42089261 0.46774882 0.51081384]",2004.0,2007.0,11
2,dnaforexon,Virginia,[1997 1998 1999 2000 2001 2002 2003],"[0.03715962 0.04009834 0.04206871 0.07116275 0.17636131 0.17636131
 0.17636131]","[0.03715962 0.07576792 0.11464917 0.17765317 0.32268333 0.44213579
 0.54052145]",2001.0,2003.0,7
2,dnaforexon,Washington,[1997 1998 1999 2000 2001 2002 2003 2004 2005 2006 2007 2008 2009 2010],"[0.05549597 0.06153433 0.05031469 0.04897272 0.04897272 0.04897272
 0.04897272 0.04897272 0.04897272 0.04897272 0.04897272 0.04897272
 0.04897272 0.04897272]","[0.05549597 0.1136154  0.15821357 0.19943814 0.23864383 0.27592952
 0.31138922 0.34511237 0.377184   0.40768499 0.43669227 0.46427899
 0.4905147  0.51546559]",2000.0,2010.0,14
2,dnaforexon,West Virginia,[1997 1998 1999 2000 2001 2002 2003 2004],"[0.05421253 0.04282536 0.04887021 0.06332917 0.07193756 0.19804005
 0.23116941 0.2882046 ]","[0.05421253 0.09471622 0.13895763 0.19348672 0.25150532 0.39973724
 0.53849963 0.67150616]",2004.0,2003.0,8
2,dnaforexon,Wisconsin,[1997 1998 1999 2000 2001 2002 2003 2004 2005],"[0.09208847 0.0929094  0.14326011 0.28938838 0.23014588 0.25424797
 0.22101246 0.24556791 0.32653083]","[0.09208847 0.17644198 0.29442499 0.4986102  0.614003   0.71214195
 0.77576217 0.83082778 0.88606773]",2005.0,2001.0,9
2,dnaforexon,Wyoming,[1997 1998 1999 2000 2001 2002 2003 2004 2005 2006 2007 2008],"[0.01904531 0.0184209  0.01861862 0.02291861 0.10038232 0.0832526
 0.17960174 0.14561014 0.16131875 0.13068096 0.12077228 0.24209286]","[0.01904531 0.03711537 0.05504295 0.07670005 0.16938305 0.23853406
 0.37529467 0.4662581  0.55236067 0.61085861 0.6578561  0.7406867 ]",2008.0,2005.0,12
2,hazing,Alabama,"[1973 1974 1975 1976 1977 1978 1979 1980 1981 1982 1983 1984 1985 1986
 1987 1988 1989 1990 1991 1992 1993 1994 1995 1996 1997 1998 1999 2000
 2001]","[0.03396303 0.00890607 0.04350414 0.0515121  0.02961731 0.02420223
 0.02957471 0.01868087 0.01074529 0.00847604 0.01726444 0.01761203
 0.00787254 0.01152615 0.0303743  0.05340215 0.04815087 0.11552444
 0.09976999 0.10085083 0.12960937 0.12075663 0.13921763 0.15748998
 0.19495737 0.21990038 0.24504343 0.15405309 0.22703618]","[0.03396303 0.04256663 0.08421895 0.13139275 0.15711856 0.17751817
 0.20184282 0.2167531  0.22516931 0.23173681 0.24500044 0.25829751
 0.26413659 0.27261827 0.29471198 0.33237587 0.36452255 0.43793573
 0.49401288 0.5450421  0.6040089  0.65182745 0.70029921 0.74749908
 0.79672599 0.84142603 0.88028354 0.89872623 0.92171904]",2001.0,1992.0,29
2,hazing,Arizona,"[1971 1972 1973 1974 1975 1976 1977 1978 1979 1980 1981 1982 1983 1984
 1985 1986 1987 1988 1989 1990 1991 1992 1993 1994 1995 1996 1997 1998
 1999 2000 2001]","[0.01295709 0.00922068 0.01176293 0.01152214 0.0168314  0.03686619
 0.02523944 0.0191881  0.01636257 0.01261764 0.00741325 0.0081898
 0.01584877 0.02287769 0.00774366 0.00828266 0.02385918 0.0316269
 0.06003383 0.07308933 0.08309382 0.05993382 0.08354086 0.06166035
 0.07332695 0.04894106 0.06251193 0.0627467  0.12569775 0.11579405
 0.17619416]","[0.01295709 0.0220583  0.03356175 0.04469719 0.06077628 0.09540188
 0.11823343 0.13515285 0.14930398 0.16003775 0.1662646  0.17309273
 0.18619819 0.20481609 0.21097373 0.21750897 0.23617856 0.26033586
 0.30474074 0.35555677 0.40910602 0.44452055 0.49092578 0.52231547
 0.55734262 0.57900675 0.60532385 0.63008847 0.67658552 0.71403499
 0.76442036]",2001.0,1994.0,31
2,hazing,Arkansas,"[1971 1972 1973 1974 1975 1976 1977 1978 1979 1980 1981 1982 1983 1984
 1985 1986 1987 1988 1989 1990 1991 1992 1993 1994 1995 1996 1997]","[0.01849975 0.00806349 0.02604593 0.00580585 0.02956261 0.00968399
 0.03943904 0.00535556 0.03346558 0.00346983 0.01735712 0.00271336
 0.02109094 0.00433345 0.01493255 0.00258025 0.05028917 0.01143443
 0.04786352 0.02078098 0.10418929 0.01845179 0.11952255 0.02837325
 0.21939895 0.03340388 0.19888302]","[0.01849975 0.02641407 0.05177202 0.05727729 0.08514664 0.09400607
 0.1297376  0.13439834 0.1633662  0.16626918 0.18074034 0.18296329
 0.20019537 0.20366128 0.21555265 0.21757672 0.25692414 0.26542078
 0.30058033 0.31511495 0.38647264 0.39779332 0.4697706  0.48481493
 0.59784599 0.6112795  0.6885894 ]",1997.0,1995.0,27
2,hazing,California,"[1971 1972 1973 1974 1975 1976 1977 1978 1979 1980 1981 1982 1983 1984
 1985 1986 1987 1988 1989 1990]","[0.00801099 0.00829747 0.00841285 0.00722462 0.00722907 0.01678673
 0.03773344 0.0380527  0.03418209 0.03557123 0.02001577 0.01892007
 0.05565397 0.07480901 0.03544967 0.03544911 0.0595694  0.06976907
 0.06976907 0.06976907]","[0.00801099 0.01624199 0.0245182  0.03156569 0.03856657 0.05470589
 0.09037509 0.12498878 0.15489849 0.18495979 0.20127345 0.21638541
 0.25999668 0.31535559 0.339626   0.36303567 0.40097926 0.44277238
 0.48164963 0.51781445]",1988.0,1990.0,20
2,hazing,Colorado,"[1971 1972 1973 1974 1975 1976 1977 1978 1979 1980 1981 1982 1983 1984
 1985 1986 1987 1988 1989 1990 1991 1992 1993 1994 1995 1996 1997 1998
 1999]","[0.01809756 0.02126685 0.00811998 0.00718177 0.01004506 0.02300421
 0.04344321 0.03331826 0.03835286 0.02102748 0.01680833 0.015714
 0.01880314 0.02277111 0.00957183 0.01485446 0.04164491 0.04621336
 0.06477042 0.06112208 0.06004922 0.05665714 0.09324842 0.13549437
 0.13493951 0.12039624 0.12298888 0.11517378 0.12567122]","[0.01809756 0.03897953 0.04678299 0.05362877 0.06313513 0.08468696
 0.1244511  0.15362287 0.18608385 0.20319846 0.21659136 0.22890185
 0.24340091 0.26062951 0.26770664 0.27858446 0.30862775 0.34057838
 0.38328939 0.42098403 0.45575349 0.48658893 0.53446371 0.59754125
 0.65184884 0.69376493 0.73142844 0.76236084 0.79222525]",1999.0,1993.0,29
2,hazing,Connecticut,"[1971 1972 1973 1974 1975 1976 1977 1978 1979 1980 1981 1982 1983 1984
 1985 1986 1987 1988 1989]","[0.0063407  0.00535404 0.00299792 0.00260709 0.00301648 0.01038328
 0.0215119  0.01982081 0.01314441 0.02357675 0.04450716 0.01732034
 0.0239778  0.0194109  0.07657838 0.10367652 0.05114419 0.11954731
 0.11954731]","[0.0063407  0.01166078 0.01462374 0.01719271 0.02015733 0.03033131
 0.05119073 0.0699969  0.08222124 0.10385947 0.14374414 0.15857478
 0.17875031 0.19469151 0.25636073 0.33345866 0.36754838 0.44315627
 0.50972544]",1988.0,1989.0,19
2,hazing,Delaware,"[1971 1972 1973 1974 1975 1976 1977 1978 1979 1980 1981 1982 1983 1984
 1985 1986 1987 1988 1989 1990 1991 1992 1993 1994 1995 1996 1997 1998
 1999]","[0.01167594 0.00659356 0.00843497 0.0076244  0.00934515 0.01777561
 0.03701441 0.03178309 0.04252004 0.06560731 0.04367076 0.05607326
 0.04873765 0.05436251 0.02827841 0.03434597 0.04541271 0.06488263
 0.07522894 0.03152649 0.03678476 0.02690203 0.04740504 0.05278185
 0.08353792 0.14310195 0.14108567 0.16479938 0.17047786]","[0.01167594 0.01819252 0.02647403 0.03389659 0.04292497 0.05993756
 0.09473342 0.12350559 0.16077416 0.21583351 0.25007866 0.2921292
 0.32662916 0.36323529 0.38124198 0.40249382 0.4296282  0.46663542
 0.50675987 0.52231    0.53988171 0.55225983 0.57348497 0.59599722
 0.62974678 0.68273074 0.72749288 0.77240189 0.81120233]",1999.0,1989.0,29
2,hazing,Florida,"[1971 1972 1973 1974 1975 1976 1977 1978 1979 1980 1981 1982 1983 1984
 1985 1986 1987 1988 1989 1990 1991 1992 1993 1994 1995 1996]","[0.02713177 0.03635159 0.02042959 0.02586901 0.02245023 0.04061646
 0.02991117 0.02395273 0.02804389 0.01902962 0.01065904 0.0106305
 0.01829667 0.0221474  0.01140179 0.01015382 0.03027514 0.07626627
 0.09666519 0.08134602 0.08952704 0.08205679 0.0933239  0.1108238
 0.11790661 0.09454215]","[0.02713177 0.06249708 0.08164987 0.10540668 0.1254905  0.16100998
 0.18610515 0.20560016 0.22787822 0.24257141 0.25064487 0.25861089
 0.27217585 0.28829526 0.29640996 0.30355409 0.32463909 0.37614634
 0.43645128 0.48229372 0.52864243 0.56732052 0.60769986 0.65117605
 0.6923047  0.72139488]",1996.0,1991.0,26
2,hazing,Georgia,"[1971 1972 1973 1974 1975 1976 1977 1978 1979 1980 1981 1982 1983 1984
 1985 1986 1987 1988]","[0.05194977 0.08959345 0.05730398 0.05819375 0.06775331 0.0786007
 0.03604945 0.03121826 0.03072164 0.02441964 0.01578685 0.01475336
 0.02093637 0.03109637 0.01122123 0.01045464 0.08223491 0.06841889]","[0.05194977 0.13688886 0.18634856 0.23369799 0.28561749 0.34176846
 0.36549735 0.38530541 0.40418983 0.41873931 0.42791558 0.43635575
 0.44815641 0.46531675 0.47131655 0.47684375 0.51986546 0.55271573]",1988.0,1987.0,18
2,hazing,Idaho,"[1971 1972 1973 1974 1975 1976 1977 1978 1979 1980 1981 1982 1983 1984
 1985 1986 1987 1988 1989 1990 1991 1992 1993 1994 1995]","[0.01146249 0.01354609 0.01217128 0.01499469 0.01520052 0.0348412
 0.03209853 0.02632567 0.01815561 0.01601514 0.01025608 0.00938819
 0.01211122 0.0146375  0.00536061 0.00697477 0.02207612 0.01979622
 0.02608817 0.04456992 0.07403983 0.07403983 0.07403983 0.07403983
 0.07403983]","[0.01146249 0.02485331 0.03672209 0.05116614 0.06558891 0.09814492
 0.12709314 0.150073   0.16550395 0.17886852 0.18729011 0.19491999
 0.20467049 0.21631213 0.22051317 0.22594992 0.24303794 0.25802292
 0.27737975 0.30958688 0.36070494 0.40803824 0.45186698 0.49245066
 0.53002952]",1991.0,1995.0,25
2,hazing,Illinois,"[1971 1972 1973 1974 1975 1976 1977 1978 1979 1980 1981 1982 1983 1984
 1985 1986 1987 1988 1989 1990 1991 1992 1993 1994 1995]","[0.00918136 0.00882201 0.00801975 0.01008785 0.00692847 0.02586542
 0.04684647 0.05119677 0.04313842 0.04029048 0.02531651 0.03070984
 0.0618247  0.07983307 0.0357888  0.05302631 0.08277332 0.09039913
 0.0914809  0.05448951 0.06040637 0.045368   0.07213746 0.08919451
 0.13643856]","[0.00918136 0.01792237 0.02579839 0.03562599 0.04230763 0.06707874
 0.11078281 0.15630786 0.1927034  0.22522976 0.24484424 0.26803495
 0.31328847 0.36811076 0.39072532 0.42303291 0.47079039 0.51863048
 0.5626666  0.58649668 0.61147492 0.62910152 0.6558572  0.68655284
 0.72931912]",1995.0,1988.0,25
2,hazing,Indiana,"[1971 1972 1973 1974 1975 1976 1977 1978 1979 1980 1981 1982 1983 1984
 1985 1986 1987 1988 1989 1990 1991 1992 1993 1994 1995]","[0.01152591 0.01034113 0.01014765 0.01109287 0.00733319 0.02180051
 0.02180051 0.02180051 0.02180051 0.02180051 0.02180051 0.02180051
 0.02180051 0.02180051 0.02180051 0.02180051 0.02180051 0.02180051
 0.02180051 0.02180051 0.02180051 0.02180051 0.02180051 0.02180051
 0.02180051]","[0.01152591 0.02174785 0.03167481 0.04241632 0.04943847 0.07016119
 0.09043215 0.11026119 0.12965795 0.14863185 0.16719211 0.18534774
 0.20310758 0.22048024 0.23747417 0.25409762 0.27035867 0.28626522
 0.301825   0.31704557 0.33193433 0.3464985  0.36074516 0.37468124
 0.38831351]",1976.0,,25
2,hazing,Iowa,"[1971 1972 1973 1974 1975 1976 1977 1978 1979 1980 1981 1982 1983 1984
 1985 1986 1987 1988 1989 1990 1991 1992 1993 1994 1995 1996 1997 1998
 1999 2000 2001 2002 2003]","[0.01103833 0.00937544 0.01025786 0.00750117 0.00630529 0.0163842
 0.02690685 0.035847   0.03671223 0.02882494 0.0157686  0.02675415
 0.03548962 0.03211147 0.03009572 0.02415103 0.03740523 0.0375344
 0.05156799 0.02696362 0.02803873 0.02464783 0.04094208 0.07163303
 0.14726249 0.11182847 0.15388603 0.15748409 0.19320217 0.12782461
 0.22140534 0.21391378 0.20916804]","[0.01103833 0.02031028 0.0303598  0.03763324 0.04370124 0.05936943
 0.08467884 0.11749036 0.14988926 0.17439365 0.1874123  0.2091524
 0.23721928 0.26171329 0.28393256 0.30122633 0.32736411 0.3526111
 0.38599564 0.40255143 0.41930313 0.43361605 0.45680498 0.49571569
 0.56997785 0.61806657 0.67684079 0.72773322 0.78033576 0.80841425
 0.85083236 0.88274137 0.90726813]",2003.0,1995.0,33
2,hazing,Kansas,"[1971 1972 1973 1974 1975 1976 1977 1978 1979 1980 1981 1982 1983 1984
 1985 1986 1987 1988 1989 1990 1991 1992 1993 1994 1995 1996 1997 1998
 1999 2000 2001 2002 2003 2004 2005]","[0.01127782 0.01881407 0.01342785 0.01162412 0.00845404 0.02520947
 0.03487003 0.02760416 0.02717074 0.01549565 0.01111359 0.01265574
 0.0145974  0.0156417  0.0072234  0.00706782 0.00706782 0.00706782
 0.00706782 0.00706782 0.00706782 0.00706782 0.00706782 0.00706782
 0.00706782 0.00706782 0.00706782 0.00706782 0.00706782 0.00706782
 0.00706782 0.00706782 0.00706782 0.00706782 0.00706782]","[0.01127782 0.0298797  0.04290633 0.05403171 0.06202896 0.08567472
 0.11755727 0.14191636 0.16523113 0.17816642 0.18729995 0.19758527
 0.20929843 0.22166635 0.22728856 0.23274995 0.23817274 0.2435572
 0.24890361 0.25421222 0.25948332 0.26471716 0.26991401 0.27507413
 0.28019778 0.28528522 0.2903367  0.29535247 0.3003328  0.30527792
 0.3101881  0.31506357 0.31990458 0.32471137 0.3294842 ]",1986.0,,35
2,hazing,Kentucky,"[1972 1973 1974 1975 1976 1977 1978 1979 1980 1981 1982 1983 1984 1985
 1986 1987 1988 1989 1990 1991 1992 1993 1994 1995 1996 1997]","[0.03260539 0.00333167 0.01853337 0.0040142  0.04373395 0.01768301
 0.07111997 0.01361982 0.04470981 0.00861074 0.04099574 0.01009656
 0.06663301 0.00470691 0.02720212 0.02720212 0.02720212 0.02720212
 0.02720212 0.02720212 0.02720212 0.02720212 0.02720212 0.02720212
 0.02720212 0.02720212]","[0.03260539 0.03582842 0.05369777 0.05749641 0.09871582 0.11465324
 0.17761908 0.18881976 0.22508748 0.23176005 0.26325461 0.27069321
 0.31928911 0.32249316 0.34092278 0.35885108 0.37629169 0.39325787
 0.40976254 0.42581825 0.44143721 0.4566313  0.47141208 0.4857908
 0.49977838 0.51338546]",1986.0,1997.0,26
2,hazing,Louisiana,"[1971 1972 1973 1974 1975 1976 1977 1978 1979 1980 1981 1982 1983 1984
 1985 1986 1987 1988 1989 1990 1991 1992 1993 1994 1995 1996 1997 1998
 1999 2000 2001 2002 2003 2004]","[0.04373705 0.05965261 0.02643349 0.04385124 0.03789033 0.0484089
 0.02489095 0.02171565 0.02160041 0.01453362 0.00927979 0.00910375
 0.0133083  0.01632298 0.00925111 0.01133638 0.05719129 0.06120233
 0.05007328 0.16350169 0.12631002 0.16269365 0.15284304 0.15921776
 0.10993982 0.10114347 0.15652697 0.19750044 0.16188361 0.10801118
 0.19534847 0.27318866 0.23557618 0.27777022]","[0.04373705 0.10078062 0.12455013 0.1629397  0.19465619 0.233642
 0.25271738 0.26894511 0.2847362  0.29513157 0.30167261 0.30803
 0.31723894 0.32838364 0.33459684 0.3421401  0.37976395 0.41772384
 0.44688032 0.53731632 0.5957579  0.66152553 0.713259   0.75891326
 0.78541829 0.80712183 0.83731247 0.86944333 0.89057831 0.90239708
 0.92146366 0.9429189  0.95636584 0.96848611]",2004.0,1990.0,34
2,hazing,Maine,"[1971 1972 1973 1974 1975 1976 1977 1978 1979 1980 1981 1982 1983 1984
 1985 1986 1987 1988 1989 1990 1991 1992 1993 1994 1995 1996 1997 1998
 1999]","[0.00587733 0.00119807 0.00335007 0.00057016 0.00298002 0.00206782
 0.0136841  0.0329831  0.02645458 0.02852175 0.02584308 0.02516437
 0.0358496  0.02362694 0.01971396 0.02749417 0.01206338 0.01181084
 0.01858521 0.01223805 0.0069949  0.00812194 0.11016266 0.12002847
 0.15181057 0.27098656 0.14163559 0.1428337  0.22142827]","[0.00587733 0.00706836 0.01039475 0.01095899 0.01390635 0.01594542
 0.02941132 0.06142435 0.08625397 0.11231561 0.1352561  0.15701684
 0.18723744 0.20644054 0.22208474 0.24347287 0.25259915 0.26142658
 0.27515311 0.28402382 0.289032   0.29480644 0.37249244 0.44781122
 0.53163931 0.65855876 0.70691899 0.74878084 0.80440786]",1999.0,1995.0,29
2,hazing,Maryland,"[1973 1974 1975 1976 1977 1978 1979 1980 1981 1982 1983 1984 1985 1986
 1987 1988 1989 1990 1991 1992 1993 1994 1995 1996]","[0.01535556 0.01550854 0.0128656  0.0285041  0.04615026 0.044266
 0.04381535 0.07120298 0.07677192 0.06548083 0.06705361 0.0644887
 0.05941206 0.06282477 0.02560067 0.02927368 0.03460611 0.02564184
 0.02459113 0.0223616  0.02681901 0.03514963 0.07166512 0.10852955]","[0.01535556 0.03062595 0.04309753 0.07037318 0.1132757  0.15252743
 0.18965973 0.24735837 0.30514012 0.35064012 0.39418204 0.43325046
 0.46692222 0.5004127  0.51320248 0.52745283 0.54380585 0.55550351
 0.56643418 0.5761294  0.58749719 0.60199651 0.63051948 0.67061903]",1996.0,1986.0,24
2,hazing,Massachusetts,"[1971 1972 1973 1974 1975 1976 1977 1978 1979 1980 1981 1982 1983 1984
 1985 1986 1987 1988 1989 1990 1991 1992 1993 1994 1995 1996 1997 1998
 1999 2000 2001 2002 2003 2004]","[0.00326163 0.00306569 0.0022006  0.00180834 0.00180464 0.00627567
 0.00944317 0.011174   0.00935031 0.01599219 0.03342061 0.01516537
 0.02099612 0.01338245 0.01775016 0.01775016 0.01775016 0.01775016
 0.01775016 0.01775016 0.01775016 0.01775016 0.01775016 0.01775016
 0.01775016 0.01775016 0.01775016 0.01775016 0.01775016 0.01775016
 0.01775016 0.01775016 0.01775016 0.01775016]","[0.00326163 0.00631732 0.00850402 0.01029698 0.01208303 0.01828287
 0.02755339 0.03841951 0.04741058 0.06264457 0.09397156 0.10771182
 0.12644641 0.1381367  0.15343491 0.16846157 0.18322151 0.19771945
 0.21196006 0.22594789 0.23968744 0.2531831  0.26643922 0.27946004
 0.29224974 0.30481242 0.3171521  0.32927276 0.34117827 0.35287246
 0.36435908 0.3756418  0.38672426 0.39761   ]",1985.0,,34
2,hazing,Michigan,"[1971 1972 1973 1974 1975 1976 1977 1978 1979 1980 1981 1982 1983 1984
 1985 1986 1987 1988 1989 1990 1991 1992 1993 1994 1995 1996 1997 1998
 1999 2000 2001 2002 2003 2004]","[0.00776118 0.00674477 0.00858171 0.00659058 0.00606395 0.03041369
 0.04544378 0.0455958  0.03596793 0.0536895  0.04672239 0.04915529
 0.10459038 0.09546602 0.0601118  0.07887784 0.05256772 0.04724416
 0.06885729 0.03298294 0.0348266  0.03480477 0.06332238 0.07040057
 0.14315519 0.16980471 0.14722638 0.14169089 0.27644904 0.26620748
 0.22479976 0.16912027 0.23639597 0.24792311]","[0.00776118 0.0144536  0.02291127 0.02935086 0.03523682 0.06457883
 0.1070879  0.14780094 0.17845278 0.22256124 0.25888504 0.29531475
 0.36901805 0.42925539 0.46356387 0.5058768  0.53185173 0.553969
 0.58468148 0.59837991 0.61236697 0.62585845 0.64954998 0.67422186
 0.72085869 0.7682582  0.80237671 0.83037813 0.87726993 0.90994159
 0.9301867  0.94199355 0.95570604 0.96668753]",2004.0,1986.0,34
2,hazing,Minnesota,"[1971 1972 1973 1974 1975 1976 1977 1978 1979 1980 1981 1982 1983 1984
 1985 1986 1987 1988 1989 1990 1991 1992 1993 1994 1995 1996 1997]","[0.00678864 0.00155413 0.0090482  0.00497986 0.00497312 0.01990621
 0.03376803 0.04367447 0.02364044 0.04069351 0.02302976 0.02937794
 0.06719765 0.07362551 0.03593869 0.04024549 0.0371737  0.04465866
 0.06013545 0.02576408 0.02929789 0.02320139 0.0321254  0.05689971
 0.09618879 0.1166333  0.10292888]","[0.00678864 0.00833222 0.01730502 0.02219871 0.02706143 0.04642894
 0.07862916 0.11886955 0.13969986 0.17470849 0.19371476 0.21740175
 0.26999052 0.32373784 0.34804182 0.37428019 0.39754051 0.42444555
 0.45905677 0.47299368 0.48843385 0.50030289 0.51635586 0.54387507
 0.58774918 0.63583135 0.67331482]",1997.0,1992.0,27
2,hazing,Mississippi,"[1974 1975 1976 1977 1978 1979 1980 1981 1982 1983 1984 1985 1986 1987
 1988 1989 1990 1991 1992 1993 1994 1995 1996 1997]","[0.05962125 0.05645984 0.04090047 0.01687198 0.01625067 0.01439465
 0.01103626 0.00814632 0.0105578  0.01357264 0.01445733 0.00800897
 0.00902535 0.03475105 0.03235208 0.03063419 0.04313803 0.04313803
 0.04313803 0.04313803 0.04313803 0.04313803 0.04313803 0.04313803]","[0.05962125 0.11271489 0.14900527 0.16336324 0.17695914 0.18880652
 0.19775907 0.20429438 0.21269528 0.22338108 0.23460892 0.24073891
 0.24759151 0.2737385  0.29723457 0.31876322 0.34815043 0.37626993
 0.40317642 0.42892221 0.45355738 0.47712983 0.49968542 0.521268  ]",1990.0,1997.0,24
2,hazing,Missouri,"[1971 1972 1973 1974 1975 1976 1977 1978 1979 1980 1981 1982 1983 1984
 1985 1986 1987 1988 1989 1990 1991 1992 1993 1994 1995]","[0.018816   0.00358515 0.01055532 0.01364635 0.01213784 0.02942731
 0.04452661 0.04388239 0.04295752 0.02540211 0.01500766 0.01509706
 0.02946189 0.02782947 0.01385175 0.02945713 0.05046947 0.05195513
 0.06290244 0.04345168 0.04834569 0.0322723  0.05816854 0.12402754
 0.19400358]","[0.018816   0.02233369 0.03265327 0.04585402 0.05743529 0.08517244
 0.12590661 0.16426391 0.20016506 0.22048255 0.23218129 0.24377309
 0.26605297 0.28647833 0.29636185 0.31708901 0.35155516 0.3852452
 0.42391478 0.44894665 0.4755877  0.49251169 0.52203155 0.5813128
 0.66253962]",1995.0,1993.0,25
2,hazing,Montana,"[1971 1972 1973 1974 1975 1976 1977 1978 1979 1980 1981 1982 1983 1984
 1985 1986 1987 1988 1989 1990 1991 1992 1993 1994 1995 1996 1997 1998
 1999 2000 2001 2002 2003 2004]","[0.01191033 0.00218713 0.00808402 0.00237862 0.00900499 0.01764302
 0.03530515 0.00970679 0.0285156  0.00726011 0.02025831 0.00475981
 0.02416467 0.00540675 0.01697215 0.00313382 0.03028354 0.00654607
 0.03395351 0.00665564 0.05416899 0.00607289 0.03634187 0.01158332
 0.09745819 0.01319681 0.04249454 0.0163472  0.08193632 0.01265917
 0.10743653 0.02106622 0.1179236  0.02318983]","[0.01191033 0.01407141 0.02204168 0.02436786 0.03315343 0.05021152
 0.08374394 0.09263785 0.11851182 0.12491153 0.14263934 0.14672022
 0.16733944 0.17184143 0.18589705 0.18844831 0.21302497 0.21817656
 0.2447222  0.24974906 0.2903894  0.29469878 0.32033075 0.32820357
 0.39367564 0.40167719 0.42710264 0.43646791 0.48264165 0.48919098
 0.54407053 0.55367524 0.60630746 0.61543713]",,2001.0,34
2,hazing,Nevada,"[1971 1972 1973 1974 1975 1976 1977 1978 1979 1980 1981 1982 1983 1984
 1985 1986 1987 1988 1989 1990 1991 1992 1993 1994 1995 1996 1997 1998
 1999]","[0.02208478 0.00759566 0.01722916 0.00455013 0.02109151 0.01109213
 0.03130838 0.00437904 0.01985564 0.00265417 0.00792221 0.0018463
 0.02817639 0.01019021 0.01564707 0.00350583 0.05386237 0.0168237
 0.12709744 0.03145825 0.1843241  0.03900079 0.20332711 0.04793498
 0.22210376 0.03881716 0.1322134  0.05637509 0.1984142 ]","[0.02208478 0.0295127  0.04623338 0.05057314 0.07059799 0.08090704
 0.10968235 0.11358108 0.1311815  0.13348749 0.14035219 0.14193936
 0.16611641 0.17461386 0.18752874 0.19037712 0.23398533 0.24687253
 0.3425931  0.36327397 0.48063792 0.50089346 0.60237535 0.62143548
 0.70551608 0.71694711 0.7543705  0.76821788 0.81420674]",1999.0,1992.0,29
2,hazing,New Hampshire,"[1971 1972 1973 1974 1975 1976 1977 1978 1979 1980 1981 1982 1983 1984
 1985 1986 1987 1988 1989 1990 1991 1992 1993 1994 1995]","[0.01538751 0.00365603 0.01142935 0.0020795  0.01041709 0.00332031
 0.0264399  0.00615614 0.0331087  0.0041952  0.01747144 0.00372006
 0.01417497 0.00301253 0.01524857 0.01457431 0.05831891 0.04511558
 0.05769204 0.05790956 0.06897486 0.04088749 0.07569085 0.07569085
 0.07569085]","[0.01538751 0.01898728 0.03019962 0.03221632 0.04229781 0.04547768
 0.07071515 0.07643596 0.10701397 0.11076022 0.12629651 0.12954675
 0.1418854  0.14447049 0.15751609 0.16979471 0.21821137 0.25348222
 0.29655036 0.33728682 0.38299737 0.40822505 0.453017   0.49441861
 0.5326865 ]",1993.0,1995.0,25
2,hazing,New Jersey,"[1972 1973 1974 1975 1976 1977 1978 1979 1980 1981 1982 1983 1984 1985
 1986 1987 1988 1989 1990 1991 1992 1993 1994 1995 1996 1997 1998 1999]","[0.00641814 0.00397418 0.00506228 0.00314013 0.0080366  0.01456636
 0.02041429 0.01968894 0.02881971 0.02881971 0.02881971 0.02881971
 0.02881971 0.02881971 0.02881971 0.02881971 0.02881971 0.02881971
 0.02881971 0.02881971 0.02881971 0.02881971 0.02881971 0.02881971
 0.02881971 0.02881971 0.02881971 0.02881971]","[0.00641814 0.01036681 0.01537661 0.01846846 0.02635664 0.04053908
 0.06012579 0.07863091 0.1051845  0.13097283 0.15601794 0.18034125
 0.20396358 0.22690512 0.24918549 0.27082375 0.29183839 0.3122474
 0.33206823 0.35131783 0.37001267 0.38816872 0.40580152 0.42292614
 0.43955724 0.45570904 0.47139535 0.48662958]",1980.0,,28
2,hazing,New Mexico,"[1971 1972 1973 1974 1975 1976 1977 1978 1979 1980 1981 1982 1983 1984
 1985 1986 1987 1988 1989 1990 1991 1992 1993 1994 1995 1996 1997 1998
 1999 2000 2001 2002 2003 2004]","[0.02200777 0.01996771 0.02102374 0.02292347 0.03512166 0.04308373
 0.01469949 0.01421634 0.01354993 0.00999483 0.00735712 0.00680894
 0.02802919 0.04160557 0.01004433 0.01091876 0.05663112 0.0500025
 0.07574619 0.08975179 0.12486005 0.07600209 0.14761628 0.14269497
 0.1331546  0.13657751 0.11525931 0.10470436 0.19231719 0.1304384
 0.2645519  0.18483145 0.23114593 0.26413933]","[0.02200777 0.04153603 0.06168652 0.08319593 0.11539561 0.15350766
 0.16595067 0.17780779 0.18894844 0.19705476 0.20296213 0.20838911
 0.23057732 0.26258959 0.26999639 0.27796712 0.31885666 0.35291552
 0.4019297  0.45560758 0.52358045 0.55978933 0.62477159 0.6783148
 0.72114866 0.75923348 0.78698407 0.80928776 0.845965   0.86605708
 0.90149194 0.91969932 0.9382605  0.95456833]",,1991.0,34
2,hazing,New York,"[1971 1972 1973 1974 1975 1976 1977 1978 1979 1980 1981 1982 1983 1984
 1985 1986 1987 1988 1989 1990]","[0.00597637 0.00651154 0.00553164 0.00456784 0.00403646 0.00983003
 0.01814303 0.02047201 0.01816514 0.04646579 0.04026936 0.05191907
 0.05500702 0.04667586 0.06939777 0.07451601 0.03667149 0.06075541
 0.06075541 0.06075541]","[0.00597637 0.01244899 0.01791176 0.02239778 0.02634384 0.03591491
 0.05340633 0.072785   0.089628   0.13192916 0.16688581 0.21014033
 0.25358816 0.28842757 0.33780911 0.38715294 0.40962695 0.44549531
 0.47918447 0.51082683]",1988.0,1990.0,20
2,hazing,North Dakota,"[1971 1972 1973 1974 1975 1976 1977 1978 1979 1980 1981 1982 1983 1984
 1985 1986 1987 1988 1989 1990 1991 1992 1993 1994 1995 1996 1997 1998
 1999 2000 2001 2002 2003 2004 2005 2006 2007 2008 2009 2010 2011 2012
 2013 2014]","[0.00928795 0.00306801 0.00750735 0.00135325 0.0116742  0.00464604
 0.03912016 0.00646107 0.03828487 0.00564842 0.01970542 0.0056945
 0.01933864 0.00351392 0.0275049  0.00617352 0.01454164 0.00356396
 0.02269886 0.00351463 0.01401213 0.00200487 0.01570221 0.00474907
 0.01784949 0.01784949 0.01784949 0.01784949 0.01784949 0.01784949
 0.01784949 0.01784949 0.01784949 0.01784949 0.01784949 0.01784949
 0.01784949 0.01784949 0.01784949 0.01784949 0.01784949 0.01784949
 0.01784949 0.01784949]","[0.00928795 0.01232747 0.01974227 0.0210688  0.03249704 0.0369921
 0.07466512 0.08064378 0.11584121 0.12083531 0.13815962 0.14306737
 0.15963928 0.16259224 0.18562506 0.19065262 0.20242186 0.2052644
 0.22330399 0.22603379 0.23687871 0.23840867 0.25036733 0.25392739
 0.2672444  0.28032372 0.29316957 0.30578613 0.31817749 0.33034767
 0.34230062 0.35404022 0.36557027 0.37689451 0.38801662 0.39894021
 0.40966882 0.42020593 0.43055496 0.44071926 0.45070213 0.46050682
 0.47013649 0.47959428]",1995.0,,44
2,hazing,Ohio,"[1971 1972 1973 1974 1975 1976 1977 1978 1979 1980 1981 1982 1983 1984
 1985 1986 1987 1988 1989 1990 1991 1992 1993 1994 1995 1996 1997 1998
 1999]","[0.01075783 0.0097775  0.00908876 0.00712853 0.00788869 0.03192526
 0.05261903 0.06285245 0.05660798 0.04417066 0.02413454 0.02967019
 0.04982637 0.0549836  0.02312904 0.04221923 0.08291611 0.08040526
 0.0864691  0.04636326 0.04490249 0.0379717  0.06430533 0.08014111
 0.12986564 0.11498848 0.12373591 0.12361227 0.13046295]","[0.01075783 0.02043014 0.02933322 0.03625265 0.04385535 0.07438052
 0.12308572 0.17820193 0.22472226 0.25896679 0.27685128 0.29830724
 0.33327005 0.36992926 0.38450219 0.41048803 0.45936807 0.50283772
 0.54582689 0.56688384 0.58633184 0.60203952 0.6276305  0.6574726
 0.70195514 0.73622687 0.76886508 0.79743619 0.82386326]",1999.0,1988.0,29
2,hazing,Oklahoma,"[1971 1972 1973 1974 1975 1976 1977 1978 1979 1980 1981 1982 1983 1984
 1985 1986 1987 1988 1989 1990 1991 1992 1993]","[0.02156927 0.03086531 0.02653376 0.03099677 0.02630123 0.04537284
 0.01961767 0.01788735 0.02011242 0.0161033  0.01063227 0.00921865
 0.01596616 0.01474739 0.00656112 0.01119347 0.0522924  0.05932173
 0.04164407 0.06455286 0.06455286 0.06455286 0.06455286]","[0.02156927 0.05176884 0.07692897 0.1055412  0.12906656 0.16858329
 0.18489375 0.19947384 0.21557436 0.2282062  0.23641212 0.24345136
 0.25553054 0.26650952 0.27132204 0.27947847 0.31715627 0.35766374
 0.38441324 0.42415113 0.46132382 0.49609691 0.5286253 ]",1990.0,1993.0,23
2,hazing,Oregon,"[1971 1972 1973 1974 1975 1976 1977 1978 1979 1980 1981 1982 1983 1984
 1985 1986 1987 1988 1989 1990 1991 1992 1993 1994 1995 1996]","[0.0126368  0.01223438 0.01364646 0.00741758 0.00382258 0.01272344
 0.01846348 0.0278071  0.02347897 0.03206765 0.02875197 0.03128478
 0.03399659 0.03399659 0.03399659 0.03399659 0.03399659 0.03399659
 0.03399659 0.03399659 0.03399659 0.03399659 0.03399659 0.03399659
 0.03399659 0.03399659]","[0.0126368  0.02471657 0.03802574 0.04516126 0.04881121 0.0609136
 0.0782524  0.10388352 0.12492341 0.15298506 0.17733842 0.2030752
 0.23016793 0.25633959 0.28162151 0.30604393 0.32963606 0.35242615
 0.37444145 0.39570831 0.41625216 0.4360976  0.45526836 0.47378737
 0.49167681 0.50895806]",1983.0,1996.0,26
2,hazing,Pennsylvania,"[1971 1972 1973 1974 1975 1976 1977 1978 1979 1980 1981 1982 1983 1984
 1985 1986 1987 1988 1989 1990 1991 1992 1993 1994 1995 1996 1997 1998
 1999 2000]","[0.00746621 0.00786004 0.00675517 0.00659314 0.00561754 0.01565387
 0.02824269 0.03809392 0.03057664 0.04544329 0.02979195 0.0413888
 0.04681388 0.04782548 0.02801218 0.03687582 0.02535792 0.04521281
 0.05376256 0.03267971 0.03696007 0.0314628  0.04865991 0.06097179
 0.08031055 0.14988963 0.12016525 0.12275581 0.28095023 0.22771223]","[0.00746621 0.01526756 0.02191959 0.02836821 0.03382639 0.04895075
 0.07581094 0.11101692 0.13819904 0.17736211 0.2018701  0.23490374
 0.27072086 0.30559899 0.32505068 0.34993998 0.36642415 0.3950699
 0.42759249 0.4462986  0.46676344 0.48354056 0.50867143 0.53862861
 0.5756816  0.63928253 0.68262823 0.72158746 0.79980753 0.8453938 ]",2000.0,1993.0,30
2,hazing,Rhode Island,"[1971 1972 1973 1974 1975 1976 1977 1978 1979 1980 1981 1982 1983 1984
 1985 1986 1987 1988 1989 1990]","[0.00530908 0.00466475 0.00322772 0.00354171 0.00225783 0.00625538
 0.02108014 0.0153293  0.01547902 0.01798791 0.03408507 0.01657178
 0.02255807 0.01723983 0.10310106 0.08421008 0.08421008 0.08421008
 0.08421008 0.08421008]","[0.00530908 0.00994906 0.01314467 0.01663983 0.01886009 0.0249975
 0.04555069 0.06018173 0.07472919 0.09137288 0.1223435  0.13688783
 0.15635797 0.17090222 0.25638309 0.31900313 0.37634993 0.42886755
 0.47696266 0.52100767]",1986.0,1990.0,20
2,hazing,South Carolina,"[1971 1972 1973 1974 1975 1976 1977 1978 1979 1980 1981 1982 1983 1984
 1985 1986 1987]","[0.11819998 0.18635551 0.12798382 0.15178097 0.08834645 0.14338567
 0.08476927 0.09072695 0.08322399 0.0579971  0.03590665 0.03350055
 0.05850846 0.05319206 0.02511992 0.03396848 0.11374997]","[0.11819998 0.28252828 0.37435305 0.46931435 0.51619854 0.58556874
 0.62069978 0.65511253 0.68381544 0.70215323 0.71284791 0.72246766
 0.73870565 0.75260444 0.75881899 0.76701154 0.79351398]",1987.0,1975.0,17
2,hazing,South Dakota,"[1971 1972 1973 1974 1975 1976 1977 1978 1979 1980 1981 1982 1983 1984
 1985 1986 1987 1988 1989 1990 1991 1992 1993 1994 1995 1996 1997 1998
 1999 2000 2001 2002 2003 2004]","[0.00874745 0.01150842 0.01323278 0.01501574 0.00737622 0.02162247
 0.03934776 0.03386508 0.02356153 0.02013652 0.01285644 0.0145932
 0.02134109 0.02239536 0.00750301 0.01024412 0.01672475 0.03185524
 0.01664216 0.01984974 0.01894541 0.01581289 0.0231348  0.05086286
 0.05556285 0.05858814 0.0784325  0.08082833 0.0861885  0.05782186
 0.09351102 0.08107748 0.12693894 0.16662557]","[0.00874745 0.0201552  0.03312127 0.04763967 0.05466449 0.07510498
 0.11149753 0.14158674 0.16181227 0.17869045 0.18924957 0.20108101
 0.21813082 0.23564106 0.24137605 0.24914749 0.2617053  0.28522386
 0.29711928 0.31107128 0.32412332 0.33481088 0.3501999  0.38325059
 0.41751895 0.45164543 0.49465425 0.5355005  0.57553502 0.60007838
 0.63747546 0.66686804 0.70915545 0.75761759]",,1998.0,34
2,hazing,Tennessee,"[1971 1972 1973 1974 1975 1976 1977 1978 1979 1980 1981 1982 1983 1984
 1985 1986 1987 1988 1989 1990 1991 1992 1993 1994 1995]","[0.03403108 0.04867821 0.03672515 0.03773468 0.02884206 0.05863803
 0.06529309 0.05784783 0.0606243  0.03814349 0.02696696 0.02478014
 0.03453843 0.05411897 0.02247247 0.03317649 0.08136097 0.11635667
 0.11789075 0.0958888  0.10593566 0.08822523 0.14127923 0.11990765
 0.14425771]","[0.03403108 0.08105272 0.1148012  0.14820389 0.17277144 0.2212785
 0.27212363 0.3142297  0.35580404 0.38037592 0.3970853  0.41202561
 0.43233333 0.46305486 0.47512134 0.49253498 0.53382282 0.58806565
 0.6366289  0.67147212 0.70627493 0.73218889 0.77002504 0.7976008
 0.82679844]",1995.0,1987.0,25
2,hazing,Texas,"[1971 1972 1973 1974 1975 1976 1977 1978 1979 1980 1981 1982 1983 1984
 1985 1986 1987 1988 1989 1990 1991 1992 1993 1994 1995 1996 1997 1998
 1999 2000 2001 2002]","[0.03278643 0.00835916 0.0250797  0.00655433 0.0311843  0.01160541
 0.02556596 0.00509806 0.0202274  0.00325959 0.00972192 0.00174274
 0.01734016 0.00508685 0.00938525 0.00213604 0.02961119 0.02961119
 0.02961119 0.02961119 0.02961119 0.02961119 0.02961119 0.02961119
 0.02961119 0.02961119 0.02961119 0.02961119 0.02961119 0.02961119
 0.02961119 0.02961119]","[0.03278643 0.04087152 0.06492618 0.07105497 0.10002346 0.11046806
 0.1332098  0.13762875 0.15507228 0.1578264  0.16601395 0.16746737
 0.18190362 0.18606515 0.19370413 0.19542641 0.2192508  0.24236971
 0.26480405 0.28657408 0.30769947 0.32819931 0.34809213 0.3673959
 0.38612806 0.40430554 0.42194476 0.43906167 0.45567172 0.47178993
 0.48743086 0.50260864]",1987.0,2002.0,32
2,hazing,Utah,"[1971 1972 1973 1974 1975 1976 1977 1978 1979 1980 1981 1982 1983 1984
 1985 1986 1987 1988 1989 1990 1991 1992 1993 1994 1995 1996 1997 1998
 1999 2000 2001 2002 2003 2004 2005 2006 2007 2008]","[0.01215107 0.01553788 0.01133398 0.01190879 0.01307768 0.04373034
 0.021212   0.01524726 0.01510532 0.00788923 0.00758442 0.00745718
 0.009003   0.01088556 0.00495077 0.00534523 0.02346119 0.01731512
 0.01753424 0.01753424 0.01753424 0.01753424 0.01753424 0.01753424
 0.01753424 0.01753424 0.01753424 0.01753424 0.01753424 0.01753424
 0.01753424 0.01753424 0.01753424 0.01753424 0.01753424 0.01753424
 0.01753424 0.01753424]","[0.01215107 0.02750015 0.03852244 0.04997248 0.06239663 0.10339835
 0.12241707 0.1357978  0.14885185 0.15556676 0.16197129 0.16822062
 0.17570913 0.184682   0.18871845 0.19305494 0.21198683 0.22563137
 0.23920933 0.25254922 0.2656552  0.27853138 0.29118178 0.30361037
 0.31582103 0.32781759 0.3396038  0.35118334 0.36255985 0.37373688
 0.38471792 0.39550643 0.40610576 0.41651924 0.42675014 0.43680164
 0.44667689 0.45637899]",1989.0,,38
2,hazing,Vermont,[1989 1990 1991 1992 1993 1994 1995 1996 1997 1998 1999 2000],"[0.06049415 0.04548523 0.02506697 0.02176371 0.08624201 0.05422372
 0.08865018 0.11263102 0.23284661 0.13279795 0.16953086 0.20138887]","[0.06049415 0.10322779 0.12570715 0.144735   0.21849478 0.2608709
 0.32639483 0.40226367 0.54144455 0.60233977 0.66975545 0.73626303]",2000.0,1997.0,12
2,hazing,Washington,"[1971 1972 1973 1974 1975 1976 1977 1978 1979 1980 1981 1982 1983 1984
 1985 1986 1987 1988 1989 1990 1991 1992 1993]","[0.00519499 0.00120847 0.00326531 0.00053105 0.00356073 0.00239801
 0.02338143 0.00859666 0.02764038 0.00536932 0.01702413 0.0285747
 0.09625073 0.10470706 0.06096739 0.07685167 0.05685406 0.05704862
 0.07630988 0.0546485  0.13514125 0.09440856 0.21384026]","[0.00519499 0.00639718 0.0096416  0.01016753 0.01369206 0.01605723
 0.03906322 0.04732407 0.0736564  0.07863024 0.09431575 0.12019541
 0.20487725 0.28813222 0.33153294 0.38290574 0.41799006 0.45119292
 0.49307232 0.52077516 0.5855382  0.62466694 0.70492826]",1993.0,1990.0,23
2,hazing,West Virginia,"[1971 1972 1973 1974 1975 1976 1977 1978 1979 1980 1981 1982 1983 1984
 1985 1986 1987 1988 1989 1990 1991 1992 1993 1994 1995]","[0.01931305 0.0215822  0.00679072 0.00896485 0.01786083 0.02848726
 0.06239056 0.05875903 0.07159235 0.06060205 0.03800916 0.04423964
 0.05300729 0.05089626 0.02671092 0.08667875 0.04542703 0.05255296
 0.06172472 0.04176741 0.04508914 0.01774481 0.03891946 0.04956193
 0.03770869]","[0.01931305 0.04047843 0.04699427 0.05553783 0.07240671 0.0988313
 0.15505572 0.20470383 0.26164095 0.30638702 0.33275066 0.36226954
 0.3960739  0.42681148 0.44212187 0.49047805 0.51362412 0.53918461
 0.56762831 0.58568735 0.60436836 0.61138876 0.6265133  0.64502402
 0.6584097 ]",1995.0,1987.0,25
2,hazing,Wisconsin,"[1971 1972 1973 1974 1975 1976 1977 1978 1979 1980 1981 1982 1983 1984
 1985 1986 1987 1988 1989 1990 1991 1992 1993 1994 1995 1996 1997 1998
 1999]","[0.0069048  0.0069448  0.00784602 0.00551037 0.00556821 0.01524701
 0.02719849 0.03112718 0.02644714 0.03777044 0.01800484 0.02430896
 0.02804306 0.02804306 0.02804306 0.02804306 0.02804306 0.02804306
 0.02804306 0.02804306 0.02804306 0.02804306 0.02804306 0.02804306
 0.02804306 0.02804306 0.02804306 0.02804306 0.02804306]","[0.0069048  0.01380164 0.02153938 0.02693106 0.03234931 0.04710308
 0.07302044 0.1018747  0.12562755 0.15865298 0.1738013  0.19388533
 0.21649126 0.23846324 0.25981906 0.280576   0.30075086 0.32035994
 0.33941913 0.35794384 0.37594906 0.39344936 0.4104589  0.42699143
 0.44306035 0.45867864 0.47385895 0.48861356 0.5029544 ]",1983.0,1999.0,29
2,hazing,Wyoming,"[1971 1972 1973 1974 1975 1976 1977 1978 1979 1980 1981 1982 1983 1984
 1985 1986 1987 1988 1989 1990 1991 1992 1993 1994 1995 1996 1997 1998
 1999 2000 2001 2002 2003 2004]","[0.01701168 0.00640835 0.01695788 0.01908286 0.02287735 0.03718262
 0.02855315 0.03055984 0.02742518 0.01746118 0.00953335 0.00986794
 0.01064855 0.01431757 0.00604457 0.00593639 0.0191517  0.01658661
 0.02708242 0.04949434 0.07750229 0.04909873 0.07266075 0.08520164
 0.07217508 0.05012405 0.04505175 0.04519627 0.06333924 0.04841033
 0.07860651 0.1079549  0.09850762 0.09581149]","[0.01701168 0.02331102 0.03987359 0.05819555 0.07974154 0.11395916
 0.13925841 0.16556253 0.18844713 0.2026178  0.21021952 0.21801303
 0.22634006 0.23741699 0.24202648 0.2465261  0.2609564  0.27321463
 0.29289774 0.32789529 0.37998495 0.4104269  0.45326572 0.49984838
 0.53594687 0.55920709 0.57906558 0.59809025 0.62354691 0.64177113
 0.66993025 0.7055629  0.73456719 0.75999871]",,1995.0,34
2,idtheft,Alabama,[1996 1997 1998 1999 2000 2001],[0.08294457 0.07406609 0.16979302 0.46743634 0.38434853 0.43884649],[0.08294457 0.15086728 0.29504409 0.6245661  0.76886357 0.87029698],2001.0,1999.0,6
2,idtheft,Arizona,[1996 1997 1998 1999 2000 2001 2002 2003],"[0.09062991 0.09062991 0.09062991 0.09062991 0.09062991 0.09062991
 0.09062991 0.09062991]","[0.09062991 0.17304603 0.24799279 0.31614713 0.37812465 0.43448516
 0.48573771 0.53234526]",1996.0,2003.0,8
2,idtheft,Arkansas,[1996 1997 1998 1999],[0.02399054 0.10172008 0.02479592 0.47724166],[0.02399054 0.1232703  0.14500962 0.55304664],1999.0,1999.0,4
2,idtheft,California,[1996 1997 1998 1999 2000],[0.11848509 0.14355063 0.14355063 0.14355063 0.14355063],[0.11848509 0.24502711 0.35340395 0.44622322 0.52571823],1997.0,2000.0,5
2,idtheft,Colorado,[1996 1997 1998 1999 2000 2001 2002 2003 2004 2005 2006],"[0.09732947 0.130774   0.13418485 0.27989111 0.32688895 0.4152394
 0.44175229 0.47912136 0.42277217 0.48130573 0.43620571]","[0.09732947 0.21537531 0.32066005 0.51080126 0.67071493 0.80744706
 0.89250776 0.94400959 0.96768078 0.9832362  0.99054867]",2006.0,1999.0,11
2,idtheft,Connecticut,[1996 1997 1998 1999 2000 2001 2002],"[0.0467927  0.04614167 0.09917488 0.11663853 0.11663853 0.11663853
 0.11663853]","[0.0467927  0.09077528 0.18094753 0.27648061 0.36087085 0.43541794
 0.50126996]",1999.0,2002.0,7
2,idtheft,Delaware,[1996 1997 1998 1999 2000],[0.07140285 0.10494041 0.09927347 0.2972387  0.5190422 ],[0.07140285 0.16885021 0.25136134 0.47388572 0.74696123],2000.0,2000.0,5
2,idtheft,Florida,[1996 1997 1998 1999 2000],[0.07899142 0.10143281 0.20861366 0.22150173 0.22150173],[0.07899142 0.17241191 0.34505809 0.49012886 0.6030662 ],1999.0,2000.0,5
2,idtheft,Georgia,[1996 1997 1998 1999 2000 2001 2002 2003 2004 2005],"[0.1023542  0.09836391 0.06329266 0.06329266 0.06329266 0.06329266
 0.06329266 0.06329266 0.06329266 0.06329266]","[0.1023542  0.19065015 0.24187606 0.28985974 0.33480641 0.37690828
 0.41634541 0.45328647 0.48788942 0.52030226]",1998.0,2005.0,10
2,idtheft,Idaho,[1996 1997 1998 1999 2000 2001 2002 2003],"[0.04624192 0.02350077 0.03328024 0.12870623 0.12870623 0.12870623
 0.12870623 0.12870623]","[0.04624192 0.06865597 0.09965133 0.21553181 0.31649776 0.40446875
 0.48111734 0.54790077]",1999.0,2003.0,8
2,idtheft,Illinois,[1996 1997 1998 1999 2000 2001],[0.05073412 0.07583737 0.12014965 0.18776715 0.18776715 0.18776715],[0.05073412 0.12272395 0.22812836 0.3730605  0.49077914 0.58639409],1999.0,2001.0,6
2,idtheft,Indiana,[1996 1997 1998 1999 2000 2001],[0.08899113 0.08402623 0.0666651  0.24347789 0.41136775 0.47829375],[0.08899113 0.16553977 0.22116915 0.41079724 0.65317625 0.81905988],2001.0,2000.0,6
2,idtheft,Iowa,[1996 1997 1998 1999 2000],[0.07828633 0.1149001  0.08446406 0.30580232 0.30580232],[0.07828633 0.18419132 0.25309783 0.48150225 0.64006007],1999.0,2000.0,5
2,idtheft,Kansas,"[1996 1997 1998 1999 2000 2001 2002 2003 2004 2005 2006 2007 2008 2009
 2010 2011]","[0.09509672 0.06781965 0.03844538 0.03844538 0.03844538 0.03844538
 0.03844538 0.03844538 0.03844538 0.03844538 0.03844538 0.03844538
 0.03844538 0.03844538 0.03844538 0.03844538]","[0.09509672 0.15646694 0.18889688 0.22008005 0.25006436 0.27889592
 0.30661904 0.33327633 0.35890877 0.38355576 0.40725519 0.43004349
 0.45195568 0.47302545 0.49328518 0.51276603]",1998.0,2011.0,16
2,idtheft,Kentucky,[1996 1997 1998 1999 2000 2001 2002 2003],"[0.10319549 0.01511237 0.0763673  0.04182691 0.13413075 0.13413075
 0.13413075 0.13413075]","[0.10319549 0.11674834 0.18419988 0.21832227 0.32316929 0.4139531
 0.49256001 0.56062331]",2000.0,2003.0,8
2,idtheft,Louisiana,[1996 1997 1998 1999],[0.10418147 0.05775637 0.10831147 0.34310361],[0.10418147 0.15592069 0.24734416 0.5055831 ],1999.0,1999.0,4
2,idtheft,Maine,[1996 1997 1998 1999 2000 2001 2002 2003 2004 2005 2006],"[0.04978417 0.03077386 0.04129404 0.36921176 0.43986943 0.22410915
 0.24152169 0.27954046 0.2959687  0.19757203 0.31594103]","[0.04978417 0.07902597 0.11705671 0.44304976 0.68803514 0.75794932
 0.81640981 0.8677307  0.90687827 0.92527652 0.94888473]",2006.0,2000.0,11
2,idtheft,Maryland,[1996 1997 1998 1999 2000 2001 2002 2003 2004],"[0.05169003 0.06310118 0.09959199 0.08818126 0.08818126 0.08818126
 0.08818126 0.08818126 0.08818126]","[0.05169003 0.11152951 0.20001405 0.27055782 0.33488095 0.39353199
 0.4470111  0.49577436 0.54023761]",1999.0,2004.0,9
2,idtheft,Massachusetts,"[1996 1997 1998 1999 2000 2001 2002 2003 2004 2005 2006 2007 2008 2009
 2010 2011 2012 2013 2014 2015 2016 2017]","[0.02002549 0.01893858 0.02341535 0.02341535 0.02341535 0.02341535
 0.02341535 0.02341535 0.02341535 0.02341535 0.02341535 0.02341535
 0.02341535 0.02341535 0.02341535 0.02341535 0.02341535 0.02341535
 0.02341535 0.02341535 0.02341535 0.02341535]","[0.02002549 0.03858481 0.06109668 0.08308143 0.10455139 0.12551863
 0.14599492 0.16599175 0.18552034 0.20459166 0.22321643 0.24140508
 0.25916785 0.27651469 0.29345535 0.30999934 0.32615594 0.34193424
 0.35734308 0.37239111 0.38708679 0.40143837]",1998.0,,22
2,idtheft,Michigan,[1996 1997 1998 1999 2000],[0.05772323 0.09545462 0.11936795 0.34081803 0.30857424],[0.05772323 0.14766791 0.24940904 0.50522398 0.65789911],2000.0,1999.0,5
2,idtheft,Minnesota,[1996 1997 1998 1999],[0.05581538 0.11110985 0.15906608 0.36914549],[0.05581538 0.16072359 0.294224   0.55475802],1999.0,1999.0,4
2,idtheft,Mississippi,"[1996 1997 1998 1999 2000 2001 2002 2003 2004 2005 2006 2007 2008 2009
 2010 2011 2012]","[0.06341511 0.04603428 0.03870789 0.03870789 0.03870789 0.03870789
 0.03870789 0.03870789 0.03870789 0.03870789 0.03870789 0.03870789
 0.03870789 0.03870789 0.03870789 0.03870789 0.03870789]","[0.06341511 0.10653012 0.14111446 0.17436011 0.20631889 0.23704061
 0.26657316 0.29496257 0.32225308 0.34848724 0.37370592 0.39794845
 0.42125259 0.44365469 0.46518964 0.48589102 0.5057911 ]",1998.0,2012.0,17
2,idtheft,Missouri,[1996 1997 1998 1999],[0.06845232 0.0951328  0.1102573  0.36357718],[0.06845232 0.15707306 0.2500119  0.52269046],1999.0,1999.0,4
2,idtheft,Montana,[1996 1997 1998 1999 2000 2001],[0.01676745 0.04449411 0.0119139  0.30076921 0.12251757 0.40413015],[0.01676745 0.06051551 0.07170843 0.35090995 0.43043488 0.66061332],2001.0,2001.0,6
2,idtheft,Nevada,[1996 1997 1998 1999 2000],[0.0356219  0.16766093 0.05178951 0.33749606 0.33749606],[0.0356219  0.19731043 0.23888133 0.49575588 0.66593629],1999.0,2000.0,5
2,idtheft,New Hampshire,[1996 1997 1998 1999 2000 2001 2002],"[0.07608632 0.08730501 0.11340167 0.12299549 0.12299549 0.12299549
 0.12299549]","[0.07608632 0.15674861 0.25237473 0.34432926 0.42497381 0.49569943
 0.55772613]",1999.0,2002.0,7
2,idtheft,New Jersey,[1996 1997 1998 1999 2000 2001 2002 2003 2004 2005 2006 2007 2008 2009],"[0.03721151 0.03927532 0.07044134 0.05017998 0.05017998 0.05017998
 0.05017998 0.05017998 0.05017998 0.05017998 0.05017998 0.05017998
 0.05017998 0.05017998]","[0.03721151 0.07502534 0.14018179 0.18332745 0.22430806 0.26323227
 0.30020326 0.33531905 0.36867273 0.40035272 0.43044301 0.45902337
 0.48616956 0.51195356]",1999.0,2009.0,14
2,idtheft,New Mexico,[1996 1997 1998 1999 2000 2001],[0.09039671 0.14450989 0.09659005 0.27336508 0.33960385 0.28666152],[0.09039671 0.22184337 0.29700556 0.48917969 0.66265623 0.75935971],2001.0,2000.0,6
2,idtheft,New York,[1996 1997 1998 1999 2000 2001 2002],"[0.03124605 0.03561237 0.06204627 0.14635451 0.38723712 0.30595456
 0.29638092]","[0.03124605 0.06574567 0.12371267 0.25196127 0.54162964 0.68187014
 0.77615776]",2002.0,2000.0,7
2,idtheft,North Carolina,[1996 1997 1998 1999 2000],[0.0782129  0.09755925 0.13443772 0.26955067 0.26955067],[0.0782129  0.16814176 0.27997488 0.47405813 0.61582611],1999.0,2000.0,5
2,idtheft,North Dakota,[1996 1997 1998 1999 2000 2001 2002 2003 2004],"[0.00834343 0.06279848 0.01419161 0.10653795 0.10653795 0.10653795
 0.10653795 0.10653795 0.10653795]","[0.00834343 0.07061796 0.08380739 0.18141667 0.26862687 0.34654586
 0.41616353 0.47836427 0.53393827]",1999.0,2004.0,9
2,idtheft,Ohio,[1996 1997 1998 1999 2000 2001 2002],"[0.06453608 0.08040914 0.11421959 0.12506468 0.12506468 0.12506468
 0.12506468]","[0.06453608 0.13975593 0.23801265 0.33331036 0.41668969 0.4896412
 0.55346906]",1999.0,2002.0,7
2,idtheft,Oklahoma,[1996 1997 1998 1999 2000 2001 2002],"[0.03885516 0.03694888 0.04238691 0.14670473 0.14670473 0.14670473
 0.14670473]","[0.03885516 0.07436839 0.11360305 0.24364168 0.35460302 0.44928581
 0.53007819]",1999.0,2002.0,7
2,idtheft,Oregon,[1996 1997 1998 1999],[0.0383489  0.11998463 0.14515101 0.42332771],[0.0383489  0.15373225 0.27656887 0.58281732],1999.0,1999.0,4
2,idtheft,Pennsylvania,[1996 1997 1998 1999 2000],[0.05631513 0.05373833 0.10305783 0.27120343 0.40745071],[0.05631513 0.10702718 0.19905502 0.41627405 0.6541136 ],2000.0,2000.0,5
2,idtheft,Rhode Island,[1996 1997 1998 1999 2000],[0.03067933 0.03902622 0.10346304 0.29625439 0.24252249],[0.03067933 0.06850826 0.16488322 0.41229023 0.55482307],2000.0,2000.0,5
2,idtheft,South Carolina,[1996 1997 1998 1999 2000],[0.08987397 0.08211356 0.15492221 0.4663569  0.48308956],[0.08987397 0.16460766 0.29402848 0.62326317 0.8052608 ],2000.0,1999.0,5
2,idtheft,South Dakota,[1996 1997 1998 1999 2000],[0.07329608 0.08197835 0.05997417 0.27268657 0.23621719],[0.07329608 0.14926573 0.20028782 0.41835859 0.55575229],2000.0,2000.0,5
2,idtheft,Tennessee,[1996 1997 1998 1999 2000],[0.08833534 0.07144521 0.09924873 0.28221003 0.28221003],[0.08833534 0.15346941 0.2374865  0.45267545 0.60713593],1999.0,2000.0,5
2,idtheft,Texas,[1996 1997 1998 1999 2000],[0.02170464 0.07784795 0.01248463 0.28284605 0.28284605],[0.02170464 0.09786293 0.10912578 0.36110603 0.54181467],1999.0,2000.0,5
2,idtheft,Utah,[1996 1997 1998 1999 2000 2001],[0.08835618 0.0856839  0.05862019 0.18562598 0.16715921 0.16715921],[0.08835618 0.16646937 0.2153311  0.36098603 0.4678031  0.55676471],2000.0,2001.0,6
2,idtheft,Vermont,[1996 1997 1998 1999 2000 2001 2002],"[0.01757558 0.05518134 0.0787957  0.16277442 0.14879667 0.14879667
 0.14879667]","[0.01757558 0.07178708 0.14492626 0.2841104  0.39063238 0.48130425
 0.55848445]",2000.0,2002.0,7
2,idtheft,Virginia,[1996 1997 1998 1999 2000 2001 2002 2003],"[0.10687622 0.08958336 0.10824087 0.36551898 0.43671078 0.40466597
 0.46133831 0.4969133 ]","[0.10687622 0.18688525 0.27489749 0.53993622 0.74085103 0.8457198
 0.91689517 0.95819106]",2003.0,1999.0,8
2,idtheft,Washington,[1996 1997 1998 1999],[0.05992415 0.07987466 0.10375986 0.52459766],[0.05992415 0.13501239 0.22476339 0.6314507 ],1999.0,1999.0,4
2,idtheft,West Virginia,"[1996 1997 1998 1999 2000 2001 2002 2003 2004 2005 2006 2007 2008 2009
 2010 2011 2012]","[0.03230646 0.03765515 0.04082745 0.04082745 0.04082745 0.04082745
 0.04082745 0.04082745 0.04082745 0.04082745 0.04082745 0.04082745
 0.04082745 0.04082745 0.04082745 0.04082745 0.04082745]","[0.03230646 0.06874511 0.10676587 0.14323434 0.1782139  0.21176533
 0.24394694 0.27481466 0.30442212 0.33282079 0.36006002 0.38618714
 0.41124755 0.43528481 0.45834069 0.48045526 0.50166695]",1998.0,2012.0,17
2,idtheft,Wisconsin,[1996 1997 1998 1999 2000 2001 2002 2003 2004 2005],"[0.05498189 0.06904446 0.06904446 0.06904446 0.06904446 0.06904446
 0.06904446 0.06904446 0.06904446 0.06904446]","[0.05498189 0.12023016 0.1809734  0.23752265 0.29016749 0.33917749
 0.38480363 0.42727953 0.46682271 0.50363565]",1997.0,2005.0,10
2,idtheft,Wyoming,[1996 1997 1998 1999 2000 2001 2002 2003 2004 2005 2006 2007 2008],"[0.07502124 0.04716573 0.0332033  0.05443202 0.05443202 0.05443202
 0.05443202 0.05443202 0.05443202 0.05443202 0.05443202 0.05443202
 0.05443202]","[0.07502124 0.11864854 0.14791231 0.19429317 0.23814942 0.27961848
 0.3188303  0.35590775 0.39096699 0.42411789 0.45546431 0.48510449
 0.5131313 ]",1999.0,2008.0,13
2,meganslaw,Alabama,[1990 1991 1992 1993 1994 1995 1996],"[0.04057492 0.05652761 0.08008672 0.08117438 0.19674131 0.41469669
 0.32459861]","[0.04057492 0.09480893 0.16730271 0.2348964  0.38542388 0.64028657
 0.75704905]",1996.0,1995.0,7
2,meganslaw,Arizona,[1990 1991 1992 1993 1994 1995 1996 1997],"[0.04399316 0.04141132 0.07827106 0.06379851 0.06873442 0.16282553
 0.17359896 0.17359896]","[0.04399316 0.08358267 0.15531162 0.20920149 0.26355656 0.38346835
 0.49049761 0.57894669]",1996.0,1997.0,8
2,meganslaw,Arkansas,[1990 1991 1992 1993 1994 1995 1996 1997],"[0.01202768 0.0614398  0.03017195 0.12687198 0.03421441 0.40857651
 0.08160007 0.42684245]","[0.01202768 0.07272849 0.10070608 0.21480128 0.24166639 0.55150369
 0.58810102 0.76391699]",1997.0,1995.0,8
2,meganslaw,California,[1990 1991 1992 1993 1994 1995 1996 1997],"[0.08258371 0.088006   0.06482518 0.12519239 0.14838145 0.22366667
 0.42893838 0.44701685]","[0.08258371 0.16332184 0.21755965 0.31551523 0.41708007 0.54745983
 0.74157168 0.85709349]",1997.0,1995.0,8
2,meganslaw,Colorado,[1990 1991 1992 1993 1994 1995 1996 1997],"[0.05379527 0.06668858 0.07386361 0.08530758 0.09602651 0.09602651
 0.09602651 0.09602651]","[0.05379527 0.11689631 0.18212554 0.25189643 0.32373421 0.38867365
 0.44737719 0.50044363]",1994.0,1997.0,8
2,meganslaw,Connecticut,[1990 1991 1992 1993 1994 1995 1996 1997 1998 1999 2000 2001],"[0.06270734 0.06643501 0.03925223 0.04687474 0.06410116 0.06410116
 0.06410116 0.06410116 0.06410116 0.06410116 0.06410116 0.06410116]","[0.06270734 0.12497639 0.15932302 0.19872954 0.25009191 0.29816189
 0.34315053 0.38525534 0.42466119 0.46154108 0.49605692 0.52836026]",1994.0,2001.0,12
2,meganslaw,Delaware,[1990 1991 1992 1993 1994 1995 1996],"[0.08290866 0.08293193 0.04375035 0.06041833 0.13423845 0.13423845
 0.13423845]","[0.08290866 0.15896482 0.1957604  0.24435121 0.34578833 0.43360869
 0.50964019]",1994.0,1996.0,7
2,meganslaw,Florida,[1990 1991 1992 1993 1994 1995],[0.05137962 0.06422312 0.09143584 0.08297027 0.20633682 0.21263337],[0.05137962 0.11230298 0.1934703  0.26038829 0.41299742 0.53781375],1995.0,1995.0,6
2,meganslaw,Georgia,[1990 1991 1992 1993 1994 1995 1996],"[0.05132539 0.05498974 0.10075745 0.07793139 0.13390182 0.13390182
 0.13390182]","[0.05132539 0.10349276 0.19382254 0.25664907 0.35618512 0.4423931
 0.51705768]",1994.0,1996.0,7
2,meganslaw,Idaho,[1990 1991 1992 1993 1994 1995],[0.03160763 0.0840072  0.14756415 0.15834667 0.15834667 0.15834667],[0.03160763 0.11295957 0.24385493 0.36358798 0.4643617  0.54917824],1993.0,1995.0,6
2,meganslaw,Illinois,[1990 1991 1992 1993 1994 1995 1996],"[0.07448946 0.08160743 0.05078555 0.06396848 0.15638079 0.16947003
 0.22998088]","[0.07448946 0.150018   0.1931848  0.24479554 0.36289501 0.47086522
 0.5925561 ]",1996.0,1996.0,7
2,meganslaw,Indiana,[1990 1991 1992 1993 1994 1995 1996 1997],"[0.06037432 0.07099255 0.06550562 0.07985757 0.10397162 0.10397162
 0.10397162 0.10397162]","[0.06037432 0.12708074 0.18426185 0.24940472 0.32744533 0.39737192
 0.46002814 0.51616989]",1994.0,1997.0,8
2,meganslaw,Iowa,[1990 1991 1992 1993 1994 1995 1996 1997 1998],"[0.06848354 0.07508264 0.0579172  0.07500687 0.09507189 0.09710357
 0.09710357 0.09710357 0.09710357]","[0.06848354 0.13842426 0.18832432 0.24920557 0.32058501 0.38655863
 0.44612598 0.49990912 0.54846973]",1995.0,1998.0,9
2,meganslaw,Kansas,[1990 1991 1992 1993 1994 1995 1996 1997 1998 1999],"[0.04145752 0.04373394 0.08803901 0.06800319 0.08289688 0.08289688
 0.08289688 0.08289688 0.08289688 0.08289688]","[0.04145752 0.08337836 0.16407682 0.22092227 0.28550538 0.34473476
 0.3990542  0.44887073 0.49455763 0.53645722]",1994.0,1999.0,10
2,meganslaw,Kentucky,[1990 1991 1992 1993 1994 1995 1996 1997 1998 1999],"[0.0533839  0.01105819 0.07248778 0.02044014 0.16617681 0.04322405
 0.24005213 0.08658957 0.43795421 0.11187515]","[0.0533839  0.06385176 0.13171106 0.14945901 0.29079919 0.32145372
 0.4843402  0.52899096 0.73527135 0.76488791]",1999.0,1997.0,10
2,meganslaw,Louisiana,[1990 1991 1992 1993 1994 1995 1996 1997 1998 1999],"[0.04127528 0.03429251 0.08115968 0.08115968 0.08115968 0.08115968
 0.08115968 0.08115968 0.08115968 0.08115968]","[0.04127528 0.07415236 0.14929385 0.21833689 0.28177642 0.34006721
 0.39362714 0.44284017 0.48805908 0.52960804]",1992.0,1999.0,10
2,meganslaw,Maine,[1990 1991 1992 1993 1994 1995 1996],"[0.0692072  0.03479092 0.02845034 0.03312337 0.0362499  0.03257776
 0.38751113]","[0.0692072  0.10159034 0.1271504  0.15606213 0.18665479 0.21315175
 0.51806421]",1996.0,1996.0,7
2,meganslaw,Maryland,[1990 1991 1992 1993 1994 1995 1996],"[0.08139859 0.06749597 0.04388114 0.04138757 0.15302272 0.20711289
 0.20711289]","[0.08139859 0.14340049 0.18098905 0.21488592 0.33502622 0.47275086
 0.58195095]",1995.0,1996.0,7
2,meganslaw,Massachusetts,[1990 1991 1992 1993 1994 1995 1996 1997 1998],"[0.02219869 0.02543378 0.01710118 0.02861445 0.05330784 0.0433469
 0.19792488 0.19792488 0.19792488]","[0.02219869 0.04706787 0.06336413 0.09016545 0.13866676 0.17600289
 0.33909242 0.46990247 0.57482196]",1996.0,1998.0,9
2,meganslaw,Michigan,[1990 1991 1992 1993 1994 1995 1996 1997 1998],"[0.06053619 0.05493194 0.03901247 0.05609129 0.10573337 0.10573337
 0.10573337 0.10573337 0.10573337]","[0.06053619 0.11214276 0.14678026 0.19463846 0.27979205 0.35594207
 0.42404049 0.48493863 0.53939781]",1994.0,1998.0,9
2,meganslaw,Minnesota,[1990 1991 1992 1993 1994 1995 1996],"[0.08176432 0.13378056 0.07829294 0.08481905 0.23030127 0.26476723
 0.41652229]","[0.08176432 0.2046064  0.26688011 0.32906264 0.48358037 0.62031136
 0.77846014]",1996.0,1995.0,7
2,meganslaw,Mississippi,[1990 1991 1992 1993 1994 1995 1996 1997],"[0.04431424 0.03820241 0.11161899 0.0940534  0.14103145 0.10325422
 0.10325422 0.10325422]","[0.04431424 0.08082374 0.18342126 0.26022327 0.36455505 0.43016742
 0.48900504 0.54176742]",1995.0,1997.0,8
2,meganslaw,Missouri,[1990 1991 1992 1993 1994 1995 1996 1997],"[0.07580021 0.07717085 0.04772971 0.06757948 0.12409233 0.22102554
 0.2654743  0.29668834]","[0.07580021 0.14712149 0.18782914 0.24271522 0.33668845 0.48329725
 0.62046855 0.7330711 ]",1997.0,1996.0,8
2,meganslaw,Montana,[1990 1991 1992 1993 1994 1995 1996 1997],"[0.00970117 0.09620064 0.09620064 0.09620064 0.09620064 0.09620064
 0.09620064 0.09620064]","[0.00970117 0.10496855 0.19107115 0.26889062 0.3392238  0.40279089
 0.46024279 0.51216778]",1991.0,1997.0,8
2,meganslaw,Nevada,[1990 1991 1992 1993 1994 1995 1996],"[0.01047252 0.06239771 0.02232703 0.22038639 0.05189188 0.17696887
 0.17696887]","[0.01047252 0.07221678 0.09293142 0.29283699 0.32953301 0.4481848
 0.54583891]",1995.0,1996.0,7
2,meganslaw,New Hampshire,[1990 1991 1992 1993 1994 1995 1996],"[0.04200347 0.04714421 0.06590149 0.0666577  0.04579055 0.06301955
 0.30439142]","[0.04200347 0.08716746 0.14732448 0.20416187 0.24060373 0.28846054
 0.50504705]",1996.0,1996.0,7
2,meganslaw,New Jersey,[1990 1991 1992 1993 1994 1995 1996],"[0.08782288 0.07567964 0.03813615 0.04145425 0.15427446 0.15427446
 0.15427446]","[0.08782288 0.15685612 0.18901038 0.22262934 0.34255778 0.44398433
 0.52976335]",1994.0,1996.0,7
2,meganslaw,New Mexico,[1990 1991 1992 1993 1994 1995 1996 1997 1998 1999],"[0.05426366 0.05728382 0.06845846 0.08396743 0.10534202 0.22578271
 0.43047443 0.40126639 0.41711637 0.28863255]","[0.05426366 0.10843905 0.16947394 0.23921108 0.31935412 0.47303219
 0.69987836 0.82030709 0.89525994 0.92549133]",1999.0,1996.0,10
2,meganslaw,New York,[1990 1991 1992 1993 1994 1995 1996],"[0.04414991 0.03885143 0.02768852 0.02972094 0.1031358  0.12272258
 0.28031255]","[0.04414991 0.08128606 0.10672388 0.13327289 0.22266348 0.31806023
 0.5092165 ]",1996.0,1996.0,7
2,meganslaw,North Carolina,[1990 1991 1992 1993 1994 1995],[0.0448825  0.06857205 0.08468486 0.08949043 0.47563212 0.48621543],[0.0448825  0.11037686 0.18571447 0.25858523 0.61122591 0.80025387],1995.0,1994.0,6
2,meganslaw,North Dakota,[1990 1991 1992 1993 1994 1995],[0.02072769 0.13580028 0.13580028 0.13580028 0.13580028 0.13580028],[0.02072769 0.15371314 0.26863913 0.36795814 0.4537896  0.52796512],1991.0,1995.0,6
2,meganslaw,Ohio,[1990 1991 1992 1993 1994 1995 1996 1997],"[0.07343884 0.07683635 0.05302313 0.07073623 0.15854102 0.23448251
 0.34413225 0.31390622]","[0.07343884 0.14463242 0.18998669 0.24728398 0.36662034 0.51513679
 0.68199386 0.78181797]",1997.0,1995.0,8
2,meganslaw,Oklahoma,[1990 1991 1992 1993 1994 1995 1996 1997 1998],"[0.04575508 0.05120007 0.09315829 0.05874075 0.08338151 0.10370309
 0.10370309 0.10370309 0.10370309]","[0.04575508 0.09461249 0.17895684 0.22718553 0.29162397 0.36508476
 0.43092743 0.48994201 0.5428366 ]",1995.0,1998.0,9
2,meganslaw,Oregon,[1990 1991 1992 1993 1994 1995 1996 1997],"[0.10393067 0.08141877 0.05417817 0.09927759 0.09927759 0.09927759
 0.09927759 0.09927759]","[0.10393067 0.17688753 0.22148226 0.29877163 0.36838789 0.43109282
 0.48757256 0.53844512]",1993.0,1997.0,8
2,meganslaw,Pennsylvania,[1990 1991 1992 1993 1994 1995 1996],"[0.0828815  0.08330815 0.0510177  0.06199526 0.15302575 0.14220874
 0.14220874]","[0.0828815  0.15928494 0.20217629 0.25163758 0.3661563  0.45629441
 0.5336141 ]",1995.0,1996.0,7
2,meganslaw,Rhode Island,[1990 1991 1992 1993 1994 1995 1996],"[0.05239579 0.04551479 0.04329628 0.03423394 0.14164697 0.10733948
 0.2765179 ]","[0.05239579 0.0955258  0.13468617 0.16430927 0.28268233 0.35967884
 0.5367391 ]",1996.0,1996.0,7
2,meganslaw,South Carolina,[1990 1991 1992 1993 1994 1995 1996],"[0.04696529 0.06704218 0.07348965 0.0825837  0.18376083 0.18376083
 0.18376083]","[0.04696529 0.11085881 0.17620149 0.24423382 0.38311404 0.49647351
 0.58900196]",1994.0,1996.0,7
2,meganslaw,South Dakota,[1990 1991 1992 1993 1994 1995],[0.05465676 0.13895169 0.11044957 0.12503154 0.1360597  0.1360597 ],[0.05465676 0.1860138  0.27591823 0.36645129 0.45265174 0.52712378],1994.0,1995.0,6
2,meganslaw,Tennessee,[1990 1991 1992 1993 1994 1995 1996 1997 1998],"[0.0604293  0.06377771 0.07544179 0.08758647 0.09265336 0.09265336
 0.09265336 0.09265336 0.09265336]","[0.0604293  0.12035296 0.18671511 0.25794786 0.32670148 0.38908485
 0.44568819 0.49704704 0.54364732]",1994.0,1998.0,9
2,meganslaw,Texas,[1990 1991 1992 1993 1994 1995 1996 1997],"[0.00889175 0.04396427 0.0352433  0.1066147  0.01753279 0.1864659
 0.1864659  0.1864659 ]","[0.00889175 0.05246511 0.08585937 0.1833202  0.19763888 0.34725187
 0.46896714 0.56798666]",1995.0,1997.0,8
2,meganslaw,Utah,[1990 1991 1992 1993 1994 1995 1996 1997],"[0.04298823 0.03335454 0.05008309 0.06053334 0.06268115 0.13540727
 0.1395061  0.1395061 ]","[0.04298823 0.07490892 0.12124034 0.17443459 0.22618198 0.33096256
 0.42429737 0.5046114 ]",1996.0,1997.0,8
2,meganslaw,Vermont,[1990 1991 1992 1993 1994 1995 1996 1997 1998],"[0.05770769 0.0274029  0.01675306 0.0254525  0.01556378 0.01797273
 0.17765641 0.17765641 0.17765641]","[0.05770769 0.08352923 0.09888292 0.1218186  0.13548643 0.1510241
 0.30185011 0.42588092 0.52787685]",1996.0,1998.0,9
2,meganslaw,Virginia,[1990 1991 1992 1993 1994 1995 1996 1997 1998],"[0.05263101 0.0603251  0.09267245 0.07754506 0.09282989 0.09282989
 0.09282989 0.09282989 0.09282989]","[0.05263101 0.10978114 0.1922799  0.25491461 0.32408081 0.38682631
 0.44374715 0.49538404 0.54222749]",1994.0,1998.0,9
2,meganslaw,Washington,[1990 1991 1992 1993 1994 1995 1996],"[0.09845795 0.09845795 0.09845795 0.09845795 0.09845795 0.09845795
 0.09845795]","[0.09845795 0.18722194 0.2672464  0.33939182 0.40443395 0.46307216
 0.51593698]",1990.0,1996.0,7
2,meganslaw,West Virginia,[1990 1991 1992 1993 1994 1995 1996 1997],"[0.09400756 0.08745988 0.02498684 0.0429281  0.08373482 0.1056434
 0.13787126 0.13787126]","[0.09400756 0.17324556 0.19390354 0.22850773 0.2931085  0.36778692
 0.45495094 0.53009754]",1996.0,1997.0,8
2,meganslaw,Wisconsin,[1990 1991 1992 1993 1994 1995 1996],"[0.0679391  0.08080494 0.04681022 0.04724076 0.10458051 0.1650437
 0.41265652]","[0.0679391  0.14325422 0.18335868 0.22193743 0.30330761 0.4182923
 0.65833778]",1996.0,1996.0,7
2,meganslaw,Wyoming,[1990 1991 1992 1993 1994 1995 1996 1997],"[0.03515257 0.06151864 0.11159554 0.12866715 0.19624701 0.21940085
 0.22670876 0.17221163]","[0.03515257 0.09450867 0.19555746 0.29906279 0.43661962 0.56022576
 0.65992643 0.71849105]",1997.0,1995.0,8
2,terrorfund,Alabama,[1998 1999 2000 2001 2002 2003 2004],"[0.07399953 0.08950515 0.05954043 0.09254857 0.15001943 0.15001943
 0.15001943]","[0.07399953 0.15688133 0.20708098 0.28046451 0.38840881 0.48015938
 0.55814557]",2002.0,2004.0,7
2,terrorfund,Arizona,[1998 1999 2000 2001 2002 2003 2004 2005 2006],"[0.07060364 0.06466454 0.06741394 0.06205256 0.09845097 0.09845097
 0.09845097 0.09845097 0.09845097]","[0.07060364 0.13070262 0.18930538 0.23961106 0.31447208 0.38196297
 0.44280931 0.49766527 0.54712061]",2002.0,2006.0,9
2,terrorfund,Arkansas,[1998 1999 2000 2001 2002 2003 2004],"[0.02101759 0.09276356 0.01286762 0.08592241 0.04615462 0.20494425
 0.20494425]","[0.02101759 0.11183149 0.1232601  0.19859171 0.23558041 0.3922438
 0.51679994]",2003.0,2004.0,7
2,terrorfund,California,[1998 1999 2000 2001 2002 2003],[0.0793899  0.08509777 0.11491548 0.10430652 0.16725193 0.25740118],[0.0793899  0.15773176 0.25452142 0.33227969 0.4439572  0.58708327],,2003.0,6
2,terrorfund,Colorado,[1998 1999 2000 2001 2002 2003 2004],"[0.09039427 0.09979301 0.08703294 0.06741575 0.12080489 0.12080489
 0.12080489]","[0.09039427 0.18116656 0.25243205 0.3028299  0.38705145 0.46109863
 0.52620055]",2002.0,2004.0,7
2,terrorfund,Connecticut,[1998 1999 2000 2001 2002 2003 2004],"[0.04577544 0.05938867 0.08580867 0.16269604 0.15309789 0.11066145
 0.11066145]","[0.04577544 0.10244557 0.17946352 0.31296156 0.4181457  0.48253454
 0.53979802]",,2004.0,7
2,terrorfund,Delaware,[1998 1999 2000 2001 2002 2003],[0.18317569 0.16822585 0.1912604  0.16439709 0.35681402 0.2736572 ],[0.18317569 0.32058666 0.45053152 0.54086254 0.70468923 0.78550315],,2001.0,6
2,terrorfund,Florida,[1998 1999 2000 2001 2002 2003 2004 2005 2006],"[0.09338193 0.09082335 0.07271401 0.07935486 0.07935486 0.07935486
 0.07935486 0.07935486 0.07935486]","[0.09338193 0.17572402 0.23566044 0.2963145  0.35215536 0.40356498
 0.450895   0.49446915 0.53458548]",2001.0,2006.0,9
2,terrorfund,Georgia,[1998 1999 2000 2001 2002 2003],[0.07737779 0.10722033 0.07356497 0.10459914 0.28013032 0.32663704],[0.07737779 0.17630164 0.23689699 0.31671691 0.50812523 0.66878975],,2002.0,6
2,terrorfund,Idaho,"[1998 1999 2000 2001 2002 2003 2004 2005 2006 2007 2008 2009 2010 2011
 2012 2013 2014 2015 2016 2017 2018 2019 2020 2021]","[0.0409786  0.0345174  0.02483053 0.0243985  0.0192954  0.0192954
 0.0192954  0.0192954  0.0192954  0.0192954  0.0192954  0.0192954
 0.0192954  0.0192954  0.0192954  0.0192954  0.0192954  0.0192954
 0.0192954  0.0192954  0.0192954  0.0192954  0.0192954  0.0192954 ]","[0.0409786  0.07408152 0.09707257 0.11910265 0.13609991 0.15276921
 0.16911686 0.18514908 0.20087196 0.21629145 0.23141342 0.2462436
 0.26078763 0.27505103 0.28903921 0.30275748 0.31621105 0.32940503
 0.34234443 0.35503416 0.36747903 0.37968377 0.39165302 0.40339132]",2002.0,,24
2,terrorfund,Illinois,[1998 1999 2000 2001 2002],[0.11393081 0.09953911 0.1198949  0.11185061 0.27063965],[0.11393081 0.20212934 0.29778997 0.37633259 0.54512172],2002.0,2002.0,5
2,terrorfund,Indiana,[1998 1999 2000 2001 2002 2003 2004 2005 2006],"[0.08143548 0.08143548 0.08143548 0.08143548 0.08143548 0.08143548
 0.08143548 0.08143548 0.08143548]","[0.08143548 0.15623922 0.22495128 0.28806774 0.34604429 0.39929948
 0.44821782 0.49315246 0.53442783]",1998.0,2006.0,9
2,terrorfund,Iowa,[1998 1999 2000 2001 2002 2003 2004],"[0.07226745 0.09634295 0.06967984 0.08952705 0.12880164 0.12880164
 0.12880164]","[0.07226745 0.16164794 0.22006418 0.28988954 0.38135293 0.46103568
 0.53045517]",2002.0,2004.0,7
2,terrorfund,Kansas,[1998 1999 2000 2001 2002 2003 2004 2005],"[0.04728009 0.05750078 0.03159641 0.03964265 0.11319458 0.17642996
 0.17642996 0.17642996]","[0.04728009 0.10206222 0.13043384 0.16490574 0.25943389 0.39009193
 0.49769799 0.58631911]",,2005.0,8
2,terrorfund,Kentucky,[1998 1999 2000 2001 2002 2003 2004],"[0.09307294 0.01299573 0.04058938 0.03424968 0.13038814 0.30323294
 0.30323294]","[0.09307294 0.10485912 0.14119233 0.17060622 0.27874933 0.49745629
 0.6498441 ]",,2004.0,7
2,terrorfund,Louisiana,[1998 1999 2000 2001 2002 2003 2004 2005 2006 2007 2008 2009 2010 2011],"[0.06521912 0.05526594 0.04039667 0.04516099 0.04831221 0.04831221
 0.04831221 0.04831221 0.04831221 0.04831221 0.04831221 0.04831221
 0.04831221 0.04831221]","[0.06521912 0.11688066 0.15255574 0.19082716 0.22992009 0.26712435
 0.30253119 0.33622745 0.36829577 0.3988148  0.42785938 0.45550076
 0.48180672 0.50684178]",2002.0,2011.0,14
2,terrorfund,Maine,"[1998 1999 2000 2001 2002 2003 2004 2005 2006 2007 2008 2009 2010 2011
 2012 2013]","[0.0389759  0.05654875 0.08149803 0.04322637 0.04600899 0.03996114
 0.03996114 0.03996114 0.03996114 0.03996114 0.03996114 0.03996114
 0.03996114 0.03996114 0.03996114 0.03996114]","[0.0389759  0.09332061 0.16721319 0.20321154 0.23987098 0.2702466
 0.29940838 0.32740482 0.35428249 0.3800861  0.40485857 0.4286411
 0.45147325 0.47339301 0.49443682 0.51463971]",,2013.0,16
2,terrorfund,Maryland,[1998 1999 2000 2001 2002 2003],[0.09432312 0.09085139 0.12928495 0.12419959 0.17379426 0.16659159],[0.09432312 0.17660513 0.28305769 0.37210163 0.48122676 0.56765002],,2003.0,6
2,terrorfund,Massachusetts,"[1998 1999 2000 2001 2002 2003 2004 2005 2006 2007 2008 2009 2010 2011
 2012 2013 2014]","[0.02207775 0.02603593 0.0395158  0.05733626 0.05588266 0.04291425
 0.04291425 0.04291425 0.04291425 0.04291425 0.04291425 0.04291425
 0.04291425 0.04291425 0.04291425 0.04291425 0.04291425]","[0.02207775 0.04753886 0.08517613 0.13762871 0.18582031 0.22076022
 0.25420071 0.28620613 0.31683806 0.34615545 0.3742147  0.40106981
 0.42677245 0.45137208 0.47491604 0.49744962 0.5190162 ]",,2014.0,17
2,terrorfund,Michigan,[1998 1999 2000 2001 2002],[0.11318436 0.14397127 0.13806395 0.12541318 0.29685293],[0.11318436 0.24086034 0.34567016 0.42773175 0.59761125],2002.0,2002.0,5
2,terrorfund,Minnesota,[1998 1999 2000 2001 2002 2003 2004],"[0.0908513  0.09649199 0.10417368 0.0939908  0.14664713 0.12113267
 0.12113267]","[0.0908513  0.17857687 0.26414754 0.33331091 0.43107895 0.49999387
 0.56056095]",,2004.0,7
2,terrorfund,Mississippi,[1998 1999 2000 2001 2002 2003],[0.04759995 0.05652104 0.05003044 0.05561082 0.25860661 0.43078962],[0.04759995 0.10143059 0.14638641 0.19385656 0.40233059 0.65980037],,2003.0,6
2,terrorfund,Missouri,[1998 1999 2000 2001 2002 2003],[0.10330918 0.10236459 0.07627633 0.07744829 0.18964465 0.18964465],[0.10330918 0.19509856 0.25649349 0.3140768  0.44415846 0.54957084],2002.0,2003.0,6
2,terrorfund,Montana,[1998 1999 2000 2001 2002 2003 2004 2005 2006],"[0.0147452  0.07907446 0.0139616  0.07409365 0.02621109 0.1421555
 0.1421555  0.1421555  0.1421555 ]","[0.0147452  0.09265369 0.1053217  0.17161168 0.19332464 0.30799798
 0.40636988 0.49075766 0.56314926]",,2006.0,9
2,terrorfund,Nevada,[1998 1999 2000 2001 2002 2003 2004],"[0.02483681 0.07649199 0.02361192 0.10097309 0.04702066 0.20077171
 0.20077171]","[0.02483681 0.09942899 0.12069319 0.20947952 0.24665031 0.39790162
 0.51878593]",2003.0,2004.0,7
2,terrorfund,New Hampshire,[1998 1999 2000 2001 2002 2003 2004 2005 2006 2007],"[0.06843959 0.06833525 0.07087871 0.07122543 0.07436314 0.0779241
 0.0779241  0.0779241  0.0779241  0.0779241 ]","[0.06843959 0.13209801 0.19361378 0.25104899 0.30674334 0.36076474
 0.41057657 0.45650686 0.49885807 0.5379091 ]",,2007.0,10
2,terrorfund,New Jersey,[1998 1999 2000 2001 2002],[0.13358979 0.10551849 0.16452025 0.23851407 0.32871363],[0.13358979 0.22501209 0.3525133  0.50694798 0.6690209 ],2002.0,2001.0,5
2,terrorfund,New Mexico,[1998 1999 2000 2001 2002 2003],[0.07713397 0.08852205 0.07646886 0.09074516 0.17314977 0.14896923],[0.07713397 0.15882796 0.22315142 0.29364667 0.41595158 0.50295682],,2003.0,6
2,terrorfund,New York,[1998 1999 2000 2001 2002 2003 2004 2005],"[0.05863439 0.06565924 0.10182649 0.09867652 0.09867652 0.09867652
 0.09867652 0.09867652]","[0.05863439 0.12044374 0.21000586 0.28795974 0.35822139 0.42154988
 0.47862932 0.53007637]",2001.0,2005.0,8
2,terrorfund,North Carolina,[1998 1999 2000 2001 2002 2003],[0.09760724 0.10717355 0.07327712 0.08530229 0.34263167 0.33146088],[0.09760724 0.19431988 0.2533578  0.31704809 0.55104904 0.69985872],,2002.0,6
2,terrorfund,North Dakota,[1998 1999 2000 2001 2002 2003 2004 2005 2006 2007 2008 2009 2010 2011],"[0.01337371 0.05394303 0.01450946 0.06159456 0.01233109 0.05990452
 0.05990452 0.05990452 0.05990452 0.05990452 0.05990452 0.05990452
 0.05990452 0.05990452]","[0.01337371 0.06659532 0.08013852 0.13679698 0.14744122 0.19851335
 0.24652602 0.29166252 0.33409514 0.37398585 0.41148693 0.44674153
 0.47988421 0.5110415 ]",,2011.0,14
2,terrorfund,Ohio,[1998 1999 2000 2001 2002],[0.20262891 0.18996546 0.18376712 0.17489152 0.21936522],[0.20262891 0.35410188 0.47279672 0.5650001  0.66042395],2002.0,2001.0,5
2,terrorfund,Oklahoma,[1998 1999 2000 2001 2002 2003 2004 2005],"[0.03602715 0.03994828 0.04357754 0.04402939 0.08708335 0.1641206
 0.1641206  0.1641206 ]","[0.03602715 0.0745362  0.11486563 0.15383756 0.22752422 0.35430342
 0.46027553 0.54885543]",,2005.0,8
2,terrorfund,Oregon,[1998 1999 2000 2001 2002 2003 2004],"[0.08231949 0.06991672 0.09399803 0.06723676 0.09997206 0.15997292
 0.15997292]","[0.08231949 0.1464807  0.22670983 0.27870336 0.35081287 0.45466523
 0.54190402]",,2004.0,7
2,terrorfund,Pennsylvania,[1998 1999 2000 2001 2002 2003 2004 2005 2006 2007],"[0.06855131 0.06855131 0.06855131 0.06855131 0.06855131 0.06855131
 0.06855131 0.06855131 0.06855131 0.06855131]","[0.06855131 0.13240334 0.19187823 0.24727603 0.29887625 0.3469392
 0.39170737 0.43340663 0.47224735 0.50842548]",1998.0,2007.0,10
2,terrorfund,Rhode Island,"[1998 1999 2000 2001 2002 2003 2004 2005 2006 2007 2008 2009 2010 2011
 2012 2013 2014 2015 2016 2017 2018 2019 2020 2021 2022]","[0.03307582 0.04132676 0.03491254 0.02739987 0.02955961 0.02146539
 0.02146539 0.02146539 0.02146539 0.02146539 0.02146539 0.02146539
 0.02146539 0.02146539 0.02146539 0.02146539 0.02146539 0.02146539
 0.02146539 0.02146539 0.02146539 0.02146539 0.02146539 0.02146539
 0.02146539]","[0.03307582 0.07303566 0.10539834 0.12991031 0.15562982 0.17375455
 0.19149023 0.20884521 0.22582765 0.24244556 0.25870676 0.27461891
 0.2901895  0.30542586 0.32033516 0.33492443 0.34920053 0.3631702
 0.37684    0.39021637 0.40330561 0.41611389 0.42864723 0.44091154
 0.45291259]",,,25
2,terrorfund,South Carolina,[1998 1999 2000 2001 2002 2003 2004 2005 2006],"[0.06684301 0.08214015 0.08657031 0.06543618 0.0825943  0.0825943
 0.0825943  0.0825943  0.0825943 ]","[0.06684301 0.14349266 0.21764077 0.26883537 0.3292254  0.38462756
 0.43545382 0.48208211 0.52485918]",2002.0,2006.0,9
2,terrorfund,South Dakota,[1998 1999 2000 2001 2002 2003 2004 2005],"[0.07337865 0.08319158 0.06347211 0.08333871 0.09628885 0.09638999
 0.09638999 0.09638999]","[0.07337865 0.15046575 0.20438748 0.27069281 0.34091696 0.40444597
 0.46185142 0.51372356]",,2005.0,8
2,terrorfund,Tennessee,[1998 1999 2000 2001 2002 2003 2004],"[0.07126488 0.09483949 0.05621888 0.06042594 0.12588588 0.12588588
 0.12588588]","[0.07126488 0.15934565 0.20660629 0.25454785 0.34838975 0.43041828
 0.50212057]",2002.0,2004.0,7
2,terrorfund,Texas,[1998 1999 2000 2001 2002 2003 2004 2005],"[0.01544944 0.07298341 0.01565316 0.06453278 0.02541544 0.20939412
 0.20939412 0.20939412]","[0.01544944 0.0873053  0.10159185 0.15956863 0.18092857 0.35243731
 0.48803313 0.59523599]",,2005.0,8
2,terrorfund,Utah,[1998 1999 2000 2001 2002 2003 2004],"[0.04995183 0.05228205 0.04213038 0.03715747 0.11775974 0.17390761
 0.17390761]","[0.04995183 0.09962229 0.13755554 0.1696018  0.26738928 0.39479586
 0.50004546]",,2004.0,7
2,terrorfund,Vermont,"[1998 1999 2000 2001 2002 2003 2004 2005 2006 2007 2008 2009 2010 2011
 2012 2013 2014]","[0.03593149 0.0412478  0.04093362 0.06781223 0.02676403 0.04132353
 0.04132353 0.04132353 0.04132353 0.04132353 0.04132353 0.04132353
 0.04132353 0.04132353 0.04132353 0.04132353 0.04132353]","[0.03593149 0.07569719 0.11353225 0.1736456  0.19576218 0.22899613
 0.26085673 0.29140074 0.32068257 0.34875436 0.37566613 0.40146581
 0.42619936 0.44991083 0.47264246 0.49443474 0.51532648]",,2014.0,17
2,terrorfund,Virginia,[1998 1999 2000 2001 2002 2003 2004],"[0.08666309 0.09292596 0.07289114 0.09610272 0.13926706 0.13926706
 0.13926706]","[0.08666309 0.1715358  0.2319235  0.30573774 0.4024256  0.48564803
 0.55728031]",2002.0,2004.0,7
2,terrorfund,Washington,[1998 1999 2000 2001 2002 2003],[0.09829457 0.10999593 0.07740792 0.10361024 0.27649131 0.20349224],[0.09829457 0.19747849 0.25960001 0.33631303 0.51981671 0.61753028],,2002.0,6
2,terrorfund,West Virginia,[1998 1999 2000 2001 2002 2003],[0.05982822 0.06641023 0.11813054 0.08844594 0.20360688 0.14331571],[0.05982822 0.12226524 0.22595253 0.29441388 0.43807607 0.5186086 ],,2003.0,6
2,terrorfund,Wisconsin,[1998 1999 2000 2001 2002 2003],[0.07544472 0.08554842 0.09444763 0.09497669 0.34741194 0.28466586],[0.07544472 0.15453897 0.23439076 0.30710579 0.54782551 0.67654415],,2002.0,6
2,terrorfund,Wyoming,[1998 1999 2000 2001 2002 2003 2004 2005 2006 2007],"[0.04088461 0.04238105 0.03681148 0.03467043 0.07091083 0.09067206
 0.09067206 0.09067206 0.09067206 0.09067206]","[0.04088461 0.08153293 0.11534306 0.14601449 0.20657132 0.27851313
 0.34393183 0.40341888 0.45751211 0.50670061]",,2007.0,10
2,victimrights,Alabama,"[1982 1983 1984 1985 1986 1987 1988 1989 1990 1991 1992 1993 1994 1995
 1996]","[0.0285322  0.04417133 0.03481514 0.03311292 0.02379916 0.01228821
 0.05746647 0.07803932 0.06664204 0.0612879  0.0460183  0.05123019
 0.0673135  0.0673135  0.0673135 ]","[0.0285322  0.07144323 0.10377106 0.13344782 0.15407103 0.16446598
 0.21248118 0.27393861 0.32232482 0.36385811 0.39313229 0.42422223
 0.46297985 0.49912855 0.53284396]",1994.0,1996.0,15
2,victimrights,Arizona,[1982 1983 1984 1985 1986 1987 1988 1989 1990 1991 1992 1993 1994],"[0.0431033  0.06302188 0.06959081 0.05076386 0.0269769  0.01517889
 0.03409364 0.06306317 0.06473183 0.06473183 0.06473183 0.06473183
 0.06473183]","[0.0431033  0.10340873 0.16580325 0.20815029 0.22951194 0.2412071
 0.26707711 0.31329755 0.35774906 0.39932314 0.43820606 0.47457201
 0.50858393]",1990.0,1994.0,13
2,victimrights,Arkansas,"[1982 1983 1984 1985 1986 1987 1988 1989 1990 1991 1992 1993 1994 1995
 1996 1997 1998]","[0.00926113 0.05363601 0.00868089 0.06140728 0.00537953 0.02060382
 0.01147075 0.0529285  0.01666979 0.05556615 0.01626428 0.06825058
 0.01826535 0.09554815 0.02974051 0.11510278 0.06230778]","[0.00926113 0.06240041 0.07053961 0.12761525 0.13230827 0.15018603
 0.15993404 0.20439747 0.21765999 0.26113161 0.27314878 0.32275679
 0.33512688 0.39865428 0.4165386  0.48369663 0.51586635]",,1998.0,17
2,victimrights,California,[1982 1983 1984 1985 1986 1987 1988 1989 1990 1991 1992],"[0.06214032 0.06214032 0.06214032 0.06214032 0.06214032 0.06214032
 0.06214032 0.06214032 0.06214032 0.06214032 0.06214032]","[0.06214032 0.12041922 0.17507665 0.22633765 0.27441328 0.31950147
 0.36178786 0.40144657 0.43864087 0.47352391 0.5062393 ]",1982.0,1992.0,11
2,victimrights,Colorado,[1982 1983 1984 1985 1986 1987 1988 1989 1990 1991 1992 1993 1994 1995],"[0.0519986  0.04799101 0.04478379 0.04004047 0.02215706 0.01225239
 0.03627256 0.04550246 0.05794413 0.05729901 0.08486634 0.08486634
 0.08486634 0.08486634]","[0.0519986  0.09749415 0.13791178 0.1724302  0.19076672 0.20068176
 0.22967508 0.26472676 0.30733153 0.34702075 0.40243671 0.45314972
 0.4995589  0.5420295 ]",1992.0,1995.0,14
2,victimrights,Connecticut,"[1982 1983 1984 1985 1986 1987 1988 1989 1990 1991 1992 1993 1994 1995
 1996]","[0.01204001 0.02109982 0.02154258 0.02142472 0.05081514 0.11234682
 0.04956077 0.03853484 0.04219846 0.06802771 0.07656922 0.08349626
 0.07704223 0.04322208 0.04881316]","[0.01204001 0.03288579 0.05371993 0.07399372 0.12104886 0.21979623
 0.25846373 0.2870387  0.31712457 0.36357902 0.41230928 0.46137926
 0.5028758  0.52436255 0.54757991]",1996.0,1994.0,15
2,victimrights,Delaware,"[1982 1983 1984 1985 1986 1987 1988 1989 1990 1991 1992 1993 1994 1995
 1996 1997 1998]","[0.03809821 0.05870761 0.05080678 0.05493035 0.03326784 0.02680732
 0.03353765 0.04017049 0.02681162 0.08488416 0.0849655  0.10479604
 0.1589346  0.15055991 0.1479958  0.17539082 0.11019091]","[0.03809821 0.09456916 0.14057118 0.1877799  0.21480072 0.2358498
 0.2614776  0.29114441 0.31014997 0.36870731 0.42234541 0.48288132
 0.56506937 0.63055249 0.68522917 0.74043708 0.76903856]",,1994.0,17
2,victimrights,Florida,"[1982 1983 1984 1985 1986 1987 1988 1989 1990 1991 1992 1993 1994 1995
 1996 1997 1998 1999 2000 2001 2002 2003 2004 2005]","[0.03560156 0.04673581 0.04358403 0.04741662 0.02099662 0.01224735
 0.0273225  0.0273225  0.0273225  0.0273225  0.0273225  0.0273225
 0.0273225  0.0273225  0.0273225  0.0273225  0.0273225  0.0273225
 0.0273225  0.0273225  0.0273225  0.0273225  0.0273225  0.0273225 ]","[0.03560156 0.0806735  0.12074146 0.16243292 0.180019   0.1900616
 0.21219114 0.23371604 0.25465284 0.27501758 0.29482592 0.31409303
 0.33283373 0.35106238 0.36879298 0.38603913 0.40281407 0.41913069
 0.43500149 0.45043866 0.46545405 0.48005918 0.49426526 0.5080832 ]",1988.0,2005.0,24
2,victimrights,Georgia,"[1982 1983 1984 1985 1986 1987 1988 1989 1990 1991 1992 1993 1994 1995
 1996 1997 1998]","[0.03138562 0.03421619 0.03908083 0.02992523 0.01372123 0.01391959
 0.04761137 0.06228485 0.07524847 0.05346817 0.05471637 0.04399397
 0.07509678 0.10641981 0.25957233 0.24282389 0.31815425]","[0.03138562 0.06452791 0.10108694 0.12798712 0.13995221 0.15192372
 0.19230179 0.24260915 0.29960165 0.33705067 0.37332485 0.40089478
 0.44588565 0.5048544  0.63338049 0.72240447 0.81072267]",,1995.0,17
2,victimrights,Idaho,"[1982 1983 1984 1985 1986 1987 1988 1989 1990 1991 1992 1993 1994 1995
 1996 1997 1998 1999 2000 2001 2002 2003 2004 2005]","[0.03153407 0.02146744 0.01992696 0.01557705 0.00989092 0.00606197
 0.01463086 0.02958867 0.02999097 0.03674333 0.03531685 0.02899077
 0.03443332 0.03443332 0.03443332 0.03443332 0.03443332 0.03443332
 0.03443332 0.03443332 0.03443332 0.03443332 0.03443332 0.03443332]","[0.03153407 0.05232455 0.07120885 0.08567667 0.09472017 0.10020795
 0.11337268 0.1396068  0.16541083 0.19607641 0.22446846 0.24695172
 0.27288167 0.29791876 0.32209375 0.34543631 0.36797511 0.38973782
 0.41075117 0.43104096 0.45063211 0.46954867 0.48781387 0.50545014]",1994.0,2005.0,24
2,victimrights,Illinois,[1982 1983 1984 1985 1986 1987 1988 1989 1990 1991 1992 1993 1994],"[0.04168131 0.04305176 0.04462021 0.04566154 0.03554513 0.02016484
 0.05135059 0.03404066 0.03211365 0.04685428 0.09794935 0.09794935
 0.09794935]","[0.04168131 0.08293862 0.12385808 0.16386408 0.19358464 0.20984588
 0.25042076 0.27593694 0.29918924 0.33202523 0.39745292 0.45647202
 0.50971024]",1992.0,1994.0,13
2,victimrights,Indiana,"[1982 1983 1984 1985 1986 1987 1988 1989 1990 1991 1992 1993 1994 1995
 1996]","[0.04481109 0.05319386 0.03815061 0.03696092 0.02342377 0.01518516
 0.03463251 0.0440663  0.04830764 0.04463686 0.10352246 0.10052441
 0.16218336 0.21266672 0.20551919]","[0.04481109 0.09562127 0.13012387 0.1622753  0.18189796 0.19432098
 0.22222366 0.25649739 0.29241424 0.32399864 0.39397997 0.45489977
 0.54330596 0.64042959 0.71432821]",1996.0,1994.0,15
2,victimrights,Iowa,"[1982 1983 1984 1985 1986 1987 1988 1989 1990 1991 1992 1993 1994 1995
 1996 1997 1998]","[0.02837546 0.05246284 0.04343702 0.03490264 0.03400266 0.02026945
 0.04541481 0.03949617 0.03332628 0.04549604 0.08290811 0.09388201
 0.10652799 0.09922224 0.16098302 0.17204259 0.14034726]","[0.02837546 0.07934964 0.11933995 0.15007731 0.17897695 0.19561863
 0.23214945 0.26247661 0.28705552 0.31949167 0.37591133 0.43450203
 0.49474339 0.54487609 0.61814331 0.68383892 0.72821126]",,1995.0,17
2,victimrights,Kansas,[1982 1983 1984 1985 1986 1987 1988 1989 1990 1991 1992 1993 1994 1995],"[0.04218125 0.0375063  0.03098092 0.03044642 0.01466405 0.00924773
 0.02699584 0.0349392  0.03935753 0.02720159 0.0944918  0.0944918
 0.0944918  0.0944918 ]","[0.04218125 0.07810549 0.10666663 0.13386544 0.14656648 0.1544588
 0.17728489 0.2060299  0.2372786  0.25802583 0.3281363  0.39162191
 0.44910865 0.50116336]",1992.0,1995.0,14
2,victimrights,Kentucky,"[1982 1983 1984 1985 1986 1987 1988 1989 1990 1991 1992 1993 1994 1995
 1996 1997 1998]","[0.0632316  0.01259624 0.05468328 0.01043447 0.02931752 0.00320493
 0.0367756  0.010359   0.05071175 0.00679025 0.06897921 0.01366193
 0.0947483  0.02481266 0.19060104 0.04082907 0.25911042]","[0.0632316  0.07503137 0.12561168 0.13473546 0.16010287 0.16279468
 0.19358341 0.20193708 0.24240825 0.24755249 0.29945572 0.30902651
 0.37449507 0.39001551 0.50627919 0.52643735 0.64914237]",,1996.0,17
2,victimrights,Louisiana,"[1982 1983 1984 1985 1986 1987 1988 1989 1990 1991 1992 1993 1994 1995
 1996 1997 1998]","[0.03059937 0.03426446 0.03230839 0.03873879 0.0234121  0.01102576
 0.03157528 0.08105341 0.0809897  0.04481385 0.05601473 0.0511966
 0.07584994 0.08132807 0.09074862 0.0658472  0.17558444]","[0.03059937 0.06381536 0.09406198 0.12915692 0.14954519 0.1589221
 0.18547937 0.25149904 0.31211991 0.34294646 0.37975114 0.41150577
 0.45614303 0.50037387 0.54571425 0.57562769 0.65014087]",1998.0,1995.0,17
2,victimrights,Maine,"[1982 1983 1984 1985 1986 1987 1988 1989 1990 1991 1992 1993 1994 1995
 1996 1997 1998 1999 2000 2001 2002 2003 2004 2005 2006 2007 2008 2009
 2010 2011 2012 2013 2014 2015 2016 2017]","[0.03678525 0.03159281 0.02620925 0.04279551 0.0481049  0.03750394
 0.020984   0.02061901 0.02215676 0.01682163 0.02676672 0.02852974
 0.02077288 0.01571025 0.0247195  0.01135111 0.01025781 0.01025781
 0.01025781 0.01025781 0.01025781 0.01025781 0.01025781 0.01025781
 0.01025781 0.01025781 0.01025781 0.01025781 0.01025781 0.01025781
 0.01025781 0.01025781 0.01025781 0.01025781 0.01025781 0.01025781]","[0.03678525 0.06721591 0.09166348 0.1305362  0.17236167 0.20340137
 0.2201172  0.23619762 0.253121   0.26568473 0.28533994 0.305729
 0.32015101 0.33083161 0.34737312 0.35478116 0.36139969 0.36795033
 0.37443377 0.38085071 0.38720182 0.39348779 0.39970927 0.40586694
 0.41196144 0.41799343 0.42396354 0.42987241 0.43572067 0.44150894
 0.44723783 0.45290796 0.45851992 0.46407432 0.46957175 0.47501278]",,,36
2,victimrights,Maryland,"[1982 1983 1984 1985 1986 1987 1988 1989 1990 1991 1992 1993 1994 1995
 1996 1997 1998 1999 2000 2001]","[0.03829623 0.03417248 0.04124398 0.03588814 0.05560062 0.05687122
 0.02944946 0.02187089 0.02629398 0.03321604 0.04132321 0.03569014
 0.03108023 0.03108023 0.03108023 0.03108023 0.03108023 0.03108023
 0.03108023 0.03108023]","[0.03829623 0.07116003 0.10946909 0.14142859 0.18916569 0.23527883
 0.25779945 0.27403204 0.29312063 0.31660037 0.34484063 0.36822336
 0.38785912 0.4068846  0.42531877 0.44317999 0.46048608 0.4772543
 0.49350136 0.50924345]",1994.0,2001.0,20
2,victimrights,Massachusetts,"[1982 1983 1984 1985 1986 1987 1988 1989 1990 1991 1992 1993 1994 1995
 1996 1997 1998 1999 2000 2001 2002 2003 2004 2005 2006 2007 2008 2009
 2010 2011 2012 2013 2014 2015 2016 2017]","[0.01053498 0.01846925 0.01486213 0.00898516 0.02581839 0.04706355
 0.01916928 0.01178281 0.01086561 0.01928924 0.02528903 0.03854866
 0.03078048 0.02102473 0.02431564 0.01729343 0.01433564 0.01433564
 0.01433564 0.01433564 0.01433564 0.01433564 0.01433564 0.01433564
 0.01433564 0.01433564 0.01433564 0.01433564 0.01433564 0.01433564
 0.01433564 0.01433564 0.01433564 0.01433564 0.01433564 0.01433564]","[0.01053498 0.02880965 0.04324361 0.05184021 0.07632018 0.11979182
 0.13666478 0.1468373  0.15610743 0.17238548 0.19331505 0.22441168
 0.24828466 0.26408927 0.28198341 0.29440038 0.30451561 0.31448582
 0.32431311 0.33399951 0.34354706 0.35295774 0.3622335  0.3713763
 0.38038802 0.38927056 0.39802576 0.40665544 0.41516142 0.42354546
 0.4318093  0.43995468 0.44798329 0.45589681 0.46369688 0.47138513]",,,36
2,victimrights,Michigan,"[1982 1983 1984 1985 1986 1987 1988 1989 1990 1991 1992 1993 1994 1995
 1996 1997]","[0.02912065 0.03125444 0.03563715 0.0377854  0.04616514 0.03053244
 0.02723174 0.02522781 0.01925876 0.02684931 0.06363087 0.06363087
 0.06363087 0.06363087 0.06363087 0.06363087]","[0.02912065 0.05946495 0.09298293 0.12725493 0.16754533 0.19296221
 0.21493925 0.23474461 0.24948248 0.26963336 0.31610722 0.35962392
 0.40037161 0.43852648 0.47425353 0.50770724]",1992.0,1997.0,16
2,victimrights,Minnesota,"[1982 1983 1984 1985 1986 1987 1988 1989 1990 1991 1992 1993 1994 1995
 1996 1997 1998]","[0.03198166 0.03845553 0.0492299  0.04464718 0.04688423 0.03319324
 0.04492255 0.0383788  0.02641924 0.03950675 0.04284389 0.07360188
 0.08505629 0.0509924  0.04849836 0.04324582 0.04353277]","[0.03198166 0.06920732 0.11503015 0.15454155 0.19418022 0.22092799
 0.25592589 0.28448257 0.303386   0.33090695 0.3595735  0.4067101
 0.45717314 0.48485318 0.50983696 0.53103446 0.55144983]",,1996.0,17
2,victimrights,Mississippi,"[1982 1983 1984 1985 1986 1987 1988 1989 1990 1991 1992 1993 1994 1995
 1996 1997 1998]","[0.03536418 0.03493031 0.02866892 0.03367192 0.01868586 0.01409675
 0.03487335 0.05022331 0.0420759  0.02370925 0.02144579 0.01958406
 0.0461473  0.03911511 0.04523129 0.04376589 0.15610294]","[0.03536418 0.06905921 0.09574828 0.12619617 0.14252395 0.15461158
 0.1840931  0.22507064 0.2576765  0.27527643 0.2908187  0.30470735
 0.33679323 0.36273464 0.39155897 0.41818794 0.50901051]",1998.0,1998.0,17
2,victimrights,Missouri,[1982 1983 1984 1985 1986 1987 1988 1989 1990 1991 1992 1993 1994 1995],"[0.0500295  0.04534051 0.05409538 0.05180007 0.03438001 0.01970442
 0.04314671 0.04018752 0.03373676 0.04864159 0.07412645 0.07412645
 0.07412645 0.07412645]","[0.0500295  0.09310165 0.14216066 0.1865968  0.2145616  0.23003821
 0.26325953 0.2928673  0.31672367 0.34995931 0.39814453 0.44275794
 0.48406432 0.5223088 ]",1992.0,1995.0,14
2,victimrights,Montana,"[1982 1983 1984 1985 1986 1987 1988 1989 1990 1991 1992 1993 1994 1995
 1996 1997 1998 1999 2000 2001 2002 2003 2004 2005 2006 2007 2008 2009
 2010 2011 2012 2013 2014 2015 2016 2017]","[0.01035418 0.06115645 0.01081926 0.04441126 0.00652973 0.01953773
 0.00707091 0.03931895 0.00919434 0.0352276  0.00785287 0.04031377
 0.01713171 0.05964808 0.01417769 0.04229825 0.01283765 0.01283765
 0.01283765 0.01283765 0.01283765 0.01283765 0.01283765 0.01283765
 0.01283765 0.01283765 0.01283765 0.01283765 0.01283765 0.01283765
 0.01283765 0.01283765 0.01283765 0.01283765 0.01283765 0.01283765]","[0.01035418 0.07087741 0.08092983 0.12174689 0.12748164 0.14452867
 0.15057763 0.18397602 0.19147883 0.21996108 0.22608663 0.25728599
 0.27000996 0.31355246 0.32328471 0.35190858 0.36022855 0.36844171
 0.37654943 0.38455306 0.39245395 0.40025341 0.40795275 0.41555324
 0.42305616 0.43046276 0.43777428 0.44499193 0.45211693 0.45915046
 0.46609369 0.47294779 0.4797139  0.48639315 0.49298665 0.49949551]",1998.0,,36
2,victimrights,Nevada,"[1982 1983 1984 1985 1986 1987 1988 1989 1990 1991 1992 1993 1994 1995
 1996]","[0.00998955 0.07086343 0.02029358 0.06420066 0.0073019  0.03237025
 0.01151336 0.088126   0.02465045 0.09303358 0.01791952 0.09071234
 0.06756659 0.20440617 0.10198334]","[0.00998955 0.08014508 0.09881223 0.15666908 0.162827   0.1899265
 0.19925316 0.26981977 0.28781905 0.35407579 0.36565044 0.42319377
 0.4621666  0.57210306 0.61574142]",1996.0,1995.0,15
2,victimrights,New Hampshire,"[1982 1983 1984 1985 1986 1987 1988 1989 1990 1991 1992 1993 1994 1995
 1996 1997 1998 1999 2000 2001 2002 2003]","[0.01200619 0.03644545 0.00604283 0.02999921 0.01410775 0.01125401
 0.02308438 0.04526195 0.03987698 0.02936229 0.03041268 0.02390568
 0.02458263 0.04065677 0.03131648 0.04843885 0.04582686 0.04582686
 0.04582686 0.04582686 0.04582686 0.04582686]","[0.01200619 0.04801408 0.05376677 0.08215302 0.09510177 0.10528551
 0.12593944 0.16550112 0.19877842 0.22230411 0.24595593 0.26398187
 0.28207512 0.31126363 0.33283243 0.36514926 0.39424247 0.42200244
 0.44849025 0.47376421 0.49787995 0.52089053]",,2003.0,22
2,victimrights,New Jersey,"[1982 1983 1984 1985 1986 1987 1988 1989 1990 1991 1992 1993 1994 1995
 1996 1997 1998 1999 2000 2001 2002]","[0.02120723 0.02523237 0.03366316 0.02322826 0.03438649 0.04126338
 0.03093192 0.02349691 0.02850416 0.03741012 0.03741012 0.03741012
 0.03741012 0.03741012 0.03741012 0.03741012 0.03741012 0.03741012
 0.03741012 0.03741012 0.03741012]","[0.02120723 0.04590449 0.07802237 0.0994383  0.13040546 0.16628787
 0.19207619 0.2110599  0.23354798 0.26222104 0.28982144 0.3163893
 0.34196326 0.36658049 0.39027679 0.41308661 0.43504311 0.45617821
 0.47652265 0.496106   0.51495673]",1991.0,2002.0,21
2,victimrights,New Mexico,[1982 1983 1984 1985 1986 1987 1988 1989 1990 1991 1992 1993],"[0.02301192 0.05267026 0.04634662 0.04195335 0.02255979 0.0153723
 0.03458781 0.07950132 0.10199014 0.0856382  0.14690272 0.14690272]","[0.02301192 0.07447013 0.11736532 0.1543948  0.17347148 0.18617712
 0.21432547 0.27678763 0.35054816 0.40616605 0.49340187 0.56782252]",1992.0,1993.0,12
2,victimrights,New York,"[1982 1983 1984 1985 1986 1987 1988 1989 1990 1991 1992 1993 1994 1995
 1996 1997 1998 1999 2000 2001 2002 2003 2004 2005]","[0.02673388 0.03116357 0.03316041 0.02647954 0.04030823 0.03632944
 0.02816479 0.01802195 0.0138806  0.02956367 0.0407354  0.04002347
 0.03924487 0.02562718 0.0378472  0.0325669  0.02464954 0.02464954
 0.02464954 0.02464954 0.02464954 0.02464954 0.02464954 0.02464954]","[0.02673388 0.05706433 0.08833246 0.112473   0.14824764 0.17919133
 0.20230924 0.21668518 0.22755806 0.25039428 0.28092977 0.30970945
 0.33679981 0.35379576 0.37825279 0.39850117 0.41332784 0.42778904
 0.44189378 0.45565084 0.4690688  0.48215601 0.49492063 0.50737061]",,2005.0,24
2,victimrights,North Carolina,"[1982 1983 1984 1985 1986 1987 1988 1989 1990 1991 1992 1993 1994 1995
 1996 1997]","[0.03027644 0.04853097 0.03648836 0.02956611 0.02339361 0.01538684
 0.0349293  0.04691027 0.04261674 0.04307329 0.02795873 0.03260584
 0.04508065 0.04255957 0.11535036 0.11535036]","[0.03027644 0.07733807 0.11100449 0.13728863 0.15747056 0.17043443
 0.19941058 0.23696644 0.26948444 0.30095015 0.3204947  0.34265054
 0.37228428 0.39899959 0.4683252  0.52965408]",1996.0,1997.0,16
2,victimrights,North Dakota,"[1982 1983 1984 1985 1986 1987 1988 1989 1990 1991 1992 1993 1994 1995
 1996 1997 1998 1999 2000 2001 2002 2003 2004 2005 2006 2007 2008 2009
 2010 2011 2012 2013 2014 2015 2016 2017]","[0.00614823 0.01700778 0.00390677 0.02507684 0.00617445 0.03830235
 0.00637331 0.02517128 0.00640905 0.03336575 0.00670215 0.0367808
 0.00743277 0.01609056 0.00405378 0.0236569  0.00742968 0.00742968
 0.00742968 0.00742968 0.00742968 0.00742968 0.00742968 0.00742968
 0.00742968 0.00742968 0.00742968 0.00742968 0.00742968 0.00742968
 0.00742968 0.00742968 0.00742968 0.00742968 0.00742968 0.00742968]","[0.00614823 0.02305144 0.02686815 0.05127122 0.0571291  0.09324327
 0.09902231 0.12170108 0.12733014 0.15644742 0.16210104 0.19291964
 0.19891848 0.21180833 0.21500349 0.23357408 0.23926838 0.24492037
 0.25053037 0.25609869 0.26162564 0.26711153 0.27255666 0.27796133
 0.28332585 0.28865051 0.29393561 0.29918144 0.3043883  0.30955647
 0.31468625 0.31977791 0.32483174 0.32984803 0.33482704 0.33976906]",,,36
2,victimrights,Ohio,"[1982 1983 1984 1985 1986 1987 1988 1989 1990 1991 1992 1993 1994 1995
 1996]","[0.04734619 0.04568502 0.05704224 0.06043313 0.03526851 0.01806765
 0.05028899 0.04006933 0.0340681  0.04333337 0.065341   0.05330697
 0.05866449 0.05866449 0.05866449]","[0.04734619 0.09086819 0.14272711 0.1945348  0.22294235 0.23698196
 0.27535336 0.30438947 0.32808759 0.35720382 0.39920477 0.43123134
 0.46459786 0.49600696 0.52557345]",1994.0,1996.0,15
2,victimrights,Oklahoma,"[1982 1983 1984 1985 1986 1987 1988 1989 1990 1991 1992 1993 1994 1995
 1996]","[0.03097708 0.04093394 0.02923565 0.02771439 0.0158453  0.01003921
 0.0305754  0.04713084 0.06258971 0.0462571  0.18719931 0.12808596
 0.13176043 0.13609955 0.09823514]","[0.03097708 0.07064301 0.09781336 0.12281691 0.13671615 0.14538283
 0.17151309 0.21056038 0.25997117 0.29420276 0.42632751 0.4998069
 0.56571256 0.62481888 0.66167485]",1996.0,1994.0,15
2,victimrights,Oregon,"[1982 1983 1984 1985 1986 1987 1988 1989 1990 1991 1992 1993 1994 1995
 1996]","[0.03827461 0.06732959 0.06784216 0.07927548 0.07649811 0.05766239
 0.07233896 0.06769897 0.05926362 0.06975493 0.08749539 0.08632867
 0.13564342 0.10227166 0.16294714]","[0.03827461 0.10302718 0.16387976 0.23016359 0.28905462 0.33004944
 0.37851296 0.42058699 0.4549251  0.49294677 0.53731159 0.57725486
 0.63459746 0.67196778 0.72541969]",1996.0,1992.0,15
2,victimrights,Pennsylvania,"[1982 1983 1984 1985 1986 1987 1988 1989 1990 1991 1992 1993 1994 1995
 1996 1997 1998]","[0.0281411  0.03375042 0.03661186 0.0340313  0.03957203 0.02968328
 0.03781235 0.02840072 0.02779732 0.05963115 0.06909454 0.06598176
 0.13027647 0.07285314 0.0840025  0.06123872 0.05637488]","[0.0281411  0.06094174 0.09532241 0.12610976 0.16069137 0.18560481
 0.216399   0.23865383 0.25981721 0.30395516 0.35204806 0.39480107
 0.47364425 0.51199092 0.5529849  0.58035953 0.60401671]",,1995.0,17
2,victimrights,Rhode Island,"[1982 1983 1984 1985 1986 1987 1988 1989 1990 1991 1992 1993 1994 1995
 1996 1997 1998 1999 2000 2001 2002 2003 2004 2005]","[0.01151699 0.01984703 0.01913774 0.02194577 0.02813717 0.02813717
 0.02813717 0.02813717 0.02813717 0.02813717 0.02813717 0.02813717
 0.02813717 0.02813717 0.02813717 0.02813717 0.02813717 0.02813717
 0.02813717 0.02813717 0.02813717 0.02813717 0.02813717 0.02813717]","[0.01151699 0.03113544 0.04967732 0.07053289 0.09668546 0.12210217
 0.14680372 0.17081025 0.1941413  0.21681588 0.23885246 0.26026899
 0.28108292 0.30131121 0.32097033 0.3400763  0.35864469 0.37669061
 0.39422877 0.41127345 0.42783855 0.44393755 0.45958357 0.47478936]",1986.0,,24
2,victimrights,South Carolina,"[1982 1983 1984 1985 1986 1987 1988 1989 1990 1991 1992 1993 1994 1995
 1996 1997]","[0.03613476 0.04894345 0.0343615  0.03382506 0.02262002 0.01579352
 0.03551587 0.04098169 0.0445993  0.04208661 0.03438297 0.03085212
 0.03588487 0.04329129 0.12414252 0.12414252]","[0.03613476 0.08330965 0.1148085  0.14475016 0.16409593 0.17729779
 0.20651677 0.23903506 0.27297356 0.30357163 0.32751691 0.34826444
 0.37165188 0.39885389 0.47348168 0.538845  ]",1996.0,1997.0,16
2,victimrights,South Dakota,"[1982 1983 1984 1985 1986 1987 1988 1989 1990 1991 1992 1993 1994 1995
 1996 1997 1998 1999]","[0.0484171  0.04274864 0.04406118 0.03159639 0.02118128 0.02260884
 0.03433917 0.01846734 0.03571454 0.04366552 0.03867922 0.03914271
 0.03686379 0.02391274 0.05325188 0.05556045 0.06338888 0.06338888]","[0.0484171  0.08909598 0.12923148 0.15674463 0.17460585 0.19326705
 0.22096959 0.23535621 0.26266512 0.29486122 0.32213544 0.3486689
 0.37267943 0.38768039 0.42028756 0.45249665 0.48720227 0.51970794]",,1999.0,18
2,victimrights,Tennessee,"[1982 1983 1984 1985 1986 1987 1988 1989 1990 1991 1992 1993 1994 1995
 1996 1997 1998]","[0.04669506 0.05015186 0.05288664 0.0527338  0.02926957 0.01770643
 0.04287922 0.04468352 0.04373732 0.03998521 0.04799562 0.04209748
 0.05089864 0.07594816 0.10780384 0.11509689 0.14993293]","[0.04669506 0.09450508 0.14239367 0.1876185  0.21139656 0.22535991
 0.25857587 0.29170531 0.32268422 0.34976684 0.38097518 0.40703457
 0.4372157  0.47995813 0.53602064 0.58942322 0.6509822 ]",1998.0,1996.0,17
2,victimrights,Texas,"[1982 1983 1984 1985 1986 1987 1988 1989 1990 1991 1992 1993 1994 1995
 1996 1997 1998 1999 2000 2001 2002 2003 2004 2005]","[0.00596226 0.04435974 0.0101824  0.03928356 0.00445556 0.01197388
 0.00586055 0.03359687 0.03359687 0.03359687 0.03359687 0.03359687
 0.03359687 0.03359687 0.03359687 0.03359687 0.03359687 0.03359687
 0.03359687 0.03359687 0.03359687 0.03359687 0.03359687 0.03359687]","[0.00596226 0.05005751 0.05973021 0.09666736 0.10069221 0.11146041
 0.11666774 0.14634494 0.17502508 0.20274166 0.22952705 0.25541253
 0.28042834 0.3046037  0.32796684 0.35054505 0.37236471 0.39345129
 0.41382943 0.43352293 0.45255479 0.47094724 0.48872175 0.5058991 ]",1989.0,2005.0,24
2,victimrights,Utah,"[1982 1983 1984 1985 1986 1987 1988 1989 1990 1991 1992 1993 1994 1995
 1996 1997 1998]","[0.02516367 0.02334011 0.02166327 0.02102209 0.01111079 0.00945132
 0.01868715 0.02899714 0.05886765 0.03007979 0.04949011 0.04557173
 0.07053843 0.07053843 0.07053843 0.07053843 0.07053843]","[0.02516367 0.04791647 0.0685417  0.0881229  0.09825458 0.10677726
 0.12346905 0.14888594 0.19898903 0.22308327 0.26153297 0.29518618
 0.34490264 0.39111218 0.43406218 0.47398254 0.51108699]",1994.0,1998.0,17
2,victimrights,Vermont,"[1989 1990 1991 1992 1993 1994 1995 1996 1997 1998 1999 2000 2001 2002
 2003 2004 2005 2006 2007 2008 2009 2010 2011 2012 2013 2014 2015 2016
 2017]","[0.01509837 0.01832129 0.0131973  0.01575044 0.02189859 0.00883778
 0.00859992 0.00858043 0.02068267 0.00943455 0.00943455 0.00943455
 0.00943455 0.00943455 0.00943455 0.00943455 0.00943455 0.00943455
 0.00943455 0.00943455 0.00943455 0.00943455 0.00943455 0.00943455
 0.00943455 0.00943455 0.00943455 0.00943455 0.00943455]","[0.01509837 0.03314304 0.04590294 0.06093039 0.08149469 0.08961224
 0.0974415  0.10518584 0.12369299 0.13196055 0.14015011 0.1482624
 0.15629816 0.16425811 0.17214295 0.17995341 0.18769018 0.19535395
 0.20294543 0.21046528 0.21791418 0.22529281 0.23260182 0.23984187
 0.24701362 0.25411771 0.26115477 0.26812544 0.27503034]",,,29
2,victimrights,Virginia,"[1982 1983 1984 1985 1986 1987 1988 1989 1990 1991 1992 1993 1994 1995
 1996 1997]","[0.01932996 0.03506956 0.03142724 0.02980413 0.01700992 0.01443815
 0.03557961 0.03941626 0.04999456 0.03776865 0.03077574 0.02801988
 0.05100009 0.07393989 0.10869149 0.10869149]","[0.01932996 0.05372163 0.08346055 0.11077721 0.12590282 0.13852317
 0.16917418 0.20192223 0.24182178 0.27045714 0.29290936 0.31272196
 0.3477732  0.39599877 0.46164857 0.52016279]",1996.0,1997.0,16
2,victimrights,Washington,"[1982 1983 1984 1985 1986 1987 1988 1989 1990 1991 1992 1993 1994 1995
 1996 1997 1998 1999 2000 2001 2002 2003]","[0.03374135 0.04148102 0.04157864 0.04202514 0.05194685 0.03503278
 0.03302703 0.02810078 0.02810078 0.02810078 0.02810078 0.02810078
 0.02810078 0.02810078 0.02810078 0.02810078 0.02810078 0.02810078
 0.02810078 0.02810078 0.02810078 0.02810078]","[0.03374135 0.07382274 0.11233193 0.14963631 0.19381002 0.2220531
 0.24774638 0.26888529 0.28943019 0.30939776 0.32880422 0.34766535
 0.36599647 0.38381246 0.40112782 0.41795659 0.43431247 0.45020873
 0.4656583  0.48067372 0.49526719 0.50945058]",1989.0,2003.0,22
2,victimrights,West Virginia,"[1982 1983 1984 1985 1986 1987 1988 1989 1990 1991 1992 1993 1994 1995
 1996 1997 1998]","[0.05286605 0.03000313 0.03620516 0.04972005 0.04147862 0.03293613
 0.03796003 0.02819313 0.03065186 0.04351379 0.02350323 0.03702679
 0.07564466 0.03406066 0.06072085 0.05359923 0.03938107]","[0.05286605 0.08128303 0.11454533 0.15857018 0.19347153 0.22003545
 0.24964293 0.27079784 0.29314924 0.323907   0.33979736 0.36424255
 0.41233421 0.43235049 0.46681865 0.49539676 0.51526857]",,1998.0,17
2,victimrights,Wisconsin,[1982 1983 1984 1985 1986 1987 1988 1989 1990 1991 1992 1993 1994],"[0.03693471 0.05034141 0.06167654 0.04770498 0.03000566 0.0182945
 0.04191741 0.03784988 0.03271069 0.04202042 0.12778997 0.11895802
 0.11895802]","[0.03693471 0.08541677 0.14182511 0.18276432 0.20728602 0.22178832
 0.25440894 0.28262947 0.30609516 0.33525333 0.42020129 0.489173
 0.54993997]",1993.0,1994.0,13
2,victimrights,Wyoming,"[1982 1983 1984 1985 1986 1987 1988 1989 1990 1991 1992 1993 1994 1995
 1996 1997 1998]","[0.03310767 0.02753336 0.02839573 0.02557534 0.01233169 0.00769497
 0.01790197 0.03071211 0.03336084 0.02654061 0.04420314 0.03330084
 0.08023153 0.10752309 0.12943397 0.10953387 0.16057103]","[0.03310767 0.05972946 0.08642913 0.10979402 0.12077176 0.12753739
 0.14315619 0.16947168 0.1971788  0.21848617 0.25303153 0.27790621
 0.3358409  0.40725334 0.48397489 0.54049712 0.61427997]",,1997.0,17
2,zerotol,Alabama,"[1983 1984 1985 1986 1987 1988 1989 1990 1991 1992 1993 1994 1995 1996
 1997]","[0.03333909 0.02621005 0.02491242 0.03290792 0.03146469 0.04089974
 0.02942824 0.02976888 0.03364421 0.03450257 0.09528979 0.09816911
 0.06772555 0.06828319 0.06828319]","[0.03333909 0.05867532 0.08212599 0.11233131 0.14026153 0.17542462
 0.19969042 0.22351474 0.24963897 0.27552835 0.34456311 0.40890676
 0.44893888 0.48656709 0.52162592]",1996.0,1997.0,15
2,zerotol,Arizona,"[1983 1984 1985 1986 1987 1988 1989 1990 1991 1992 1993 1994 1995 1996
 1997 1998 1999 2000 2001 2002 2003 2004 2005]","[0.03064642 0.03395749 0.02451149 0.02379237 0.02472165 0.02696507
 0.02635113 0.03230742 0.03230742 0.03230742 0.03230742 0.03230742
 0.03230742 0.03230742 0.03230742 0.03230742 0.03230742 0.03230742
 0.03230742 0.03230742 0.03230742 0.03230742 0.03230742]","[0.03064642 0.06356324 0.0865167  0.10825063 0.13029615 0.15374777
 0.17604747 0.20266725 0.22842702 0.25335455 0.27747674 0.3008196
 0.32340832 0.34526725 0.36641998 0.38688932 0.40669734 0.42586542
 0.44441423 0.46236377 0.47973341 0.49654188 0.51280732]",1990.0,2005.0,23
2,zerotol,Arkansas,"[1983 1984 1985 1986 1987 1988 1989 1990 1991 1992 1993 1994 1995 1996
 1997]","[0.04058127 0.00649183 0.04653687 0.00749257 0.05207314 0.01425882
 0.05707796 0.00875505 0.03664508 0.01000095 0.08858788 0.08858788
 0.08858788 0.08858788 0.08858788]","[0.04058127 0.04680965 0.09116815 0.09797764 0.14494877 0.15714079
 0.20524947 0.21220756 0.24107628 0.24866623 0.31522529 0.37588803
 0.43117678 0.48156762 0.52749445]",1993.0,1997.0,15
2,zerotol,California,[1983 1984 1985 1986 1987 1988 1989 1990 1991 1992 1993 1994],"[0.0508204  0.05318912 0.05191814 0.04728439 0.05169363 0.06002127
 0.05712546 0.12367277 0.20750812 0.21685428 0.21534585 0.22114984]","[0.0508204  0.10130643 0.14796492 0.18825289 0.23021504 0.27641852
 0.31775344 0.40212876 0.52619189 0.62893921 0.70884561 0.77323436]",1994.0,1991.0,12
2,zerotol,Colorado,"[1983 1984 1985 1986 1987 1988 1989 1990 1991 1992 1993 1994 1995 1996
 1997]","[0.03625759 0.03380108 0.0301779  0.03065707 0.03137475 0.04481562
 0.03681418 0.05427281 0.05461264 0.08088929 0.10774713 0.18474344
 0.18204837 0.25340659 0.30087492]","[0.03625759 0.06883313 0.09693378 0.12461915 0.15208401 0.19008389
 0.21990028 0.26223849 0.30252959 0.35894748 0.42801905 0.53368878
 0.61857998 0.71523432 0.80091317]",1997.0,1994.0,15
2,zerotol,Connecticut,[1983 1984 1985 1986 1987 1988 1989 1990 1991 1992 1993 1994 1995],"[0.05550474 0.05661856 0.05630831 0.0348135  0.04356704 0.03779966
 0.05563195 0.05117184 0.06710651 0.05549526 0.04182053 0.1004106
 0.17588225]","[0.05550474 0.10898071 0.1591525  0.18842535 0.22378325 0.25312398
 0.29467415 0.33076697 0.37567686 0.41032384 0.4349844  0.49171796
 0.58111575]",1995.0,1995.0,13
2,zerotol,Delaware,[1983 1984 1985 1986 1987 1988 1989 1990 1991 1992 1993 1994 1995],"[0.04447647 0.03840639 0.04155895 0.04583045 0.0671024  0.04146428
 0.04371282 0.13605454 0.12414458 0.23503261 0.21041054 0.20171375
 0.25067742]","[0.04447647 0.08117468 0.11936009 0.15972022 0.21610501 0.24860865
 0.28145409 0.37921552 0.45628255 0.58407389 0.67158912 0.73783411
 0.80355318]",1995.0,1992.0,13
2,zerotol,Florida,"[1983 1984 1985 1986 1987 1988 1989 1990 1991 1992 1993 1994 1995 1996
 1997]","[0.0352979  0.03288542 0.03580495 0.02906469 0.03136208 0.0338316
 0.0347367  0.03780944 0.03835106 0.04241317 0.06916158 0.06088227
 0.05663824 0.18625741 0.38511713]","[0.0352979  0.06702254 0.10042775 0.12657354 0.15396601 0.18258869
 0.21098286 0.24081516 0.2699307  0.30089526 0.34924645 0.3888658
 0.42347936 0.53086061 0.71153422]",1997.0,1996.0,15
2,zerotol,Georgia,"[1983 1984 1985 1986 1987 1988 1989 1990 1991 1992 1993 1994 1995 1996
 1997]","[0.02575948 0.02945358 0.0224958  0.01904808 0.03555029 0.0377669
 0.02601333 0.03776896 0.03270731 0.0459244  0.0823705  0.07160719
 0.12771649 0.20795938 0.32734523]","[0.02575948 0.05445435 0.07572516 0.09333083 0.12556318 0.15858795
 0.18047588 0.21142846 0.23722051 0.2722507  0.33219578 0.38001536
 0.45919762 0.57166255 0.71187677]",1997.0,1996.0,15
2,zerotol,Idaho,"[1983 1984 1985 1986 1987 1988 1989 1990 1991 1992 1993 1994 1995 1996
 1997 1998 1999]","[0.01610909 0.01494473 0.01166695 0.0137515  0.01567624 0.01817289
 0.01306928 0.01585337 0.03498491 0.06634272 0.07885944 0.07327413
 0.07327413 0.07327413 0.07327413 0.07327413 0.07327413]","[0.01610909 0.03081308 0.04212054 0.05529282 0.07010227 0.08700121
 0.09893344 0.11321838 0.14424236 0.20101565 0.26402311 0.31795118
 0.36792772 0.41424226 0.45716316 0.49693905 0.53380041]",1994.0,1999.0,17
2,zerotol,Illinois,[1983 1984 1985 1986 1987 1988 1989 1990 1991 1992 1993 1994 1995],"[0.05648726 0.05685044 0.05240626 0.04892418 0.0509986  0.06321195
 0.05140832 0.05517058 0.04909962 0.06556333 0.05718173 0.08684065
 0.12574997]","[0.05648726 0.11012638 0.15676133 0.19801609 0.23891615 0.28702574
 0.32367855 0.3609916  0.39236667 0.43220514 0.46467263 0.51116081
 0.57263232]",1995.0,1994.0,13
2,zerotol,Indiana,"[1983 1984 1985 1986 1987 1988 1989 1990 1991 1992 1993 1994 1995 1996
 1997]","[0.04024215 0.02874566 0.02783489 0.03239362 0.03870535 0.04280644
 0.03967054 0.04454004 0.04251735 0.04579994 0.06421983 0.14075904
 0.19925829 0.34808304 0.39462309]","[0.04024215 0.06783103 0.09377785 0.12313366 0.15707308 0.19315578
 0.22516373 0.25967497 0.29115163 0.32361685 0.36705406 0.45614692
 0.56451416 0.71609939 0.82813313]",1997.0,1995.0,15
2,zerotol,Iowa,[1983 1984 1985 1986 1987 1988 1989 1990 1991 1992 1993 1994 1995],"[0.04683873 0.03277326 0.06363919 0.04682931 0.05125479 0.06668872
 0.04325198 0.05063708 0.04504645 0.05234604 0.08552664 0.1089995
 0.14355638]","[0.04683873 0.07807693 0.13674737 0.17717289 0.21934672 0.27140749
 0.30292056 0.33821863 0.36802953 0.40111069 0.45233168 0.51202725
 0.58207885]",1995.0,1994.0,13
2,zerotol,Kansas,"[1983 1984 1985 1986 1987 1988 1989 1990 1991 1992 1993 1994 1995 1996
 1997]","[0.02826022 0.02330064 0.02289066 0.02034937 0.02379366 0.03342979
 0.02259171 0.03042387 0.02588754 0.04157114 0.04653619 0.06681539
 0.06100958 0.21290531 0.34079896]","[0.02826022 0.05090237 0.07262784 0.09149928 0.11311584 0.14276419
 0.16213062 0.18762185 0.20865232 0.24154955 0.27684494 0.32516283
 0.36633436 0.50124514 0.67122028]",1997.0,1996.0,15
2,zerotol,Kentucky,[1983 1984 1985 1986 1987 1988 1989 1990 1991 1992 1993 1994 1995 1996],"[0.01023862 0.0524656  0.00780501 0.04045082 0.00832589 0.04543154
 0.00663839 0.03930629 0.00645569 0.04810639 0.01904971 0.18008278
 0.04831046 0.2750583 ]","[0.01023862 0.06216704 0.06948684 0.10712686 0.11456082 0.15478769
 0.16039854 0.19340016 0.19860731 0.23715942 0.25169131 0.38644882
 0.41608975 0.57669911]",1996.0,1996.0,14
2,zerotol,Louisiana,"[1983 1984 1985 1986 1987 1988 1989 1990 1991 1992 1993 1994 1995 1996
 1997]","[0.02579613 0.02430728 0.02918709 0.03237763 0.02828853 0.03905684
 0.02539712 0.03028861 0.02021739 0.03498804 0.09523022 0.11015641
 0.07540732 0.10360865 0.16775439]","[0.02579613 0.04947638 0.0772194  0.10709685 0.13235576 0.16624321
 0.18741824 0.21203021 0.2279609  0.25497304 0.32592212 0.40017612
 0.44540723 0.50286784 0.58626394]",1997.0,1996.0,15
2,zerotol,Maine,[1983 1984 1985 1986 1987 1988 1989 1990 1991],"[0.08167972 0.08167972 0.08167972 0.08167972 0.08167972 0.08167972
 0.08167972 0.08167972 0.08167972]","[0.08167972 0.15668786 0.22556936 0.28882464 0.34691325 0.40025719
 0.44924402 0.49422961 0.5355408 ]",1983.0,1991.0,9
2,zerotol,Maryland,[1983 1984 1985 1986 1987 1988 1989 1990 1991 1992],"[0.08797763 0.0937494  0.09210449 0.07894804 0.05497486 0.04707246
 0.06630945 0.06666926 0.06666926 0.06666926]","[0.08797763 0.17347918 0.24960546 0.30884763 0.34684364 0.37758932
 0.41886102 0.45760513 0.4937662  0.52751643]",1990.0,1992.0,10
2,zerotol,Massachusetts,"[1983 1984 1985 1986 1987 1988 1989 1990 1991 1992 1993 1994 1995 1996
 1997 1998 1999 2000 2001 2002 2003]","[0.04879864 0.0395     0.02411382 0.02372527 0.02362007 0.01964533
 0.02329583 0.01797218 0.02570226 0.02441074 0.03985368 0.0407361
 0.0407361  0.0407361  0.0407361  0.0407361  0.0407361  0.0407361
 0.0407361  0.0407361  0.0407361 ]","[0.04879864 0.08637109 0.10840217 0.12955557 0.15011553 0.16681179
 0.1862216  0.20084697 0.22138702 0.24039353 0.27066664 0.30037684
 0.32887676 0.3562157  0.38244097 0.40759791 0.43173006 0.45487917
 0.47708526 0.49838677 0.51882054]",1994.0,2003.0,21
2,zerotol,Michigan,[1983 1984 1985 1986 1987 1988 1989 1990 1991 1992 1993 1994],"[0.07324086 0.06696337 0.06087954 0.06582665 0.06448362 0.04358722
 0.06469493 0.04937905 0.05549408 0.05516197 0.05009555 0.08186716]","[0.07324086 0.13529978 0.18794233 0.24139736 0.29031481 0.32124801
 0.36515982 0.39650763 0.42999788 0.46144032 0.48841976 0.53030138]",1994.0,1994.0,12
2,zerotol,Minnesota,[1983 1984 1985 1986 1987 1988 1989 1990 1991 1992 1993],"[0.07351678 0.06274733 0.06309555 0.06424695 0.07875353 0.07112631
 0.05782918 0.06697364 0.06157964 0.06414401 0.04411308]","[0.07351678 0.13165113 0.18644008 0.23870883 0.29866319 0.34854669
 0.3862197  0.4273268  0.46259181 0.49706333 0.51924941]",1993.0,1993.0,11
2,zerotol,Mississippi,"[1983 1984 1985 1986 1987 1988 1989 1990 1991 1992 1993 1994 1995 1996
 1997 1998]","[0.02630191 0.02154904 0.02533661 0.02588948 0.03599272 0.04310159
 0.03265722 0.03254612 0.02255999 0.02812274 0.11013988 0.11508746
 0.0626522  0.14841267 0.25534549 0.29672702]","[0.02630191 0.04728417 0.07142276 0.09546314 0.12801989 0.16560362
 0.19285268 0.21912219 0.23673879 0.25820378 0.33990513 0.41587377
 0.45247057 0.53373087 0.65279059 0.755817  ]",1998.0,1996.0,16
2,zerotol,Missouri,[1983 1984 1985 1986 1987 1988 1989 1990 1991 1992 1993 1994 1995 1996],"[0.05624344 0.04120632 0.04326905 0.04734203 0.04986998 0.05321938
 0.03982936 0.05616202 0.04634115 0.05598968 0.10284934 0.13029746
 0.20461254 0.31815962]","[0.05624344 0.09513218 0.13428495 0.17526965 0.21639894 0.25810171
 0.28765104 0.327658   0.3588151  0.39471484 0.45696801 0.5277237
 0.62435736 0.74387168]",1996.0,1994.0,14
2,zerotol,Montana,"[1983 1984 1985 1986 1987 1988 1989 1990 1991 1992 1993 1994 1995 1996
 1997 1998 1999]","[0.04636093 0.00809537 0.05266243 0.00909043 0.04946098 0.00879908
 0.03618755 0.00705705 0.03353919 0.01034252 0.04982195 0.02400186
 0.07956656 0.07956656 0.07956656 0.07956656 0.07956656]","[0.04636093 0.05408099 0.10389538 0.11204136 0.15596067 0.16338743
 0.19366239 0.19935275 0.22620581 0.23420879 0.27236201 0.28982668
 0.34633273 0.39834279 0.44621458 0.49027738 0.53083426]",1995.0,1999.0,17
2,zerotol,Nevada,"[1983 1984 1985 1986 1987 1988 1989 1990 1991 1992 1993 1994 1995 1996
 1997]","[0.03460842 0.00964088 0.03122809 0.0064246  0.05214866 0.00906176
 0.03740621 0.0120444  0.08882971 0.0368425  0.23604224 0.14365515
 0.40747922 0.1245949  0.36216038]","[0.03460842 0.04391564 0.07377234 0.07972298 0.1277142  0.13561864
 0.16795187 0.17797339 0.25099378 0.27858904 0.4488725  0.5280448
 0.72035674 0.75519886 0.84385614]",1997.0,1994.0,15
2,zerotol,New Hampshire,[1983 1984 1985 1986 1987 1988 1989 1990 1991 1992 1993 1994],"[0.05749236 0.00970779 0.04748947 0.04137393 0.06035003 0.0598437
 0.06138876 0.06431755 0.05849321 0.08214307 0.09357348 0.09357348]","[0.05749236 0.06664203 0.1109667  0.1477495  0.19918284 0.2471067
 0.29332589 0.33877744 0.37745447 0.42859227 0.48206088 0.53052624]",1993.0,1994.0,12
2,zerotol,New Jersey,[1983 1984 1985 1986 1987 1988 1989 1990 1991 1992 1993],"[0.06592195 0.08043333 0.06086571 0.04929076 0.05363747 0.04939689
 0.0709995  0.0720222  0.07643693 0.05394326 0.05394326]","[0.06592195 0.14105296 0.19333338 0.23309459 0.27422945 0.31008026
 0.35906421 0.40522582 0.45068853 0.48032018 0.50835341]",1992.0,1993.0,11
2,zerotol,New Mexico,[1983 1984 1985 1986 1987 1988 1989 1990 1991 1992 1993 1994],"[0.05358027 0.06118743 0.03163513 0.03120936 0.0391708  0.04275166
 0.03356266 0.06199656 0.05308678 0.12526086 0.13388025 0.12898589]","[0.05358027 0.11148927 0.13959742 0.16645004 0.19910086 0.23334063
 0.25907175 0.30500676 0.34190171 0.42433567 0.50140575 0.56571738]",1994.0,1993.0,12
2,zerotol,New York,[1983 1984 1985 1986 1987 1988 1989 1990 1991 1992 1993 1994 1995 1996],"[0.07731918 0.07612882 0.06901292 0.05762601 0.05623868 0.04505471
 0.0550804  0.03589745 0.03925585 0.06105413 0.04137626 0.07980358
 0.12660539 0.14691305]","[0.07731918 0.14756178 0.20639103 0.25212355 0.29418313 0.32598351
 0.3631086  0.38597138 0.4100756  0.44609292 0.46901152 0.51138631
 0.57324743 0.63594295]",1996.0,1994.0,14
2,zerotol,North Carolina,[1983 1984 1985 1986 1987 1988 1989 1990 1991 1992 1993 1994 1995],"[0.03667062 0.02748148 0.0222238  0.0323523  0.03920698 0.04317016
 0.03046577 0.03296867 0.04102485 0.03658761 0.10488685 0.18446293
 0.15607474]","[0.03667062 0.06314434 0.08396483 0.11360067 0.14835371 0.18511942
 0.20994538 0.23599243 0.26733573 0.29414216 0.36817736 0.48472522
 0.56514659]",1995.0,1995.0,13
2,zerotol,North Dakota,"[1983 1984 1985 1986 1987 1988 1989 1990 1991 1992 1993 1994 1995 1996
 1997]","[0.04504735 0.01057827 0.0655087  0.00896419 0.05502751 0.01033422
 0.06432624 0.01535193 0.06847354 0.01022614 0.07870175 0.02117976
 0.14306721 0.03195287 0.14653423]","[0.04504735 0.0551491  0.11704506 0.12496003 0.1731113  0.18165656
 0.23429751 0.24605252 0.29767797 0.30486002 0.35956875 0.37313293
 0.46281705 0.47998159 0.55618209]",1997.0,1997.0,15
2,zerotol,Ohio,[1983 1984 1985 1986 1987 1988 1989 1990 1991 1992 1993 1994],"[0.06089094 0.05214679 0.04581368 0.04854867 0.04584466 0.06192114
 0.04659413 0.05437644 0.0461336  0.05494106 0.06328    0.12986296]","[0.06089094 0.10986246 0.15064294 0.19187809 0.22892617 0.27667194
 0.31037478 0.34787414 0.37795905 0.41213464 0.44933476 0.52084578]",1994.0,1994.0,12
2,zerotol,Oklahoma,"[1983 1984 1985 1986 1987 1988 1989 1990 1991 1992 1993 1994 1995 1996
 1997 1998 1999 2000]","[0.03086997 0.02197821 0.02082206 0.02197838 0.02579764 0.03782931
 0.02102988 0.03361779 0.03040385 0.04242148 0.05781715 0.0672129
 0.04369327 0.05516129 0.05516129 0.05516129 0.05516129 0.05516129]","[0.03086997 0.05216971 0.07190549 0.09230351 0.11571994 0.14917164
 0.16706446 0.19506591 0.21953901 0.25264732 0.29585712 0.34318461
 0.37188302 0.40653077 0.43926729 0.47019804 0.4994226  0.52703509]",1996.0,2000.0,18
2,zerotol,Oregon,[1983 1984 1985 1986 1987 1988 1989 1990 1991 1992 1993 1994],"[0.06462579 0.06591009 0.05226568 0.06091821 0.06368834 0.06649201
 0.06769075 0.04984456 0.04786377 0.04786377 0.04786377 0.04786377]","[0.06462579 0.12627639 0.17194214 0.22238595 0.2719109  0.32032301
 0.36633085 0.39791581 0.42673383 0.45417251 0.48029787 0.50517277]",1991.0,1994.0,12
2,zerotol,Pennsylvania,[1983 1984 1985 1986 1987 1988 1989 1990 1991 1992 1993 1994 1995 1996],"[0.06155323 0.05861184 0.05937558 0.05659217 0.06528507 0.06012978
 0.05877329 0.08790849 0.07925117 0.13166616 0.1124913  0.22746343
 0.2707254  0.33594646]","[0.06155323 0.11655732 0.16901224 0.21603964 0.26722055 0.31128241
 0.3517606  0.40874635 0.45560389 0.52728243 0.58045905 0.67588927
 0.76363428 0.84304051]",1996.0,1992.0,14
2,zerotol,Rhode Island,[1983 1984 1985 1986 1987 1988 1989 1990 1991 1992 1993 1994 1995],"[0.05231834 0.05050022 0.05762777 0.04044622 0.03626199 0.01950858
 0.06266817 0.04267082 0.04598525 0.06110634 0.0304991  0.11067759
 0.28356976]","[0.05231834 0.10017648 0.1520313  0.18632843 0.21583378 0.23113175
 0.27931531 0.31006752 0.34179424 0.38201478 0.40086277 0.46717384
 0.61826723]",1995.0,1995.0,13
2,zerotol,South Carolina,"[1983 1984 1985 1986 1987 1988 1989 1990 1991 1992 1993 1994 1995 1996
 1997 1998]","[0.03698621 0.02586553 0.02545285 0.03129194 0.0402175  0.04388882
 0.02655756 0.03451858 0.04008312 0.04490296 0.05846592 0.05315507
 0.11693754 0.14100097 0.38864013 0.36671867]","[0.03698621 0.06189507 0.08577251 0.11438047 0.14999787 0.18730345
 0.20888669 0.2361948  0.26681049 0.29973288 0.34067464 0.37572112
 0.44872276 0.52645338 0.7104926  0.81666037]",1998.0,1996.0,16
2,zerotol,South Dakota,"[1983 1984 1985 1986 1987 1988 1989 1990 1991 1992 1993 1994 1995 1996
 1997 1998]","[0.04105289 0.03324952 0.02376224 0.02931817 0.05696242 0.04244692
 0.05638904 0.04025777 0.04159013 0.05044505 0.07941883 0.11091222
 0.20006559 0.22988669 0.29421342 0.3311384 ]","[0.04105289 0.07293742 0.0949665  0.12150043 0.17154189 0.20670738
 0.25144039 0.28157573 0.31145509 0.34618877 0.39811369 0.46487024
 0.57193129 0.67033859 0.7673294  0.84437557]",1998.0,1995.0,16
2,zerotol,Tennessee,[1983 1984 1985 1986 1987 1988 1989 1990 1991 1992 1993 1994 1995 1996],"[0.03791117 0.04597984 0.03987453 0.04038542 0.04495352 0.0528929
 0.04318905 0.04458128 0.03807778 0.04749306 0.07895631 0.07895631
 0.07895631 0.07895631]","[0.03791117 0.08214786 0.11874678 0.15433656 0.19235211 0.23507095
 0.26810751 0.30073621 0.32736263 0.35930824 0.4098949  0.45648742
 0.49940117 0.53892661]",1993.0,1996.0,14
2,zerotol,Texas,"[1983 1984 1985 1986 1987 1988 1989 1990 1991 1992 1993 1994 1995 1996
 1997]","[0.03348291 0.00761761 0.02960168 0.00620794 0.03067505 0.00729507
 0.02171309 0.0064668  0.02602644 0.0083431  0.07392576 0.02457509
 0.11742783 0.05402072 0.37495586]","[0.03348291 0.04084546 0.06923805 0.07501616 0.10339009 0.10993092
 0.12925707 0.134888   0.15740378 0.16443365 0.22620352 0.24521964
 0.33385186 0.36983766 0.60612072]",1997.0,1997.0,15
2,zerotol,Utah,"[1983 1984 1985 1986 1987 1988 1989 1990 1991 1992 1993 1994 1995 1996
 1997 1998 1999 2000 2001 2002 2003 2004 2005 2006 2007]","[0.01752271 0.01625412 0.01576709 0.01544008 0.02430963 0.02318808
 0.01870887 0.0457162  0.02863079 0.03083262 0.03083262 0.03083262
 0.03083262 0.03083262 0.03083262 0.03083262 0.03083262 0.03083262
 0.03083262 0.03083262 0.03083262 0.03083262 0.03083262 0.03083262
 0.03083262]","[0.01752271 0.03349201 0.04873102 0.06341869 0.08618664 0.10737621
 0.12407619 0.1641201  0.188052   0.21308649 0.2373491  0.26086363
 0.28365314 0.30573999 0.32714585 0.34789171 0.36799792 0.3874842
 0.40636967 0.42467285 0.4424117  0.45960361 0.47626544 0.49241355
 0.50806378]",1992.0,2007.0,25
2,zerotol,Vermont,[1989 1990 1991 1992 1993 1994 1995 1996 1997],"[0.04642929 0.04704575 0.02769158 0.02391745 0.04769746 0.05273931
 0.08135265 0.13169038 0.24436194]","[0.04642929 0.09129074 0.11645434 0.1375865  0.17872143 0.2220351
 0.28532461 0.37944048 0.53108161]",1997.0,1997.0,9
2,zerotol,Virginia,[1983 1984 1985 1986 1987 1988 1989 1990 1991 1992 1993 1994],"[0.0264077  0.02363901 0.02240408 0.02358298 0.03684458 0.0439669
 0.02552844 0.06014605 0.05591845 0.06241208 0.12415767 0.16967022]","[0.0264077  0.04942246 0.07071928 0.09263449 0.12606599 0.16449016
 0.18581942 0.23478917 0.27757857 0.3226664  0.40676256 0.50741728]",1994.0,1994.0,12
2,zerotol,Washington,[1983 1984 1985 1986 1987 1988 1989 1990 1991 1992 1993 1994],"[0.06175571 0.05237966 0.06174534 0.07104467 0.06967013 0.05267471
 0.06593723 0.07341594 0.2019549  0.1444118  0.17504877 0.4375096 ]","[0.06175571 0.11090063 0.16579837 0.22506395 0.27905384 0.31702948
 0.36206266 0.40889743 0.52827349 0.59639636 0.66704668 0.81271696]",1994.0,1991.0,12
2,zerotol,West Virginia,[1983 1984 1985 1986 1987 1988 1989 1990 1991 1992 1993 1994],"[0.07777219 0.08186173 0.05271903 0.05926818 0.06932977 0.06035914
 0.07192011 0.11723734 0.1090996  0.05528195 0.05944541 0.1480258 ]","[0.07777219 0.15326736 0.19790628 0.24544492 0.29775805 0.34014478
 0.38760164 0.45939759 0.5183771  0.54500215 0.57204968 0.63539737]",1994.0,1991.0,12
2,zerotol,Wisconsin,"[1983 1984 1985 1986 1987 1988 1989 1990 1991 1992 1993 1994 1995 1996
 1997]","[0.05360609 0.04675385 0.05451551 0.04138914 0.04640378 0.06649028
 0.04435754 0.05022687 0.04859988 0.0627727  0.0727237  0.13568577
 0.39417837 0.33031029 0.29110884]","[0.05360609 0.09785365 0.14703462 0.18233813 0.22028073 0.27212448
 0.30441125 0.3393485  0.37145608 0.41091148 0.45375217 0.52787023
 0.71397358 0.80845105 0.86421264]",1997.0,1994.0,15
2,zerotol,Wyoming,"[1983 1984 1985 1986 1987 1988 1989 1990 1991 1992 1993 1994 1995 1996
 1997 1998]","[0.02069296 0.02134221 0.01920447 0.01712846 0.01984746 0.02221806
 0.01982779 0.02575187 0.02525766 0.05754869 0.06296395 0.11627041
 0.14027129 0.14689048 0.19308272 0.26463085]","[0.02069296 0.04159353 0.05999922 0.07609998 0.09443705 0.1145569
 0.13211328 0.15446299 0.17581927 0.2232498  0.27215706 0.35678366
 0.44700845 0.52823764 0.6193268  0.72006467]",1998.0,1996.0,16
3,antistalk,Alabama,[1990 1991 1992 1993 1994],[0.03537342 0.04192272 0.22114681 0.22114681 0.22114681],[0.03537342 0.07581319 0.28019415 0.43937692 0.56335692],1992.0,1994.0,5
3,antistalk,Arizona,[1990 1991 1992 1993 1994],[0.06053194 0.05578148 0.10661037 0.24018137 0.24018137],[0.06053194 0.11293687 0.20750699 0.39784905 0.54247449],1993.0,1994.0,5
3,antistalk,Arkansas,[1990 1991 1992 1993 1994],[0.00911628 0.04627724 0.05474987 0.31689074 0.31689074],[0.00911628 0.05497165 0.10671183 0.38978658 0.58315756],1993.0,1994.0,5
3,antistalk,California,[1990 1991 1992 1993 1994 1995 1996 1997 1998],"[0.07487928 0.07487928 0.07487928 0.07487928 0.07487928 0.07487928
 0.07487928 0.07487928 0.07487928]","[0.07487928 0.14415165 0.20823696 0.26752361 0.32237091 0.37311129
 0.42005227 0.46347834 0.50365269]",1990.0,1998.0,9
3,antistalk,Colorado,[1990 1991 1992 1993 1994 1995],[0.04851015 0.05277931 0.15318545 0.41401977 0.51323441 0.4655598 ],[0.04851015 0.09872913 0.23679072 0.55277445 0.78230599 0.88365557],1995.0,1993.0,6
3,antistalk,Connecticut,[1990 1991 1992 1993 1994],[0.04400615 0.05235019 0.18366084 0.18366084 0.18366084],[0.04400615 0.09405261 0.26043967 0.39626794 0.50714987],1992.0,1994.0,5
3,antistalk,Delaware,[1990 1991 1992 1993 1994 1995 1996 1997 1998 1999 2000 2001 2002 2003],"[0.05363968 0.06378197 0.04898723 0.04898723 0.04898723 0.04898723
 0.04898723 0.04898723 0.04898723 0.04898723 0.04898723 0.04898723
 0.04898723 0.04898723]","[0.05363968 0.1140004  0.15740307 0.19867957 0.23793404 0.27526554
 0.31076828 0.34453183 0.37664141 0.40717802 0.43621873 0.46383681
 0.49010196 0.51508046]",1992.0,2003.0,14
3,antistalk,Florida,[1990 1991 1992 1993 1994 1995],[0.04828941 0.05294915 0.17705919 0.17705919 0.17705919 0.17705919],[0.04828941 0.09868167 0.25826836 0.38959876 0.49767591 0.586617  ],1992.0,1995.0,6
3,antistalk,Georgia,[1990 1991 1992 1993],[0.04402723 0.04234069 0.2955507  0.37626097],[0.04402723 0.08450378 0.35507933 0.59773781],1993.0,1993.0,4
3,antistalk,Idaho,[1990 1991 1992 1993 1994 1995 1996],"[0.02141802 0.03217843 0.1299028  0.1299028  0.1299028  0.1299028
 0.1299028 ]","[0.02141802 0.05290726 0.17593726 0.28298531 0.37612753 0.45717031
 0.5276854 ]",1992.0,1996.0,7
3,antistalk,Illinois,[1990 1991 1992 1993 1994 1995 1996 1997 1998],"[0.06441356 0.06326933 0.08815509 0.08815509 0.08815509 0.08815509
 0.08815509 0.08815509 0.08815509]","[0.06441356 0.12360749 0.20086595 0.27131369 0.3355511  0.39412565
 0.44753656 0.49623903 0.54064812]",1992.0,1998.0,9
3,antistalk,Indiana,[1990 1991 1992 1993],[0.05086196 0.05670883 0.28242901 0.40929751],[0.05086196 0.10468647 0.35754898 0.62050259],1993.0,1993.0,4
3,antistalk,Iowa,[1990 1991 1992 1993 1994],[0.05824985 0.0568256  0.13880242 0.40933049 0.49349492],[0.05824985 0.11176538 0.23505449 0.54817001 0.77114582],1994.0,1993.0,5
3,antistalk,Kansas,[1990 1991 1992 1993 1994 1995 1996 1997 1998],"[0.03675109 0.03503226 0.09695266 0.09695266 0.09695266 0.09695266
 0.09695266 0.09695266 0.09695266]","[0.03675109 0.07049588 0.16061378 0.24199451 0.31548516 0.38185069
 0.44178191 0.49590264 0.54477622]",1992.0,1998.0,9
3,antistalk,Kentucky,[1990 1991 1992 1993 1994],[0.04620752 0.00856618 0.25823223 0.25823223 0.25823223],[0.04620752 0.05437788 0.29856799 0.47970034 0.61405848],1992.0,1994.0,5
3,antistalk,Louisiana,[1990 1991 1992 1993 1994 1995 1996 1997 1998],"[0.03420813 0.0290779  0.09145181 0.09145181 0.09145181 0.09145181
 0.09145181 0.09145181 0.09145181]","[0.03420813 0.06229133 0.14804649 0.22595918 0.29674661 0.36106041
 0.41949259 0.47258105 0.52081446]",1992.0,1998.0,9
3,antistalk,Maine,[1990 1991 1992 1993 1994 1995],[0.04772548 0.02479279 0.03085804 0.28348796 0.31335762 0.3355197 ],[0.04772548 0.07133502 0.0999918  0.35513329 0.55720719 0.7057729 ],1995.0,1994.0,6
3,antistalk,Maryland,[1990 1991 1992 1993],[0.05443122 0.04881371 0.2196023  0.32590413],[0.05443122 0.10058794 0.29810089 0.52685271],1993.0,1993.0,4
3,antistalk,Massachusetts,[1990 1991 1992 1993 1994 1995 1996 1997 1998 1999 2000 2001 2002 2003],"[0.01725577 0.02194202 0.05422746 0.05422746 0.05422746 0.05422746
 0.05422746 0.05422746 0.05422746 0.05422746 0.05422746 0.05422746
 0.05422746 0.05422746]","[0.01725577 0.03881917 0.09094156 0.1402375  0.18686024 0.23095475
 0.27265812 0.31210003 0.3494031  0.38468332 0.41805038 0.44960803
 0.47945439 0.50768226]",1992.0,2003.0,14
3,antistalk,Michigan,[1990 1991 1992 1993],[0.04838956 0.04828067 0.14764644 0.4618485 ],[0.04838956 0.09433395 0.22805232 0.5845752 ],1993.0,1993.0,4
3,antistalk,Minnesota,[1990 1991 1992 1993 1994],[0.05906174 0.0633455  0.09092912 0.26363779 0.26363779],[0.05906174 0.11866595 0.19880488 0.41003019 0.56556853],1993.0,1994.0,5
3,antistalk,Mississippi,[1990 1991 1992 1993 1994 1995],[0.03487057 0.03084202 0.17345289 0.17345289 0.17345289 0.17345289],[0.03487057 0.06463711 0.22687851 0.36097867 0.47181877 0.56343333],1992.0,1995.0,6
3,antistalk,Missouri,[1990 1991 1992 1993],[0.06424961 0.06376722 0.2151063  0.38504604],[0.06424961 0.12391981 0.31237017 0.57713931],1993.0,1993.0,4
3,antistalk,Montana,"[1990 1991 1992 1993 1994 1995 1996 1997 1998 1999 2000 2001 2002 2003
 2004 2005 2006 2007 2008 2009]","[0.00695373 0.04243958 0.03685915 0.03685915 0.03685915 0.03685915
 0.03685915 0.03685915 0.03685915 0.03685915 0.03685915 0.03685915
 0.03685915 0.03685915 0.03685915 0.03685915 0.03685915 0.03685915
 0.03685915 0.03685915]","[0.00695373 0.04909819 0.08414762 0.11790516 0.15041842 0.18173327
 0.21189389 0.24094281 0.26892101 0.29586795 0.32182166 0.34681874
 0.37089444 0.39408273 0.41641633 0.43792672 0.45864426 0.47859818
 0.4978166  0.51632665]",1992.0,2009.0,20
3,antistalk,Nevada,[1990 1991 1992 1993 1994],[0.01243917 0.07017943 0.04379652 0.42888145 0.42888145],[0.01243917 0.08174563 0.12196197 0.49853619 0.71360472],1993.0,1994.0,5
3,antistalk,New Hampshire,[1990 1991 1992 1993 1994 1995],[0.03747142 0.03753693 0.11345442 0.18589683 0.18589683 0.18589683],[0.03747142 0.07360179 0.17870576 0.33138176 0.45567577 0.55686392],1993.0,1995.0,6
3,antistalk,New Jersey,[1990 1991 1992 1993 1994],[0.05766071 0.06089411 0.0905814  0.35490483 0.35490483],[0.05766071 0.11504362 0.19520421 0.48083012 0.66508602],1993.0,1994.0,5
3,antistalk,New Mexico,[1990 1991 1992 1993 1994 1995],[0.04106278 0.03964281 0.14603289 0.18855666 0.18855666 0.18855666],[0.04106278 0.07907774 0.21356269 0.36185068 0.48217799 0.57981678],1993.0,1995.0,6
3,antistalk,New York,[1990 1991 1992 1993 1994],[0.03553576 0.03393704 0.08706492 0.29755996 0.29755996],[0.03553576 0.06826683 0.1493881  0.40249615 0.58028937],1993.0,1994.0,5
3,antistalk,North Carolina,[1990 1991 1992 1993],[0.03780363 0.05218818 0.23588484 0.39112447],[0.03780363 0.08801891 0.30314142 0.57569986],1993.0,1993.0,4
3,antistalk,North Dakota,[1990 1991 1992 1993 1994],[0.01119728 0.04815    0.03039413 0.31191415 0.31191415],[0.01119728 0.05880813 0.08741484 0.37206307 0.56792548],1993.0,1994.0,5
3,antistalk,Ohio,[1990 1991 1992 1993 1994 1995],[0.06490002 0.06055594 0.15149237 0.15149237 0.15149237 0.15149237],[0.06490002 0.12152588 0.25460801 0.36752921 0.46334371 0.54464305],1992.0,1995.0,6
3,antistalk,Oklahoma,[1990 1991 1992 1993 1994 1995 1996 1997 1998],"[0.04033822 0.04055647 0.08403473 0.08403473 0.08403473 0.08403473
 0.08403473 0.08403473 0.08403473]","[0.04033822 0.07925871 0.15663296 0.22750508 0.29242148 0.35188265
 0.40634702 0.45623449 0.50192968]",1992.0,1998.0,9
3,antistalk,Oregon,[1990 1991 1992 1993 1994],[0.07223328 0.06059855 0.16854609 0.2894812  0.2894812 ],[0.07223328 0.1284546  0.27535017 0.48512267 0.63416998],1993.0,1994.0,5
3,antistalk,Pennsylvania,[1990 1991 1992 1993],[0.06833032 0.07190321 0.18049451 0.47238518],[0.06833032 0.13532037 0.29139029 0.62612701],1993.0,1993.0,4
3,antistalk,Rhode Island,[1990 1991 1992 1993],[0.03483416 0.03242582 0.34236379 0.34236379],[0.03483416 0.06613046 0.38585358 0.59611508],1992.0,1993.0,4
3,antistalk,South Carolina,[1990 1991 1992 1993 1994 1995 1996 1997 1998 1999 2000 2001 2002],"[0.03868041 0.04697031 0.05689439 0.05689439 0.05689439 0.05689439
 0.05689439 0.05689439 0.05689439 0.05689439 0.05689439 0.05689439
 0.05689439]","[0.03868041 0.08383389 0.1359586  0.18511771 0.23147994 0.27520442
 0.31644122 0.35533188 0.39200987 0.4266011  0.45922428 0.48999139
 0.51900801]",1992.0,2002.0,13
3,antistalk,South Dakota,[1990 1991 1992 1993 1994 1995 1996 1997 1998 1999],"[0.04226272 0.0467485  0.08214809 0.08214809 0.08214809 0.08214809
 0.08214809 0.08214809 0.08214809 0.08214809]","[0.04226272 0.0870355  0.16203379 0.23087112 0.29405359 0.35204574
 0.40527395 0.45412956 0.49897177 0.54013029]",1992.0,1999.0,10
3,antistalk,Tennessee,[1990 1991 1992 1993 1994],[0.05111522 0.04859428 0.17937834 0.17937834 0.17937834],[0.05111522 0.09722559 0.25916377 0.39205374 0.50110613],1992.0,1994.0,5
3,antistalk,Texas,[1990 1991 1992 1993 1994 1995],[0.00748625 0.03732743 0.03468432 0.34626621 0.11753476 0.38949081],[0.00748625 0.04453424 0.07767392 0.39704427 0.46791253 0.67515571],1995.0,1995.0,6
3,antistalk,Utah,"[1990 1991 1992 1993 1994 1995 1996 1997 1998 1999 2000 2001 2002 2003
 2004 2005]","[0.03536839 0.02829959 0.04657752 0.04657752 0.04657752 0.04657752
 0.04657752 0.04657752 0.04657752 0.04657752 0.04657752 0.04657752
 0.04657752 0.04657752 0.04657752 0.04657752]","[0.03536839 0.06266707 0.10632572 0.14795085 0.18763719 0.22547504
 0.26155049 0.29594564 0.32873875 0.36000444 0.38981384 0.4182348
 0.44533199 0.47116705 0.49579878 0.51928322]",1992.0,2005.0,16
3,antistalk,Vermont,[1990 1991 1992 1993 1994 1995],[0.03761297 0.01863866 0.03735054 0.21187918 0.21187918 0.21187918],[0.03761297 0.05555057 0.09082627 0.28346125 0.43528089 0.55493311],1993.0,1995.0,6
3,antistalk,Virginia,[1990 1991 1992 1993 1994],[0.04349412 0.04996786 0.19565313 0.19565313 0.19565313],[0.04349412 0.09128867 0.26908088 0.41208749 0.52711441],1992.0,1994.0,5
3,antistalk,Washington,[1990 1991 1992 1993 1994 1995 1996],"[0.0688739  0.05964014 0.1224968  0.1224968  0.1224968  0.1224968
 0.1224968 ]","[0.0688739  0.12440639 0.2316638  0.32578253 0.40837201 0.48084454
 0.54443942]",1992.0,1996.0,7
3,antistalk,West Virginia,[1990 1991 1992 1993 1994 1995 1996 1997],"[0.0611663  0.06679969 0.09962311 0.09962311 0.09962311 0.09962311
 0.09962311 0.09962311]","[0.0611663  0.1238801  0.21116189 0.28974839 0.36050587 0.42421426
 0.48157583 0.53322286]",1992.0,1997.0,8
3,antistalk,Wisconsin,[1990 1991 1992 1993 1994],[0.05955553 0.06265638 0.09786565 0.26570262 0.26570262],[0.05955553 0.11848038 0.20475087 0.41605065 0.57120752],1993.0,1994.0,5
3,antistalk,Wyoming,[1990 1991 1992 1993 1994],[0.03023847 0.03200921 0.20226778 0.24362758 0.24362758],[0.03023847 0.06127977 0.25115262 0.43359249 0.57158498],1993.0,1994.0,5
3,dui,Alabama,[1983 1984 1985 1986 1987 1988 1989 1990 1991 1992 1993 1994 1995],"[0.0557106  0.0505342  0.0500701  0.06427703 0.05904451 0.04256963
 0.02274093 0.02984359 0.02283892 0.01609678 0.06336422 0.15630007
 0.0825406 ]","[0.0557106  0.1034295  0.14832088 0.20306429 0.25011896 0.28204112
 0.29836817 0.31930738 0.33485367 0.34556038 0.38702844 0.48283594
 0.52552297]",1995.0,1995.0,13
3,dui,Arizona,"[1983 1984 1985 1986 1987 1988 1989 1990 1991 1992 1993 1994 1995 1996
 1997 1998 1999 2000 2001]","[0.08076598 0.09641181 0.07875369 0.08039349 0.07913055 0.05005038
 0.05323379 0.07921725 0.04782589 0.03780842 0.11184038 0.23396942
 0.18664139 0.11447032 0.20977838 0.23681204 0.20974863 0.23871225
 0.22479491]","[0.08076598 0.16939099 0.23480452 0.29632125 0.35200374 0.3844362
 0.41720499 0.46337241 0.4890371  0.5083558  0.56334147 0.66550621
 0.7279366  0.75907978 0.80961964 0.854704   0.88517964 0.91258866
 0.93223829]",2001.0,1992.0,19
3,dui,Arkansas,"[1983 1984 1985 1986 1987 1988 1989 1990 1991 1992 1993 1994 1995 1996
 1997 1998 1999 2000 2001]","[0.066037   0.01163705 0.05421056 0.01381862 0.04307482 0.01266207
 0.04036583 0.00765857 0.02526348 0.00403417 0.04068268 0.01842725
 0.06477812 0.00659155 0.07450391 0.01404551 0.10993065 0.01767626
 0.20822744]","[0.066037   0.07690558 0.12694705 0.13901143 0.17609836 0.18653066
 0.21936702 0.22534555 0.24491602 0.24796216 0.27855707 0.29185128
 0.33772383 0.34208925 0.39110617 0.3996584  0.46565434 0.47509957
 0.58439824]",2001.0,2001.0,19
3,dui,California,[1983 1984 1985 1986 1987 1988 1989],"[0.09516666 0.1034199  0.103973   0.09945644 0.08753407 0.14220225
 0.09839279]","[0.09516666 0.18874443 0.27309311 0.34538869 0.40268948 0.48762838
 0.53804205]",1989.0,1989.0,7
3,dui,Colorado,"[1983 1984 1985 1986 1987 1988 1989 1990 1991 1992 1993 1994 1995 1996
 1997 1998 1999 2000 2001 2002 2003 2004]","[0.07856539 0.0910947  0.08679554 0.08119588 0.08047765 0.06861404
 0.04105844 0.05625565 0.03983025 0.02975071 0.10611993 0.2100883
 0.17257701 0.13010437 0.20288157 0.21143311 0.18973863 0.22228489
 0.38219307 0.3914069  0.40373548 0.39215497]","[0.07856539 0.1625032  0.23519418 0.29729326 0.35384545 0.39818072
 0.42289048 0.45535615 0.47704945 0.49260761 0.54645205 0.64173717
 0.7035651  0.74213257 0.79444912 0.83790938 0.86866423 0.89785819
 0.93689608 0.96159539 0.97710069 0.98608077]",2004.0,1993.0,22
3,dui,Connecticut,"[1983 1984 1985 1986 1987 1988 1989 1990 1991 1992 1993 1994 1995 1996
 1997 1998 1999 2000 2001 2002]","[0.01523144 0.01720336 0.01832018 0.01159626 0.01380326 0.02985667
 0.05664666 0.04441899 0.05408398 0.04512694 0.06627019 0.05207401
 0.05145222 0.08320348 0.04122704 0.03055051 0.04517902 0.12189681
 0.08913149 0.17216662]","[0.01523144 0.03217277 0.04990354 0.0609211  0.07388344 0.1015342
 0.15242929 0.19007752 0.23388135 0.26845395 0.31693365 0.35250365
 0.38581877 0.43692079 0.46013488 0.47662803 0.50027347 0.56118854
 0.60030046 0.66911538]",2002.0,1999.0,20
3,dui,Delaware,"[1983 1984 1985 1986 1987 1988 1989 1990 1991 1992 1993 1994 1995 1996
 1997 1998 1999 2000 2001 2002 2003 2004]","[0.05091769 0.05371975 0.04639395 0.04427944 0.02660226 0.04353606
 0.02963794 0.05413778 0.03970122 0.0290739  0.05437765 0.0477638
 0.07962095 0.04805331 0.07116146 0.05860978 0.06543944 0.1022737
 0.08155319 0.10887765 0.21566769 0.30379628]","[0.05091769 0.10190215 0.14356846 0.18149077 0.20326496 0.23795167
 0.26053721 0.30057008 0.3283383  0.34786613 0.38332764 0.41278225
 0.45953709 0.48550812 0.52212011 0.55012855 0.57956788 0.62256703
 0.6533479  0.69109056 0.75771235 0.83131843]",2004.0,1997.0,22
3,dui,Florida,[1983 1984 1985 1986 1987 1988 1989 1990 1991 1992 1993 1994 1995 1996],"[0.06453497 0.06735692 0.07487625 0.06626647 0.06652801 0.04140187
 0.02949637 0.04082591 0.02899789 0.02168335 0.0488123  0.0488123
 0.0488123  0.0488123 ]","[0.06453497 0.12754501 0.19287117 0.24635675 0.29649513 0.32562155
 0.34551327 0.37223328 0.3904372  0.40365456 0.43276355 0.46045167
 0.48678826 0.51183931]",1993.0,1996.0,14
3,dui,Georgia,"[1983 1984 1985 1986 1987 1988 1989 1990 1991 1992 1993 1994 1995 1996
 1997 1998 1999 2000 2001]","[0.04618328 0.056643   0.04773854 0.04355845 0.06768381 0.04153155
 0.02127067 0.03719674 0.02307121 0.02106828 0.08663107 0.19370089
 0.22001312 0.14785163 0.23790079 0.24746525 0.26645122 0.24907016
 0.23696376]","[0.04618328 0.10021032 0.14316497 0.18048737 0.2359551  0.26768707
 0.28326386 0.30992411 0.325845   0.34004828 0.39722061 0.51397951
 0.6209104  0.67695941 0.75381102 0.81473424 0.86409853 0.89794753
 0.92213027]",2001.0,1994.0,19
3,dui,Idaho,"[1983 1984 1985 1986 1987 1988 1989 1990 1991 1992 1993 1994 1995 1996
 1997]","[0.06411356 0.06695698 0.05765725 0.06779664 0.07199901 0.04729515
 0.02541884 0.03831374 0.03710699 0.03229522 0.05613426 0.10523948
 0.05631719 0.0362862  0.04589992]","[0.06411356 0.12677769 0.17712529 0.23291343 0.2881429  0.32181029
 0.33904908 0.36437259 0.38795881 0.40772482 0.44097175 0.49980359
 0.52797325 0.54510131 0.56598112]",1997.0,1995.0,15
3,dui,Illinois,"[1983 1984 1985 1986 1987 1988 1989 1990 1991 1992 1993 1994 1995 1996
 1997]","[0.03503425 0.03994188 0.04278266 0.03956978 0.03750812 0.06755443
 0.04002505 0.05460093 0.03482144 0.03085014 0.05375028 0.06739643
 0.07756197 0.06282062 0.04904002]","[0.03503425 0.0735768  0.11321165 0.14830167 0.18024727 0.23562521
 0.26621935 0.30628445 0.33044063 0.35109663 0.38597537 0.42735844
 0.47177365 0.50495715 0.52923407]",1997.0,1996.0,15
3,dui,Indiana,"[1983 1984 1985 1986 1987 1988 1989 1990 1991 1992 1993 1994 1995 1996
 1997 1998 1999 2000 2001]","[0.04622417 0.05655443 0.05342942 0.05786817 0.04751067 0.04728839
 0.02918163 0.04301883 0.03111278 0.02217517 0.04122778 0.09190617
 0.05738448 0.03661425 0.10541542 0.1355737  0.14136698 0.20768007
 0.1795294 ]","[0.04622417 0.10016442 0.14824211 0.19753178 0.23565759 0.27180211
 0.2930521  0.32346418 0.34451309 0.35904862 0.38547362 0.44195239
 0.47397566 0.49323565 0.54665643 0.60811789 0.66351708 0.73339788
 0.7812608 ]",2001.0,1997.0,19
3,dui,Iowa,"[1983 1984 1985 1986 1987 1988 1989 1990 1991 1992 1993 1994 1995 1996
 1997 1998 1999 2000 2001 2002 2003]","[0.04184842 0.06384945 0.03144862 0.03912869 0.03431846 0.06161092
 0.03365117 0.04932669 0.03117859 0.0245911  0.04123317 0.0768158
 0.06368507 0.04038599 0.09189204 0.10631263 0.1128312  0.11021758
 0.1548368  0.24368949 0.29854881]","[0.04184842 0.10302587 0.13123447 0.16522813 0.19387621 0.24354224
 0.26899793 0.30505584 0.32672322 0.34327984 0.37035849 0.41872491
 0.45574346 0.4777238  0.52571682 0.57613912 0.62396385 0.66540964
 0.71721654 0.7861279  0.84997916]",2003.0,1997.0,21
3,dui,Kansas,"[1983 1984 1985 1986 1987 1988 1989 1990 1991 1992 1993 1994 1995 1996
 1997 1998 1999 2000 2001 2002]","[0.050118   0.04761842 0.04882435 0.04638496 0.04982058 0.0376771
 0.01896232 0.03101282 0.01902282 0.01939002 0.03220491 0.03220491
 0.03220491 0.03220491 0.03220491 0.03220491 0.03220491 0.03220491
 0.03220491 0.03220491]","[0.050118   0.09534988 0.13951884 0.17943222 0.22031338 0.24968972
 0.26391734 0.28674534 0.30031345 0.31388039 0.3359768  0.35736161
 0.37805772 0.39808731 0.41747185 0.43623212 0.45438821 0.47195958
 0.48896508 0.50542291]",1993.0,2002.0,20
3,dui,Kentucky,"[1983 1984 1985 1986 1987 1988 1989 1990 1991 1992 1993 1994 1995 1996
 1997 1998 1999 2000]","[0.00953199 0.04441082 0.0140544  0.06304446 0.01110743 0.04688019
 0.00486762 0.03905259 0.00459393 0.02132987 0.00820157 0.13391917
 0.01659136 0.04549032 0.02016991 0.12295738 0.01762425 0.06651576]","[0.00953199 0.05351949 0.06682171 0.12565342 0.13536517 0.17589942
 0.17991083 0.21193743 0.21555774 0.23228979 0.23858623 0.34055413
 0.35149523 0.38099592 0.39348117 0.46805714 0.47743223 0.51219123]",2000.0,2000.0,18
3,dui,Louisiana,"[1983 1984 1985 1986 1987 1988 1989 1990 1991 1992 1993 1994 1995 1996
 1997 1998 1999 2000 2001]","[0.04770963 0.04452974 0.05610391 0.06171451 0.0576225  0.03812282
 0.01969378 0.02885502 0.01574515 0.01504464 0.03048415 0.09112521
 0.04790091 0.03085063 0.043022   0.05984633 0.10839872 0.08652087
 0.19428362]","[0.04770963 0.09011487 0.14116299 0.1941657  0.24059989 0.26955036
 0.28393568 0.30459773 0.31554694 0.32584429 0.34639536 0.40595522
 0.4344105  0.4518593  0.4754414  0.50683431 0.56029284 0.59833668
 0.67637329]",2001.0,1998.0,19
3,dui,Maine,"[1983 1984 1985 1986 1987 1988 1989 1990 1991 1992 1993 1994 1995 1996
 1997 1998 1999 2000 2001 2002 2003 2004 2005 2006 2007]","[0.02312191 0.02094115 0.03725524 0.02360645 0.01465717 0.02608837
 0.02608837 0.02608837 0.02608837 0.02608837 0.02608837 0.02608837
 0.02608837 0.02608837 0.02608837 0.02608837 0.02608837 0.02608837
 0.02608837 0.02608837 0.02608837 0.02608837 0.02608837 0.02608837
 0.02608837]","[0.02312191 0.04357886 0.07921056 0.10094713 0.1141247  0.13723574
 0.15974385 0.18166476 0.20301379 0.22380586 0.24405549 0.26377685
 0.28298371 0.30168949 0.31990727 0.33764978 0.35492942 0.37175826
 0.38814806 0.40411027 0.41965606 0.43479629 0.44954153 0.46390209
 0.47788801]",1988.0,,25
3,dui,Maryland,"[1983 1984 1985 1986 1987 1988 1989 1990 1991 1992 1993 1994 1995 1996
 1997 1998 1999 2000 2001]","[0.02421946 0.03262397 0.02943212 0.02647714 0.01692171 0.03574289
 0.06419244 0.05493624 0.06145878 0.04665867 0.05334672 0.06829253
 0.08523142 0.14078494 0.08857359 0.05807428 0.06171084 0.08118393
 0.05852713]","[0.02421946 0.0560533  0.08383566 0.10809306 0.12318566 0.15452554
 0.2087986  0.25226423 0.29821916 0.33096332 0.36665423 0.40990702
 0.46020148 0.53619699 0.57727768 0.60182698 0.62639857 0.656729
 0.67681967]",2001.0,1996.0,19
3,dui,Massachusetts,"[1983 1984 1985 1986 1987 1988 1989 1990 1991 1992 1993 1994 1995 1996
 1997 1998 1999 2000 2001 2002 2003]","[0.01645554 0.01442073 0.00888142 0.00936    0.00889804 0.01845259
 0.02756589 0.01742223 0.05155941 0.07886171 0.10783251 0.07509315
 0.09339388 0.09788463 0.04689311 0.04128819 0.05447579 0.11353848
 0.07983316 0.18466162 0.19320941]","[0.01645554 0.03063896 0.03924826 0.0482409  0.05670969 0.07411584
 0.09963866 0.11532496 0.16093828 0.22710812 0.31045099 0.3622314
 0.42179508 0.47839246 0.50285226 0.52337859 0.54934292 0.60050984
 0.6324024  0.70028357 0.7581916 ]",2003.0,1997.0,21
3,dui,Michigan,"[1983 1984 1985 1986 1987 1988 1989 1990 1991 1992 1993 1994 1995 1996
 1997 1998 1999 2000 2001 2002 2003]","[0.02731718 0.03452381 0.0383817  0.02653271 0.0246347  0.03991868
 0.05236645 0.04884143 0.04712341 0.03391661 0.05482461 0.05772515
 0.07446583 0.0561762  0.0968932  0.08770895 0.12576347 0.10781346
 0.12322481 0.12048528 0.37086338]","[0.02731718 0.06089789 0.09694223 0.1209028  0.1425591  0.17678701
 0.21989575 0.25799716 0.29296286 0.31694317 0.35439149 0.39165934
 0.43695994 0.46858939 0.52007946 0.56217278 0.61723545 0.65850263
 0.70058357 0.73665885 0.83432244]",2003.0,1997.0,21
3,dui,Minnesota,"[1983 1984 1985 1986 1987 1988 1989 1990 1991 1992 1993 1994 1995 1996
 1997 1998 1999 2000 2001 2002 2003 2004]","[0.02983008 0.04275239 0.04035701 0.03360352 0.02708882 0.05949968
 0.04366356 0.05960702 0.04099248 0.03430129 0.06924244 0.07094256
 0.0736986  0.06435409 0.05901046 0.06291563 0.07442974 0.07170867
 0.04762075 0.08059709 0.3618361  0.38231467]","[0.02983008 0.07130716 0.10878643 0.13873434 0.16206501 0.21192187
 0.24633217 0.29125606 0.32030923 0.3436235  0.38907261 0.43241337
 0.47424371 0.50807828 0.5371068  0.56623002 0.5985154  0.62730533
 0.64505333 0.673661   0.79174223 0.87136223]",2004.0,1996.0,22
3,dui,Mississippi,"[1983 1984 1985 1986 1987 1988 1989 1990 1991 1992 1993 1994 1995 1996
 1997 1998 1999 2000 2001 2002]","[0.04620151 0.03842547 0.04796185 0.04973596 0.0664437  0.03984665
 0.02325158 0.02941695 0.01671431 0.01194691 0.02425877 0.06727719
 0.0499707  0.03344655 0.05901511 0.07601489 0.08789852 0.08192454
 0.24866642 0.34598141]","[0.04620151 0.08285166 0.12683979 0.17026725 0.22539777 0.25626307
 0.27355612 0.29492589 0.30671072 0.31499339 0.33161081 0.37657815
 0.40773098 0.42754034 0.46132411 0.5022715  0.5460211  0.58321311
 0.68685401 0.7951967 ]",2002.0,1998.0,20
3,dui,Missouri,"[1983 1984 1985 1986 1987 1988 1989 1990 1991 1992 1993 1994 1995 1996
 1997 1998 1999 2000 2001]","[0.03910075 0.0515889  0.04761176 0.04574093 0.04189509 0.0601846
 0.03087977 0.0544605  0.03510386 0.02745027 0.06495917 0.12831375
 0.10014525 0.06490544 0.13342575 0.13772409 0.15736382 0.18504667
 0.28583423]","[0.03910075 0.08867248 0.13206239 0.17176266 0.20646174 0.25422052
 0.27725002 0.31661134 0.34060092 0.3587016  0.40035981 0.47730189
 0.52964763 0.56017606 0.61885989 0.67135207 0.72306936 0.77431446
 0.83882311]",2001.0,1995.0,19
3,dui,Montana,"[1983 1984 1985 1986 1987 1988 1989 1990 1991 1992 1993 1994 1995 1996
 1997 1998 1999 2000 2001 2002 2003]","[0.04762385 0.01034011 0.03464675 0.00955996 0.03779605 0.00817968
 0.02454223 0.00583977 0.02312618 0.00392685 0.04259208 0.01148514
 0.05573279 0.00552655 0.05717944 0.02148316 0.1190247  0.02290287
 0.07545883 0.05593625 0.33566732]","[0.04762385 0.05747152 0.09012708 0.09882542 0.13288626 0.13997897
 0.1610858  0.16598487 0.18527246 0.18847177 0.22303644 0.23195997
 0.27476499 0.27877304 0.32001239 0.33462067 0.41381725 0.42724251
 0.47046212 0.50008249 0.66788846]",2003.0,2002.0,21
3,dui,Nevada,"[1983 1984 1985 1986 1987 1988 1989 1990 1991 1992 1993 1994 1995 1996
 1997 1998 1999 2000 2001 2002 2003]","[0.13178202 0.03219683 0.13739981 0.02910851 0.09780685 0.02121267
 0.10357088 0.0260725  0.09267668 0.01485787 0.1582071  0.05511064
 0.23737481 0.03140121 0.27471785 0.08314364 0.26471337 0.07685511
 0.35472624 0.09413387 0.34093035]","[0.13178202 0.15973589 0.27518801 0.29628621 0.36511424 0.37858186
 0.44294268 0.45746656 0.50774676 0.51506059 0.59178145 0.61427863
 0.70583917 0.71507618 0.79334983 0.81053148 0.86068633 0.8713933
 0.91701347 0.92482531 0.95045465]",2003.0,1991.0,21
3,dui,New Hampshire,[1983 1984 1985 1986 1987 1988 1989 1990 1991 1992 1993],"[0.04743137 0.00854671 0.04456282 0.04415904 0.05784465 0.07130855
 0.04732575 0.06617459 0.08932888 0.08377924 0.12647752]","[0.04743137 0.05557271 0.09765905 0.13750556 0.18739625 0.24534184
 0.2810566  0.32863239 0.38860491 0.43982712 0.5106764 ]",1993.0,1993.0,11
3,dui,New Jersey,"[1983 1984 1985 1986 1987 1988 1989 1990 1991 1992 1993 1994 1995 1996
 1997 1998 1999 2000 2001 2002 2003 2004]","[0.01967107 0.02809571 0.02057388 0.01549518 0.01856352 0.040208
 0.05362918 0.05819385 0.05744111 0.03947457 0.060262   0.05912421
 0.05759547 0.06548553 0.03574656 0.04152671 0.03992378 0.05655101
 0.03187346 0.09476618 0.19376305 0.34838517]","[0.01967107 0.04721411 0.06681661 0.08127645 0.09833119 0.13458549
 0.18099697 0.22865791 0.27296465 0.30166406 0.34374718 0.38254761
 0.41811007 0.45621544 0.47565387 0.49742824 0.51749281 0.54477907
 0.55928854 0.60105308 0.67835425 0.79041086]",2004.0,1999.0,22
3,dui,New Mexico,[1983 1984 1985 1986 1987 1988 1989 1990 1991 1992 1993 1994],"[0.05551766 0.0530319  0.08522787 0.08718563 0.06381663 0.0624437
 0.03610033 0.05408423 0.03390627 0.03416735 0.05495962 0.05495962]","[0.05551766 0.10560535 0.1818327  0.25316513 0.30082561 0.34448465
 0.36814897 0.40232214 0.42258717 0.44231584 0.47296595 0.50193154]",1993.0,1994.0,12
3,dui,New York,"[1983 1984 1985 1986 1987 1988 1989 1990 1991 1992 1993 1994 1995 1996
 1997 1998 1999 2000 2001 2002]","[0.02761926 0.0325172  0.02685395 0.02360765 0.02201713 0.04322908
 0.06659508 0.03587212 0.07844671 0.08671999 0.07286599 0.06139569
 0.07312498 0.0971749  0.05611644 0.04439481 0.05536767 0.07855537
 0.05672524 0.0852696 ]","[0.02761926 0.05923836 0.08450153 0.1061143  0.1257951  0.16358617
 0.21928722 0.24729304 0.30634042 0.36649458 0.41265557 0.44871599
 0.48902862 0.53868221 0.56456973 0.58390057 0.60693903 0.63781608
 0.65836105 0.68749247]",2002.0,1996.0,20
3,dui,North Carolina,"[1983 1984 1985 1986 1987 1988 1989 1990 1991 1992 1993 1994 1995 1996
 1997 1998 1999]","[0.06322212 0.0539928  0.04374913 0.06293432 0.06245051 0.04575704
 0.02217551 0.03190646 0.02857076 0.01747615 0.03833661 0.03833661
 0.03833661 0.03833661 0.03833661 0.03833661 0.03833661]","[0.06322212 0.11380138 0.15257179 0.20590411 0.2554958  0.28956211
 0.30531643 0.32748132 0.34669569 0.35811294 0.38272071 0.40638511
 0.42914229 0.45102704 0.47207281 0.49231175 0.51177479]",1993.0,1999.0,17
3,dui,North Dakota,"[1983 1984 1985 1986 1987 1988 1989 1990 1991 1992 1993 1994 1995 1996
 1997 1998 1999 2000 2001 2002 2003 2004]","[0.01169642 0.00264402 0.01838655 0.00227712 0.01690323 0.00684805
 0.03848996 0.01075614 0.04141914 0.00611061 0.04804864 0.00797248
 0.03735912 0.00957258 0.04818595 0.00677379 0.03659406 0.00781972
 0.02532424 0.010127   0.16425896 0.16425896]","[0.01169642 0.01430952 0.03243297 0.03463624 0.050954   0.05745312
 0.09373171 0.10347966 0.14061276 0.14586414 0.18690421 0.1933866
 0.22352096 0.23095388 0.26801109 0.27296943 0.29957443 0.30505157
 0.32265061 0.32951013 0.43964409 0.53168757]",2003.0,2004.0,22
3,dui,Ohio,"[1983 1984 1985 1986 1987 1988 1989 1990 1991 1992 1993 1994 1995 1996
 1997 1998 1999 2000 2001 2002 2003]","[0.03720593 0.0518641  0.05781712 0.04497074 0.04764326 0.06738249
 0.03762274 0.05501764 0.03328473 0.02668542 0.0460736  0.07709322
 0.06659494 0.04809444 0.07807153 0.06759985 0.06847523 0.13009494
 0.14058411 0.14336917 0.27641797]","[0.03720593 0.08714037 0.13991928 0.17859775 0.21773204 0.2704432
 0.29789112 0.3365195  0.35860327 0.37571921 0.40448208 0.45039247
 0.48699356 0.51166632 0.54979128 0.58022532 0.60896948 0.65984057
 0.70766159 0.7495739  0.81879617]",2003.0,1996.0,21
3,dui,Oklahoma,"[1983 1984 1985 1986 1987 1988 1989 1990 1991 1992 1993 1994 1995 1996
 1997 1998 1999 2000 2001]","[0.0568222  0.04779255 0.04726908 0.05064012 0.05374399 0.04217275
 0.01821078 0.03405966 0.02208028 0.02009593 0.06124502 0.13453995
 0.0636578  0.03245382 0.06706078 0.08380748 0.11869218 0.14287755
 0.26816961]","[0.0568222  0.10189908 0.14435148 0.18768162 0.23133885 0.26375541
 0.277163   0.30178258 0.31719941 0.33092092 0.37189869 0.45640341
 0.49100757 0.50752632 0.54055199 0.57905717 0.62901979 0.68202454
 0.76729589]",2001.0,1996.0,19
3,dui,Oregon,"[1983 1984 1985 1986 1987 1988 1989 1990 1991 1992 1993 1994 1995 1996
 1997 1998 1999 2000 2001 2002]","[0.02953638 0.02953638 0.02953638 0.02953638 0.02953638 0.02953638
 0.02953638 0.02953638 0.02953638 0.02953638 0.02953638 0.02953638
 0.02953638 0.02953638 0.02953638 0.02953638 0.02953638 0.02953638
 0.02953638 0.02953638]","[0.02953638 0.05820037 0.08601773 0.11301346 0.13921183 0.1646364
 0.18931002 0.21325487 0.23649248 0.25904373 0.2809289  0.30216766
 0.3227791  0.34278176 0.36219361 0.3810321  0.39931418 0.41705626
 0.43427431 0.45098381]",1983.0,,20
3,dui,Pennsylvania,"[1983 1984 1985 1986 1987 1988 1989 1990 1991 1992 1993 1994 1995 1996
 1997 1998 1999 2000 2001 2002 2003]","[0.02814625 0.03390034 0.0329418  0.02177621 0.0241966  0.05478242
 0.04715048 0.06279823 0.04034364 0.03219994 0.06033145 0.0681933
 0.06613254 0.05588391 0.0524835  0.05104682 0.06331504 0.08131399
 0.06983602 0.09759407 0.15267289]","[0.02814625 0.06109242 0.09202173 0.11179405 0.13328562 0.18076632
 0.21939359 0.26841428 0.29792911 0.32053575 0.36152882 0.40506827
 0.44441262 0.47546102 0.50299066 0.52836141 0.55822322 0.59414586
 0.62248909 0.65933192 0.7113427 ]",2003.0,1997.0,21
3,dui,Rhode Island,"[1983 1984 1985 1986 1987 1988 1989 1990 1991 1992 1993 1994 1995 1996
 1997 1998 1999 2000 2001 2002 2003 2004 2005 2006 2007 2008]","[0.01378218 0.0151845  0.01695245 0.01285923 0.01087879 0.01479991
 0.05747393 0.03516412 0.04854156 0.03981564 0.04212918 0.03623487
 0.04093934 0.04991275 0.03181617 0.01978212 0.02803204 0.02049379
 0.02049379 0.02049379 0.02049379 0.02049379 0.02049379 0.02049379
 0.02049379 0.02049379]","[0.01378218 0.02875741 0.04522234 0.05750005 0.06775331 0.08155048
 0.13433738 0.16477765 0.20532064 0.23696131 0.26910751 0.2955913
 0.32442933 0.35814892 0.37857016 0.39086336 0.40793871 0.42007228
 0.4319572  0.44359855 0.45500132 0.46617041 0.4771106  0.48782658
 0.49832296 0.50860422]",2000.0,2008.0,26
3,dui,South Carolina,"[1983 1984 1985 1986 1987 1988 1989 1990 1991 1992 1993 1994 1995 1996
 1997 1998 1999 2000 2001 2002 2003]","[0.05871759 0.04872516 0.04964562 0.06035948 0.04751028 0.04363499
 0.02022579 0.03265111 0.0256503  0.01947758 0.10842669 0.20005544
 0.13837002 0.09590223 0.16492152 0.17740784 0.16123887 0.21310949
 0.4216399  0.31447459 0.32067419]","[0.05871759 0.10458172 0.14903531 0.2003991  0.23838836 0.27162128
 0.28635331 0.30965467 0.32736223 0.34046359 0.41197494 0.52961255
 0.59470007 0.63356924 0.69400156 0.74828808 0.78887382 0.83386682
 0.9039152  0.93413142 0.95525378]",2003.0,1994.0,21
3,dui,South Dakota,"[1983 1984 1985 1986 1987 1988 1989 1990 1991 1992 1993 1994 1995 1996
 1997 1998 1999 2000 2001 2002]","[0.03063047 0.04572552 0.04504029 0.04276141 0.01949441 0.04130126
 0.04120645 0.03569576 0.02552648 0.02074782 0.04299895 0.06834776
 0.05365273 0.0369632  0.05637777 0.0665534  0.06840505 0.06326108
 0.05553208 0.09460681]","[0.03063047 0.0749554  0.11661968 0.15439427 0.17087885 0.2051226
 0.23787668 0.26508125 0.28384113 0.29869987 0.32885504 0.37472629
 0.40827393 0.43014602 0.46227312 0.49806067 0.53239585 0.56197699
 0.58630132 0.62544003]",2002.0,1999.0,20
3,dui,Tennessee,"[1983 1984 1985 1986 1987 1988 1989 1990 1991 1992 1993 1994 1995 1996
 1997 1998 1999 2000 2001 2002]","[0.05120976 0.04519288 0.05379493 0.04505312 0.04599871 0.05509785
 0.03247984 0.04323481 0.02655769 0.02202183 0.05343466 0.13985215
 0.11506126 0.06900326 0.12184058 0.15394184 0.1679465  0.17576861
 0.35114875 0.37565824]","[0.05120976 0.09408832 0.14282178 0.18144033 0.21909303 0.26211932
 0.28608557 0.31695152 0.33509171 0.34973421 0.38448094 0.4705626
 0.53148034 0.56380972 0.6169554  0.67592199 0.73034976 0.77774581
 0.85579009 0.90996373]",2002.0,1995.0,20
3,dui,Texas,"[1983 1984 1985 1986 1987 1988 1989 1990 1991 1992 1993 1994 1995 1996
 1997 1998 1999]","[0.06092025 0.01404024 0.06402967 0.01291316 0.06430718 0.00785489
 0.01945608 0.00628753 0.02029117 0.00368771 0.055507   0.02685095
 0.09162413 0.01167648 0.10594299 0.02588341 0.11953345]","[0.06092025 0.07410516 0.1333899  0.14458057 0.19959018 0.20587732
 0.22132783 0.22622376 0.24192459 0.24472015 0.28664347 0.30579777
 0.36940344 0.37676659 0.4427938  0.4572162  0.52209702]",1999.0,1999.0,17
3,dui,Utah,"[1983 1984 1985 1986 1987 1988 1989 1990 1991 1992 1993 1994 1995 1996
 1997 1998 1999 2000 2001 2002]","[0.03429293 0.03429293 0.03429293 0.03429293 0.03429293 0.03429293
 0.03429293 0.03429293 0.03429293 0.03429293 0.03429293 0.03429293
 0.03429293 0.03429293 0.03429293 0.03429293 0.03429293 0.03429293
 0.03429293 0.03429293]","[0.03429293 0.06740986 0.0993911  0.13027562 0.16010102 0.18890362
 0.21671849 0.24357951 0.26951938 0.2945697  0.31876098 0.34212266
 0.3646832  0.38647008 0.40750981 0.42782804 0.44744949 0.46639807
 0.48469684 0.5023681 ]",1983.0,2002.0,20
3,dui,Vermont,"[1989 1990 1991 1992 1993 1994 1995 1996 1997 1998 1999 2000 2001 2002
 2003 2004 2005 2006 2007 2008 2009 2010]","[0.04160581 0.03796821 0.02810114 0.02810114 0.02810114 0.02810114
 0.02810114 0.02810114 0.02810114 0.02810114 0.02810114 0.02810114
 0.02810114 0.02810114 0.02810114 0.02810114 0.02810114 0.02810114
 0.02810114 0.02810114 0.02810114 0.02810114]","[0.04160581 0.07799433 0.10390374 0.12908507 0.15355877 0.17734473
 0.20046228 0.2229302  0.24476675 0.26598967 0.28661619 0.30666309
 0.32614665 0.3450827  0.36348662 0.38137337 0.39875748 0.41565308
 0.4320739  0.44803327 0.46354416 0.47861918]",1991.0,,22
3,dui,Virginia,[1983 1984 1985 1986 1987 1988 1989 1990 1991 1992 1993 1994 1995],"[0.05010315 0.04838697 0.0495891  0.04931277 0.0757874  0.04866453
 0.02231401 0.03674316 0.02732626 0.01947445 0.05883898 0.12883647
 0.12883647]","[0.05010315 0.09606579 0.14089107 0.18325611 0.24515501 0.28188918
 0.29791312 0.32371001 0.34219049 0.35500096 0.39295205 0.47116196
 0.53929559]",1994.0,1995.0,13
3,dui,Washington,"[1983 1984 1985 1986 1987 1988 1989 1990 1991 1992 1993 1994 1995 1996
 1997 1998]","[0.10030011 0.10870209 0.10478325 0.09538114 0.07434597 0.12923349
 0.13132698 0.18286732 0.14341955 0.11373407 0.15611176 0.20074905
 0.20574667 0.15709976 0.43322552 0.41990721]","[0.10030011 0.19809936 0.28212512 0.35059684 0.39887735 0.47656253
 0.54530399 0.62845303 0.68174013 0.71793712 0.76197046 0.80975466
 0.848897   0.87263525 0.92781291 0.95812479]",1998.0,1989.0,16
3,dui,West Virginia,"[1983 1984 1985 1986 1987 1988 1989 1990 1991 1992 1993 1994 1995 1996
 1997 1998 1999 2000 2001 2002 2003 2004]","[0.02196117 0.02929155 0.04022831 0.01856862 0.02286517 0.04823979
 0.04542697 0.06172973 0.04572357 0.05023256 0.05290067 0.06003926
 0.05204156 0.0839459  0.04554438 0.03490617 0.04666243 0.11910769
 0.092465   0.10224392 0.22290411 0.27002357]","[0.02196117 0.05060944 0.08880181 0.10572151 0.12616933 0.16832274
 0.20610332 0.25511035 0.28916936 0.32487621 0.36059071 0.39898037
 0.43025836 0.47808584 0.50185609 0.51924439 0.54167762 0.59626734
 0.63359847 0.6710608  0.7443827  0.8134054 ]",2004.0,1997.0,22
3,dui,Wisconsin,"[1983 1984 1985 1986 1987 1988 1989 1990 1991 1992 1993 1994 1995 1996
 1997 1998 1999 2000 2001 2002 2003]","[0.04125163 0.05704582 0.04441582 0.05393578 0.0411883  0.0578586
 0.03541093 0.05044306 0.03447395 0.02963449 0.05967217 0.05232415
 0.07596695 0.05459783 0.11115513 0.09232368 0.1158162  0.11544564
 0.08799834 0.08776786 0.23241277]","[0.04125163 0.09594422 0.1360986  0.1826938  0.21635725 0.26169773
 0.2878417  0.32376514 0.34707763 0.36642666 0.40423336 0.43540634
 0.4782968  0.50678066 0.56160452 0.6020788  0.64816452 0.68878239
 0.71616903 0.74108027 0.80125652]",2003.0,1996.0,21
3,dui,Wyoming,"[1983 1984 1985 1986 1987 1988 1989 1990 1991 1992 1993 1994 1995 1996
 1997 1998 1999 2000 2001 2002]","[0.05222403 0.05872975 0.05624237 0.05343362 0.05723944 0.03635653
 0.02318805 0.03710143 0.02535904 0.02545474 0.0415721  0.10298729
 0.05970266 0.03572034 0.07737354 0.08886444 0.08651511 0.08910116
 0.12158846 0.15113088]","[0.05222403 0.10788668 0.15806124 0.20304908 0.2486661  0.27598199
 0.29277056 0.31900978 0.33627904 0.35317388 0.3800638  0.44390935
 0.47710944 0.49578727 0.53479999 0.57613973 0.61281005 0.64730912
 0.69019226 0.73701378]",2002.0,1997.0,20
3,hatecrime,Alabama,"[1978 1979 1980 1981 1982 1983 1984 1985 1986 1987 1988 1989 1990 1991
 1992 1993 1994 1995 1996 1997 1998 1999 2000 2001]","[0.02512343 0.0279831  0.02962176 0.02613755 0.01486222 0.02595533
 0.04054229 0.03960689 0.0503464  0.03613863 0.03437488 0.07221079
 0.06642014 0.08704948 0.11419022 0.12818959 0.17781193 0.19647185
 0.17099561 0.1360226  0.10580391 0.10405304 0.32936451 0.29884843]","[0.02512343 0.05240351 0.08047298 0.10450717 0.11781618 0.14071355
 0.17555099 0.20820485 0.24806888 0.27524264 0.30015609 0.35069237
 0.39381947 0.44658717 0.5097815  0.57262241 0.64861524 0.71765246
 0.76593265 0.7977711  0.81916771 0.83798386 0.89134622 0.92381723]",2001.0,1992.0,24
3,hatecrime,Arizona,"[1978 1979 1980 1981 1982 1983 1984 1985 1986 1987 1988 1989 1990 1991
 1992 1993 1994 1995 1996 1997 1998 1999 2000 2001]","[0.0335534  0.02822235 0.03395011 0.03064624 0.02270968 0.03816945
 0.06270935 0.06269202 0.0632059  0.04883687 0.06292042 0.0856286
 0.09015056 0.09258862 0.13358348 0.13276037 0.15861524 0.100748
 0.08753158 0.07093554 0.06778852 0.0828976  0.10644764 0.14907885]","[0.0335534  0.0608288  0.09271376 0.12051867 0.14049141 0.17329838
 0.2251403  0.27371782 0.31962314 0.35285062 0.39356953 0.44549732
 0.49548605 0.5421983  0.60335304 0.65601204 0.71057377 0.73973289
 0.76251448 0.77936064 0.79431746 0.81136805 0.83144747 0.85657509]",2001.0,1991.0,24
3,hatecrime,Arkansas,"[1978 1979 1980 1981 1982 1983 1984 1985 1986 1987 1988 1989 1990 1991
 1992 1993 1994 1995 1996 1997 1998 1999 2000 2001 2002 2003]","[0.00503576 0.03132269 0.00531751 0.03643031 0.00397434 0.03098029
 0.00926109 0.0341274  0.0087426  0.04831556 0.01955605 0.12333743
 0.01753646 0.09562351 0.02691986 0.19533469 0.05456898 0.19230524
 0.03483542 0.11209504 0.02070881 0.10683499 0.07545817 0.24132795
 0.06887772 0.23094294]","[0.00503576 0.03620072 0.04132573 0.07625053 0.07992183 0.10842611
 0.11668305 0.14682837 0.1542873  0.19514839 0.2108881  0.30821514
 0.3203466  0.38533744 0.40188407 0.51871686 0.54497999 0.63248272
 0.64528534 0.6850471  0.6915694  0.72452058 0.74530775 0.80677211
 0.8200812  0.86163218]",,1993.0,26
3,hatecrime,California,[1978 1979 1980 1981 1982 1983 1984 1985 1986 1987 1988 1989 1990],"[0.05610271 0.05610271 0.05610271 0.05610271 0.05610271 0.05610271
 0.05610271 0.05610271 0.05610271 0.05610271 0.05610271 0.05610271
 0.05610271]","[0.05610271 0.1090579  0.15904216 0.20622217 0.25075525 0.29278991
 0.33246631 0.36991676 0.40526613 0.43863231 0.47012656 0.49985389
 0.52791344]",1978.0,1990.0,13
3,hatecrime,Colorado,"[1978 1979 1980 1981 1982 1983 1984 1985 1986 1987 1988 1989 1990 1991
 1992 1993]","[0.03463925 0.03884192 0.03431993 0.03956855 0.02598271 0.02994679
 0.04566385 0.04606081 0.03712307 0.05465625 0.05569733 0.05569733
 0.05569733 0.05569733 0.05569733 0.05569733]","[0.03463925 0.07213571 0.10397995 0.13943417 0.161794   0.18689558
 0.22402506 0.25976709 0.28724681 0.32620323 0.36373192 0.39917035
 0.43263496 0.46423568 0.49407633 0.52225492]",1988.0,1993.0,16
3,hatecrime,Connecticut,[1978 1979 1980 1981 1982 1983 1984 1985 1986 1987 1988 1989 1990],"[0.02358756 0.0142966  0.01721761 0.02427252 0.1214043  0.15199556
 0.10061722 0.10517972 0.06793973 0.09868722 0.14927729 0.20402589
 0.21952905]","[0.02358756 0.03754694 0.05411808 0.07707702 0.18912384 0.31237342
 0.38156049 0.44660779 0.4842051  0.53510747 0.60450536 0.68519651
 0.75430502]",1990.0,1987.0,13
3,hatecrime,Delaware,"[1978 1979 1980 1981 1982 1983 1984 1985 1986 1987 1988 1989 1990 1991
 1992 1993 1994 1995 1996 1997 1998 1999 2000 2001]","[0.02845254 0.0372471  0.03516998 0.03517189 0.07044418 0.0681544
 0.07154176 0.06110158 0.05761066 0.04343262 0.07328485 0.06485224
 0.25724732 0.25893626 0.17361977 0.2181323  0.25073506 0.22151083
 0.15000358 0.16728899 0.1198271  0.12179001 0.24810388 0.18900337]","[0.02845254 0.06463987 0.09753647 0.12927781 0.19061512 0.24577826
 0.29973662 0.34252381 0.38040145 0.40731224 0.45074728 0.48636755
 0.61849812 0.71728279 0.76636809 0.81733075 0.86313234 0.89345001
 0.90943289 0.92458377 0.93362068 0.94170501 0.95616823 0.96445258]",2001.0,1990.0,24
3,hatecrime,Florida,"[1978 1979 1980 1981 1982 1983 1984 1985 1986 1987 1988 1989 1990 1991
 1992 1993 1994 1995 1996 1997]","[0.02698908 0.02908249 0.03276218 0.02841409 0.0195238  0.03021739
 0.05422871 0.05776109 0.05192859 0.04084498 0.03342407 0.03082181
 0.03082181 0.03082181 0.03082181 0.03082181 0.03082181 0.03082181
 0.03082181 0.03082181]","[0.02698908 0.05528666 0.08623754 0.11220126 0.12953446 0.15583766
 0.20161549 0.24773105 0.28679532 0.31592615 0.33879068 0.35917035
 0.37892187 0.39806462 0.41661736 0.43459826 0.45202497 0.46891455
 0.48528356 0.50114805]",1989.0,1997.0,20
3,hatecrime,Georgia,"[1978 1979 1980 1981 1982 1983 1984 1985 1986 1987 1988 1989 1990 1991
 1992 1993 1994 1995 1996 1997 1998 1999 2000]","[0.02163889 0.02030885 0.02574381 0.02493924 0.01621602 0.02140127
 0.0455011  0.03774319 0.03395517 0.04157446 0.03352963 0.05447671
 0.06613853 0.10837598 0.1700155  0.15507322 0.19094891 0.11979123
 0.09346676 0.08630446 0.09181599 0.06577755 0.14098161]","[0.02163889 0.04150828 0.06618351 0.08947219 0.10423732 0.12340778
 0.16329369 0.19487366 0.22221186 0.25454799 0.27954272 0.31879086
 0.36384504 0.43278895 0.52922363 0.60222843 0.67818248 0.7167334
 0.74320941 0.76537158 0.78691422 0.80093048 0.82899562]",2000.0,1992.0,23
3,hatecrime,Idaho,"[1978 1979 1980 1981 1982 1983 1984 1985 1986 1987 1988 1989 1990 1991
 1992 1993 1994 1995 1996 1997 1998 1999 2000]","[0.02610801 0.01835494 0.02520773 0.05096363 0.03299263 0.03001288
 0.03001288 0.03001288 0.03001288 0.03001288 0.03001288 0.03001288
 0.03001288 0.03001288 0.03001288 0.03001288 0.03001288 0.03001288
 0.03001288 0.03001288 0.03001288 0.03001288 0.03001288]","[0.02610801 0.04398374 0.06808274 0.11557663 0.14475608 0.17042441
 0.19532236 0.21947305 0.24289891 0.2656217  0.2876625  0.3090418
 0.32977945 0.34989469 0.36940623 0.38833216 0.40669007 0.42449701
 0.44176951 0.45852362 0.47477488 0.4905384  0.50582881]",1983.0,2000.0,23
3,hatecrime,Illinois,"[1978 1979 1980 1981 1982 1983 1984 1985 1986 1987 1988 1989 1990 1991
 1992 1993 1994 1995]","[0.04358843 0.03784034 0.04355683 0.04118577 0.03319387 0.03954936
 0.03954936 0.03954936 0.03954936 0.03954936 0.03954936 0.03954936
 0.03954936 0.03954936 0.03954936 0.03954936 0.03954936 0.03954936]","[0.04358843 0.07977936 0.11986126 0.15611045 0.18412241 0.21638984
 0.24738112 0.27714671 0.30573509 0.33319282 0.35956462 0.38489343
 0.40922049 0.43258544 0.45502632 0.47657968 0.49728062 0.51716285]",1983.0,1995.0,18
3,hatecrime,Indiana,"[1978 1979 1980 1981 1982 1983 1984 1985 1986 1987 1988 1989 1990 1991
 1992 1993 1994 1995 1996 1997 1998 1999 2000 2001 2002 2003]","[0.03158053 0.03399045 0.03047625 0.02930328 0.02835638 0.05631455
 0.0693853  0.07092764 0.0625957  0.10879407 0.18507837 0.15236057
 0.15674351 0.18976696 0.16456648 0.18881295 0.26307583 0.207112
 0.12019163 0.11379935 0.11779677 0.09256868 0.1651296  0.28050478
 0.30912082 0.30462331]","[0.03158053 0.06449754 0.09300815 0.11958598 0.14455134 0.19272554
 0.24873852 0.30202373 0.34571404 0.41689647 0.52481632 0.59721558
 0.66034942 0.72480388 0.77009193 0.81350155 0.86256479 0.89102927
 0.90412664 0.91503696 0.92504534 0.93198379 0.94321528 0.95914367
 0.97177321 0.98037175]",,1988.0,26
3,hatecrime,Iowa,[1978 1979 1980 1981 1982 1983 1984 1985 1986 1987 1988 1989 1990],"[0.04194872 0.03707137 0.04164341 0.03674657 0.03480652 0.05196966
 0.06895053 0.02864024 0.03519237 0.055751   0.10483513 0.14644539
 0.1502177 ]","[0.04194872 0.07746499 0.1158825  0.14837079 0.17801304 0.22073142
 0.2744624  0.29524197 0.32004407 0.3579523  0.42526145 0.50942926
 0.58312167]",1990.0,1989.0,13
3,hatecrime,Kansas,"[1978 1979 1980 1981 1982 1983 1984 1985 1986 1987 1988 1989 1990 1991
 1992 1993 1994 1995 1996 1997 1998 1999 2000 2001 2002]","[0.02810151 0.02673397 0.0258672  0.0273     0.02085411 0.02327613
 0.03817985 0.03861088 0.0361821  0.05304157 0.15192751 0.10360808
 0.11687463 0.12391085 0.20359888 0.18777705 0.22299077 0.18574383
 0.12387774 0.13325887 0.16198819 0.13694953 0.24320093 0.16468331
 0.20529809]","[0.02810151 0.05408421 0.0785524  0.10370792 0.12239929 0.14282645
 0.1755532  0.20738582 0.23606427 0.27658462 0.38649132 0.45005577
 0.5143303  0.57451004 0.66113932 0.72476958 0.78614342 0.82586596
 0.84743729 0.86776763 0.88918771 0.9043634  0.92762231 0.93954171
 0.95195368]",2002.0,1990.0,25
3,hatecrime,Kentucky,"[1978 1979 1980 1981 1982 1983 1984 1985 1986 1987 1988 1989 1990 1991
 1992 1993 1994 1995 1996 1997 1998 1999 2000 2001]","[0.03681872 0.00662332 0.035108   0.00898121 0.0318748  0.01038577
 0.03893996 0.01294173 0.05394956 0.02275456 0.12938272 0.02621447
 0.13394391 0.03004908 0.1553364  0.04619439 0.33420918 0.04813313
 0.1573256  0.0440634  0.18048953 0.06632148 0.26931354 0.14684578]","[0.03681872 0.04319818 0.07678958 0.08508113 0.11424398 0.12344324
 0.15757632 0.16847875 0.21333895 0.23123907 0.33070345 0.3482487
 0.43554682 0.45250812 0.53755354 0.55891597 0.7063303  0.72046555
 0.76444347 0.77482289 0.815465   0.82770364 0.87410538 0.89259247]",2001.0,1992.0,24
3,hatecrime,Louisiana,"[1978 1979 1980 1981 1982 1983 1984 1985 1986 1987 1988 1989 1990 1991
 1992 1993 1994 1995 1996 1997 1998 1999 2000]","[0.02233095 0.02305898 0.02234545 0.02262955 0.01493107 0.02212758
 0.03568045 0.04443879 0.04831057 0.03524762 0.03075659 0.02058808
 0.0210459  0.02000783 0.03628639 0.07659178 0.11838539 0.23490001
 0.09911638 0.15795507 0.12202861 0.13471351 0.21979623]","[0.02233095 0.044875   0.06621769 0.08734877 0.10097563 0.12086886
 0.15223665 0.18991023 0.22904613 0.25622042 0.27909654 0.29393856
 0.30879826 0.32262771 0.3472071  0.39720567 0.46856771 0.59340116
 0.63370177 0.69156043 0.72919888 0.76567945 0.81718222]",2000.0,1995.0,23
3,hatecrime,Maine,"[1978 1979 1980 1981 1982 1983 1984 1985 1986 1987 1988 1989 1990 1991
 1992 1993 1994 1995 1996 1997 1998 1999 2000 2001]","[0.03737103 0.03040023 0.04156191 0.0343596  0.03563966 0.02614338
 0.01320247 0.02329871 0.01448843 0.0112608  0.01472792 0.0269867
 0.23444522 0.11534971 0.11494122 0.13657751 0.155318   0.1001218
 0.1042282  0.04750475 0.05039254 0.07501012 0.13859053 0.10181122]","[0.03737103 0.06663517 0.10542759 0.13616475 0.16695154 0.18873024
 0.19944101 0.218093   0.22942161 0.23809894 0.24932015 0.26957852
 0.44082235 0.50532332 0.56218206 0.62197815 0.68069174 0.71266146
 0.74261024 0.75483747 0.76719184 0.78465481 0.81449961 0.83338563]",2001.0,1991.0,24
3,hatecrime,Maryland,[1978 1979 1980 1981 1982 1983 1984 1985 1986 1987 1988 1989 1990 1991],"[0.02958503 0.0277105  0.03016687 0.0280877  0.07462575 0.04791873
 0.03634417 0.03234058 0.02871835 0.04042332 0.06201835 0.08391653
 0.09913363 0.09913363]","[0.02958503 0.05647571 0.08493888 0.11064084 0.17700994 0.21644658
 0.24492418 0.26934376 0.29032701 0.31901435 0.36124795 0.41484981
 0.47285787 0.52511538]",1990.0,1991.0,14
3,hatecrime,Massachusetts,"[1978 1979 1980 1981 1982 1983 1984 1985 1986 1987 1988 1989 1990 1991
 1992 1993 1994 1995 1996 1997 1998 1999]","[0.01603934 0.01250054 0.01425967 0.02199224 0.03561357 0.03561357
 0.03561357 0.03561357 0.03561357 0.03561357 0.03561357 0.03561357
 0.03561357 0.03561357 0.03561357 0.03561357 0.03561357 0.03561357
 0.03561357 0.03561357 0.03561357 0.03561357]","[0.01603934 0.02833938 0.04219494 0.06325922 0.0966199  0.1287925
 0.15981931 0.18974115 0.21859736 0.2464259  0.27326337 0.29914506
 0.324105   0.34817604 0.37138982 0.39377688 0.41536665 0.43618753
 0.45626691 0.47563119 0.49430583 0.51231541]",1982.0,1999.0,22
3,hatecrime,Michigan,[1978 1979 1980 1981 1982 1983 1984 1985 1986 1987 1988 1989 1990],"[0.03773898 0.02768526 0.02768576 0.03554621 0.04021067 0.05388026
 0.03845203 0.04213615 0.0287785  0.09951493 0.11707321 0.11707321
 0.11707321]","[0.03773898 0.06437943 0.0902828  0.12261979 0.15789984 0.20327242
 0.23390821 0.26618837 0.28730637 0.35823003 0.4333641  0.49970198
 0.55827347]",1988.0,1990.0,13
3,hatecrime,Minnesota,"[1978 1979 1980 1981 1982 1983 1984 1985 1986 1987 1988 1989 1990 1991
 1992]","[0.04763818 0.02806147 0.03338045 0.04360588 0.03909709 0.03369791
 0.02717724 0.025269   0.02070601 0.03671407 0.05937011 0.07869222
 0.07869222 0.07869222 0.07869222]","[0.04763818 0.07436285 0.10526104 0.14427691 0.1777332  0.20544187
 0.22703577 0.2465678  0.26216837 0.28925717 0.33145405 0.38406342
 0.43253284 0.47718809 0.51832932]",1989.0,1992.0,15
3,hatecrime,Mississippi,"[1978 1979 1980 1981 1982 1983 1984 1985 1986 1987 1988 1989 1990 1991
 1992 1993 1994 1995 1996]","[0.01665469 0.01568681 0.01708546 0.01939765 0.01594367 0.02140993
 0.03075022 0.03792161 0.03882602 0.04127863 0.03215847 0.04263496
 0.03772821 0.03733845 0.0505934  0.05126674 0.0737271  0.0694581
 0.0694581 ]","[0.01665469 0.03208025 0.0486176  0.06707219 0.08194648 0.10160194
 0.12922789 0.16224897 0.1947755  0.22801407 0.25283995 0.2846951
 0.31168227 0.33738298 0.37090703 0.40315858 0.44716196 0.48556104
 0.52129299]",1995.0,1996.0,19
3,hatecrime,Missouri,[1978 1979 1980 1981 1982 1983 1984 1985 1986 1987 1988 1989 1990 1991],"[0.04310287 0.04330053 0.04165553 0.03469406 0.02505195 0.05812358
 0.04351521 0.03957539 0.03751079 0.05647595 0.07621103 0.07621103
 0.07621103 0.07621103]","[0.04310287 0.08453702 0.12267112 0.15310922 0.17432548 0.22231664
 0.25615769 0.28559554 0.31239342 0.35122665 0.40067034 0.44634587
 0.48854042 0.52751928]",1988.0,1991.0,14
3,hatecrime,Montana,"[1978 1979 1980 1981 1982 1983 1984 1985 1986 1987 1988 1989 1990 1991
 1992 1993 1994 1995 1996 1997]","[0.00747893 0.03241351 0.00661198 0.03912196 0.00581906 0.06021724
 0.01154956 0.03805031 0.01038446 0.05102628 0.0116676  0.04495204
 0.04495204 0.04495204 0.04495204 0.04495204 0.04495204 0.04495204
 0.04495204 0.04495204]","[0.00747893 0.03965002 0.04599984 0.0833222  0.0886564  0.14353499
 0.15342679 0.18563916 0.19409585 0.23521814 0.24414131 0.2781187
 0.31056874 0.34156008 0.3711583  0.39942602 0.42642305 0.4522065
 0.47683094 0.50034846]",1989.0,1997.0,20
3,hatecrime,Nevada,[1978 1979 1980 1981 1982 1983 1984 1985 1986 1987 1988 1989],"[0.00654201 0.03097708 0.00626643 0.04838058 0.00704774 0.09838563
 0.03206108 0.1655344  0.03552258 0.11670011 0.02687714 0.10785499]","[0.00654201 0.03731644 0.04334903 0.08963236 0.09604839 0.18498424
 0.21111453 0.34170221 0.36508665 0.4391811  0.45425431 0.51311571]",1989.0,1989.0,12
3,hatecrime,New Hampshire,[1978 1979 1980 1981 1982 1983 1984 1985 1986 1987 1988 1989 1990 1991],"[0.00533838 0.02982051 0.00594365 0.03568257 0.01086067 0.0465306
 0.01463351 0.07337636 0.07181431 0.07373444 0.05791614 0.10136059
 0.10012096 0.10012096]","[0.00533838 0.03499969 0.04073532 0.07496435 0.08501085 0.12758585
 0.14035233 0.20343015 0.26063526 0.31515191 0.35481567 0.42021193
 0.47826087 0.53049789]",1990.0,1991.0,14
3,hatecrime,New Jersey,[1978 1979 1980 1981 1982 1983 1984 1985 1986 1987 1988 1989 1990],"[0.02247767 0.02335932 0.02155527 0.0320484  0.098228   0.09678854
 0.07846216 0.05746844 0.04312061 0.06383657 0.09915985 0.13974012
 0.14698091]","[0.02247767 0.04531193 0.06589049 0.09582721 0.18464229 0.26355958
 0.32134229 0.36034369 0.38792606 0.42699876 0.48381748 0.55594888
 0.62121592]",1990.0,1989.0,13
3,hatecrime,New Mexico,"[1978 1979 1980 1981 1982 1983 1984 1985 1986 1987 1988 1989 1990 1991
 1992 1993 1994 1995 1996 1997 1998 1999 2000 2001 2002 2003]","[0.01584714 0.01445877 0.0162251  0.01738598 0.01120744 0.0345838
 0.02153351 0.04379128 0.03880613 0.04960244 0.07823812 0.05871537
 0.0617815  0.06655149 0.0709209  0.15191229 0.19703959 0.08291395
 0.04778341 0.06096457 0.06449316 0.04594487 0.08882366 0.12590274
 0.19009078 0.18903473]","[0.01584714 0.03007678 0.04581388 0.06240334 0.07291139 0.10497364
 0.1242467  0.16259706 0.19509343 0.23501876 0.29486946 0.33627146
 0.37727761 0.41872071 0.45994556 0.54198646 0.63223326 0.66272626
 0.67884235 0.69842158 0.71787133 0.73083369 0.75474203 0.78562068
 0.82637221 0.85919389]",2003.0,1993.0,26
3,hatecrime,New York,[1978 1979 1980 1981 1982 1983 1984 1985 1986 1987 1988],"[0.02985723 0.02488109 0.02674168 0.04168562 0.08895149 0.08895149
 0.08895149 0.08895149 0.08895149 0.08895149 0.08895149]","[0.02985723 0.05399544 0.0792932  0.11767343 0.1961577  0.26766067
 0.33280335 0.39215149 0.44622052 0.49548003 0.54035784]",1982.0,1988.0,11
3,hatecrime,North Carolina,"[1978 1979 1980 1981 1982 1983 1984 1985 1986 1987 1988 1989 1990 1991
 1992 1993 1994]","[0.02418286 0.02528419 0.02441868 0.02716691 0.01510023 0.02958059
 0.04334825 0.03455876 0.0486163  0.0461442  0.03697239 0.04069922
 0.04089144 0.06288911 0.06288911 0.06288911 0.06288911]","[0.02418286 0.04885561 0.07208129 0.09728998 0.1109211  0.13722058
 0.17462056 0.20314465 0.24188481 0.27686743 0.30360337 0.33194617
 0.35926386 0.39955918 0.43732037 0.47270679 0.50586779]",1991.0,1994.0,17
3,hatecrime,North Dakota,"[1978 1979 1980 1981 1982 1983 1984 1985 1986 1987 1988 1989 1990 1991
 1992 1993 1994 1995 1996 1997 1998 1999 2000 2001 2002]","[0.00524013 0.03362246 0.00700354 0.0291025  0.0059048  0.0132451
 0.00165551 0.01141478 0.00138589 0.01299327 0.00383302 0.12285075
 0.03090293 0.10679433 0.01235873 0.15342693 0.05088771 0.1002442
 0.01595341 0.09047904 0.01469405 0.06996514 0.02231794 0.12890061
 0.03045089]","[0.00524013 0.03868641 0.045419   0.0731997  0.07867227 0.09087535
 0.09238041 0.1027407  0.1039842  0.11562637 0.11901619 0.22724571
 0.25112608 0.33110157 0.3393683  0.440727   0.46918712 0.52239803
 0.53001741 0.57254098 0.57882209 0.60828986 0.61703202 0.66639683
 0.67655534]",2002.0,1995.0,25
3,hatecrime,Ohio,[1978 1979 1980 1981 1982 1983 1984 1985 1986 1987 1988 1989],"[0.04231153 0.04351146 0.04489096 0.0378364  0.04791789 0.06521427
 0.05164985 0.05679249 0.04358933 0.08845861 0.08845861 0.08845861]","[0.04231153 0.08398195 0.12510288 0.15820584 0.19854284 0.25080928
 0.28950487 0.32985566 0.3590668  0.41576286 0.46744366 0.51455285]",1987.0,1989.0,12
3,hatecrime,Oklahoma,"[1978 1979 1980 1981 1982 1983 1984 1985 1986 1987 1988 1989 1990 1991
 1992 1993 1994 1995 1996 1997 1998 1999]","[0.02115941 0.02211628 0.02806608 0.0278228  0.0172109  0.02648988
 0.03832086 0.03736817 0.0395401  0.03282268 0.03282268 0.03282268
 0.03282268 0.03282268 0.03282268 0.03282268 0.03282268 0.03282268
 0.03282268 0.03282268 0.03282268 0.03282268]","[0.02115941 0.04280772 0.06967235 0.09555667 0.11112296 0.1346692
 0.16782942 0.19892611 0.23060065 0.2558544  0.28027925 0.30390242
 0.32675021 0.34884807 0.37022062 0.39089167 0.41088424 0.4302206
 0.44892229 0.46701013 0.48450429 0.50142424]",1987.0,1999.0,22
3,hatecrime,Oregon,[1978 1979 1980 1981 1982 1983 1984 1985 1986],"[0.05932668 0.04807986 0.04360123 0.09622314 0.09622314 0.09622314
 0.09622314 0.09622314 0.09622314]","[0.05932668 0.10455412 0.14359667 0.22600248 0.30047895 0.36778906
 0.42862238 0.48360212 0.53329155]",1981.0,1986.0,9
3,hatecrime,Pennsylvania,[1978 1979 1980 1981 1982 1983 1984 1985 1986 1987 1988 1989 1990 1991],"[0.04819695 0.03882316 0.04392483 0.04523258 0.05285282 0.05285282
 0.05285282 0.05285282 0.05285282 0.05285282 0.05285282 0.05285282
 0.05285282 0.05285282]","[0.04819695 0.08514895 0.12533363 0.16489704 0.20903459 0.25083935
 0.2904346  0.32793713 0.36345755 0.39710062 0.42896555 0.45914633
 0.48773197 0.51480679]",1982.0,1991.0,14
3,hatecrime,Rhode Island,"[1978 1979 1980 1981 1982 1983 1984 1985 1986 1987 1988 1989 1990 1991
 1992 1993 1994 1995 1996 1997 1998]","[0.01727999 0.01655307 0.01311634 0.01679892 0.038136   0.038136
 0.038136   0.038136   0.038136   0.038136   0.038136   0.038136
 0.038136   0.038136   0.038136   0.038136   0.038136   0.038136
 0.038136   0.038136   0.038136  ]","[0.01727999 0.03354703 0.04622335 0.06224577 0.09800796 0.13240632
 0.16549287 0.19731764 0.22792873 0.25737243 0.28569328 0.31293408
 0.33913602 0.36433873 0.3885803  0.4118974  0.43432528 0.45589785
 0.47664773 0.49660629 0.51580371]",1982.0,1998.0,21
3,hatecrime,South Carolina,"[1978 1979 1980 1981 1982 1983 1984 1985 1986 1987 1988 1989 1990 1991
 1992 1993 1994 1995 1996 1997 1998 1999 2000 2001 2002 2003]","[0.02852252 0.02550552 0.02884321 0.02673437 0.01735646 0.02740288
 0.03907622 0.03926744 0.04723503 0.03678537 0.0352427  0.02114372
 0.02383986 0.09698045 0.09957982 0.11585275 0.14037297 0.09763216
 0.06448562 0.05813935 0.05816788 0.03592374 0.19704452 0.30349827
 0.23022789 0.24501627]","[0.02852252 0.05330056 0.08060641 0.10518582 0.12071662 0.14481152
 0.17822905 0.21049789 0.24779005 0.27546038 0.30099511 0.31577467
 0.33208651 0.39686105 0.45692152 0.51983866 0.58724033 0.62753895
 0.65155733 0.67181556 0.69090535 0.70200919 0.76072664 0.83334569
 0.87171416 0.90314628]",,1993.0,26
3,hatecrime,South Dakota,"[1978 1979 1980 1981 1982 1983 1984 1985 1986 1987 1988 1989 1990 1991
 1992 1993]","[0.03725363 0.02484129 0.0282668  0.0273916  0.02086967 0.02813984
 0.02910016 0.03558878 0.02644516 0.01499421 0.03334217 0.04755938
 0.07886174 0.09654641 0.07194894 0.08394746]","[0.03725363 0.06116949 0.08770723 0.11269639 0.13121412 0.15566161
 0.18023199 0.20940654 0.23031391 0.24185474 0.26713295 0.30198765
 0.35703412 0.41911016 0.46090457 0.50616026]",1993.0,1993.0,16
3,hatecrime,Tennessee,"[1978 1979 1980 1981 1982 1983 1984 1985 1986 1987 1988 1989 1990 1991
 1992 1993 1994 1995]","[0.03278539 0.03204012 0.03325493 0.03424802 0.02212017 0.02898636
 0.02875534 0.03386024 0.02788791 0.03560227 0.0587567  0.04486123
 0.04486123 0.04486123 0.04486123 0.04486123 0.04486123 0.04486123]","[0.03278539 0.06377506 0.09490915 0.12590672 0.14524181 0.17001814
 0.19388455 0.22117981 0.24289947 0.26985398 0.31275495 0.34358561
 0.37303317 0.40115967 0.42802439 0.45368392 0.47819233 0.50160126]",1989.0,1995.0,18
3,hatecrime,Texas,"[1978 1979 1980 1981 1982 1983 1984 1985 1986 1987 1988 1989 1990 1991
 1992 1993 1994 1995 1996 1997]","[0.00535659 0.02301071 0.00523115 0.02586561 0.00298272 0.02846636
 0.01117916 0.05080532 0.0099956  0.06839734 0.01120589 0.03579135
 0.00811863 0.04512631 0.01605091 0.06668082 0.06668082 0.06668082
 0.06668082 0.06668082]","[0.00535659 0.02824404 0.03332744 0.05833101 0.06113975 0.08786569
 0.09806259 0.14388581 0.15244319 0.21041382 0.21926184 0.24720551
 0.25331717 0.28701222 0.29845632 0.34523583 0.38889605 0.42964496
 0.4676767  0.50317246]",1993.0,1997.0,20
3,hatecrime,Utah,"[1978 1979 1980 1981 1982 1983 1984 1985 1986 1987 1988 1989 1990 1991
 1992 1993 1994 1995 1996 1997 1998 1999 2000 2001 2002]","[0.01650571 0.01667241 0.0145515  0.01795143 0.01262747 0.0230811
 0.04018934 0.03714419 0.03874593 0.04460041 0.04600406 0.04685951
 0.066411   0.05967544 0.07922983 0.07150262 0.09112916 0.13851635
 0.09177677 0.06481651 0.08144505 0.0844698  0.11603714 0.11952101
 0.10204514]","[0.01650571 0.03290293 0.04697565 0.0640838  0.07590206 0.09723125
 0.13351293 0.16569789 0.1980237  0.23379218 0.26904085 0.30329324
 0.34956223 0.38837739 0.43683614 0.47710384 0.52475492 0.59058414
 0.628159   0.65226044 0.68058211 0.70756327 0.74149679 0.77239336
 0.79561951]",2002.0,1994.0,25
3,hatecrime,Vermont,[1989 1990 1991 1992 1993 1994 1995 1996 1997],"[0.07867915 0.07867915 0.07867915 0.07867915 0.07867915 0.07867915
 0.07867915 0.07867915 0.07867915]","[0.07867915 0.15116789 0.21795329 0.27948406 0.33617364 0.38840294
 0.43652287 0.48085678 0.52170253]",1989.0,1997.0,9
3,hatecrime,Virginia,"[1978 1979 1980 1981 1982 1983 1984 1985 1986 1987 1988 1989 1990 1991
 1992 1993 1994]","[0.02036765 0.02114575 0.02539359 0.01362167 0.01012184 0.02326904
 0.03880227 0.03922225 0.0384919  0.07234783 0.06120117 0.05705389
 0.10015558 0.187096   0.23912468 0.2345954  0.26906658]","[0.02036765 0.04108271 0.06543306 0.07816342 0.0874941  0.10872724
 0.14331065 0.17691194 0.20859416 0.26585066 0.31078145 0.35010405
 0.41519476 0.52460948 0.63828709 0.72314327 0.79763617]",1994.0,1991.0,17
3,hatecrime,Washington,[1978 1979 1980 1981 1982 1983 1984 1985 1986],"[0.00967572 0.0349089  0.00386907 0.10983803 0.10983803 0.10983803
 0.10983803 0.10983803 0.10983803]","[0.00967572 0.04424685 0.04794473 0.15251661 0.24560252 0.32846405
 0.40222424 0.46788275 0.52632947]",1981.0,1986.0,9
3,hatecrime,West Virginia,"[1978 1979 1980 1981 1982 1983 1984 1985 1986 1987 1988 1989 1990 1991
 1992 1993 1994]","[0.03557121 0.04259499 0.03783933 0.0459832  0.05927093 0.03895774
 0.02916767 0.03950232 0.01798296 0.04342126 0.04342126 0.04342126
 0.04342126 0.04342126 0.04342126 0.04342126 0.04342126]","[0.03557121 0.07665105 0.11158995 0.15244189 0.20267745 0.23373933
 0.25608937 0.28547557 0.29832483 0.32879245 0.35793713 0.38581631
 0.41248494 0.43799559 0.46239853 0.48574187 0.50807161]",1987.0,1994.0,17
3,hatecrime,Wisconsin,[1978 1979 1980 1981 1982 1983 1984 1985 1986 1987 1988 1989 1990 1991],"[0.0404551  0.0325422  0.03675985 0.042568   0.03721673 0.07243691
 0.06336847 0.04873061 0.05836196 0.05553743 0.05553743 0.05553743
 0.05553743 0.05553743]","[0.0404551  0.0716808  0.10580567 0.14386974 0.17573211 0.23543953
 0.28388856 0.31878511 0.35854214 0.39416706 0.42781347 0.45959124
 0.48960415 0.51795022]",1987.0,1991.0,14
3,hatecrime,Wyoming,"[1978 1979 1980 1981 1982 1983 1984 1985 1986 1987 1988 1989 1990 1991
 1992 1993 1994 1995 1996 1997 1998 1999 2000 2001 2002 2003]","[0.02814231 0.02447689 0.02603779 0.0222968  0.01579397 0.02428307
 0.04719792 0.04454982 0.0417482  0.03500777 0.04260127 0.05114283
 0.05704484 0.06721343 0.10637365 0.1442405  0.18468063 0.14181898
 0.11624638 0.14469611 0.13823455 0.15481729 0.22537054 0.12448966
 0.18754938 0.17398068]","[0.02814231 0.05193036 0.076616   0.0972045  0.11146323 0.13303963
 0.17395836 0.21075836 0.24370778 0.27018389 0.30127498 0.33700976
 0.37482993 0.41684976 0.47888158 0.55404796 0.63640666 0.6879711
 0.72424333 0.76414425 0.79674766 0.82821464 0.86693    0.88349584
 0.90534612 0.92181407]",,1993.0,26
3,repsodomy,Alabama,"[1973 1974 1975 1976 1977 1978 1979 1980 1981 1982 1983 1984 1985 1986
 1987 1988 1989 1990 1991 1992 1993 1994 1995 1996 1997 1998 1999 2000
 2001 2002 2003]","[0.02467617 0.00220238 0.01818841 0.02186083 0.01878738 0.02278794
 0.01747147 0.01310579 0.01617222 0.01313668 0.01706355 0.01484181
 0.0142685  0.01804175 0.01614542 0.0236825  0.0165698  0.01099989
 0.01018089 0.01419637 0.02251334 0.03117545 0.02038935 0.04094021
 0.04668822 0.08465886 0.05390968 0.03994167 0.04814478 0.04356521
 0.12237547]","[0.02467617 0.0268242  0.04452473 0.06541221 0.08297067 0.10386788
 0.11952462 0.13106395 0.14511658 0.15634691 0.17074263 0.18305031
 0.19470696 0.20923585 0.22200307 0.24042798 0.25301393 0.2612307
 0.26875203 0.27913309 0.29536221 0.31732961 0.33124882 0.35862763
 0.38857216 0.44033495 0.47050631 0.49165518 0.51612932 0.53720925
 0.59384348]",2003.0,2001.0,31
3,repsodomy,Arizona,"[1971 1972 1973 1974 1975 1976 1977 1978 1979 1980 1981 1982 1983 1984
 1985 1986 1987 1988 1989 1990 1991 1992 1993 1994 1995 1996 1997 1998
 1999 2000 2001]","[0.02014736 0.05647852 0.04762624 0.02662939 0.06358839 0.09414836
 0.06421012 0.07372621 0.04347331 0.03729039 0.0467644  0.04938241
 0.06147474 0.07108038 0.05614001 0.05592906 0.05386941 0.06788256
 0.06085826 0.04717656 0.03398742 0.05218199 0.1087361  0.12395667
 0.13124857 0.1489899  0.10781437 0.16184734 0.08530623 0.09044971
 0.10881094]","[0.02014736 0.07548799 0.11951902 0.14296569 0.19746313 0.27302065
 0.31970008 0.36985602 0.39725046 0.41972723 0.44686333 0.47417855
 0.50650329 0.54158123 0.56731686 0.59151642 0.61352119 0.63975636
 0.66168016 0.67764093 0.68859709 0.70484671 0.73694053 0.7695485
 0.79979493 0.82962347 0.8479925  0.87259451 0.88346299 0.89400373
 0.90553729]",2001.0,1983.0,31
3,repsodomy,Arkansas,"[1971 1972 1973 1974 1975 1976 1977 1978 1979 1980 1981 1982 1983 1984
 1985 1986 1987 1988 1989 1990 1991 1992 1993 1994 1995 1996 1997 1998
 1999 2000 2001 2002 2003 2004 2005 2006 2007 2008 2009 2010 2011 2012
 2013 2014 2015 2016 2017 2018 2019 2020 2021]","[0.0256381  0.00392548 0.02669337 0.00289898 0.022635   0.00479512
 0.02269451 0.0045589  0.01958184 0.00232027 0.0226319  0.00350841
 0.02040312 0.00332167 0.02314136 0.00373388 0.02544637 0.00445197
 0.02357243 0.00278265 0.01127719 0.00355275 0.02516347 0.00622388
 0.02785165 0.00824803 0.02596768 0.00832884 0.02654088 0.00357246
 0.03392936 0.0049136  0.0049136  0.0049136  0.0049136  0.0049136
 0.0049136  0.0049136  0.0049136  0.0049136  0.0049136  0.0049136
 0.0049136  0.0049136  0.0049136  0.0049136  0.0049136  0.0049136
 0.0049136  0.0049136  0.0049136 ]","[0.0256381  0.02946293 0.05536983 0.05810829 0.07942801 0.08384227
 0.10463402 0.1087159  0.12616889 0.12819641 0.14792698 0.1509164
 0.16824036 0.17100319 0.1901873  0.19321104 0.21374089 0.21724129
 0.23569282 0.23781962 0.24641487 0.24909217 0.26798761 0.27254357
 0.29280443 0.2986374  0.31685016 0.32254    0.34052039 0.34287635
 0.36517214 0.36829143 0.37139539 0.3744841  0.37755764 0.38061607
 0.38365947 0.38668792 0.38970149 0.39270025 0.39568428 0.39865364
 0.40160842 0.40454868 0.40747448 0.41038592 0.41328304 0.41616594
 0.41903466 0.42188929 0.4247299 ]",2002.0,,51
3,repsodomy,California,[1971 1972 1973 1974 1975 1976 1977 1978 1979 1980 1981],"[0.03590897 0.07877468 0.07437592 0.06571015 0.05105445 0.0637687
 0.0637687  0.0637687  0.0637687  0.0637687  0.0637687 ]","[0.03590897 0.11185492 0.17791153 0.23193109 0.27114442 0.31762259
 0.36113691 0.40187638 0.44001794 0.47572727 0.50915946]",1976.0,1981.0,11
3,repsodomy,Colorado,"[1971 1972 1973 1974 1975 1976 1977 1978 1979 1980 1981 1982 1983 1984
 1985 1986 1987 1988 1989 1990 1991]","[0.01708301 0.02211817 0.02211817 0.02211817 0.02211817 0.02211817
 0.02211817 0.02211817 0.02211817 0.02211817 0.02211817 0.02211817
 0.02211817 0.02211817 0.02211817 0.02211817 0.02211817 0.02211817
 0.02211817 0.02211817 0.02211817]","[0.01708301 0.03882334 0.06008281 0.08087206 0.10120149 0.12108127
 0.14052134 0.15953144 0.17812107 0.19629952 0.21407591 0.23145911
 0.24845783 0.26508057 0.28133564 0.29723119 0.31277515 0.3279753
 0.34283926 0.35737445 0.37158816]",1972.0,,21
3,repsodomy,Connecticut,"[1971 1972 1973 1974 1975 1976 1977 1978 1979 1980 1981 1982 1983 1984
 1985 1986 1987 1988 1989 1990]","[0.0284416 0.0284416 0.0284416 0.0284416 0.0284416 0.0284416 0.0284416
 0.0284416 0.0284416 0.0284416 0.0284416 0.0284416 0.0284416 0.0284416
 0.0284416 0.0284416 0.0284416 0.0284416 0.0284416 0.0284416]","[0.0284416  0.05607428 0.08292104 0.10900423 0.13434558 0.15896617
 0.18288652 0.20612654 0.22870557 0.25064242 0.27195535 0.2926621
 0.31277992 0.33232556 0.35131529 0.36976492 0.38768982 0.4051049
 0.42202467 0.43846321]",1971.0,,20
3,repsodomy,Delaware,"[1971 1972 1973 1974 1975 1976 1977 1978 1979 1980 1981 1982 1983 1984
 1985 1986 1987 1988 1989 1990 1991 1992]","[0.02296164 0.02335215 0.02537052 0.02537052 0.02537052 0.02537052
 0.02537052 0.02537052 0.02537052 0.02537052 0.02537052 0.02537052
 0.02537052 0.02537052 0.02537052 0.02537052 0.02537052 0.02537052
 0.02537052 0.02537052 0.02537052 0.02537052]","[0.02296164 0.04577758 0.0699867  0.09358163 0.11657793 0.13899081
 0.16083507 0.18212512 0.20287503 0.22309851 0.24280891 0.26201924
 0.2807422  0.29899014 0.31677513 0.3341089  0.35100291 0.3674683
 0.38351596 0.39915648 0.4144002  0.42925717]",1973.0,,22
3,repsodomy,Florida,"[1971 1972 1973 1974 1975 1976 1977 1978 1979 1980 1981 1982 1983 1984
 1985 1986 1987 1988 1989 1990 1991 1992 1993 1994 1995 1996 1997 1998
 1999 2000 2001 2002 2003]","[0.01802213 0.02130691 0.0305144  0.01420474 0.02568707 0.02772932
 0.02042003 0.02448451 0.0181656  0.01452144 0.01759647 0.01726652
 0.01989534 0.02003332 0.02174351 0.01862864 0.01829747 0.02302039
 0.02153243 0.01515614 0.01297168 0.01913621 0.03028979 0.03683402
 0.03173754 0.02833179 0.02062087 0.09814347 0.06411695 0.05460701
 0.07581217 0.06296078 0.19131765]","[0.01802213 0.03894504 0.06827105 0.08150602 0.10509943 0.12991442
 0.14768159 0.16855019 0.18365398 0.1955085  0.20966471 0.22331105
 0.23876354 0.25401364 0.270234   0.28382855 0.29693268 0.31311756
 0.32790781 0.33809414 0.34668017 0.35918223 0.37859247 0.40148141
 0.42047692 0.43689584 0.44850754 0.50263292 0.53452258 0.55994091
 0.59330275 0.61890873 0.69181821]",2003.0,1998.0,33
3,repsodomy,Georgia,"[1971 1972 1973 1974 1975 1976 1977 1978 1979 1980 1981 1982 1983 1984
 1985 1986 1987 1988 1989 1990 1991 1992 1993 1994 1995 1996 1997 1998
 1999 2000 2001]","[0.01661503 0.01344485 0.02178296 0.01164754 0.01708392 0.02161581
 0.01534634 0.01962081 0.0126425  0.01136472 0.01542354 0.01433559
 0.01404712 0.0167119  0.01358024 0.01203463 0.01863208 0.02309388
 0.0154922  0.01377608 0.01028579 0.01859201 0.02227905 0.02685582
 0.02811734 0.05292837 0.03574549 0.04829421 0.04829421 0.04829421
 0.04829421]","[0.01661503 0.02983649 0.05096952 0.06202339 0.07804771 0.09797646
 0.11181921 0.12924604 0.14025454 0.15002531 0.16313493 0.17513189
 0.18671891 0.20031038 0.21117036 0.22066363 0.23518429 0.25284685
 0.2644219  0.27455528 0.28201705 0.2953658  0.31106438 0.32956631
 0.34841712 0.38290434 0.40496273 0.43369958 0.46104861 0.48707684
 0.51184806]",1998.0,2001.0,31
3,repsodomy,Idaho,"[1971 1972 1973 1974 1975 1976 1977 1978 1979 1980 1981 1982 1983 1984
 1985 1986 1987 1988 1989 1990 1991 1992 1993 1994 1995 1996 1997 1998
 1999 2000 2001 2002 2003]","[0.02457068 0.04606706 0.04515157 0.02179413 0.03619398 0.04828986
 0.05952145 0.07195949 0.0356031  0.03471147 0.04621012 0.04246279
 0.02883725 0.02905283 0.02415366 0.02785663 0.02902147 0.03836507
 0.02706575 0.02077824 0.02437281 0.04147833 0.07283089 0.06914551
 0.05084011 0.06500044 0.10781347 0.11085535 0.05352587 0.0429747
 0.05547621 0.04218285 0.09052211]","[0.02457068 0.06950584 0.11151912 0.13088278 0.1623396  0.2027901
 0.25024119 0.30419346 0.32896633 0.35225889 0.38219109 0.40842498
 0.42548437 0.44217568 0.45564918 0.47081296 0.48617074 0.50588384
 0.51925746 0.52924645 0.54072003 0.5597702  0.59183253 0.62005548
 0.6393719  0.66281288 0.6991662  0.73251523 0.74683259 0.75771238
 0.77115358 0.78080698 0.80064879]",2003.0,1988.0,33
3,repsodomy,Indiana,[1971 1972 1973 1974 1975 1976 1977 1978 1979 1980 1981],"[0.04673875 0.05905699 0.05563669 0.06006674 0.06522577 0.09242063
 0.07036823 0.07036823 0.07036823 0.07036823 0.07036823]","[0.04673875 0.10303549 0.15293963 0.20381979 0.25575125 0.32453519
 0.37206645 0.41625302 0.45733026 0.49551697 0.53101654]",1977.0,1981.0,11
3,repsodomy,Iowa,[1971 1972 1973 1974 1975 1976 1977 1978 1979 1980 1981 1982],"[0.03213359 0.0473561  0.05009188 0.03707665 0.02615333 0.03706973
 0.0616409  0.07770652 0.07770652 0.07770652 0.07770652 0.07770652]","[0.03213359 0.07796797 0.12415428 0.15662771 0.1786847  0.20913064
 0.25788054 0.31554807 0.36873445 0.4177879  0.46302958 0.50475568]",1978.0,1982.0,12
3,repsodomy,Kansas,"[1971 1972 1973 1974 1975 1976 1977 1978 1979 1980 1981 1982 1983 1984
 1985 1986 1987 1988 1989 1990 1991 1992 1993 1994 1995 1996 1997 1998
 1999 2000 2001 2002 2003]","[0.02293792 0.0378444  0.05017891 0.03354237 0.04231782 0.04681077
 0.03772637 0.07717656 0.05144328 0.03561049 0.05208443 0.05666604
 0.04727943 0.04328074 0.04311605 0.03992612 0.0419906  0.06391282
 0.04281993 0.03566998 0.02655337 0.0527035  0.06080733 0.07036596
 0.05906231 0.08240223 0.0787722  0.06305314 0.03971174 0.02546194
 0.04014921 0.03606955 0.15423858]","[0.02293792 0.05991425 0.10708672 0.13703715 0.17355585 0.21224234
 0.24196158 0.30046438 0.33645079 0.3600801  0.39340996 0.42778302
 0.45483711 0.47843216 0.50092011 0.52084643 0.54096638 0.57030451
 0.58870404 0.60337496 0.61390669 0.63425516 0.65649512 0.68066618
 0.69952677 0.72428643 0.746005   0.76202018 0.77147077 0.77728957
 0.78623122 0.79394176 0.82572389]",2003.0,1985.0,33
3,repsodomy,Kentucky,"[1972 1973 1974 1975 1976 1977 1978 1979 1980 1981 1982 1983 1984 1985
 1986 1987 1988 1989 1990 1991 1992]","[0.03528718 0.01062338 0.04815387 0.01316946 0.08698673 0.01867238
 0.11546016 0.01530361 0.05636647 0.02051637 0.09879781 0.01817517
 0.09139635 0.01455762 0.07876682 0.01564087 0.0919521  0.01318901
 0.05253667 0.00760599 0.06750933]","[0.03528718 0.04553569 0.09149685 0.10346135 0.18144831 0.19673262
 0.289478   0.30035155 0.33978826 0.35333341 0.41722265 0.42781473
 0.48011037 0.48767873 0.52803265 0.53541463 0.57813423 0.58369822
 0.60556933 0.60856937 0.63499459]",1992.0,1986.0,21
3,repsodomy,Louisiana,"[1971 1972 1973 1974 1975 1976 1977 1978 1979 1980 1981 1982 1983 1984
 1985 1986 1987 1988 1989 1990 1991 1992 1993 1994 1995 1996 1997 1998
 1999 2000 2001 2002 2003]","[0.01602205 0.01681322 0.02636365 0.01115787 0.02019935 0.01922394
 0.01597185 0.02024965 0.01436971 0.00984531 0.01398249 0.01319765
 0.01452755 0.01302016 0.0160609  0.01728842 0.0157393  0.02116502
 0.01433742 0.01062868 0.00699058 0.01326677 0.01877921 0.02835343
 0.0203855  0.02637124 0.03412235 0.0242831  0.01221715 0.00862184
 0.01336533 0.02746846 0.14278569]","[0.01602205 0.03256589 0.05807099 0.06858091 0.08739497 0.10493883
 0.11923462 0.13706982 0.14946987 0.15784361 0.16961905 0.18057813
 0.19248232 0.20299633 0.21579693 0.22935456 0.24148398 0.25753798
 0.26818297 0.27596122 0.28102267 0.29056118 0.30388387 0.32362116
 0.33740948 0.35488282 0.37689573 0.39202663 0.39945434 0.40463215
 0.41258944 0.4287247  0.51029463]",2003.0,2003.0,33
3,repsodomy,Maine,"[1971 1972 1973 1974 1975 1976 1977 1978 1979 1980 1981 1982 1983 1984
 1985 1986 1987 1988 1989 1990 1991 1992 1993 1994 1995]","[0.02569978 0.00396617 0.01104501 0.00221387 0.07417871 0.02704161
 0.02704161 0.02704161 0.02704161 0.02704161 0.02704161 0.02704161
 0.02704161 0.02704161 0.02704161 0.02704161 0.02704161 0.02704161
 0.02704161 0.02704161 0.02704161 0.02704161 0.02704161 0.02704161
 0.02704161]","[0.02569978 0.02956403 0.0402825  0.04240718 0.11344018 0.13741419
 0.16073991 0.18343485 0.20551609 0.22700022 0.24790338 0.26824129
 0.28802922 0.30728206 0.32601427 0.34423994 0.36197275 0.37922603
 0.39601276 0.41234555 0.42823668 0.44369808 0.45874138 0.47337789
 0.4876186 ]",1976.0,,25
3,repsodomy,Maryland,"[1973 1974 1975 1976 1977 1978 1979 1980 1981 1982 1983 1984 1985 1986
 1987 1988 1989 1990 1991 1992 1993 1994 1995 1996 1997 1998]","[0.04995167 0.05813392 0.03382932 0.07098463 0.08077695 0.05066005
 0.06398307 0.15124227 0.10015476 0.1029863  0.08504422 0.10922471
 0.09663369 0.08545603 0.05466225 0.0543821  0.0722362  0.11449413
 0.12342258 0.09485654 0.06811568 0.10093041 0.09268065 0.08217083
 0.05607274 0.07311035]","[0.04995167 0.10518171 0.13545281 0.19682237 0.26170061 0.2991029
 0.34394845 0.44317117 0.49894023 0.55054252 0.58876629 0.63368317
 0.66908171 0.69736068 0.71390362 0.72946215 0.74900477 0.77774225
 0.80517388 0.82365441 0.83566631 0.85225258 0.8659459  0.87696124
 0.88386036 0.89235137]",1998.0,1982.0,26
3,repsodomy,Massachusetts,"[1971 1972 1973 1974 1975 1976 1977 1978 1979 1980 1981 1982 1983 1984
 1985 1986 1987 1988 1989 1990 1991 1992 1993 1994 1995 1996 1997 1998
 1999 2000 2001 2002]","[0.02744566 0.02147182 0.01405718 0.01513554 0.01442446 0.02775474
 0.04542948 0.03474671 0.03689212 0.08515641 0.08865287 0.04000447
 0.06574787 0.05638564 0.03428786 0.0351793  0.03276567 0.03172172
 0.0348803  0.04242021 0.06466573 0.05132355 0.06498601 0.08971792
 0.08216217 0.04488244 0.02328267 0.06499355 0.14736396 0.22047956
 0.13330553 0.13997697]","[0.02744566 0.04832816 0.06170599 0.07590757 0.08923711 0.1145151
 0.15474222 0.18411214 0.21421198 0.28112686 0.34485703 0.37106567
 0.41241677 0.44554802 0.46455899 0.48339543 0.50032233 0.51617296
 0.533049   0.55285716 0.58177198 0.60323692 0.62902097 0.66230444
 0.69005024 0.70396154 0.7108541  0.72964672 0.76948705 0.82031045
 0.84426406 0.8660635 ]",2002.0,1987.0,32
3,repsodomy,Michigan,"[1971 1972 1973 1974 1975 1976 1977 1978 1979 1980 1981 1982 1983 1984
 1985 1986 1987 1988 1989 1990]","[0.06006157 0.05253018 0.06232917 0.09240317 0.06105674 0.0933222
 0.16160084 0.1093165  0.10881257 0.14024318 0.12430271 0.09636175
 0.1582721  0.18860608 0.2011024  0.1434108  0.13171157 0.10340542
 0.16578872 0.16957616]","[0.06006157 0.1094367  0.16494477 0.24210652 0.28838102 0.35479087
 0.45905721 0.51819118 0.57061803 0.63083593 0.67672402 0.70787546
 0.75411063 0.80048686 0.84060943 0.86346776 0.88145063 0.89370928
 0.91133108 0.92636722]",1990.0,1978.0,20
3,repsodomy,Minnesota,"[1971 1972 1973 1974 1975 1976 1977 1978 1979 1980 1981 1982 1983 1984
 1985 1986 1987 1988 1989 1990 1991 1992 1993 1994 1995 1996 1997 1998
 1999 2000 2001]","[0.03148416 0.00550077 0.05662413 0.04013857 0.02432834 0.0538796
 0.10831126 0.15502538 0.11016629 0.13171737 0.14937005 0.09384519
 0.17071722 0.22500084 0.20962653 0.17599763 0.14326588 0.14928578
 0.21670282 0.2013213  0.16121194 0.1755182  0.14750194 0.27210633
 0.21802702 0.16061557 0.10915602 0.21541456 0.21557477 0.22296773
 0.26334335]","[0.03148416 0.03681174 0.09135144 0.1278233  0.14904191 0.1948912
 0.28209354 0.39338726 0.46021554 0.53131453 0.6013221  0.6387361
 0.70041007 0.76781806 0.81648955 0.84878696 0.87045063 0.88979051
 0.91367321 0.93105263 0.94216777 0.95231838 0.95935151 0.97041222
 0.97686316 0.9805793  0.98269918 0.98642603 0.98935224 0.99172634
 0.99390516]",2001.0,1980.0,31
3,repsodomy,Mississippi,"[1974 1975 1976 1977 1978 1979 1980 1981 1982 1983 1984 1985 1986 1987
 1988 1989 1990 1991 1992 1993 1994 1995 1996 1997 1998 1999 2000 2001
 2002 2003 2004]","[0.00835778 0.01419653 0.01579416 0.01104969 0.01509427 0.00974787
 0.0075052  0.01197042 0.01409437 0.01405285 0.01118475 0.01364605
 0.01380593 0.01849635 0.0221397  0.01694428 0.01083963 0.00742493
 0.0105312  0.01490742 0.02056152 0.01202249 0.02860137 0.04696946
 0.03116208 0.02083046 0.017469   0.02665892 0.04378171 0.15715304
 0.15715304]","[0.00835778 0.02243566 0.03787547 0.04850664 0.06286874 0.07200377
 0.07896856 0.08999369 0.10281966 0.1154276  0.12532132 0.13725724
 0.1491682  0.16490549 0.18339423 0.19723102 0.20593274 0.21182864
 0.22012903 0.23175489 0.24755118 0.25659749 0.27785982 0.31177835
 0.33322477 0.34711401 0.35851928 0.37562046 0.40295686 0.496784
 0.57586593]",2003.0,2004.0,31
3,repsodomy,Missouri,"[1971 1972 1973 1974 1975 1976 1977 1978 1979 1980 1981 1982 1983 1984
 1985 1986 1987 1988 1989 1990 1991 1992 1993 1994 1995 1996 1997 1998
 1999 2000 2001 2002 2003]","[0.0347997  0.0084403  0.04871476 0.02720277 0.0492352  0.03682733
 0.03562716 0.08079556 0.06264515 0.04324903 0.04999238 0.05141408
 0.05992379 0.05602766 0.05481791 0.06180865 0.05788861 0.0509318
 0.05227082 0.04742292 0.03686262 0.07091815 0.07105504 0.10435783
 0.09913474 0.09690776 0.07102689 0.13256171 0.09387049 0.07483256
 0.09134061 0.1268807  0.2183437 ]","[0.0347997  0.04294628 0.08956892 0.11433517 0.15794106 0.18895184
 0.21784718 0.28104166 0.32608091 0.35522725 0.38746098 0.41895411
 0.45377258 0.48437643 0.51264183 0.54276479 0.5692335  0.59117321
 0.61254292 0.63091727 0.64452262 0.66973242 0.6931996  0.72521662
 0.7524572  0.77644602 0.79232436 0.8198542  0.83676458 0.8489799
 0.86277417 0.88018548 0.90634622]",2003.0,1985.0,33
3,repsodomy,Montana,"[1971 1972 1973 1974 1975 1976 1977 1978 1979 1980 1981 1982 1983 1984
 1985 1986 1987 1988 1989 1990 1991 1992 1993 1994 1995 1996 1997]","[0.028492   0.00709649 0.04327661 0.00802713 0.04256067 0.04464637
 0.14120354 0.03088091 0.12560633 0.02207028 0.12473341 0.02586417
 0.11772411 0.0209999  0.11237617 0.02251498 0.11657209 0.02506847
 0.09429221 0.01199195 0.05619222 0.01944604 0.0874213  0.03083347
 0.12243528 0.02631187 0.1321996 ]","[0.028492   0.0353863  0.07713151 0.0845395  0.12350211 0.16263456
 0.28087353 0.30308081 0.39061827 0.4040675  0.47840019 0.49189094
 0.55170762 0.56112172 0.61044118 0.61921209 0.66360133 0.67203433
 0.70295894 0.70652104 0.72301227 0.72839859 0.75214234 0.75978465
 0.78919548 0.79474214 0.82187715]",1997.0,1983.0,27
3,repsodomy,Nevada,"[1971 1972 1973 1974 1975 1976 1977 1978 1979 1980 1981 1982 1983 1984
 1985 1986 1987 1988 1989 1990 1991 1992 1993 1994 1995]","[0.01793793 0.00562732 0.05272576 0.00476315 0.04525386 0.01234553
 0.04677688 0.00939545 0.03047177 0.0043476  0.03019772 0.00622375
 0.04275264 0.01087446 0.04190981 0.00795532 0.05948916 0.01168546
 0.04993246 0.00604418 0.02746412 0.00827146 0.06705045 0.06705045
 0.06705045]","[0.01793793 0.0234643  0.07495289 0.07935903 0.12102159 0.13187304
 0.17248131 0.18025622 0.20523527 0.20869058 0.23258633 0.23736251
 0.26996727 0.27790599 0.30816881 0.31367254 0.35450159 0.36204454
 0.39389922 0.3975626  0.41410802 0.4189542  0.45791358 0.49426072
 0.52817076]",1993.0,1995.0,25
3,repsodomy,New Hampshire,"[1971 1972 1973 1974 1975 1976 1977 1978 1979 1980 1981 1982 1983 1984
 1985 1986 1987 1988 1989 1990 1991 1992 1993 1994]","[0.01702617 0.00390499 0.02741315 0.00342017 0.028912   0.028912
 0.028912   0.028912   0.028912   0.028912   0.028912   0.028912
 0.028912   0.028912   0.028912   0.028912   0.028912   0.028912
 0.028912   0.028912   0.028912   0.028912   0.028912   0.028912  ]","[0.01702617 0.02086467 0.04770586 0.05096286 0.07840142 0.10504668
 0.13092157 0.15604837 0.1804487  0.20414357 0.22715337 0.24949791
 0.27119643 0.2922676  0.31272956 0.33259992 0.35189579 0.37063378
 0.38883002 0.40650016 0.42365943 0.44032259 0.45650398 0.47221754]",1975.0,,24
3,repsodomy,New Jersey,"[1972 1973 1974 1975 1976 1977 1978 1979 1980 1981 1982 1983 1984 1985
 1986 1987 1988 1989 1990 1991]","[0.02437096 0.03038392 0.04331312 0.01856486 0.02493948 0.03280751
 0.02659642 0.0374837  0.0374837  0.0374837  0.0374837  0.0374837
 0.0374837  0.0374837  0.0374837  0.0374837  0.0374837  0.0374837
 0.0374837  0.0374837 ]","[0.02437096 0.05401439 0.09498799 0.11178941 0.13394092 0.16235416
 0.18463254 0.21519553 0.2446129  0.27292761 0.30018097 0.32641278
 0.35166132 0.37596345 0.39935465 0.42186906 0.44353954 0.46439774
 0.48447409 0.50379791]",1979.0,1991.0,20
3,repsodomy,New Mexico,"[1971 1972 1973 1974 1975 1976 1977 1978 1979 1980 1981 1982 1983 1984
 1985 1986 1987 1988 1989 1990 1991 1992 1993 1994]","[0.01912004 0.0455647  0.0458989  0.02365562 0.02795242 0.02795242
 0.02795242 0.02795242 0.02795242 0.02795242 0.02795242 0.02795242
 0.02795242 0.02795242 0.02795242 0.02795242 0.02795242 0.02795242
 0.02795242 0.02795242 0.02795242 0.02795242 0.02795242 0.02795242]","[0.01912004 0.06381354 0.10678347 0.12791306 0.15229    0.17598555
 0.19901875 0.22140812 0.24317165 0.26432683 0.28489068 0.30487972
 0.32431001 0.34319718 0.36155641 0.37940246 0.39674966 0.41361197
 0.43000294 0.44593574 0.46142318 0.4764777  0.49111142 0.50533609]",1975.0,1994.0,24
3,repsodomy,New York,[1971 1972 1973 1974 1975 1976 1977 1978 1979 1980 1981],"[0.0510465  0.04662007 0.03689509 0.03956719 0.02092368 0.02761797
 0.05562782 0.04094967 0.0716767  0.15023844 0.15023844]","[0.0510465  0.09528679 0.12866626 0.16314249 0.18065263 0.20328135
 0.24760107 0.27841156 0.33013263 0.43077246 0.51629232]",1980.0,1981.0,11
3,repsodomy,North Carolina,"[1973 1974 1975 1976 1977 1978 1979 1980 1981 1982 1983 1984 1985 1986
 1987 1988 1989 1990 1991 1992 1993 1994 1995 1996 1997 1998 1999 2000
 2001 2002 2003]","[0.01608106 0.01000681 0.02050483 0.02131307 0.01634043 0.02193284
 0.01576993 0.01077155 0.01681589 0.01334743 0.0194717  0.0158985
 0.01240817 0.01764665 0.02073462 0.02549338 0.01615528 0.01177604
 0.0127775  0.01541544 0.02369025 0.03553323 0.02969826 0.04597893
 0.03598431 0.10974746 0.08056624 0.05153827 0.07046203 0.06631872
 0.22970086]","[0.01608106 0.02592695 0.04590016 0.06623495 0.08149308 0.10163854
 0.11580564 0.12532979 0.14003815 0.15151643 0.16803785 0.1812648
 0.1914238  0.20569246 0.22216213 0.24199185 0.25423768 0.26301981
 0.27243658 0.28365229 0.30062274 0.32547388 0.34550613 0.37559906
 0.3980677  0.46412824 0.50730141 0.53269424 0.56562156 0.59442898
 0.68758899]",2003.0,1999.0,31
3,repsodomy,North Dakota,"[1971 1972 1973 1974 1975 1976 1977 1978 1979 1980 1981 1982 1983 1984
 1985 1986 1987 1988 1989 1990 1991 1992]","[0.02884831 0.00492009 0.02338233 0.02338233 0.02338233 0.02338233
 0.02338233 0.02338233 0.02338233 0.02338233 0.02338233 0.02338233
 0.02338233 0.02338233 0.02338233 0.02338233 0.02338233 0.02338233
 0.02338233 0.02338233 0.02338233 0.02338233]","[0.02884831 0.03362646 0.05622252 0.07829024 0.09984195 0.12088974
 0.14144539 0.16152039 0.18112599 0.20027317 0.21897264 0.23723488
 0.2550701  0.2724883  0.28949921 0.30611237 0.32233708 0.33818242
 0.35365725 0.36877025 0.38352987 0.39794437]",1973.0,,22
3,repsodomy,Ohio,"[1971 1972 1973 1974 1975 1976 1977 1978 1979 1980 1981 1982 1983 1984
 1985 1986 1987 1988 1989 1990 1991]","[0.02858399 0.04014155 0.03414002 0.03279889 0.03279889 0.03279889
 0.03279889 0.03279889 0.03279889 0.03279889 0.03279889 0.03279889
 0.03279889 0.03279889 0.03279889 0.03279889 0.03279889 0.03279889
 0.03279889 0.03279889 0.03279889]","[0.02858399 0.06757813 0.09941103 0.12894934 0.15751884 0.18515128
 0.21187741 0.23772695 0.26272866 0.28691034 0.31029888 0.33292031
 0.35479978 0.37596163 0.39642939 0.41622584 0.43537298 0.45389212
 0.47180385 0.48912809 0.50588412]",1974.0,1991.0,21
3,repsodomy,Oklahoma,"[1971 1972 1973 1974 1975 1976 1977 1978 1979 1980 1981 1982 1983 1984
 1985 1986 1987 1988 1989 1990 1991 1992 1993 1994 1995 1996 1997 1998
 1999 2000 2001 2002 2003]","[0.02159387 0.03557813 0.03879145 0.01905525 0.04942422 0.04424109
 0.03074339 0.04071673 0.02942153 0.02653599 0.03664156 0.03244216
 0.03704169 0.02990644 0.0287166  0.03002942 0.03122481 0.0495415
 0.02831766 0.02691962 0.02110595 0.0376951  0.03819419 0.04328617
 0.02735128 0.02774832 0.05346623 0.03452846 0.01978316 0.02204958
 0.0294319  0.03805682 0.14214104]","[0.02159387 0.05640373 0.0930072  0.11029017 0.15426339 0.1916797
 0.21653021 0.24843054 0.27054286 0.28989973 0.31591891 0.33811198
 0.36262944 0.38169092 0.39944665 0.41748092 0.43566997 0.46362773
 0.47881654 0.4928466  0.50355055 0.52226426 0.54051099 0.56040051
 0.57242412 0.58428863 0.60651515 0.62010158 0.62761717 0.63582805
 0.64654632 0.65999764 0.70832593]",2003.0,1991.0,33
3,repsodomy,Oregon,"[1971 1972 1973 1974 1975 1976 1977 1978 1979 1980 1981 1982 1983 1984
 1985 1986 1987 1988 1989 1990 1991]","[0.02264903 0.03346193 0.03346193 0.03346193 0.03346193 0.03346193
 0.03346193 0.03346193 0.03346193 0.03346193 0.03346193 0.03346193
 0.03346193 0.03346193 0.03346193 0.03346193 0.03346193 0.03346193
 0.03346193 0.03346193 0.03346193]","[0.02264903 0.05535308 0.08696279 0.11751478 0.14704444 0.17558598
 0.20317246 0.22983585 0.25560703 0.28051586 0.30459119 0.32786091
 0.35035198 0.37209046 0.39310153 0.41340952 0.43303797 0.45200962
 0.47034643 0.48806967 0.50519984]",1972.0,1991.0,21
3,repsodomy,Pennsylvania,[1971 1972 1973 1974 1975 1976 1977 1978 1979 1980],"[0.0360041  0.03171262 0.0368636  0.06786979 0.03567151 0.07733791
 0.09647972 0.08584994 0.12486872 0.13436694]","[0.0360041  0.06657493 0.10098434 0.16200034 0.19189306 0.25439036
 0.32632657 0.38416139 0.46106037 0.53347604]",1980.0,1980.0,10
3,repsodomy,Rhode Island,"[1971 1972 1973 1974 1975 1976 1977 1978 1979 1980 1981 1982 1983 1984
 1985 1986 1987 1988 1989 1990 1991 1992 1993 1994 1995 1996 1997 1998]","[0.06660798 0.05092073 0.03005921 0.0455792  0.01746992 0.0275541
 0.06098282 0.02985919 0.03880363 0.04084655 0.03549937 0.0173523
 0.02843884 0.03040273 0.03290488 0.02442169 0.0202468  0.0128682
 0.03845353 0.04337566 0.04891247 0.05718552 0.03092199 0.0544473
 0.04470663 0.02790351 0.01969171 0.02516884]","[0.06660798 0.11413699 0.14076533 0.17992856 0.19425514 0.21645672
 0.26423939 0.2862086  0.3139063  0.34193086 0.3652919  0.37630554
 0.39404269 0.41246545 0.43179821 0.44567466 0.45689797 0.46388672
 0.48450217 0.50686222 0.53098281 0.5578038  0.57147739 0.59480929
 0.612924   0.62372478 0.63113428 0.64041821]",1998.0,1990.0,28
3,repsodomy,South Carolina,"[1971 1972 1973 1974 1975 1976 1977 1978 1979 1980 1981 1982 1983 1984
 1985 1986 1987 1988 1989 1990 1991 1992 1993 1994 1995 1996 1997 1998
 1999 2000 2001 2002 2003]","[0.01475591 0.01503073 0.01954423 0.00928156 0.01978618 0.02226252
 0.01699268 0.02587943 0.01590934 0.01275563 0.01654535 0.01534584
 0.01802438 0.01429127 0.01414301 0.01689127 0.01915603 0.02428717
 0.0147269  0.01205673 0.01145237 0.017185   0.02263375 0.02832041
 0.0203574  0.02746079 0.01884026 0.07776291 0.06691781 0.05511396
 0.05689777 0.06317753 0.17666192]","[0.01475591 0.02956484 0.04853125 0.05736236 0.07601356 0.09658383
 0.11193529 0.1349179  0.14868079 0.1595399  0.17344561 0.18612978
 0.20079929 0.21222088 0.22336245 0.23648085 0.25110684 0.26929534
 0.28005635 0.28873652 0.29688217 0.30896525 0.32460596 0.3437334
 0.35709328 0.374748   0.38652791 0.43423329 0.47209315 0.50118819
 0.52956947 0.55929011 0.63714677]",2003.0,2000.0,33
3,repsodomy,South Dakota,"[1971 1972 1973 1974 1975 1976 1977 1978 1979 1980 1981 1982 1983 1984
 1985 1986]","[0.02707997 0.03029133 0.04656414 0.02571698 0.02683684 0.0429381
 0.05115609 0.05115609 0.05115609 0.05115609 0.05115609 0.05115609
 0.05115609 0.05115609 0.05115609 0.05115609]","[0.02707997 0.05655101 0.10048191 0.1236148  0.1471342  0.18375464
 0.22551056 0.26513041 0.30272346 0.3383934  0.37223861 0.40435243
 0.43482342 0.46373565 0.49116883 0.51719865]",1977.0,1986.0,16
3,repsodomy,Tennessee,"[1971 1972 1973 1974 1975 1976 1977 1978 1979 1980 1981 1982 1983 1984
 1985 1986 1987 1988 1989 1990 1991 1992 1993 1994 1995 1996 1997 1998
 1999]","[0.01714867 0.01939512 0.02331487 0.0124116  0.02813566 0.0279846
 0.02298723 0.02975937 0.02003591 0.01474403 0.02125794 0.0195687
 0.01907655 0.02402934 0.0218097  0.02226089 0.02289967 0.02769506
 0.02373007 0.0160758  0.01186362 0.02581856 0.0332194  0.03418115
 0.02920208 0.03407176 0.03407176 0.03407176 0.03407176]","[0.01714867 0.03621119 0.0586818  0.07036506 0.09652096 0.12180446
 0.14199174 0.16752553 0.18420492 0.19623302 0.21331945 0.22871377
 0.24342725 0.26160719 0.27771132 0.2937901  0.30996208 0.32907272
 0.34499387 0.35552362 0.36316944 0.37961149 0.40022042 0.42072158
 0.43763772 0.45679839 0.47530622 0.49318346 0.51045159]",1996.0,1999.0,29
3,repsodomy,Texas,"[1971 1972 1973 1974 1975 1976 1977 1978 1979 1980 1981 1982 1983 1984
 1985 1986 1987 1988 1989 1990 1991 1992 1993 1994 1995 1996 1997 1998
 1999 2000 2001 2002 2003]","[0.01895122 0.00419985 0.02895443 0.00286999 0.04229871 0.00850088
 0.03275421 0.00863726 0.0253505  0.00407344 0.02825371 0.00469725
 0.03300137 0.00715496 0.03249675 0.00621701 0.0311339  0.00766309
 0.02504291 0.00407348 0.01603415 0.00579128 0.03453634 0.00796653
 0.04004956 0.00995251 0.04285058 0.01028167 0.02909745 0.0057032
 0.03609505 0.01144658 0.18289065]","[0.01895122 0.02307148 0.05135789 0.05408048 0.09409166 0.10179267
 0.13121274 0.13871669 0.16055065 0.1639701  0.18759104 0.19140713
 0.2180918  0.22368633 0.248914   0.25358351 0.27682236 0.28236413
 0.30033582 0.30318589 0.31435871 0.31832945 0.34187186 0.34711486
 0.37326262 0.37950023 0.406089   0.4121954  0.42929902 0.43255384
 0.45303584 0.45929671 0.55818629]",2003.0,2003.0,33
3,repsodomy,Utah,"[1971 1972 1973 1974 1975 1976 1977 1978 1979 1980 1981 1982 1983 1984
 1985 1986 1987 1988 1989 1990 1991 1992 1993 1994 1995 1996 1997 1998
 1999 2000 2001 2002 2003]","[0.02783582 0.0408064  0.04742416 0.03047348 0.07037678 0.04285299
 0.04064322 0.04629505 0.03239167 0.02012059 0.03455018 0.03481444
 0.03232016 0.03137803 0.02854294 0.02942042 0.04245434 0.04616883
 0.03290062 0.03432651 0.02141405 0.02981013 0.05374556 0.06511243
 0.07153513 0.08154162 0.09216276 0.08826974 0.05342269 0.04473666
 0.07050297 0.07193273 0.11409078]","[0.02783582 0.06750634 0.11172907 0.13879778 0.19940642 0.23371425
 0.26485857 0.29889198 0.32160204 0.3352518  0.35821897 0.38056222
 0.40058255 0.41939109 0.43596337 0.45255757 0.47579888 0.50000063
 0.51645092 0.53304947 0.54304877 0.55667055 0.58049754 0.60781236
 0.63586755 0.6655595  0.69638246 0.7231827  0.73797103 0.74969333
 0.76734069 0.78407651 0.80871139]",2003.0,1988.0,33
3,repsodomy,Virginia,"[1972 1973 1974 1975 1976 1977 1978 1979 1980 1981 1982 1983 1984 1985
 1986 1987 1988 1989 1990 1991 1992 1993 1994 1995 1996 1997 1998 1999
 2000 2001 2002 2003]","[0.01244652 0.01204497 0.00675847 0.01753817 0.02743861 0.02019469
 0.02907494 0.02079737 0.01772232 0.01328405 0.01415779 0.02410849
 0.0223962  0.02229883 0.02160633 0.03300839 0.04253196 0.02562985
 0.02148102 0.01929916 0.04241513 0.05711122 0.0641196  0.06911902
 0.11650518 0.07988034 0.17792721 0.121804   0.10036427 0.16520209
 0.13629929 0.25328737]","[0.01244652 0.02434157 0.03093553 0.04793114 0.07405459 0.09275377
 0.11913191 0.13745165 0.152738   0.16399308 0.17582909 0.19569861
 0.2137119  0.23124521 0.24785518 0.27268227 0.30361651 0.32146472
 0.33604035 0.34885421 0.37647264 0.41208305 0.44978005 0.48781072
 0.54748342 0.5836306  0.65771405 0.69940585 0.72957476 0.77424957
 0.8050192  0.85440537]",2003.0,1996.0,32
3,repsodomy,Washington,"[1971 1972 1973 1974 1975 1976 1977 1978 1979 1980 1981 1982 1983 1984
 1985 1986 1987 1988 1989 1990 1991 1992 1993 1994 1995]","[0.02513061 0.01395414 0.03342322 0.0065752  0.03219349 0.01095981
 0.01095981 0.01095981 0.01095981 0.01095981 0.01095981 0.01095981
 0.01095981 0.01095981 0.01095981 0.01095981 0.01095981 0.01095981
 0.01095981 0.01095981 0.01095981 0.01095981 0.01095981 0.01095981
 0.01095981]","[0.02513061 0.03873407 0.07086267 0.07697193 0.10668742 0.11647796
 0.12616119 0.1357383  0.14521044 0.15457878 0.16384443 0.17300854
 0.18207221 0.19103654 0.19990263 0.20867154 0.21734435 0.22592211
 0.23440586 0.24279663 0.25109543 0.25930328 0.26742118 0.2754501
 0.28339103]",1976.0,,25
3,repsodomy,West Virginia,"[1971 1972 1973 1974 1975 1976 1977 1978 1979 1980 1981 1982 1983 1984
 1985 1986 1987 1988]","[0.02906703 0.03203058 0.01315222 0.03693809 0.05003457 0.04299351
 0.04299351 0.04299351 0.04299351 0.04299351 0.04299351 0.04299351
 0.04299351 0.04299351 0.04299351 0.04299351 0.04299351 0.04299351]","[0.02906703 0.06016658 0.07252747 0.10678653 0.15147809 0.18795902
 0.22287151 0.25628299 0.288258   0.31885828 0.34814296 0.37616858
 0.40298928 0.42865687 0.45322091 0.47672886 0.49922613 0.52075615]",1976.0,1988.0,18
3,repsodomy,Wisconsin,[1971 1972 1973 1974 1975 1976 1977 1978 1979 1980 1981 1982 1983],"[0.05665128 0.04751858 0.04991056 0.04577275 0.02854451 0.04275237
 0.05317654 0.06872508 0.07465377 0.07597127 0.0800725  0.06575515
 0.08267191]","[0.05665128 0.10147787 0.14632362 0.18539874 0.20865113 0.24248317
 0.28276529 0.3320573  0.38192174 0.42887793 0.4746091  0.50915626
 0.54973525]",1983.0,1982.0,13
3,repsodomy,Wyoming,"[1971 1972 1973 1974 1975 1976 1977 1978 1979 1980 1981 1982 1983 1984
 1985 1986 1987 1988 1989 1990 1991 1992]","[0.01580117 0.00429265 0.03387595 0.01727305 0.03026137 0.03531522
 0.03573456 0.03573456 0.03573456 0.03573456 0.03573456 0.03573456
 0.03573456 0.03573456 0.03573456 0.03573456 0.03573456 0.03573456
 0.03573456 0.03573456 0.03573456 0.03573456]","[0.01580117 0.02002599 0.05322354 0.06957726 0.09773312 0.12959688
 0.16070035 0.19069235 0.2196126  0.2474994  0.27438968 0.30031905
 0.32532184 0.34943116 0.37267895 0.39509599 0.41671197 0.43755551
 0.45765422 0.47703471 0.49572264 0.51374277]",1977.0,1992.0,22
3,shoplift,Alabama,"[1973 1974 1975 1976 1977 1978 1979 1980 1981 1982 1983 1984 1985 1986
 1987 1988 1989 1990 1991 1992 1993 1994]","[0.02483134 0.00415027 0.02156221 0.02156221 0.02156221 0.02156221
 0.02156221 0.02156221 0.02156221 0.02156221 0.02156221 0.02156221
 0.02156221 0.02156221 0.02156221 0.02156221 0.02156221 0.02156221
 0.02156221 0.02156221 0.02156221 0.02156221]","[0.02483134 0.02887856 0.04981808 0.0703061  0.09035235 0.10996636
 0.12915745 0.14793473 0.16630714 0.18428339 0.20187204 0.21908144
 0.23591977 0.25239502 0.26851504 0.28428747 0.29971981 0.31481939
 0.3295934  0.34404884 0.3581926  0.37203138]",1975.0,,22
3,shoplift,Arizona,"[1971 1972 1973 1974 1975 1976 1977 1978 1979 1980 1981 1982 1983 1984
 1985 1986 1987 1988 1989 1990 1991 1992 1993 1994 1995 1996 1997 1998
 1999 2000]","[0.05377314 0.0670924  0.07417031 0.07597451 0.0747424  0.10561556
 0.07617433 0.08126933 0.12734271 0.08730205 0.0620669  0.11793746
 0.17607797 0.14190141 0.1990889  0.23130984 0.23048623 0.2621822
 0.15071615 0.16383947 0.20870424 0.22307251 0.24235427 0.27915396
 0.24980025 0.22753497 0.23909455 0.25261969 0.24733638 0.2977315 ]","[0.05377314 0.11725777 0.18273103 0.24482264 0.30126641 0.37506355
 0.42266767 0.46958708 0.5371313  0.57754069 0.60376143 0.6504928
 0.71203332 0.7528962  0.80209182 0.84786993 0.88293382 0.91362649
 0.92664437 0.93866292 0.95146423 0.96229122 0.97143011 0.97940551
 0.98455002 0.98806543 0.99091892 0.99321298 0.99489166 0.99641257]",2000.0,1979.0,30
3,shoplift,Arkansas,"[1971 1972 1973 1974 1975 1976 1977 1978 1979 1980 1981 1982 1983 1984
 1985 1986 1987 1988 1989]","[0.04369253 0.00471251 0.0390715  0.00802165 0.03899996 0.03899996
 0.03899996 0.03899996 0.03899996 0.03899996 0.03899996 0.03899996
 0.03899996 0.03899996 0.03899996 0.03899996 0.03899996 0.03899996
 0.03899996]","[0.04369253 0.04819914 0.08538742 0.09272413 0.12810785 0.16211161
 0.19478923 0.22619242 0.25637089 0.28537239 0.31324284 0.34002635
 0.3657653  0.39050043 0.41427089 0.4371143  0.45906682 0.4801632
 0.50043681]",1975.0,1989.0,19
3,shoplift,California,[1971 1972 1973 1974 1975 1976],[0.08368238 0.10143017 0.20512249 0.14013599 0.13280993 0.16819563],[0.08368238 0.17662463 0.34551744 0.437234   0.51197491 0.5940586 ],1976.0,1975.0,6
3,shoplift,Colorado,"[1971 1972 1973 1974 1975 1976 1977 1978 1979 1980 1981 1982 1983 1984
 1985]","[0.04036364 0.03649325 0.05761849 0.0400879  0.05279311 0.05717532
 0.04621345 0.04788536 0.05378164 0.04452131 0.03988225 0.11851213
 0.10229729 0.09443911 0.10440256]","[0.04036364 0.07538389 0.12865888 0.16358912 0.20774585 0.25304323
 0.28756269 0.321678   0.35815927 0.38673486 0.41119326 0.480974
 0.53406895 0.57807106 0.62212152]",1985.0,1983.0,15
3,shoplift,Connecticut,[1971 1972 1973 1974 1975 1976 1977 1978 1979],"[0.11250798 0.11192535 0.0707802  0.0707802  0.0707802  0.0707802
 0.0707802  0.0707802  0.0707802 ]","[0.11250798 0.21184084 0.2676269  0.31946441 0.36763286 0.41239193
 0.45398295 0.49263014 0.52854188]",1973.0,1979.0,9
3,shoplift,Florida,[1971 1972 1973 1974 1975 1976 1977 1978 1979],"[0.03088336 0.02548963 0.03070513 0.02648629 0.09111493 0.09385726
 0.0741359  0.22179422 0.22179422]","[0.03088336 0.05558579 0.08458415 0.10883012 0.190029   0.26605066
 0.32046265 0.47118011 0.58846931]",1978.0,1979.0,9
3,shoplift,Georgia,[1971 1972 1973 1974 1975 1976 1977 1978 1979 1980 1981],"[0.02850126 0.01610959 0.03444442 0.03420641 0.04977682 0.05979563
 0.04530204 0.12493726 0.12493726 0.12493726 0.12493726]","[0.02850126 0.0441517  0.07707534 0.10864528 0.15301409 0.20366015
 0.23973597 0.33472127 0.41783937 0.49057292 0.55421934]",1978.0,1981.0,11
3,shoplift,Idaho,[1971 1972 1973 1974 1975 1976 1977 1978 1979],"[0.0605302  0.05483806 0.09360421 0.0836473  0.0836473  0.0836473
 0.0836473  0.0836473  0.0836473 ]","[0.0605302  0.1120489  0.19516486 0.26248715 0.3241781  0.38070878
 0.43251082 0.47997975 0.52347804]",1974.0,1979.0,9
3,shoplift,Illinois,[1971 1972 1973 1974 1975 1976 1977 1978 1979],"[0.04578728 0.0462389  0.0447209  0.05842235 0.04097941 0.08414996
 0.15212036 0.15249505 0.09608433]","[0.04578728 0.08990903 0.13060911 0.18140097 0.21494668 0.28100888
 0.39038207 0.48334579 0.53298817]",1979.0,1979.0,9
3,shoplift,Indiana,[1971 1972 1973 1974 1975 1976 1977 1978 1979],"[0.04545385 0.04047008 0.03210026 0.10767006 0.08385927 0.10370149
 0.10370149 0.10370149 0.10370149]","[0.04545385 0.08408441 0.11348554 0.2089366  0.2752746  0.35042971
 0.41779112 0.47816704 0.5322819 ]",1976.0,1979.0,9
3,shoplift,Iowa,[1971 1972 1973 1974 1975 1976 1977 1978 1979 1980 1981 1982 1983],"[0.03766104 0.03896408 0.03477615 0.02950252 0.0340311  0.0500328
 0.11093177 0.10489168 0.11302084 0.1253068  0.08528002 0.09603948
 0.1300857 ]","[0.03766104 0.07515769 0.10732015 0.13365646 0.16313908 0.20500958
 0.29319927 0.36733679 0.43884091 0.50915796 0.55101698 0.59413708
 0.64693404]",1983.0,1980.0,13
3,shoplift,Kansas,"[1971 1972 1973 1974 1975 1976 1977 1978 1979 1980 1981 1982 1983 1984
 1985 1986 1987 1988 1989 1990 1991 1992 1993]","[0.03916731 0.02575099 0.02888071 0.03535692 0.03140403 0.03026442
 0.04499316 0.04941709 0.05765987 0.03104701 0.0253829  0.08853498
 0.09232836 0.05786711 0.11729793 0.12972338 0.14594912 0.14885956
 0.07957182 0.15589221 0.20507957 0.25063688 0.25422964]","[0.03916731 0.0639097  0.09094466 0.12308605 0.15062468 0.17633053
 0.21339003 0.252262   0.29537648 0.31725293 0.33458303 0.39349571
 0.44949326 0.48134949 0.54218612 0.60157529 0.65972502 0.71037821
 0.73342394 0.77498107 0.82112786 0.86595981 0.9000368 ]",1993.0,1985.0,23
3,shoplift,Kentucky,[1972 1973 1974 1975 1976 1977 1978 1979 1980 1981 1982 1983],"[0.03056668 0.00882255 0.06413822 0.06413822 0.06413822 0.06413822
 0.06413822 0.06413822 0.06413822 0.06413822 0.06413822 0.06413822]","[0.03056668 0.03911955 0.10074871 0.15842509 0.2124022  0.26291732
 0.31019249 0.35443552 0.39584087 0.43459056 0.47085492 0.50479334]",1974.0,1983.0,12
3,shoplift,Louisiana,"[1971 1972 1973 1974 1975 1976 1977 1978 1979 1980 1981 1982 1983 1984
 1985 1986 1987]","[0.02749592 0.02013195 0.0558337  0.04418823 0.10352095 0.09490908
 0.08411569 0.0976005  0.1216305  0.06771684 0.05355441 0.09241958
 0.12455762 0.07777653 0.11251687 0.14242026 0.14104017]","[0.02749592 0.04707432 0.10027969 0.14003674 0.22906095 0.30223007
 0.36092346 0.42329766 0.49344225 0.52774474 0.5530361  0.59434431
 0.64487182 0.67249246 0.70934258 0.75073809 0.78589403]",1987.0,1980.0,17
3,shoplift,Maine,[1971 1972 1973 1974 1975 1976 1977],"[0.19863225 0.05096998 0.1516224  0.01847634 0.09510964 0.09510964
 0.09510964]","[0.19863225 0.23947795 0.35479013 0.36671124 0.42694311 0.48144634
 0.53076579]",1975.0,1977.0,7
3,shoplift,Massachusetts,[1971 1972 1973 1974 1975 1976 1977 1978 1979 1980 1981],"[0.06169894 0.06837072 0.08261273 0.04894317 0.0463869  0.09004129
 0.13455595 0.11256952 0.06911202 0.1283344  0.21973635]","[0.06169894 0.12585126 0.19806707 0.23731621 0.27269475 0.33818225
 0.42723377 0.49170979 0.52683875 0.58756161 0.67818932]",1981.0,1979.0,11
3,shoplift,Michigan,[1971 1972 1973 1974 1975 1976 1977 1978 1979 1980],"[0.03837865 0.03932588 0.0477433  0.05216596 0.04553998 0.12343484
 0.19906218 0.14581188 0.14309903 0.22468504]","[0.03837865 0.07619526 0.12030075 0.1661911  0.20416274 0.30239679
 0.44126321 0.52273367 0.59103002 0.68291945]",1980.0,1978.0,10
3,shoplift,Minnesota,"[1971 1972 1973 1974 1975 1976 1977 1978 1979 1980 1981 1982 1983 1984
 1985 1986 1987 1988 1989 1990 1991]","[0.02902889 0.0072486  0.08592886 0.03355739 0.03167428 0.03167428
 0.03167428 0.03167428 0.03167428 0.03167428 0.03167428 0.03167428
 0.03167428 0.03167428 0.03167428 0.03167428 0.03167428 0.03167428
 0.03167428 0.03167428 0.03167428]","[0.02902889 0.03606707 0.11889672 0.14846425 0.17543603 0.2015535
 0.22684372 0.25133288 0.27504638 0.29800876 0.32024383 0.34177461
 0.36262343 0.38281187 0.40236086 0.42129065 0.43962085 0.45737046
 0.47455786 0.49120086 0.50731671]",1975.0,1991.0,21
3,shoplift,Mississippi,"[1974 1975 1976 1977 1978 1979 1980 1981 1982 1983 1984 1985 1986 1987
 1988]","[0.01566433 0.05191623 0.05507172 0.04115192 0.0516323  0.05968234
 0.03614467 0.03177543 0.06880791 0.08540991 0.04679281 0.06798736
 0.0823258  0.14632571 0.14099718]","[0.01566433 0.06676733 0.11816205 0.15445138 0.19810899 0.24596773
 0.27322197 0.29631566 0.3447347  0.40070086 0.42874375 0.46758195
 0.51141369 0.58290643 0.64171545]",1988.0,1986.0,15
3,shoplift,Missouri,[1971 1972 1973 1974 1975 1976 1977 1978 1979 1980 1981 1982 1983 1984],"[0.04472622 0.00759041 0.03711488 0.05015081 0.07610066 0.05489849
 0.05603428 0.05603428 0.05603428 0.05603428 0.05603428 0.05603428
 0.05603428 0.05603428]","[0.04472622 0.05197715 0.0871629  0.13294242 0.19892607 0.24290382
 0.28532716 0.32537334 0.36317556 0.39885956 0.43254404 0.46434102
 0.49435629 0.52268967]",1977.0,1984.0,14
3,shoplift,Montana,[1971 1972 1973 1974 1975 1976 1977 1978 1979 1980 1981 1982],"[0.04794227 0.00851386 0.06615802 0.06615802 0.06615802 0.06615802
 0.06615802 0.06615802 0.06615802 0.06615802 0.06615802 0.06615802]","[0.04794227 0.05604796 0.11849796 0.17681639 0.23127659 0.28213381
 0.32962642 0.37397701 0.41539345 0.45406986 0.49018752 0.52391571]",1973.0,1982.0,12
3,shoplift,Nevada,[1971 1972 1973 1974 1975 1976 1977 1978 1979 1980 1981 1982 1983 1984],"[0.04805704 0.00675324 0.05304773 0.05304773 0.05304773 0.05304773
 0.05304773 0.05304773 0.05304773 0.05304773 0.05304773 0.05304773
 0.05304773 0.05304773]","[0.04805704 0.05448574 0.10464313 0.15213978 0.19711684 0.23970796
 0.28003973 0.31823199 0.35439823 0.38864594 0.42107689 0.45178744
 0.48086887 0.5084076 ]",1973.0,1984.0,14
3,shoplift,New Hampshire,"[1971 1972 1973 1974 1975 1976 1977 1978 1979 1980 1981 1982 1983 1984
 1985 1986 1987 1988 1989 1990]","[0.02919778 0.02919778 0.02919778 0.02919778 0.02919778 0.02919778
 0.02919778 0.02919778 0.02919778 0.02919778 0.02919778 0.02919778
 0.02919778 0.02919778 0.02919778 0.02919778 0.02919778 0.02919778
 0.02919778 0.02919778]","[0.02919778 0.05754305 0.0850607  0.1117749  0.1377091  0.16288609
 0.18732795 0.21105618 0.23409159 0.25645441 0.27816429 0.29924029
 0.31970092 0.33956415 0.35884741 0.37756764 0.39574129 0.4133843
 0.43051218 0.44713996]",1971.0,,20
3,shoplift,New Jersey,[1972 1973 1974 1975 1976 1977 1978 1979 1980],"[0.13439878 0.09624626 0.07542223 0.05109482 0.07057324 0.08668167
 0.0761802  0.06072073 0.06072073]","[0.13439878 0.21770966 0.27671174 0.31366802 0.36210469 0.41739853
 0.46178122 0.49446226 0.52515888]",1979.0,1980.0,9
3,shoplift,North Carolina,"[1973 1974 1975 1976 1977 1978 1979 1980 1981 1982 1983 1984 1985 1986
 1987 1988 1989 1990 1991 1992]","[0.01618308 0.01618308 0.01618308 0.01618308 0.01618308 0.01618308
 0.01618308 0.01618308 0.01618308 0.01618308 0.01618308 0.01618308
 0.01618308 0.01618308 0.01618308 0.01618308 0.01618308 0.01618308
 0.01618308 0.01618308]","[0.01618308 0.03210427 0.04776781 0.06317786 0.07833853 0.09325385
 0.1079278  0.12236427 0.13656712 0.15054013 0.16428701 0.17781142
 0.19111696 0.20420718 0.21708556 0.22975553 0.24222046 0.25448367
 0.26654842 0.27841793]",1973.0,,20
3,shoplift,North Dakota,[1971 1972 1973 1974 1975 1976 1977 1978 1979 1980 1981],"[0.03724943 0.00590535 0.07524531 0.07524531 0.07524531 0.07524531
 0.07524531 0.07524531 0.07524531 0.07524531 0.07524531]","[0.03724943 0.04293481 0.11494947 0.18154537 0.24313024 0.30008114
 0.35274675 0.40144952 0.44648764 0.48813685 0.52665215]",1973.0,1981.0,11
3,shoplift,Ohio,"[1971 1972 1973 1974 1975 1976 1977 1978 1979 1980 1981 1982 1983 1984
 1985]","[0.04860943 0.05204529 0.05104912 0.04541476 0.04541476 0.04541476
 0.04541476 0.04541476 0.04541476 0.04541476 0.04541476 0.04541476
 0.04541476 0.04541476 0.04541476]","[0.04860943 0.09812483 0.14416477 0.18303232 0.22013471 0.25555211
 0.28936104 0.32163454 0.35244234 0.38185102 0.40992411 0.43672227
 0.46230339 0.48672275 0.51003312]",1974.0,1985.0,15
3,shoplift,Oklahoma,"[1971 1972 1973 1974 1975 1976 1977 1978 1979 1980 1981 1982 1983 1984
 1985 1986 1987 1988 1989 1990]","[0.05343546 0.04244092 0.05645425 0.05125943 0.08350285 0.07190233
 0.07639101 0.09285517 0.1171412  0.08405431 0.06536992 0.10526679
 0.14609636 0.08326313 0.13486601 0.16555117 0.18345441 0.17566662
 0.09147888 0.12136121]","[0.05343546 0.09360853 0.14477818 0.18861636 0.25636921 0.30983799
 0.36256017 0.42174975 0.48948668 0.53239752 0.56296466 0.60896997
 0.66609803 0.69389975 0.73518227 0.77902316 0.81956234 0.85125921
 0.86486585 0.8812659 ]",1990.0,1980.0,20
3,shoplift,Oregon,"[1971 1972 1973 1974 1975 1976 1977 1978 1979 1980 1981 1982 1983 1984
 1985 1986 1987 1988]","[0.03868211 0.03868211 0.03868211 0.03868211 0.03868211 0.03868211
 0.03868211 0.03868211 0.03868211 0.03868211 0.03868211 0.03868211
 0.03868211 0.03868211 0.03868211 0.03868211 0.03868211 0.03868211]","[0.03868211 0.07586792 0.1116153  0.14597989 0.17901519 0.21077262
 0.2413016  0.27064966 0.29886247 0.32598395 0.35205631 0.37712014
 0.40121445 0.42437674 0.44664306 0.46804808 0.4886251  0.50840616]",1971.0,1988.0,18
3,shoplift,Pennsylvania,"[1971 1972 1973 1974 1975 1976 1977 1978 1979 1980 1981 1982 1983 1984
 1985 1986 1987 1988 1989 1990 1991 1992 1993 1994 1995 1996]","[0.09893354 0.12141624 0.11510436 0.11597648 0.09526669 0.14451346
 0.1686231  0.16136095 0.13853671 0.19407893 0.21005936 0.14118943
 0.12745054 0.20630385 0.16808922 0.09599087 0.09646861 0.11594778
 0.24324721 0.23069723 0.17063308 0.17057461 0.19307827 0.2551536
 0.19256015 0.25238031]","[0.09893354 0.20833764 0.29946143 0.38070742 0.43970538 0.52067549
 0.60150068 0.66580291 0.71210147 0.76797651 0.81671522 0.84259309
 0.86265469 0.89098955 0.90931303 0.91801816 0.92592683 0.93451545
 0.95044438 0.96187673 0.96838182 0.97377508 0.97883854 0.98423796
 0.9872731  0.99048512]",1996.0,1976.0,26
3,shoplift,South Carolina,[1971 1972 1973 1974 1975 1976 1977 1978 1979],"[0.02534642 0.01800405 0.06026415 0.0535165  0.07128347 0.07637757
 0.06226581 0.23175958 0.23175958]","[0.02534642 0.04289413 0.1005733  0.14870747 0.20939056 0.26977539
 0.31524342 0.47394232 0.59586122]",1978.0,1979.0,9
3,shoplift,South Dakota,"[1971 1972 1973 1974 1975 1976 1977 1978 1979 1980 1981 1982 1983 1984
 1985 1986 1987 1988 1989]","[0.03398775 0.03617259 0.06751747 0.06839477 0.07278627 0.11498865
 0.08712287 0.08791024 0.04465323 0.05904972 0.04463816 0.15316652
 0.1374598  0.19037737 0.17918359 0.1756528  0.0788566  0.15083814
 0.14045896]","[0.03398775 0.06893091 0.13179434 0.19117508 0.25004642 0.33628257
 0.39410753 0.44737169 0.47204833 0.50322373 0.52539891 0.59809191
 0.65333811 0.71933469 0.76962531 0.81009127 0.82506682 0.85145342
 0.87231812]",1989.0,1980.0,19
3,shoplift,Tennessee,"[1971 1972 1973 1974 1975 1976 1977 1978 1979 1980 1981 1982 1983 1984
 1985 1986 1987 1988 1989 1990 1991]","[0.02940524 0.02321144 0.03112474 0.0406982  0.12830625 0.12265952
 0.13910341 0.20665166 0.20523786 0.15067551 0.12330504 0.19783414
 0.16914913 0.20346659 0.20140983 0.1440574  0.13439938 0.19187447
 0.21163231 0.20682405 0.22859159]","[0.02940524 0.05193414 0.08144244 0.11882608 0.2318862  0.32610267
 0.41984409 0.53973427 0.63419822 0.68931559 0.72762455 0.78150971
 0.81846715 0.85540302 0.88452627 0.90116112 0.914445   0.93086082
 0.94549291 0.95676628 0.96664915]",1991.0,1978.0,21
3,shoplift,Texas,[1971 1972 1973 1974 1975 1976 1977 1978 1979 1980 1981 1982 1983 1984],"[0.05657613 0.00897808 0.0509219  0.0509219  0.0509219  0.0509219
 0.0509219  0.0509219  0.0509219  0.0509219  0.0509219  0.0509219
 0.0509219  0.0509219 ]","[0.05657613 0.06504626 0.11265589 0.15784114 0.20072547 0.24142606
 0.28005409 0.3167151  0.35150927 0.38453165 0.41587247 0.44561736
 0.47384758 0.50064026]",1973.0,1984.0,14
3,shoplift,Utah,[1971 1972 1973 1974 1975 1976 1977 1978 1979 1980],"[0.06823961 0.04862685 0.06873659 0.11408637 0.1171224  0.06970963
 0.04844355 0.05118672 0.06325453 0.06325453]","[0.06823961 0.11354818 0.17447986 0.26866045 0.3543167  0.39932704
 0.42842577 0.45768278 0.4919868  0.52412094]",1979.0,1980.0,10
3,shoplift,Virginia,[1972 1973 1974 1975 1976 1977 1978 1979 1980 1981 1982],"[0.02353508 0.03015097 0.04925988 0.07888279 0.07888279 0.07888279
 0.07888279 0.07888279 0.07888279 0.07888279 0.07888279]","[0.02353508 0.05297644 0.09962671 0.17065066 0.23607205 0.29633281
 0.35184004 0.4029687  0.4500642  0.49344466 0.53340316]",1975.0,1982.0,11
3,shoplift,Washington,[1971 1972 1973 1974 1975 1976 1977 1978 1979],"[0.07044371 0.01833843 0.05137465 0.01726396 0.12241048 0.12241048
 0.12241048 0.12241048 0.12241048]","[0.07044371 0.08749031 0.13437018 0.14931438 0.25344722 0.34483311
 0.4250324  0.49541447 0.55718102]",1975.0,1979.0,9
3,shoplift,West Virginia,[1971 1972 1973 1974 1975 1976 1977 1978 1979 1980 1981],"[0.07641862 0.05951504 0.03215621 0.07466465 0.2179194  0.19863123
 0.21126348 0.19230577 0.19489583 0.198724   0.14073834]","[0.07641862 0.13138561 0.15931696 0.22208626 0.39160876 0.51245426
 0.61545487 0.68940512 0.74993877 0.79963193 0.8278314 ]",1981.0,1976.0,11
3,shoplift,Wisconsin,[1971 1972 1973 1974 1975 1976 1977 1978 1979 1980 1981 1982 1983],"[0.02996591 0.0355268  0.04399417 0.02179261 0.03711509 0.05758379
 0.06752802 0.06752802 0.06752802 0.06752802 0.06752802 0.06752802
 0.06752802]","[0.02996591 0.06442812 0.10558783 0.1250794  0.15755215 0.2060635
 0.25967645 0.30966904 0.35628572 0.39975447 0.44028786 0.47808411
 0.51332806]",1977.0,1983.0,13
3,shoplift,Wyoming,[1971 1972 1973 1974 1975 1976 1977 1978 1979 1980 1981 1982 1983],"[0.02712123 0.00350387 0.03408696 0.04660835 0.05184764 0.05773277
 0.04263468 0.05943421 0.09084981 0.05452951 0.03645576 0.0973183
 0.0973183 ]","[0.02712123 0.03053007 0.06357635 0.10722151 0.15350997 0.20238018
 0.23638645 0.28177122 0.34702217 0.38262873 0.40513547 0.46302668
 0.51528401]",1982.0,1983.0,13
3,sonofsam,Alabama,[1974 1975 1976 1977 1978 1979],[0.01898137 0.09526088 0.11521298 0.1364775  0.11389364 0.27591497],[0.01898137 0.11243407 0.21469318 0.32186989 0.3991046  0.56490064],1979.0,1979.0,6
3,sonofsam,Arizona,"[1974 1975 1976 1977 1978 1979 1980 1981 1982 1983 1984 1985 1986 1987
 1988 1989 1990 1991 1992 1993]","[0.0320202  0.04551914 0.05574597 0.042088   0.03291309 0.03291309
 0.03291309 0.03291309 0.03291309 0.03291309 0.03291309 0.03291309
 0.03291309 0.03291309 0.03291309 0.03291309 0.03291309 0.03291309
 0.03291309 0.03291309]","[0.0320202  0.0760818  0.12758652 0.16430466 0.19180997 0.21841
 0.24413454 0.2690124  0.29307146 0.31633866 0.33884007 0.36060088
 0.38164548 0.40199744 0.42167955 0.44071386 0.45912169 0.47692366
 0.49413972 0.51078914]",1978.0,1993.0,20
3,sonofsam,Arkansas,[1974 1975 1976 1977 1978 1979 1980 1981 1982 1983 1984 1985],"[0.02056689 0.09784072 0.01967018 0.08116433 0.0114993  0.13073308
 0.02129306 0.11382018 0.04851496 0.13497068 0.03147625 0.2118352 ]","[0.02056689 0.11639533 0.13377599 0.20408248 0.21323498 0.31609119
 0.3306537  0.40683882 0.43561601 0.5117913  0.52715828 0.6273228 ]",1985.0,1983.0,12
3,sonofsam,California,[1974 1975 1976 1977 1978 1979 1980 1981 1982 1983],"[0.02288513 0.02228414 0.02886789 0.06000906 0.12212303 0.07155511
 0.09488132 0.17526443 0.2010955  0.18168037]","[0.02288513 0.0446593  0.07223797 0.1279121  0.23441412 0.2891957
 0.35663775 0.46939627 0.57609829 0.65311291]",1983.0,1982.0,10
3,sonofsam,Colorado,[1974 1975 1976 1977 1978 1979 1980 1981 1982 1983 1984],"[0.01987264 0.02725838 0.03495213 0.06130236 0.09809284 0.06553696
 0.11030026 0.09472614 0.11368594 0.10773938 0.13724284]","[0.01987264 0.04658932 0.07991306 0.13631656 0.22103772 0.27208854
 0.35237736 0.41372416 0.48037547 0.5363595  0.59999084]",1984.0,1983.0,11
3,sonofsam,Connecticut,"[1974 1975 1976 1977 1978 1979 1980 1981 1982 1983 1984 1985 1986 1987
 1988]","[0.00657145 0.0072075  0.01416095 0.11871545 0.10928057 0.04613918
 0.06580033 0.06837512 0.03471775 0.03471775 0.03471775 0.03471775
 0.03471775 0.03471775 0.03471775]","[0.00657145 0.01373159 0.02769809 0.14312536 0.23676511 0.27198014
 0.31988409 0.3663871  0.38838472 0.40961863 0.43011534 0.44990046
 0.46899868 0.48743385 0.505229  ]",1982.0,1988.0,15
3,sonofsam,Delaware,"[1974 1975 1976 1977 1978 1979 1980 1981 1982 1983 1984 1985 1986 1987
 1988 1989 1990 1991 1992 1993 1994 1995 1996]","[0.01731708 0.02295426 0.02403513 0.04325615 0.04369835 0.03464438
 0.03018479 0.03018479 0.03018479 0.03018479 0.03018479 0.03018479
 0.03018479 0.03018479 0.03018479 0.03018479 0.03018479 0.03018479
 0.03018479 0.03018479 0.03018479 0.03018479 0.03018479]","[0.01731708 0.03987384 0.06295059 0.10348374 0.14266002 0.17236203
 0.19734411 0.2215721  0.24506878 0.26785622 0.28995582 0.31138835
 0.33217395 0.35233213 0.37188185 0.39084146 0.40922878 0.42706108
 0.44435512 0.46112714 0.4773929  0.49316769 0.50846631]",1980.0,1996.0,23
3,sonofsam,Florida,[1974 1975 1976 1977 1978 1979 1980 1981 1982 1983 1984 1985 1986],"[0.06598781 0.0623168  0.06332374 0.05108094 0.05108094 0.05108094
 0.05108094 0.05108094 0.05108094 0.05108094 0.05108094 0.05108094
 0.05108094]","[0.06598781 0.12419246 0.17965186 0.22155602 0.26131967 0.29905215
 0.33485723 0.36883335 0.40107393 0.43166764 0.46069859 0.48824661
 0.51438745]",1977.0,1986.0,13
3,sonofsam,Georgia,[1974 1975 1976 1977 1978 1979 1980],"[0.08422555 0.08083888 0.10281864 0.09253408 0.08040491 0.162215
 0.162215  ]","[0.08422555 0.15825573 0.24480274 0.31468422 0.36978697 0.47201698
 0.55766374]",1979.0,1980.0,7
3,sonofsam,Idaho,[1974 1975 1976 1977 1978 1979 1980 1981 1982 1983 1984 1985 1986],"[0.03927867 0.03916214 0.0506794  0.07004126 0.05804061 0.05804061
 0.05804061 0.05804061 0.05804061 0.05804061 0.05804061 0.05804061
 0.05804061]","[0.03927867 0.07690257 0.1236846  0.18506283 0.23236228 0.27691645
 0.31888466 0.35841701 0.39565488 0.43073144 0.46377214 0.49489513
 0.52421173]",1978.0,1986.0,13
3,sonofsam,Illinois,"[1974 1975 1976 1977 1978 1979 1980 1981 1982 1983 1984 1985 1986 1987
 1988 1989 1990 1991]","[0.02771257 0.01992217 0.02847567 0.04468808 0.07383349 0.03941579
 0.03941579 0.03941579 0.03941579 0.03941579 0.03941579 0.03941579
 0.03941579 0.03941579 0.03941579 0.03941579 0.03941579 0.03941579]","[0.02771257 0.04708264 0.0742176  0.11558904 0.18088819 0.21317413
 0.2441875  0.27397845 0.30259516 0.33008393 0.3564892  0.38185369
 0.40621842 0.42962279 0.45210466 0.47370039 0.49444491 0.51437177]",1979.0,1991.0,18
3,sonofsam,Indiana,[1974 1975 1976 1977 1978 1979 1980 1981 1982],"[0.02858041 0.01967211 0.03274539 0.0574188  0.08338564 0.1270553
 0.1543586  0.10465932 0.0914061 ]","[0.02858041 0.04769029 0.07887404 0.13176398 0.20416239 0.30527778
 0.41251413 0.474      0.52207961]",1982.0,1982.0,9
3,sonofsam,Iowa,[1974 1975 1976 1977 1978 1979 1980 1981 1982 1983 1984 1985 1986],"[0.02015601 0.01648288 0.02415145 0.03664482 0.07104518 0.06756149
 0.07451027 0.07493204 0.06112582 0.06112582 0.06112582 0.06112582
 0.06112582]","[0.02015601 0.03630666 0.05958125 0.09404272 0.15840662 0.21526593
 0.27373667 0.32815706 0.36922401 0.40778071 0.4439806  0.47796774
 0.50987739]",1982.0,1986.0,13
3,sonofsam,Kansas,[1974 1975 1976 1977 1978 1979 1980 1981 1982 1983 1984 1985 1986],"[0.0311003  0.02221508 0.03764929 0.05359228 0.07463943 0.10212669
 0.08175939 0.17588656 0.15594464 0.07317596 0.14347102 0.16255509
 0.14273289]","[0.0311003  0.05262449 0.0882925  0.13715299 0.20155539 0.2830979
 0.34171138 0.4574955  0.54209616 0.57560372 0.63649228 0.69558232
 0.73903273]",1986.0,1982.0,13
3,sonofsam,Kentucky,[1974 1975 1976 1977 1978 1979 1980 1981 1982 1983 1984 1985],"[0.04658257 0.01055805 0.0443849  0.01782431 0.07675105 0.07675105
 0.07675105 0.07675105 0.07675105 0.07675105 0.07675105 0.07675105]","[0.04658257 0.0566488  0.09851935 0.11458762 0.18254395 0.24528456
 0.30320976 0.35668914 0.40606393 0.45164914 0.49373565 0.53259197]",1978.0,1985.0,12
3,sonofsam,Louisiana,[1974 1975 1976 1977 1978 1979 1980 1981 1982 1983],"[0.05242432 0.06150636 0.06004028 0.04022805 0.03441279 0.1060453
 0.08510169 0.11153148 0.08194538 0.08194538]","[0.05242432 0.11070625 0.1640997  0.19772634 0.22533481 0.30748442
 0.36641866 0.43708293 0.48321138 0.52555982]",1982.0,1983.0,10
3,sonofsam,Maine,"[1974 1975 1976 1977 1978 1979 1980 1981 1982 1983 1984 1985 1986 1987
 1988 1989 1990 1991 1992 1993 1994 1995 1996 1997 1998 1999 2000 2001]","[0.00124513 0.00715696 0.00256944 0.01728352 0.04372311 0.02172445
 0.03897401 0.02180881 0.02506999 0.03746834 0.02604574 0.03932859
 0.0263652  0.0181271  0.01890355 0.03370511 0.02681026 0.0093678
 0.0123238  0.02226629 0.04348347 0.04220888 0.02815661 0.02764976
 0.02764976 0.02764976 0.02764976 0.02764976]","[0.00124513 0.00839318 0.01094105 0.02803547 0.07053278 0.09072494
 0.12616304 0.14522038 0.1666497  0.19787396 0.21876592 0.24949075
 0.26927808 0.28252395 0.2960868  0.31981227 0.33804828 0.34424931
 0.35233065 0.36675184 0.39428767 0.4198541  0.43618905 0.45177828
 0.46693648 0.48167556 0.49600711 0.50994239]",1997.0,2001.0,28
3,sonofsam,Maryland,[1974 1975 1976 1977 1978 1979 1980 1981 1982 1983 1984 1985 1986 1987],"[0.02173884 0.01768452 0.02213647 0.03339029 0.03183616 0.01978666
 0.04533141 0.03135907 0.07530202 0.11542134 0.11877041 0.09300945
 0.08873034 0.06392192]","[0.02173884 0.03903891 0.0603112  0.09168768 0.12060486 0.13800515
 0.1770806  0.20288658 0.26291084 0.34798666 0.42542655 0.47886731
 0.52510759 0.55546362]",1987.0,1986.0,14
3,sonofsam,Massachusetts,"[1974 1975 1976 1977 1978 1979 1980 1981 1982 1983 1984 1985 1986 1987
 1988 1989 1990 1991 1992 1993 1994 1995 1996]","[0.00539566 0.00528215 0.01055783 0.0230587  0.0230587  0.0230587
 0.0230587  0.0230587  0.0230587  0.0230587  0.0230587  0.0230587
 0.0230587  0.0230587  0.0230587  0.0230587  0.0230587  0.0230587
 0.0230587  0.0230587  0.0230587  0.0230587  0.0230587 ]","[0.00539566 0.01064932 0.02109471 0.043667   0.0657188  0.08726211
 0.10830866 0.1288699  0.14895703 0.16858098 0.18775242 0.2064818
 0.2247793  0.24265488 0.26011827 0.27717899 0.2938463  0.31012929
 0.32603681 0.34157753 0.35675989 0.37159218 0.38608244]",1977.0,,23
3,sonofsam,Michigan,[1974 1975 1976 1977 1978 1979 1980 1981 1982 1983 1984 1985],"[0.02040556 0.01835755 0.02959204 0.04065684 0.0405846  0.03480144
 0.04165666 0.03965083 0.07031866 0.20883552 0.31356393 0.30140327]","[0.02040556 0.03838852 0.06684456 0.10478371 0.14111571 0.17100612
 0.20553924 0.23704027 0.29069057 0.43881958 0.61478551 0.73089042]",1985.0,1984.0,12
3,sonofsam,Minnesota,[1974 1975 1976 1977 1978 1979 1980 1981 1982 1983 1984 1985 1986],"[0.01297147 0.01265841 0.02928165 0.04557279 0.05947337 0.02003934
 0.02864139 0.02777478 0.06843073 0.22419751 0.24191688 0.20271547
 0.18205053]","[0.01297147 0.02546568 0.05400164 0.09711342 0.15081113 0.16782832
 0.19166287 0.21411426 0.26789299 0.43202956 0.5694312  0.65671415
 0.71920952]",1986.0,1984.0,13
3,sonofsam,Mississippi,[1974 1975 1976 1977 1978 1979 1980 1981 1982 1983 1984 1985 1986 1987],"[0.06879867 0.07565708 0.08550444 0.04905462 0.04511593 0.10553419
 0.09437261 0.13643169 0.20081889 0.11472554 0.11806734 0.25406582
 0.24260005 0.27674909]","[0.06879867 0.13925064 0.21284853 0.25146194 0.28523293 0.36066529
 0.42100098 0.4999948  0.60040529 0.64624901 0.68801545 0.76728006
 0.82373793 0.8725183 ]",1987.0,1982.0,14
3,sonofsam,Missouri,"[1974 1975 1976 1977 1978 1979 1980 1981 1982 1983 1984 1985 1986 1987
 1988 1989 1990 1991]","[0.04938944 0.04702048 0.06333088 0.08709166 0.14384925 0.13864078
 0.15303612 0.15981865 0.26619879 0.22165235 0.2271118  0.28782051
 0.35423154 0.35670703 0.36145247 0.27178274 0.31906084 0.26552304]","[0.04938944 0.0940876  0.15145983 0.22536061 0.33679191 0.42873959
 0.51616307 0.59348924 0.70170191 0.76782038 0.82055111 0.87220018
 0.91747091 0.94690962 0.96609927 0.9753129  0.98318959 0.98765314]",1991.0,1980.0,18
3,sonofsam,Montana,"[1974 1975 1976 1977 1978 1979 1980 1981 1982 1983 1984 1985 1986 1987
 1988 1989 1990 1991]","[0.0050821  0.02234526 0.02415609 0.04189568 0.04189568 0.04189568
 0.04189568 0.04189568 0.04189568 0.04189568 0.04189568 0.04189568
 0.04189568 0.04189568 0.04189568 0.04189568 0.04189568 0.04189568]","[0.0050821  0.0273138  0.0508101  0.09057705 0.12867794 0.16518257
 0.20015782 0.23366775 0.26577375 0.29653466 0.32600682 0.35424422
 0.3812986  0.40721951 0.43205445 0.45584892 0.47864649 0.50048895]",1977.0,1991.0,18
3,sonofsam,Nevada,[1974 1975 1976 1977 1978 1979 1980 1981 1982 1983 1984],"[0.01047453 0.05099811 0.01395551 0.04763396 0.01609155 0.10542606
 0.01847708 0.11271047 0.11271047 0.11271047 0.11271047]","[0.01047453 0.06093845 0.07404354 0.11815051 0.13234084 0.22381473
 0.23815636 0.32402412 0.40021368 0.46781588 0.5277986 ]",1981.0,1984.0,11
3,sonofsam,New Hampshire,"[1974 1975 1976 1977 1978 1979 1980 1981 1982 1983 1984 1985 1986 1987
 1988 1989 1990 1991 1992 1993 1994 1995 1996 1997]","[0.00492954 0.02663983 0.00437363 0.06773852 0.01784734 0.09465493
 0.02375542 0.06470513 0.01582562 0.0481463  0.01084649 0.06276645
 0.05664401 0.06475622 0.06228906 0.05387927 0.07076057 0.09539151
 0.06778202 0.06877522 0.05181408 0.04032857 0.02991857 0.12719577]","[0.00492954 0.03143805 0.03567419 0.10099619 0.11704102 0.20061744
 0.21960711 0.27010253 0.28165361 0.31623933 0.32365574 0.36610746
 0.40201367 0.44073701 0.47557297 0.50382872 0.53893808 0.58291947
 0.61119004 0.63793053 0.65669082 0.67053599 0.68039308 0.72104573]",,1989.0,24
3,sonofsam,New Jersey,[1974 1975 1976 1977 1978 1979 1980 1981 1982 1983],"[0.0115873  0.00794977 0.01103944 0.04087965 0.05106975 0.03545667
 0.08136421 0.088991   0.11777789 0.2521588 ]","[0.0115873  0.01944495 0.03026973 0.06991197 0.11741134 0.14870499
 0.21796994 0.28756357 0.37147283 0.52996149]",1983.0,1983.0,10
3,sonofsam,New Mexico,[1974 1975 1976 1977 1978 1979 1980 1981 1982 1983],"[0.05676753 0.05431252 0.05619253 0.02603432 0.03845387 0.07926557
 0.07267344 0.15130828 0.11035848 0.13023467]","[0.05676753 0.10799687 0.15812078 0.18003854 0.21156922 0.27406464
 0.32682086 0.42867844 0.49172862 0.55792317]",1983.0,1983.0,10
3,sonofsam,New York,"[1974 1975 1976 1977 1978 1979 1980 1981 1982 1983 1984 1985 1986 1987
 1988 1989 1990 1991]","[0.01433412 0.0121917  0.01661761 0.04443393 0.04443393 0.04443393
 0.04443393 0.04443393 0.04443393 0.04443393 0.04443393 0.04443393
 0.04443393 0.04443393 0.04443393 0.04443393 0.04443393 0.04443393]","[0.01433412 0.02635106 0.04253078 0.0850749  0.12572862 0.16457594
 0.20169711 0.23716885 0.27106444 0.30345391 0.33440419 0.36397923
 0.39224014 0.4192453  0.44505051 0.4697091  0.49327201 0.51578793]",1977.0,1991.0,18
3,sonofsam,North Carolina,"[1974 1975 1976 1977 1978 1979 1980 1981 1982 1983 1984 1985 1986 1987
 1988 1989 1990 1991 1992 1993 1994 1995 1996 1997]","[0.08139411 0.10632997 0.11259537 0.07123195 0.06466303 0.16110423
 0.21152731 0.28507558 0.19210453 0.15294244 0.16051402 0.14749087
 0.18691958 0.19385472 0.19163897 0.12935485 0.26571073 0.31278597
 0.32659548 0.31074239 0.29667452 0.22651454 0.18564588 0.25736312]","[0.08139411 0.17906945 0.27150243 0.32339473 0.36714607 0.46910152
 0.58140105 0.70073339 0.75822386 0.79520169 0.82807469 0.85343211
 0.88082852 0.90393047 0.92234114 0.93238669 0.95035227 0.96588138
 0.97702437 0.98416387 0.98886205 0.99138496 0.9929843  0.99478988]",,1980.0,24
3,sonofsam,North Dakota,"[1974 1975 1976 1977 1978 1979 1980 1981 1982 1983 1984 1985 1986 1987
 1988 1989 1990 1991 1992 1993]","[0.00283323 0.02941139 0.00581239 0.10407227 0.01752293 0.07570217
 0.01289902 0.03915901 0.01555125 0.08395396 0.01536706 0.08534343
 0.0254537  0.17900553 0.04823136 0.27652316 0.05979739 0.16124997
 0.02596367 0.21048127]","[0.00283323 0.03216129 0.03778675 0.13792646 0.15303252 0.21714979
 0.22724779 0.257508   0.26905467 0.33042043 0.3407099  0.39697598
 0.41232517 0.51752221 0.54079277 0.66777421 0.68764044 0.73800841
 0.74481067 0.79852325]",1993.0,1987.0,20
3,sonofsam,Ohio,[1974 1975 1976 1977 1978 1979 1980 1981 1982 1983 1984],"[0.01982443 0.0218444  0.03169916 0.04829738 0.0896003  0.05175481
 0.07079901 0.06557282 0.13044884 0.17020141 0.19979096]","[0.01982443 0.04123577 0.0716278  0.11646574 0.19563067 0.23726065
 0.29126184 0.3377358  0.42412739 0.52214172 0.61761349]",1984.0,1983.0,11
3,sonofsam,Oklahoma,[1974 1975 1976 1977 1978 1979 1980 1981 1982 1983],"[0.06072975 0.07078038 0.06499849 0.03637369 0.03262856 0.07163482
 0.07388368 0.09529641 0.09529641 0.09529641]","[0.06072975 0.12721166 0.18394158 0.21362463 0.23928292 0.29377676
 0.34595513 0.40828326 0.46467174 0.5156866 ]",1981.0,1983.0,10
3,sonofsam,Oregon,[1974 1975 1976 1977 1978 1979 1980 1981 1982 1983 1984 1985],"[0.0192208  0.00929139 0.01780077 0.02378075 0.06369233 0.06011414
 0.06506601 0.10656016 0.07770868 0.33723967 0.30110877 0.31394973]","[0.0192208  0.0283336  0.04563001 0.06832564 0.12766616 0.18010576
 0.233453   0.31513637 0.36835622 0.58137156 0.70742425 0.79927833]",1985.0,1983.0,12
3,sonofsam,Pennsylvania,"[1974 1975 1976 1977 1978 1979 1980 1981 1982 1983 1984 1985 1986 1987
 1988]","[0.01850471 0.01542888 0.02423177 0.05823283 0.07854996 0.04043781
 0.07844489 0.06051549 0.04436752 0.04436752 0.04436752 0.04436752
 0.04436752 0.04436752 0.04436752]","[0.01850471 0.03364808 0.0570645  0.1119743  0.18172869 0.21481779
 0.27641133 0.32019965 0.35036071 0.37918359 0.40672768 0.4330497
 0.45820388 0.48224203 0.50521367]",1982.0,1988.0,15
3,sonofsam,Rhode Island,[1974 1975 1976 1977 1978 1979 1980 1981 1982 1983 1984],"[0.00832466 0.00508741 0.0083249  0.07544659 0.05715853 0.03670794
 0.03500428 0.03308817 0.06679868 0.19017195 0.19017195]","[0.00832466 0.01336973 0.02158332 0.09540153 0.14710705 0.178415
 0.20717399 0.23340714 0.28461453 0.42066078 0.53083485]",1983.0,1984.0,11
3,sonofsam,South Carolina,[1974 1975 1976 1977 1978 1979 1980 1981],"[0.04391685 0.06030026 0.06840295 0.04273187 0.04380413 0.16231653
 0.15113894 0.15113894]","[0.04391685 0.10156891 0.16302425 0.19878978 0.2338861  0.35823905
 0.45523412 0.53756945]",1980.0,1981.0,8
3,sonofsam,South Dakota,[1974 1975 1976 1977 1978 1979 1980 1981 1982 1983 1984],"[0.0361907  0.01691804 0.02803431 0.06927825 0.08480365 0.03767651
 0.0914242  0.07475987 0.09977751 0.09977751 0.09977751]","[0.0361907  0.05249646 0.07905907 0.14286025 0.21554883 0.24510422
 0.31411996 0.36539626 0.42871544 0.48571679 0.53703069]",1982.0,1984.0,11
3,sonofsam,Tennessee,[1974 1975 1976 1977 1978 1979 1980 1981 1982 1983 1984 1985],"[0.05804271 0.05804271 0.05804271 0.05804271 0.05804271 0.05804271
 0.05804271 0.05804271 0.05804271 0.05804271 0.05804271 0.05804271]","[0.05804271 0.11271646 0.1642168  0.21272792 0.25842332 0.30146644
 0.34201122 0.38020267 0.41617738 0.45006403 0.4819838  0.51205086]",1974.0,1985.0,12
3,sonofsam,Texas,"[1974 1975 1976 1977 1978 1979 1980 1981 1982 1983 1984 1985 1986 1987
 1988 1989]","[0.01391576 0.07281436 0.01538729 0.0466304  0.00833297 0.05172847
 0.05172847 0.05172847 0.05172847 0.05172847 0.05172847 0.05172847
 0.05172847 0.05172847 0.05172847 0.05172847]","[0.01391576 0.08571685 0.0997852  0.14176257 0.14891424 0.1929396
 0.2346876  0.27427604 0.31181663 0.3474153  0.38117251 0.41318351
 0.44353863 0.47232352 0.49961942 0.52550334]",1979.0,1989.0,16
3,sonofsam,Utah,"[1974 1975 1976 1977 1978 1979 1980 1981 1982 1983 1984 1985 1986 1987
 1988 1989 1990 1991]","[0.02914955 0.03435044 0.06300203 0.03309288 0.05376761 0.07852168
 0.05668798 0.12739342 0.09986191 0.07259387 0.12707806 0.13316445
 0.12838385 0.16050504 0.14277397 0.10464587 0.18649332 0.20109029]","[0.02914955 0.0624987  0.12156319 0.15063319 0.19630161 0.25940936
 0.30139195 0.39039002 0.45126683 0.4911015  0.55577133 0.6149268
 0.66436398 0.71823525 0.75846392 0.78373967 0.82407078 0.85944844]",1991.0,1984.0,18
3,sonofsam,Vermont,[1989 1990 1991 1992 1993 1994 1995 1996 1997],"[0.09698384 0.09186472 0.03219334 0.03193947 0.06791447 0.07537702
 0.11115125 0.12347088 0.18972187]","[0.09698384 0.17993917 0.20633967 0.23168876 0.28386821 0.33784809
 0.41144711 0.48411625 0.58199068]",,1997.0,9
3,sonofsam,Virginia,"[1974 1975 1976 1977 1978 1979 1980 1981 1982 1983 1984 1985 1986 1987
 1988 1989 1990]","[0.0504261  0.08284542 0.08419905 0.05053469 0.07594927 0.11250337
 0.11016769 0.08039283 0.06568866 0.05887727 0.07021635 0.08043685
 0.07297079 0.14666276 0.15143968 0.09544255 0.14185335]","[0.0504261  0.12909395 0.20242341 0.2427287  0.3002429  0.37896794
 0.4473856  0.49181184 0.52519404 0.55314932 0.58452554 0.617945
 0.64582386 0.69776831 0.74353818 0.76801555 0.80092332]",1990.0,1982.0,17
3,sonofsam,Washington,[1974 1975 1976 1977 1978 1979 1980 1981 1982 1983 1984 1985 1986],"[0.00116209 0.00947571 0.00327231 0.03000069 0.03258715 0.07569346
 0.07569346 0.07569346 0.07569346 0.07569346 0.07569346 0.07569346
 0.07569346]","[0.00116209 0.01062679 0.01386432 0.04344907 0.07462034 0.14466553
 0.20940876 0.26925134 0.32456424 0.37569031 0.42294647 0.46662565
 0.5069986 ]",1979.0,1986.0,13
3,sonofsam,West Virginia,"[1974 1975 1976 1977 1978 1979 1980 1981 1982 1983 1984 1985 1986 1987
 1988 1989 1990 1991 1992 1993 1994 1995]","[0.01335835 0.02952017 0.02603297 0.04933413 0.08391609 0.06895963
 0.05073743 0.04586658 0.08173638 0.08555764 0.13205573 0.15169721
 0.07873018 0.15713173 0.18964153 0.22153908 0.26789057 0.21386355
 0.09898179 0.21986077 0.40344189 0.32581715]","[0.01335835 0.04248417 0.06741115 0.11341961 0.18781797 0.24382574
 0.28219208 0.31511548 0.37109546 0.42490305 0.5008479  0.57656788
 0.60990476 0.6712011  0.73355503 0.792583   0.84814806 0.88062366
 0.89243974 0.91608802 0.94994163 0.96625151]",1995.0,1984.0,22
3,sonofsam,Wisconsin,[1974 1975 1976 1977 1978 1979 1980 1981 1982 1983 1984 1985],"[0.01485125 0.01488299 0.02311031 0.03797312 0.04349626 0.04085434
 0.0550505  0.06247566 0.08194107 0.12641995 0.12641995 0.12641995]","[0.01485125 0.02951321 0.05194146 0.0879422  0.12761331 0.1632541
 0.20931737 0.25871579 0.31945742 0.40549157 0.4806493  0.54630559]",1983.0,1985.0,12
3,sonofsam,Wyoming,"[1974 1975 1976 1977 1978 1979 1980 1981 1982 1983 1984 1985 1986 1987
 1988 1989 1990 1991 1992 1993 1994 1995 1996 1997]","[0.04767894 0.05595124 0.05039765 0.06100224 0.12619846 0.15665732
 0.13813038 0.15407425 0.17016696 0.07617322 0.14691967 0.1566005
 0.13733945 0.12935896 0.13321285 0.11358187 0.16315117 0.2962659
 0.27194557 0.24981365 0.20617096 0.14572292 0.11646314 0.15567698]","[0.04767894 0.10096248 0.14627186 0.19835119 0.29951803 0.40925366
 0.49085367 0.56930001 0.64259092 0.66981592 0.71832645 0.76243667
 0.79506349 0.82157386 0.84534252 0.8629088  0.88527539 0.91926438
 0.94122008 0.9559041  0.9649954  0.97009637 0.97357904 0.97769218]",1997.0,1981.0,24
3,statrape,Alabama,"[1973 1974 1975 1976 1977 1978 1979 1980 1981 1982 1983 1984 1985 1986
 1987 1988 1989 1990 1991 1992 1993 1994 1995 1996]","[0.02363737 0.00328709 0.01748536 0.01819653 0.02616748 0.02616748
 0.02616748 0.02616748 0.02616748 0.02616748 0.02616748 0.02616748
 0.02616748 0.02616748 0.02616748 0.02616748 0.02616748 0.02616748
 0.02616748 0.02616748 0.02616748 0.02616748 0.02616748 0.02616748]","[0.02363737 0.02684676 0.0438627  0.06126108 0.08582551 0.10974715
 0.13304282 0.1557289  0.17782134 0.19933568 0.22028705 0.24069017
 0.26055939 0.27990868 0.29875165 0.31710155 0.33497128 0.35237341
 0.36932016 0.38582346 0.40189491 0.41754581 0.43278716 0.44762969]",1977.0,,24
3,statrape,Arizona,"[1971 1972 1973 1974 1975 1976 1977 1978 1979 1980 1981 1982 1983 1984
 1985 1986 1987 1988 1989 1990 1991 1992 1993]","[0.02786226 0.03169843 0.02918541 0.02503765 0.06123993 0.0513669
 0.08783601 0.05289284 0.02127266 0.02486603 0.04927572 0.09983335
 0.10887983 0.13704193 0.07469342 0.07453828 0.07198638 0.08336494
 0.06908045 0.06665054 0.06009217 0.09806429 0.16080193]","[0.02786226 0.05867749 0.08615038 0.10903103 0.16359391 0.20655749
 0.27625032 0.31453149 0.32911323 0.34579552 0.37803191 0.44012507
 0.50108416 0.56945655 0.60161531 0.63131022 0.65785086 0.6863741
 0.70803952 0.72749884 0.74387403 0.76899084 0.80613756]",1993.0,1983.0,23
3,statrape,Arkansas,"[1971 1972 1973 1974 1975 1976 1977 1978 1979 1980 1981 1982 1983 1984
 1985 1986 1987 1988 1989 1990 1991 1992 1993]","[0.0353796  0.0040371  0.03721895 0.00635844 0.03173304 0.03173304
 0.03173304 0.03173304 0.03173304 0.03173304 0.03173304 0.03173304
 0.03173304 0.03173304 0.03173304 0.03173304 0.03173304 0.03173304
 0.03173304 0.03173304 0.03173304 0.03173304 0.03173304]","[0.0353796  0.03927387 0.07503108 0.08091244 0.11007788 0.13831781
 0.1656616  0.19213769 0.21777361 0.24259603 0.26663075 0.28990279
 0.31243633 0.33425481 0.35538092 0.37583664 0.39564324 0.41482132
 0.43339081 0.45137104 0.4687807  0.4856379  0.50196017]",1975.0,1993.0,23
3,statrape,California,"[1971 1972 1973 1974 1975 1976 1977 1978 1979 1980 1981 1982 1983 1984
 1985 1986 1987 1988 1989 1990 1991 1992 1993]","[0.05990504 0.06877605 0.06902418 0.05047876 0.04666887 0.06674043
 0.12888352 0.15087811 0.07878965 0.07659287 0.13942639 0.074339
 0.06043123 0.09571351 0.11609911 0.10973722 0.11082432 0.12327214
 0.109809   0.09480905 0.08911722 0.10469641 0.18558465]","[0.05990504 0.12456106 0.18498752 0.22612834 0.26224406 0.31148221
 0.4002208  0.49071435 0.53084079 0.56677504 0.62717803 0.65489324
 0.67574847 0.70678372 0.74082587 0.76926692 0.79483776 0.82012854
 0.83988005 0.85506087 0.86797744 0.88179973 0.90373588]",1993.0,1979.0,23
3,statrape,Colorado,"[1971 1972 1973 1974 1975 1976 1977 1978 1979 1980 1981 1982 1983 1984
 1985 1986 1987 1988 1989 1990]","[0.02365282 0.02273531 0.02801212 0.02076859 0.03721982 0.03721982
 0.03721982 0.03721982 0.03721982 0.03721982 0.03721982 0.03721982
 0.03721982 0.03721982 0.03721982 0.03721982 0.03721982 0.03721982
 0.03721982 0.03721982]","[0.02365282 0.04585038 0.07257813 0.09183938 0.12564096 0.15818445
 0.18951667 0.21968272 0.24872599 0.27668828 0.30360981 0.32952933
 0.35448413 0.37851012 0.40164187 0.42391265 0.44535452 0.46599833
 0.48587378 0.50500946]",1975.0,1990.0,20
3,statrape,Connecticut,"[1971 1972 1973 1974 1975 1976 1977 1978 1979 1980 1981 1982 1983 1984
 1985 1986 1987 1988 1989 1990 1991 1992 1993]","[0.03916723 0.03661014 0.02026184 0.01479274 0.01535349 0.03340272
 0.02964869 0.07137582 0.08476711 0.0978519  0.06059765 0.01134487
 0.02011165 0.03367987 0.05238428 0.03279527 0.03812365 0.04226375
 0.06462494 0.07727978 0.08937308 0.0575581  0.06552958]","[0.03916723 0.07434345 0.09309895 0.1065145  0.12023262 0.14961924
 0.17483191 0.23372896 0.29868355 0.3673087  0.4056483  0.41239114
 0.42420892 0.44360149 0.47274802 0.4900394  0.50948096 0.53021213
 0.56057214 0.59453103 0.63076904 0.65202127 0.67482417]",1993.0,1987.0,23
3,statrape,Delaware,"[1971 1972 1973 1974 1975 1976 1977 1978 1979 1980 1981 1982 1983 1984
 1985 1986 1987 1988]","[0.0317193  0.02023362 0.02345563 0.01809994 0.02272572 0.0559326
 0.04606301 0.08050172 0.05106305 0.0559081  0.08636473 0.03438038
 0.06646022 0.10155586 0.07501499 0.08524757 0.07183108 0.16601776]","[0.0317193  0.05131113 0.07356322 0.09033167 0.11100454 0.16072837
 0.19938775 0.26383841 0.30142907 0.34048484 0.39744369 0.41815981
 0.45682904 0.51199123 0.5485992  0.58708002 0.61674051 0.68036839]",1988.0,1984.0,18
3,statrape,Florida,"[1971 1972 1973 1974 1975 1976 1977 1978 1979 1980 1981 1982 1983 1984
 1985 1986 1987 1988 1989 1990 1991 1992 1993 1994 1995 1996]","[0.02494393 0.02190192 0.02923719 0.02107594 0.02470146 0.02310458
 0.0855144  0.05329174 0.02750457 0.03007546 0.05703801 0.09627236
 0.0768842  0.07851037 0.05711749 0.04927143 0.04851975 0.05579504
 0.0481686  0.0426708  0.04576383 0.07181638 0.08568203 0.10501214
 0.2351802  0.25152399]","[0.02494393 0.04629953 0.07418306 0.09369552 0.11608256 0.1365051
 0.21034635 0.25242837 0.27299    0.29485516 0.33507522 0.3990891
 0.44528965 0.48884017 0.51803633 0.54178338 0.56401593 0.58834168
 0.60817069 0.62489036 0.64205681 0.667763   0.69622974 0.7281293
 0.79206791 0.84436782]",1996.0,1985.0,26
3,statrape,Georgia,"[1971 1972 1973 1974 1975 1976 1977 1978 1979 1980 1981 1982 1983 1984
 1985 1986 1987 1988 1989 1990 1991 1992 1993 1994 1995]","[0.02300907 0.01382341 0.02086335 0.01730346 0.01642286 0.01799182
 0.03364354 0.02186282 0.0096527  0.01190232 0.02566693 0.04709667
 0.04361569 0.03407081 0.01834163 0.01629092 0.02521411 0.04488169
 0.02788275 0.03107106 0.02918306 0.0562035  0.05389506 0.0628914
 0.11381798]","[0.02300907 0.03651442 0.05661595 0.07293976 0.08816473 0.10457031
 0.13469574 0.15361373 0.16178365 0.17176036 0.19301873 0.23102486
 0.26456424 0.28962113 0.30265064 0.3140111  0.3313077  0.36131974
 0.3791279  0.39841905 0.41597503 0.44879928 0.47850627 0.51130374
 0.56692616]",1995.0,1994.0,25
3,statrape,Idaho,"[1971 1972 1973 1974 1975 1976 1977 1978 1979 1980 1981 1982 1983 1984
 1985 1986 1987 1988 1989 1990 1991 1992]","[0.04752128 0.04732009 0.0624882  0.04674483 0.05046061 0.04037841
 0.08157255 0.05159755 0.01734866 0.02312571 0.04869319 0.09399736
 0.11471097 0.07804974 0.0437891  0.05043036 0.05259326 0.09095246
 0.06012616 0.0578993  0.08354718 0.14647917]","[0.04752128 0.09259266 0.14929491 0.18906098 0.22998146 0.26107358
 0.32134969 0.35636639 0.36753256 0.38215882 0.41224348 0.46749105
 0.52857566 0.56537021 0.58440226 0.605361   0.62611636 0.66012199
 0.68055755 0.69905305 0.72419632 0.76459581]",1992.0,1983.0,22
3,statrape,Illinois,"[1971 1972 1973 1974 1975 1976 1977 1978 1979 1980 1981 1982 1983 1984
 1985 1986 1987 1988]","[0.03239669 0.03414245 0.0268403  0.04207146 0.02878511 0.06586855
 0.04758323 0.05907849 0.03086153 0.02752249 0.05688173 0.02169018
 0.02172005 0.03677159 0.03677159 0.03677159 0.03677159 0.03677159]","[0.03239669 0.06543303 0.09051709 0.12878036 0.15385852 0.20959263
 0.24720277 0.29167689 0.31353683 0.33243    0.37040254 0.38405862
 0.3974369  0.4195941  0.44093655 0.46149421 0.48129592 0.5003695 ]",1984.0,1988.0,18
3,statrape,Indiana,"[1971 1972 1973 1974 1975 1976 1977 1978 1979 1980 1981 1982 1983 1984
 1985 1986 1987 1988 1989 1990 1991 1992 1993 1994]","[0.03539159 0.06064088 0.05336586 0.08716106 0.05969946 0.0778707
 0.08745668 0.06207241 0.03215505 0.02797156 0.05876878 0.03109869
 0.04183165 0.11224073 0.07022748 0.08297237 0.09627742 0.10826997
 0.08213331 0.07762958 0.08441508 0.11812991 0.12701213 0.1391034 ]","[0.03539159 0.0938863  0.14224183 0.21700494 0.26374932 0.32108168
 0.38045762 0.41891411 0.43759896 0.4533302  0.48545732 0.50145892
 0.52231371 0.57592957 0.60571097 0.63842606 0.67323747 0.70861604
 0.73254837 0.75331053 0.77413484 0.80081627 0.82611502 0.85030301]",1994.0,1982.0,24
3,statrape,Iowa,"[1971 1972 1973 1974 1975 1976 1977 1978 1979 1980 1981 1982 1983 1984
 1985 1986 1987 1988 1989]","[0.03045911 0.03324056 0.03293262 0.02106447 0.02385299 0.03884888
 0.03884888 0.03884888 0.03884888 0.03884888 0.03884888 0.03884888
 0.03884888 0.03884888 0.03884888 0.03884888 0.03884888 0.03884888
 0.03884888]","[0.03045911 0.0626872  0.09355537 0.11264914 0.13381512 0.16746542
 0.19980846 0.230895   0.26077386 0.28949197 0.31709441 0.34362452
 0.36912397 0.3936328  0.41718948 0.43983101 0.46159295 0.48250946
 0.50261339]",1976.0,1989.0,19
3,statrape,Kansas,"[1971 1972 1973 1974 1975 1976 1977 1978 1979 1980 1981 1982 1983 1984
 1985 1986 1987 1988 1989 1990 1991 1992 1993 1994 1995 1996 1997 1998
 1999 2000 2001 2002 2003 2004 2005 2006 2007 2008]","[0.03168682 0.02212732 0.02749752 0.02818703 0.03865215 0.03913168
 0.08955886 0.05542654 0.02528015 0.02373204 0.09402697 0.10319304
 0.11875625 0.09539556 0.0642729  0.05971288 0.06285789 0.08740133
 0.05440977 0.05653479 0.0527401  0.10985526 0.10250812 0.18846553
 0.19447219 0.1931045  0.20151553 0.18983653 0.23241048 0.16151172
 0.19456499 0.17319107 0.20331339 0.2259725  0.22344126 0.25422533
 0.25278557 0.2823189 ]","[0.03168682 0.053113   0.07915005 0.10510607 0.13969565 0.1733608
 0.24739366 0.28910803 0.30707948 0.3235239  0.3871309  0.45037472
 0.51564616 0.56185137 0.59001245 0.61449399 0.63872608 0.6703019
 0.6882407  0.70586595 0.72137861 0.75198663 0.77741002 0.81936056
 0.8544899  0.88258856 0.90624879 0.92404619 0.94169865 0.951115
 0.96062631 0.96744548 0.97406425 0.97992502 0.9844106  0.98837382
 0.99131275 0.99376532]",,1983.0,38
3,statrape,Kentucky,"[1972 1973 1974 1975 1976 1977 1978 1979 1980 1981 1982 1983 1984 1985
 1986]","[0.03625814 0.00981036 0.04862299 0.04862299 0.04862299 0.04862299
 0.04862299 0.04862299 0.04862299 0.04862299 0.04862299 0.04862299
 0.04862299 0.04862299 0.04862299]","[0.03625814 0.04571279 0.09211309 0.13625727 0.17825503 0.21821073
 0.25622366 0.29238829 0.32679449 0.35952776 0.39066944 0.42029691
 0.44848381 0.47530018 0.50081266]",1974.0,1986.0,15
3,statrape,Louisiana,[1971 1972 1973 1974 1975 1976 1977 1978 1979 1980],"[0.02219304 0.01728496 0.0532304  0.035293   0.08529882 0.07109466
 0.09686565 0.09686565 0.09686565 0.09686565]","[0.02219304 0.0390944  0.09024379 0.12235181 0.19721417 0.25428795
 0.32652184 0.39175874 0.45067643 0.50388701]",1977.0,1980.0,10
3,statrape,Maine,"[1971 1972 1973 1974 1975 1976 1977 1978 1979 1980 1981 1982 1983 1984
 1985 1986 1987 1988 1989 1990 1991 1992 1993 1994]","[0.01664521 0.00342743 0.01020004 0.00130238 0.00708456 0.00708456
 0.00708456 0.00708456 0.00708456 0.00708456 0.00708456 0.00708456
 0.00708456 0.00708456 0.00708456 0.00708456 0.00708456 0.00708456
 0.00708456 0.00708456 0.00708456 0.00708456 0.00708456 0.00708456]","[0.01664521 0.02001559 0.03001148 0.03127477 0.03813777 0.04495214
 0.05171824 0.0584364  0.06510697 0.07173028 0.07830666 0.08483646
 0.09131999 0.09775759 0.10414959 0.11049629 0.11679804 0.12305514
 0.12926791 0.13543667 0.14156172 0.14764338 0.15368196 0.15967775]",1975.0,,24
3,statrape,Maryland,[1973 1974 1975 1976 1977 1978 1979 1980 1981 1982 1983],"[0.02641839 0.02271698 0.03087524 0.07426597 0.07426597 0.07426597
 0.07426597 0.07426597 0.07426597 0.07426597 0.07426597]","[0.02641839 0.04853522 0.07791192 0.14639169 0.20978573 0.26847176
 0.32279941 0.37309237 0.41965027 0.46275051 0.50264986]",1976.0,1983.0,11
3,statrape,Massachusetts,"[1971 1972 1973 1974 1975 1976 1977 1978 1979 1980 1981 1982 1983 1984
 1985 1986 1987 1988 1989 1990 1991 1992 1993 1994 1995 1996 1997 1998
 1999 2000 2001 2002 2003 2004 2005 2006 2007 2008]","[0.01778721 0.01859962 0.01298481 0.00895172 0.00829687 0.01848218
 0.01148373 0.02714929 0.04168237 0.0459753  0.03042077 0.0066106
 0.01180502 0.01543413 0.01408149 0.01448028 0.01349505 0.01429719
 0.01724696 0.0168994  0.02099589 0.01532608 0.03880289 0.05607397
 0.04166708 0.03222756 0.0246516  0.02368633 0.02824438 0.04570622
 0.03263688 0.03605165 0.03207268 0.02573125 0.03602647 0.02971422
 0.03022911 0.03378977]","[0.01778721 0.03605599 0.04857262 0.05708953 0.06491273 0.08219519
 0.09273501 0.11736661 0.15415686 0.19304475 0.21759295 0.22276513
 0.2319404  0.24379473 0.25444323 0.2652391  0.27515473 0.28551798
 0.29784063 0.3097067  0.32420003 0.33455739 0.36037849 0.3962446
 0.42140133 0.44004815 0.45385186 0.46678811 0.48184835 0.5055311
 0.52166903 0.53891365 0.55370192 0.56518573 0.58085055 0.59330525
 0.60559927 0.61892598]",,2000.0,38
3,statrape,Michigan,"[1971 1972 1973 1974 1975 1976 1977 1978 1979 1980 1981 1982 1983 1984
 1985 1986 1987 1988 1989 1990 1991 1992 1993 1994 1995 1996 1997 1998
 1999 2000 2001 2002 2003 2004 2005 2006 2007 2008]","[0.02709321 0.04569744 0.05779015 0.03749635 0.03203391 0.05699943
 0.0359523  0.04523711 0.03640328 0.03911212 0.03501785 0.01331789
 0.01395298 0.04610557 0.07429812 0.05076005 0.0463045  0.03889829
 0.07105639 0.05909517 0.05765617 0.04491103 0.06287692 0.13862433
 0.10867195 0.12594432 0.09965183 0.16279823 0.2067019  0.20524309
 0.14871609 0.15483626 0.17125781 0.15292429 0.16931938 0.13872906
 0.09699125 0.07941583]","[0.02709321 0.07155257 0.12520768 0.15800919 0.18498145 0.23143704
 0.25906865 0.29258624 0.31833842 0.34499965 0.36793636 0.37635411
 0.38505583 0.41340818 0.45699085 0.48455402 0.50842149 0.52754305
 0.56111413 0.58705017 0.61085927 0.62833598 0.65170507 0.69998723
 0.7325902  0.76626895 0.78956067 0.82381982 0.8602366  0.88892207
 0.90544115 0.92008229 0.93376882 0.94389717 0.95339647 0.95986173
 0.96375479 0.96663324]",,1987.0,38
3,statrape,Minnesota,"[1971 1972 1973 1974 1975 1976 1977 1978 1979 1980 1981 1982 1983 1984
 1985 1986 1987 1988 1989 1990 1991 1992 1993 1994]","[0.02043437 0.00475457 0.03004673 0.01356059 0.01253106 0.01253106
 0.01253106 0.01253106 0.01253106 0.01253106 0.01253106 0.01253106
 0.01253106 0.01253106 0.01253106 0.01253106 0.01253106 0.01253106
 0.01253106 0.01253106 0.01253106 0.01253106 0.01253106 0.01253106]","[0.02043437 0.02509179 0.05438459 0.06720769 0.07889657 0.09043897
 0.10183674 0.11309168 0.12420558 0.13518022 0.14601733 0.15671864
 0.16728585 0.17772064 0.18802468 0.19819959 0.208247   0.21816851
 0.22796568 0.23764009 0.24719327 0.25662674 0.265942   0.27514053]",1975.0,,24
3,statrape,Mississippi,"[1974 1975 1976 1977 1978 1979 1980 1981 1982 1983 1984 1985 1986 1987
 1988 1989 1990 1991 1992 1993 1994 1995 1996 1997 1998]","[0.01243634 0.02413711 0.02323978 0.08224052 0.05789473 0.02619845
 0.02766293 0.06816312 0.14851797 0.14074985 0.07773183 0.06315561
 0.06396215 0.08440013 0.1536158  0.11245158 0.0921088  0.08025425
 0.11888376 0.13237103 0.17073319 0.130136   0.12302682 0.13702241
 0.16682547]","[0.01243634 0.03627327 0.05867007 0.13608554 0.18610163 0.2074245
 0.22934946 0.28187941 0.38853322 0.47459708 0.51543761 0.54604044
 0.57507667 0.61094026 0.67070598 0.70773561 0.73465573 0.75595074
 0.78496423 0.81342874 0.84528265 0.86541694 0.88197427 0.89814644
 0.91513821]",1998.0,1984.0,25
3,statrape,Missouri,"[1971 1972 1973 1974 1975 1976 1977 1978 1979 1980 1981 1982 1983 1984
 1985 1986 1987 1988 1989 1990 1991 1992 1993 1994]","[0.03622407 0.00650523 0.03489086 0.04010565 0.06129874 0.05364786
 0.10124912 0.08375768 0.04098375 0.03826835 0.09041092 0.07966423
 0.04672339 0.11618086 0.10571785 0.11856851 0.12437654 0.16136865
 0.11255708 0.12601961 0.12255172 0.11739515 0.14460789 0.21095844]","[0.03622407 0.04249366 0.07590188 0.11296344 0.16733766 0.21200821
 0.29179168 0.35110957 0.37770353 0.40151779 0.45562711 0.49899416
 0.52240285 0.5778905  0.62251501 0.66727284 0.7086563  0.75567004
 0.7831711  0.8104958  0.83371986 0.85324035 0.87446295 0.90094605]",1994.0,1983.0,24
3,statrape,Montana,"[1971 1972 1973 1974 1975 1976 1977 1978 1979 1980 1981 1982 1983 1984
 1985 1986 1987 1988 1989 1990 1991 1992]","[0.03394387 0.00628399 0.02281258 0.02281258 0.02281258 0.02281258
 0.02281258 0.02281258 0.02281258 0.02281258 0.02281258 0.02281258
 0.02281258 0.02281258 0.02281258 0.02281258 0.02281258 0.02281258
 0.02281258 0.02281258 0.02281258 0.02281258]","[0.03394387 0.04001456 0.0619143  0.08331445 0.10422641 0.12466131
 0.14463004 0.16414323 0.18321128 0.20184434 0.22005232 0.23784494
 0.25523166 0.27222174 0.28882424 0.30504799 0.32090164 0.33639362
 0.35153219 0.36632541 0.38078116 0.39490714]",1973.0,,22
3,statrape,Nevada,"[1971 1972 1973 1974 1975 1976 1977 1978 1979 1980 1981 1982 1983 1984
 1985 1986 1987 1988 1989]","[0.03894754 0.00578705 0.05056737 0.0071001  0.04355104 0.00647016
 0.04147132 0.04147132 0.04147132 0.04147132 0.04147132 0.04147132
 0.04147132 0.04147132 0.04147132 0.04147132 0.04147132 0.04147132
 0.04147132]","[0.03894754 0.0445092  0.09282586 0.09926689 0.13849475 0.14406883
 0.17956542 0.21358993 0.24620339 0.27746433 0.30742884 0.33615068
 0.36368138 0.39007036 0.41536494 0.43961053 0.46285062 0.48512691
 0.50647938]",1977.0,1989.0,19
3,statrape,New Hampshire,"[1971 1972 1973 1974 1975 1976 1977 1978 1979 1980 1981 1982 1983 1984
 1985 1986 1987 1988 1989 1990 1991 1992 1993 1994 1995 1996 1997 1998
 1999 2000 2001 2002 2003 2004 2005 2006 2007 2008]","[0.02357464 0.00401604 0.02626223 0.00510159 0.0555202  0.01045756
 0.03452793 0.0073398  0.01932119 0.00370205 0.04938929 0.00510415
 0.04194327 0.00685623 0.02314953 0.02238947 0.02895813 0.03182005
 0.0252243  0.02268914 0.02220644 0.04399664 0.03853091 0.04471531
 0.05123064 0.04090197 0.05990077 0.06446044 0.07027401 0.07809766
 0.07486099 0.0730539  0.0600248  0.05357237 0.07170652 0.0432296
 0.07130376 0.05313028]","[0.02357464 0.027496   0.05303612 0.05786714 0.11017454 0.11947995
 0.14988248 0.15612218 0.1724269  0.17549062 0.21621255 0.22021312
 0.25291994 0.25804209 0.27521806 0.29144555 0.31196396 0.3338573
 0.35066028 0.36539325 0.3794856  0.40678615 0.42964322 0.4551469
 0.48306008 0.50420394 0.5339025  0.56394736 0.59459052 0.62625206
 0.6542312  0.67949096 0.69872945 0.71486923 0.73531496 0.74675719
 0.76481436 0.77730984]",,1996.0,38
3,statrape,New Jersey,"[1972 1973 1974 1975 1976 1977 1978 1979 1980 1981 1982 1983 1984 1985
 1986 1987 1988 1989 1990 1991 1992 1993]","[0.04472262 0.02810154 0.02591998 0.01692038 0.02615225 0.0205471
 0.03261649 0.03261649 0.03261649 0.03261649 0.03261649 0.03261649
 0.03261649 0.03261649 0.03261649 0.03261649 0.03261649 0.03261649
 0.03261649 0.03261649 0.03261649 0.03261649]","[0.04472262 0.07156739 0.09563234 0.11093458 0.13418564 0.15197562
 0.1796352  0.20639262 0.23227731 0.25731773 0.28154142 0.30497501
 0.32764429 0.34957417 0.37078878 0.39131144 0.41116473 0.43037047
 0.44894978 0.46692311 0.48431021 0.5011302 ]",1978.0,1993.0,22
3,statrape,New Mexico,"[1971 1972 1973 1974 1975 1976 1977 1978 1979 1980 1981 1982 1983 1984
 1985 1986 1987]","[0.02645217 0.02992571 0.04400699 0.03493643 0.04211928 0.04211928
 0.04211928 0.04211928 0.04211928 0.04211928 0.04211928 0.04211928
 0.04211928 0.04211928 0.04211928 0.04211928 0.04211928]","[0.02645217 0.05558627 0.09714708 0.12868954 0.1653885  0.20054174
 0.23421434 0.26646867 0.29736448 0.32695898 0.35530698 0.38246098
 0.40847128 0.43338604 0.45725141 0.48011159 0.50200891]",1975.0,1987.0,17
3,statrape,North Carolina,"[1973 1974 1975 1976 1977 1978 1979 1980 1981 1982 1983 1984 1985 1986
 1987 1988 1989 1990 1991 1992 1993 1994 1995]","[0.01539838 0.01487801 0.03470705 0.03127772 0.0400124  0.0273608
 0.01351432 0.01265398 0.03129504 0.04910093 0.04859079 0.03629282
 0.01879273 0.02669911 0.03138477 0.06156702 0.03638713 0.03336231
 0.04510121 0.05846321 0.07109141 0.10155752 0.1535381 ]","[0.01539838 0.03004729 0.06371149 0.09299646 0.12928785 0.15311123
 0.16455635 0.17512804 0.20094244 0.24017691 0.27709732 0.30333349
 0.31642576 0.33467658 0.35555761 0.395234   0.4172397  0.43668193
 0.46208825 0.4935363  0.52954152 0.57732012 0.64221758]",1995.0,1993.0,23
3,statrape,North Dakota,[1971 1972 1973 1974 1975 1976 1977 1978 1979 1980],"[0.02628696 0.00505985 0.04574467 0.00640794 0.12375275 0.02099503
 0.12048043 0.12048043 0.12048043 0.12048043]","[0.02628696 0.03121381 0.07553061 0.08145455 0.19512708 0.21202541
 0.30696092 0.39045857 0.46389638 0.52848637]",1977.0,1980.0,10
3,statrape,Ohio,"[1971 1972 1973 1974 1975 1976 1977 1978 1979 1980 1981 1982 1983 1984
 1985 1986 1987 1988 1989 1990]","[0.03479213 0.03486095 0.03486095 0.03486095 0.03486095 0.03486095
 0.03486095 0.03486095 0.03486095 0.03486095 0.03486095 0.03486095
 0.03486095 0.03486095 0.03486095 0.03486095 0.03486095 0.03486095
 0.03486095 0.03486095]","[0.03479213 0.06844019 0.10091525 0.1322582  0.1625085  0.19170425
 0.21988221 0.24707786 0.27332544 0.298658   0.32310745 0.34670457
 0.36947907 0.39145963 0.41267392 0.43314867 0.45290964 0.47198173
 0.49038895 0.50815447]",1972.0,1990.0,20
3,statrape,Oklahoma,[1971 1972 1973 1974 1975 1976 1977 1978 1979 1980 1981 1982],"[0.0298458  0.02511153 0.03718109 0.02820563 0.09778651 0.07689107
 0.08808269 0.06070057 0.03049759 0.03748114 0.0802027  0.0802027 ]","[0.0298458  0.05420785 0.08937343 0.11505822 0.2015936  0.26298391
 0.32790228 0.36869899 0.38795215 0.4108924  0.45814042 0.50159902]",1981.0,1982.0,12
3,statrape,Oregon,"[1971 1972 1973 1974 1975 1976 1977 1978 1979 1980 1981 1982 1983 1984
 1985 1986 1987 1988 1989 1990]","[0.03129127 0.03129127 0.03129127 0.03129127 0.03129127 0.03129127
 0.03129127 0.03129127 0.03129127 0.03129127 0.03129127 0.03129127
 0.03129127 0.03129127 0.03129127 0.03129127 0.03129127 0.03129127
 0.03129127 0.03129127]","[0.03129127 0.0616034  0.09096702 0.11941182 0.14696654 0.17365904
 0.1995163  0.22456446 0.24882882 0.27233392 0.29510352 0.31716062
 0.33852754 0.35922585 0.37927649 0.39869972 0.41751517 0.43574186
 0.45339821 0.47050208]",1971.0,,20
3,statrape,Pennsylvania,"[1971 1972 1973 1974 1975 1976 1977 1978 1979 1980 1981 1982 1983 1984
 1985 1986 1987 1988]","[0.03410157 0.05783173 0.04945082 0.04103849 0.03256199 0.11476145
 0.08865651 0.18233455 0.09133599 0.09271362 0.15323505 0.04520763
 0.05357868 0.09331705 0.12940305 0.08656729 0.09374015 0.15278099]","[0.03410157 0.08996114 0.13496331 0.17046311 0.19747449 0.28957348
 0.35255741 0.47060857 0.51896106 0.56355992 0.63043784 0.64714487
 0.66605038 0.69721357 0.73639506 0.75921462 0.78178588 0.81512485]",1988.0,1979.0,18
3,statrape,Rhode Island,"[1971 1972 1973 1974 1975 1976 1977 1978 1979 1980 1981 1982 1983 1984
 1985 1986 1987 1988 1989 1990 1991 1992 1993 1994 1995 1996 1997]","[0.01412393 0.01429001 0.00886663 0.0087046  0.00503585 0.00922122
 0.01240927 0.01174223 0.01174223 0.01174223 0.01174223 0.01174223
 0.01174223 0.01174223 0.01174223 0.01174223 0.01174223 0.01174223
 0.01174223 0.01174223 0.01174223 0.01174223 0.01174223 0.01174223
 0.01174223 0.01174223 0.01174223]","[0.01412393 0.02821211 0.03682859 0.04521261 0.05002077 0.05878074
 0.07046059 0.08137545 0.09216215 0.10282219 0.11335706 0.12376822
 0.13405713 0.14422523 0.15427393 0.16420464 0.17401874 0.1837176
 0.19330257 0.202775   0.2121362  0.22138747 0.23053012 0.23956541
 0.24849461 0.25731895 0.26603968]",1978.0,,27
3,statrape,South Carolina,"[1971 1972 1973 1974 1975 1976 1977 1978 1979 1980 1981 1982 1983 1984
 1985 1986 1987 1988 1989 1990 1991 1992 1993 1994 1995 1996 1997 1998
 1999 2000 2001 2002 2003 2004 2005 2006 2007 2008]","[0.02044937 0.01545324 0.01871732 0.01380464 0.01902257 0.01853216
 0.0236848  0.01829938 0.00767197 0.00843411 0.0174636  0.03155779
 0.02117485 0.01855294 0.01208402 0.01446283 0.01644152 0.01915518
 0.01063887 0.01093701 0.0130533  0.02123381 0.02233974 0.02721427
 0.20349052 0.19389164 0.21854067 0.22695916 0.16300508 0.24455332
 0.23312648 0.16102108 0.17067732 0.22020338 0.19030286 0.19682478
 0.19848924 0.21650645]","[0.02044937 0.0355866  0.05363784 0.06670203 0.08445576 0.10142277
 0.12270539 0.13875934 0.14536675 0.15257482 0.16737391 0.19364975
 0.21072409 0.22536748 0.23472815 0.24579615 0.25819641 0.27240579
 0.28014657 0.28801962 0.29731331 0.31223402 0.32759853 0.34589745
 0.47900111 0.58001844 0.67180149 0.74628915 0.78764531 0.83957735
 0.87697612 0.89678556 0.91440192 0.93325091 0.94595345 0.95659115
 0.96520734 0.97274018]",,1996.0,38
3,statrape,South Dakota,"[1971 1972 1973 1974 1975 1976 1977 1978 1979 1980 1981 1982 1983 1984
 1985 1986 1987 1988]","[0.0239613  0.03112926 0.0446461  0.0379426  0.03564492 0.08661806
 0.14712612 0.14559353 0.08082981 0.05462792 0.11221533 0.10155532
 0.0833982  0.17151993 0.10139646 0.12008715 0.10886946 0.15853783]","[0.0239613  0.05434467 0.09656449 0.13084319 0.16182421 0.23442537
 0.3470614  0.44212504 0.48721796 0.51523018 0.56962879 0.61333527
 0.64558241 0.70637209 0.73614492 0.76783053 0.79310669 0.82590711]",1988.0,1980.0,18
3,statrape,Tennessee,"[1971 1972 1973 1974 1975 1976 1977 1978 1979 1980 1981 1982 1983 1984
 1985 1986 1987 1988]","[0.02374312 0.01993783 0.02233207 0.02449297 0.06234034 0.0539935
 0.09546767 0.06436326 0.03030673 0.03052907 0.06833561 0.04915424
 0.0463665  0.06013089 0.05728505 0.05852216 0.06025691 0.07388537]","[0.02374312 0.04320756 0.06457471 0.08748605 0.14437248 0.19057081
 0.26784513 0.314969   0.33573006 0.3560096  0.40001707 0.42950878
 0.45596046 0.48867405 0.51796538 0.54617509 0.57352117 0.60503172]",1988.0,1985.0,18
3,statrape,Texas,"[1971 1972 1973 1974 1975 1976 1977 1978 1979 1980 1981 1982 1983 1984
 1985 1986 1987 1988 1989 1990 1991 1992]","[0.02622034 0.00431924 0.02774065 0.02774065 0.02774065 0.02774065
 0.02774065 0.02774065 0.02774065 0.02774065 0.02774065 0.02774065
 0.02774065 0.02774065 0.02774065 0.02774065 0.02774065 0.02774065
 0.02774065 0.02774065 0.02774065 0.02774065]","[0.02622034 0.03042633 0.05732293 0.08347341 0.10889846 0.1336182
 0.1576522  0.18101948 0.20373853 0.22582735 0.2473034  0.2681837
 0.28848476 0.30822266 0.32741302 0.34607102 0.36421144 0.38184863
 0.39899655 0.41566878 0.43187851 0.44763858]",1973.0,,22
3,statrape,Utah,"[1971 1972 1973 1974 1975 1976 1977 1978 1979 1980 1981 1982 1983 1984
 1985]","[0.03571415 0.02884772 0.03132657 0.03045076 0.06779576 0.03579877
 0.05611776 0.03293748 0.01575689 0.01333758 0.03643064 0.10188086
 0.09003301 0.09003301 0.09003301]","[0.03571415 0.0635316  0.09286794 0.12049079 0.18011779 0.20946856
 0.25383141 0.27840833 0.28977837 0.29925101 0.32477975 0.39357177
 0.44817033 0.49785321 0.543063  ]",1983.0,1985.0,15
3,statrape,Vermont,"[1989 1990 1991 1992 1993 1994 1995 1996 1997 1998 1999 2000 2001 2002
 2003 2004 2005 2006 2007 2008 2009 2010 2011 2012 2013 2014 2015 2016
 2017 2018 2019 2020 2021 2022 2023 2024 2025 2026 2027]","[0.02250056 0.0317303  0.01531203 0.0104228  0.01406755 0.01036161
 0.0110198  0.01205433 0.03014602 0.01600794 0.01854492 0.02016392
 0.01111788 0.00478969 0.00924511 0.00950638 0.00732856 0.00655959
 0.01128901 0.00964398 0.00964398 0.00964398 0.00964398 0.00964398
 0.00964398 0.00964398 0.00964398 0.00964398 0.00964398 0.00964398
 0.00964398 0.00964398 0.00964398 0.00964398 0.00964398 0.00964398
 0.00964398 0.00964398 0.00964398]","[0.02250056 0.05351691 0.06800948 0.07772343 0.0906976  0.10011944
 0.11003594 0.12076386 0.14726934 0.1609198  0.17648048 0.19308586
 0.20205703 0.20587893 0.21322066 0.22070009 0.22641123 0.23148566
 0.24016142 0.24748929 0.25474649 0.26193369 0.26905159 0.27610084
 0.28308211 0.28999605 0.29684331 0.30362454 0.31034037 0.31699143
 0.32357835 0.33010174 0.33656223 0.34296041 0.34929688 0.35557225
 0.3617871  0.36794201 0.37403756]",,,39
3,statrape,Virginia,"[1972 1973 1974 1975 1976 1977 1978 1979 1980 1981 1982 1983 1984 1985
 1986 1987 1988 1989 1990 1991 1992 1993 1994]","[0.01279733 0.01153162 0.01592508 0.02657114 0.02657114 0.02657114
 0.02657114 0.02657114 0.02657114 0.02657114 0.02657114 0.02657114
 0.02657114 0.02657114 0.02657114 0.02657114 0.02657114 0.02657114
 0.02657114 0.02657114 0.02657114 0.02657114 0.02657114]","[0.01279733 0.02418138 0.03972137 0.06523707 0.09007479 0.11425254
 0.13778786 0.16069783 0.18299904 0.20470769 0.22583952 0.24640985
 0.2664336  0.2859253  0.30489908 0.3233687  0.34134757 0.35884872
 0.37588484 0.39246829 0.4086111  0.42432498 0.43962133]",1975.0,,23
3,statrape,Washington,"[1971 1972 1973 1974 1975 1976 1977 1978 1979 1980 1981 1982 1983 1984
 1985 1986 1987 1988 1989]","[0.05022181 0.01207514 0.03091981 0.00387505 0.02937791 0.01150079
 0.04640125 0.01945058 0.05822786 0.01431249 0.0739384  0.02335505
 0.03046059 0.04904338 0.06858377 0.06078236 0.04607701 0.04324118
 0.04324118]","[0.05022181 0.06169051 0.09070287 0.09422644 0.12083618 0.13094725
 0.17127239 0.18739162 0.23470807 0.2456613  0.3014359  0.3177509
 0.33853261 0.3709732  0.41411423 0.44972575 0.47508074 0.49777887
 0.51949551]",1988.0,1989.0,19
3,statrape,West Virginia,[1971 1972 1973 1974 1975 1976 1977 1978],"[0.0361587  0.05139075 0.01919834 0.03463926 0.10827354 0.15981905
 0.15981905 0.15981905]","[0.0361587  0.08569123 0.10324444 0.13430739 0.228039   0.35141307
 0.45506961 0.54215987]",1976.0,1978.0,8
3,statrape,Wisconsin,"[1971 1972 1973 1974 1975 1976 1977 1978 1979 1980 1981 1982 1983 1984
 1985 1986 1987 1988 1989 1990 1991 1992 1993 1994 1995 1996 1997 1998]","[0.0211     0.02353374 0.02639611 0.0155244  0.02603948 0.07735171
 0.05846928 0.0834633  0.05145538 0.05134664 0.08421449 0.02768815
 0.03731315 0.12755125 0.13044755 0.10828983 0.11056053 0.09655649
 0.09851895 0.09046234 0.09298199 0.08603331 0.08292748 0.12667162
 0.11078007 0.1110201  0.11426843 0.10319391]","[0.0211     0.04413718 0.06936824 0.08381574 0.1076727  0.17669574
 0.22483375 0.28953168 0.3260891  0.36069216 0.41453114 0.43074169
 0.45198251 0.52188283 0.58425204 0.62927332 0.67026106 0.70209949
 0.73144834 0.75574215 0.77845373 0.79751409 0.81430574 0.83782793
 0.85579336 0.8718032  0.88645205 0.8981695 ]",1998.0,1984.0,28
3,statrape,Wyoming,"[1971 1972 1973 1974 1975 1976 1977 1978 1979 1980 1981 1982 1983 1984
 1985]","[0.02188898 0.00300117 0.03246276 0.02558994 0.04229214 0.04280539
 0.07115926 0.05550475 0.02314289 0.0238889  0.04504395 0.0800737
 0.0800737  0.0800737  0.0800737 ]","[0.02188898 0.02482446 0.05648135 0.08062593 0.11950823 0.15719802
 0.21717118 0.2606219  0.27773324 0.2949874  0.32674396 0.38065406
 0.43024738 0.47586958 0.51783865]",1982.0,1985.0,15
3,syringe,Alabama,"[1987 1988 1989 1990 1991 1992 1993 1994 1995 1996 1997 1998 1999 2000
 2001 2002 2003 2004 2005 2006 2007 2008 2009 2010 2011 2012 2013 2014]","[0.01787603 0.02701269 0.02601179 0.02960641 0.03479383 0.02769091
 0.02282935 0.02904775 0.01896548 0.01674373 0.0230677  0.02813534
 0.02899873 0.0233733  0.02277311 0.02220494 0.02046489 0.02556514
 0.02556514 0.02556514 0.02556514 0.02556514 0.02556514 0.02556514
 0.02556514 0.02556514 0.02556514 0.02556514]","[0.01787603 0.04440584 0.06926255 0.09681835 0.12824349 0.15238322
 0.17173376 0.19579303 0.21104521 0.22425525 0.24214991 0.26347227
 0.28483065 0.30154651 0.31745247 0.3326084  0.34626649 0.36297928
 0.37926481 0.395134   0.41059748 0.42566564 0.44034858 0.45465615
 0.46859795 0.48218332 0.49542138 0.508321  ]",,2014.0,28
3,syringe,Arizona,"[1987 1988 1989 1990 1991 1992 1993 1994 1995 1996 1997 1998 1999 2000
 2001 2002 2003 2004 2005 2006]","[0.01541786 0.02024984 0.02483721 0.03258132 0.02966895 0.02628854
 0.01891448 0.020082   0.02139259 0.01908086 0.02649462 0.02921851
 0.02376201 0.02769759 0.04268468 0.04340536 0.05655738 0.08215314
 0.08215314 0.08215314]","[0.01541786 0.03535548 0.05931456 0.08996333 0.11696316 0.14017691
 0.15644002 0.17338039 0.19106392 0.20649912 0.22752263 0.25009326
 0.26791255 0.28818961 0.318573   0.34815059 0.38501749 0.43554024
 0.48191238 0.52447491]",,2006.0,20
3,syringe,Arkansas,"[1987 1988 1989 1990 1991 1992 1993 1994 1995 1996 1997 1998 1999 2000
 2001 2002 2003 2004 2005 2006 2007 2008 2009 2010 2011 2012 2013 2014
 2015 2016 2017 2018 2019 2020 2021 2022 2023]","[0.02814543 0.00794407 0.04605224 0.00759632 0.03843758 0.00700172
 0.02551571 0.00578893 0.02592045 0.00401047 0.03221057 0.00670244
 0.03007519 0.00445546 0.03392152 0.00531361 0.03947362 0.00736182
 0.00736182 0.00736182 0.00736182 0.00736182 0.00736182 0.00736182
 0.00736182 0.00736182 0.00736182 0.00736182 0.00736182 0.00736182
 0.00736182 0.00736182 0.00736182 0.00736182 0.00736182 0.00736182
 0.00736182]","[0.02814543 0.0358659  0.08026644 0.08725303 0.12233682 0.12848197
 0.15071937 0.15563579 0.17752209 0.18082061 0.20720685 0.2125205
 0.23620409 0.23960715 0.26540083 0.26930421 0.29814742 0.30331433
 0.30844321 0.31353433 0.31858797 0.3236044  0.32858391 0.33352676
 0.33843321 0.34330355 0.34813804 0.35293693 0.35770049 0.36242899
 0.36712267 0.37178181 0.37640664 0.38099742 0.38555441 0.39007785
 0.39456799]",,,37
3,syringe,California,"[1987 1988 1989 1990 1991 1992 1993 1994 1995 1996 1997 1998 1999 2000
 2001 2002 2003 2004]","[0.06927425 0.09380209 0.11130545 0.1025146  0.11151865 0.10071026
 0.08119114 0.08826862 0.07681404 0.08092801 0.10275425 0.11491042
 0.1192891  0.1168731  0.12578267 0.12298083 0.1261727  0.11407935]","[0.06927425 0.15657827 0.25045571 0.32729494 0.4023141  0.46250721
 0.50614686 0.5497386  0.58432499 0.61796475 0.65722049 0.69660943
 0.73280062 0.76402904 0.7937101  0.8190798  0.84190699 0.85994214]",2004.0,1993.0,18
3,syringe,Colorado,"[1987 1988 1989 1990 1991 1992 1993 1994 1995 1996 1997 1998 1999 2000
 2001 2002 2003 2004]","[0.01974001 0.03194903 0.03405561 0.04069179 0.04388885 0.03688474
 0.02635886 0.0320005  0.02874406 0.03243472 0.03741092 0.03872705
 0.03839442 0.03723526 0.04381253 0.05500025 0.06039196 0.06771656]","[0.01974001 0.05105836 0.08337515 0.12067425 0.15926685 0.19027707
 0.21162045 0.23684899 0.25878505 0.28282615 0.30965629 0.33639126
 0.36187014 0.38563107 0.41254813 0.44485813 0.47838423 0.51370626]",,2004.0,18
3,syringe,Connecticut,"[1987 1988 1989 1990 1991 1992 1993 1994 1995 1996 1997 1998 1999 2000
 2001 2002 2003 2004]","[0.02787253 0.02916898 0.03163931 0.02906667 0.03435184 0.04159925
 0.04159925 0.04159925 0.04159925 0.04159925 0.04159925 0.04159925
 0.04159925 0.04159925 0.04159925 0.04159925 0.04159925 0.04159925]","[0.02787253 0.0562285  0.08608878 0.11265313 0.14313513 0.17878007
 0.2129422  0.24568321 0.27706222 0.30713589 0.33595852 0.36358215
 0.39005665 0.41542984 0.43974752 0.4630536  0.48539017 0.50679755]",1992.0,2004.0,18
3,syringe,Delaware,"[1987 1988 1989 1990 1991 1992 1993 1994 1995 1996 1997 1998 1999 2000
 2001 2002 2003 2004]","[0.03483819 0.02763613 0.03386643 0.03555137 0.0420276  0.0447016
 0.03428751 0.04821466 0.03216592 0.02972262 0.03070257 0.05131545
 0.05808837 0.04137251 0.06213663 0.04960444 0.05915324 0.03738924]","[0.03483819 0.06151152 0.09329478 0.12552939 0.16228129 0.19972866
 0.22716797 0.2644298  0.2880901  0.30924993 0.33045773 0.36481559
 0.40171242 0.42646508 0.46210261 0.48878471 0.51902475 0.53700805]",,2003.0,18
3,syringe,Florida,"[1987 1988 1989 1990 1991 1992 1993 1994 1995 1996 1997 1998 1999 2000
 2001 2002 2003 2004 2005 2006 2007]","[0.02025402 0.02625998 0.03370536 0.0405051  0.0440314  0.03714943
 0.03071153 0.03433381 0.0295451  0.03041341 0.03515012 0.04041186
 0.03466217 0.03215903 0.03641799 0.03241303 0.03423363 0.02934539
 0.02934539 0.02934539 0.02934539]","[0.02025402 0.04598212 0.07813764 0.11547777 0.15442452 0.18583717
 0.21084136 0.23793618 0.26045143 0.28294362 0.30814824 0.33610726
 0.35911922 0.37972933 0.40231834 0.42169101 0.44148863 0.45787836
 0.47378713 0.48922905 0.50421783]",,2007.0,21
3,syringe,Georgia,"[1987 1988 1989 1990 1991 1992 1993 1994 1995 1996 1997 1998 1999 2000
 2001 2002 2003 2004 2005 2006 2007 2008 2009 2010 2011 2012]","[0.02062365 0.02634353 0.02433533 0.03690335 0.03514333 0.03611183
 0.02259185 0.02501532 0.02616822 0.02544442 0.03101066 0.03091118
 0.03566985 0.02925121 0.02912583 0.02506134 0.02796283 0.02210716
 0.02210716 0.02210716 0.02210716 0.02210716 0.02210716 0.02210716
 0.02210716 0.02210716]","[0.02062365 0.04642388 0.06962947 0.10396326 0.13545298 0.16667336
 0.18549975 0.20587473 0.22665557 0.24633287 0.26970459 0.29227888
 0.31752319 0.33748646 0.35678272 0.37290261 0.39043802 0.40391371
 0.41709148 0.42997793 0.4425795  0.45490249 0.46695305 0.4787372
 0.49026084 0.50152972]",,2012.0,26
3,syringe,Idaho,"[1987 1988 1989 1990 1991 1992 1993 1994 1995 1996 1997 1998 1999 2000
 2001 2002 2003 2004 2005 2006 2007 2008 2009 2010 2011 2012 2013 2014
 2015]","[0.01504749 0.02060907 0.01991569 0.02612342 0.03878357 0.03794191
 0.02432127 0.02114827 0.01532563 0.01527445 0.0133224  0.02580844
 0.01972444 0.01723371 0.01803902 0.02148513 0.03134603 0.02565837
 0.02565837 0.02565837 0.02565837 0.02565837 0.02565837 0.02565837
 0.02565837 0.02565837 0.02565837 0.02565837 0.02565837]","[0.01504749 0.03534645 0.05455819 0.07925636 0.11496608 0.14854596
 0.16925441 0.18682324 0.19928568 0.21151615 0.22202065 0.24209909
 0.25704825 0.26985207 0.28302322 0.29842756 0.32041907 0.33785601
 0.35484554 0.37139915 0.38752802 0.40324305 0.41855486 0.43347379
 0.44800993 0.46217309 0.47597285 0.48941853 0.50251922]",,2015.0,29
3,syringe,Illinois,"[1987 1988 1989 1990 1991 1992 1993 1994 1995 1996 1997 1998 1999 2000
 2001 2002 2003]","[0.02981021 0.04327961 0.0658464  0.07213968 0.07436326 0.07546726
 0.04912554 0.05435243 0.04759459 0.05653404 0.08034738 0.07209828
 0.07236368 0.07544763 0.07647364 0.06927552 0.07152156]","[0.02981021 0.07179964 0.1329183  0.19546929 0.25529682 0.31149753
 0.34532058 0.380904   0.41036962 0.4437038  0.48840075 0.52528617
 0.55963821 0.59286246 0.62399775 0.6500455  0.6750748 ]",2003.0,1998.0,17
3,syringe,Indiana,"[1987 1988 1989 1990 1991 1992 1993 1994 1995 1996 1997 1998 1999 2000
 2001 2002 2003 2004 2005]","[0.02358665 0.03006113 0.03334725 0.04268155 0.04718943 0.03797843
 0.02586306 0.02665571 0.02285357 0.02254383 0.02652676 0.03317638
 0.03827479 0.02916674 0.03092789 0.03130019 0.07133083 0.05702141
 0.05702141]","[0.02358665 0.05293874 0.08452063 0.12359471 0.16495178 0.1966656
 0.21744228 0.23830191 0.25570943 0.2724886  0.29178712 0.31528305
 0.34149045 0.36069702 0.38046932 0.39986075 0.44266918 0.47444896
 0.50441662]",,2005.0,19
3,syringe,Iowa,"[1987 1988 1989 1990 1991 1992 1993 1994 1995 1996 1997 1998 1999 2000
 2001 2002 2003 2004]","[0.02926002 0.04376913 0.0555987  0.07046429 0.0681338  0.06072324
 0.03764257 0.04306181 0.03706557 0.03625763 0.05805037 0.06415033
 0.07146225 0.06266241 0.08089518 0.06144436 0.12009657 0.12255592]","[0.02926002 0.07174847 0.12335805 0.18513001 0.24065019 0.28676037
 0.31360855 0.34316581 0.36751174 0.39044427 0.4258292  0.46266245
 0.5010618  0.53232647 0.570159   0.59657031 0.64502083 0.68852563]",,1999.0,18
3,syringe,Kansas,"[1987 1988 1989 1990 1991 1992 1993 1994 1995 1996 1997 1998 1999 2000
 2001 2002 2003 2004 2005 2006 2007 2008 2009 2010 2011 2012 2013 2014
 2015 2016]","[0.01498105 0.02386355 0.02170176 0.03076665 0.02903957 0.03327597
 0.02013221 0.02154115 0.01791259 0.01964338 0.02253255 0.02062983
 0.02121437 0.01480733 0.0189074  0.01831407 0.02659754 0.02442789
 0.02442789 0.02442789 0.02442789 0.02442789 0.02442789 0.02442789
 0.02442789 0.02442789 0.02442789 0.02442789 0.02442789 0.02442789]","[0.01498105 0.0384871  0.05935362 0.08829416 0.1147697  0.1442266
 0.16145521 0.17951843 0.19421538 0.21004371 0.22784344 0.24377289
 0.25981577 0.27077592 0.28456365 0.2976662  0.31634655 0.33304677
 0.34933903 0.36523331 0.38073932 0.39586656 0.41062427 0.42502147
 0.43906699 0.4527694  0.46613709 0.47917824 0.49190082 0.50431261]",,2016.0,30
3,syringe,Kentucky,"[1987 1988 1989 1990 1991 1992 1993 1994 1995 1996 1997 1998 1999 2000
 2001 2002 2003 2004 2005 2006 2007 2008 2009 2010 2011 2012 2013 2014
 2015 2016 2017 2018]","[0.0046484  0.02979699 0.00558242 0.03874515 0.00706768 0.03655324
 0.00507981 0.02914452 0.00462888 0.02032862 0.00436198 0.02745552
 0.00340383 0.0132604  0.01294655 0.01073023 0.03606689 0.02772456
 0.02772456 0.02772456 0.02772456 0.02772456 0.02772456 0.02772456
 0.02772456 0.02772456 0.02772456 0.02772456 0.02772456 0.02772456
 0.02772456 0.02772456]","[0.0046484  0.03430688 0.03969779 0.07690484 0.08342898 0.11693262
 0.12141844 0.14702427 0.15097259 0.16823215 0.1718603  0.19459731
 0.19733876 0.20798237 0.21823627 0.22662478 0.25451802 0.27518618
 0.29528133 0.31481935 0.33381568 0.35228535 0.37024296 0.3877027
 0.40467837 0.42118341 0.43723085 0.45283338 0.46800333 0.48275271
 0.49709316 0.51103604]",,2018.0,32
3,syringe,Louisiana,"[1987 1988 1989 1990 1991 1992 1993 1994 1995 1996 1997 1998 1999 2000
 2001 2002 2003 2004 2005 2006 2007 2008 2009 2010 2011 2012 2013 2014
 2015 2016]","[0.01742715 0.02414996 0.02253647 0.02862547 0.02407836 0.02590089
 0.01904382 0.02641308 0.0189619  0.01895154 0.01824752 0.02429555
 0.0203001  0.01574    0.01955979 0.02032148 0.02434968 0.02623774
 0.02623774 0.02623774 0.02623774 0.02623774 0.02623774 0.02623774
 0.02623774 0.02623774 0.02623774 0.02623774 0.02623774 0.02623774]","[0.01742715 0.04115624 0.0627652  0.08959399 0.11151507 0.13452762
 0.15100952 0.17343398 0.18910724 0.2044749  0.21899126 0.2379663
 0.25343566 0.26518658 0.27955938 0.2941998  0.3113858  0.32945348
 0.34704711 0.36417911 0.38086161 0.3971064  0.41292496 0.42832848
 0.44332785 0.45793367 0.47215626 0.48600569 0.49949173 0.51262394]",,2016.0,30
3,syringe,Maine,"[1987 1988 1989 1990 1991 1992 1993 1994 1995 1996 1997 1998 1999 2000
 2001 2002 2003 2004]","[0.02957073 0.02548519 0.03486309 0.03156503 0.01610782 0.02811156
 0.04676214 0.05616202 0.04187989 0.03313581 0.04221649 0.04221649
 0.04221649 0.04221649 0.04221649 0.04221649 0.04221649 0.04221649]","[0.02957073 0.0543023  0.08727225 0.11608252 0.1303205  0.15476855
 0.19429338 0.23954349 0.27139132 0.29553436 0.32527443 0.35375897
 0.381041   0.40717127 0.43219842 0.45616901 0.47912764 0.50111704]",1997.0,2004.0,18
3,syringe,Maryland,"[1987 1988 1989 1990 1991 1992 1993 1994 1995 1996 1997 1998 1999 2000
 2001 2002 2003 2004]","[0.03405977 0.0349245  0.03598097 0.03608616 0.03199018 0.04281513
 0.05824058 0.07083276 0.05636148 0.05364298 0.06685292 0.06013575
 0.06791917 0.08128337 0.06219413 0.04919961 0.04291044 0.04387303]","[0.03405977 0.06779476 0.1013364  0.13376572 0.16147671 0.1973782
 0.24412336 0.29766418 0.33724887 0.37280082 0.41473091 0.44992651
 0.48728705 0.52896208 0.55825788 0.57999142 0.59801417 0.61565051]",,2000.0,18
3,syringe,Massachusetts,"[1987 1988 1989 1990 1991 1992 1993 1994 1995 1996 1997 1998 1999 2000
 2001 2002 2003 2004]","[0.01805912 0.01802269 0.01518987 0.01129042 0.0142411  0.03168602
 0.07692062 0.11494825 0.10542335 0.07379128 0.05094459 0.04780059
 0.10243461 0.39538926 0.29540408 0.27722443 0.2049814  0.18810472]","[0.01805912 0.03575633 0.05040307 0.06112442 0.07449504 0.10382061
 0.17275529 0.26784562 0.34503179 0.39336273 0.42426761 0.45178796
 0.50794385 0.70249757 0.790381   0.84849251 0.87954873 0.90220618]",,1999.0,18
3,syringe,Michigan,"[1987 1988 1989 1990 1991 1992 1993 1994 1995 1996 1997 1998 1999 2000
 2001 2002 2003 2004]","[0.04497938 0.03900855 0.08698175 0.05582494 0.05518337 0.08089474
 0.06017697 0.07285546 0.06158447 0.06065974 0.08839313 0.09333373
 0.07095162 0.08567964 0.08937149 0.08068458 0.15495034 0.15642943]","[0.04497938 0.08223335 0.1620623  0.20884012 0.25249899 0.31296788
 0.35431139 0.40135333 0.43822067 0.47229806 0.51894328 0.5638421
 0.59478821 0.62950661 0.66261816 0.68983967 0.73789912 0.77889941]",,1997.0,18
3,syringe,Minnesota,[1987 1988 1989 1990 1991 1992 1993 1994 1995 1996 1997],"[0.04394837 0.05754934 0.08565851 0.06801975 0.07223855 0.08329559
 0.07588935 0.0670884  0.06270826 0.06944231 0.08849572]","[0.04394837 0.09896851 0.17614952 0.23218763 0.28765328 0.34698862
 0.39654523 0.43703005 0.47233292 0.50897534 0.55242892]",1997.0,1996.0,11
3,syringe,Mississippi,"[1987 1988 1989 1990 1991 1992 1993 1994 1995 1996 1997 1998 1999 2000
 2001 2002 2003 2004 2005 2006 2007 2008 2009 2010 2011 2012 2013 2014
 2015 2016 2017 2018 2019 2020 2021 2022]","[0.02047372 0.02525856 0.02659388 0.02918307 0.02554714 0.02061462
 0.01511832 0.0191439  0.01117625 0.01160912 0.01429568 0.01768154
 0.01954473 0.01795769 0.02206339 0.02231777 0.02717762 0.01839257
 0.01839257 0.01839257 0.01839257 0.01839257 0.01839257 0.01839257
 0.01839257 0.01839257 0.01839257 0.01839257 0.01839257 0.01839257
 0.01839257 0.01839257 0.01839257 0.01839257 0.01839257 0.01839257]","[0.02047372 0.04521514 0.07060657 0.09772913 0.12077956 0.13890436
 0.15192268 0.16815818 0.17745506 0.18700408 0.19862641 0.21279593
 0.22818162 0.24204169 0.25876482 0.27530754 0.29500295 0.30796966
 0.32069788 0.333192   0.34545631 0.35749505 0.36931237 0.38091234
 0.39229896 0.40347614 0.41444775 0.42521756 0.43578929 0.44616658
 0.456353   0.46635207 0.47616723 0.48580186 0.49525929 0.50454277]",,2022.0,36
3,syringe,Missouri,"[1987 1988 1989 1990 1991 1992 1993 1994 1995 1996 1997 1998 1999 2000
 2001 2002 2003 2004]","[0.03120305 0.03844883 0.03527899 0.05146458 0.0531297  0.0468328
 0.03108239 0.03277872 0.03098525 0.03053994 0.0343809  0.04184239
 0.03902201 0.03362864 0.03347768 0.03894501 0.0529966  0.0464159 ]","[0.03120305 0.06845216 0.10131622 0.14756661 0.19285614 0.23065694
 0.25456996 0.27900421 0.30134444 0.32268134 0.34596816 0.37333442
 0.39778816 0.41803973 0.43752241 0.45942811 0.48807658 0.51183797]",,2004.0,18
3,syringe,Montana,"[1987 1988 1989 1990 1991 1992 1993 1994 1995 1996 1997 1998 1999 2000
 2001 2002 2003 2004 2005 2006 2007 2008 2009 2010 2011 2012 2013 2014
 2015 2016 2017 2018 2019 2020 2021 2022 2023]","[0.02674052 0.00512319 0.02806473 0.00579222 0.03522603 0.00681598
 0.02673309 0.0058845  0.0221724  0.00336109 0.01383056 0.0047806
 0.0271873  0.00478031 0.02811924 0.00509624 0.03326693 0.00510974
 0.00510974 0.00510974 0.00510974 0.00510974 0.00510974 0.00510974
 0.00510974 0.00510974 0.00510974 0.00510974 0.00510974 0.00510974
 0.00510974 0.00510974 0.00510974 0.00510974 0.00510974 0.00510974
 0.00510974]","[0.02674052 0.03172671 0.05890104 0.0643521  0.09731126 0.10346397
 0.12743115 0.13256578 0.15179888 0.15464975 0.16634142 0.17032682
 0.19288339 0.19674165 0.21932867 0.22330716 0.24914534 0.25298201
 0.25679908 0.26059664 0.26437479 0.26813364 0.27187329 0.27559383
 0.27929535 0.28297796 0.28664176 0.29028683 0.29391328 0.29752119
 0.30111068 0.30468182 0.30823471 0.31176945 0.31528612 0.31878483
 0.32226566]",,,37
3,syringe,Nevada,"[1987 1988 1989 1990 1991 1992 1993 1994 1995 1996 1997 1998 1999 2000
 2001 2002 2003 2004 2005 2006 2007 2008 2009 2010]","[0.04221437 0.00843004 0.0497334  0.01037098 0.05853912 0.01025627
 0.04379457 0.01124199 0.04507049 0.00770525 0.03738025 0.01314513
 0.07206507 0.01311986 0.06114398 0.0103551  0.05309944 0.01974548
 0.01974548 0.01974548 0.01974548 0.01974548 0.01974548 0.01974548]","[0.04221437 0.05028854 0.09752093 0.10688052 0.15916295 0.16778681
 0.20423323 0.21317923 0.24864163 0.25443103 0.28230059 0.29173484
 0.34277602 0.35139871 0.39105677 0.39736244 0.42936215 0.44062967
 0.45167471 0.46250165 0.47311481 0.48351841 0.49371659 0.50371339]",,2010.0,24
3,syringe,New Hampshire,"[1987 1988 1989 1990 1991 1992 1993 1994 1995 1996 1997 1998 1999 2000
 2001]","[0.01749721 0.0216172  0.0256012  0.0313735  0.0311296  0.03270007
 0.01863209 0.02046629 0.01884657 0.01653454 0.05612809 0.05952023
 0.10711298 0.12781974 0.12781974]","[0.01749721 0.03873617 0.06334568 0.0927318  0.1209747  0.14971889
 0.1655614  0.18263927 0.19804371 0.21130369 0.25557171 0.29988026
 0.37487217 0.45477584 0.52446625]",2000.0,2001.0,15
3,syringe,New Jersey,"[1987 1988 1989 1990 1991 1992 1993 1994 1995 1996 1997 1998 1999 2000
 2001 2002 2003 2004]","[0.03730128 0.03929154 0.04299866 0.03827127 0.04008255 0.04002887
 0.04579308 0.03838226 0.04830172 0.05347747 0.06048586 0.06353155
 0.07610258 0.13053715 0.11991946 0.1214031  0.10653844 0.09360198]","[0.03730128 0.07512719 0.11489549 0.14876956 0.18288905 0.21559707
 0.2515173  0.28024575 0.31501113 0.3516426  0.39085906 0.42955873
 0.47297078 0.54176767 0.59671864 0.64567825 0.68342714 0.71305898]",,2000.0,18
3,syringe,New Mexico,"[1987 1988 1989 1990 1991 1992 1993 1994 1995 1996 1997 1998 1999 2000
 2001 2002 2003 2004 2005 2006 2007 2008 2009]","[0.01947642 0.02546183 0.026294   0.03440131 0.0328883  0.03724789
 0.02206084 0.02652832 0.02494595 0.02860758 0.02748845 0.02748127
 0.03055046 0.02638088 0.03546552 0.03546552 0.03546552 0.03546552
 0.03546552 0.03546552 0.03546552 0.03546552 0.03546552]","[0.01947642 0.04444234 0.06956777 0.10157586 0.13112351 0.16348732
 0.1819415  0.20364321 0.22350909 0.24572262 0.26645653 0.28661524
 0.30840948 0.32665424 0.3505348  0.37356842 0.39578514 0.41721393
 0.43788274 0.45781852 0.47704727 0.49559406 0.51348308]",2001.0,2009.0,23
3,syringe,New York,[1987 1988 1989 1990 1991 1992 1993 1994 1995 1996 1997 1998 1999 2000],"[0.04408434 0.0422468  0.03736985 0.02340147 0.02212148 0.05161849
 0.07940029 0.10822252 0.08703365 0.09711192 0.09358501 0.0793563
 0.15597863 0.16240143]","[0.04408434 0.08446871 0.11868199 0.13930612 0.15834595 0.20179086
 0.26516889 0.34469417 0.40172783 0.45982718 0.51037926 0.54923376
 0.61954366 0.68133031]",2000.0,1997.0,14
3,syringe,North Carolina,"[1987 1988 1989 1990 1991 1992 1993 1994 1995 1996 1997 1998 1999 2000
 2001 2002 2003 2004 2005 2006 2007]","[0.02294568 0.02907063 0.02536715 0.03165342 0.04339273 0.03003348
 0.02402238 0.03311828 0.02764266 0.02571367 0.0291565  0.03715313
 0.04390934 0.03031135 0.03374642 0.03420121 0.04773269 0.03396523
 0.03396523 0.03396523 0.03396523]","[0.02294568 0.05134926 0.07541383 0.10468015 0.14353052 0.16925328
 0.18920979 0.21606177 0.23773191 0.25733262 0.2789862  0.30577412
 0.33625712 0.35637606 0.37809606 0.39936593 0.4280358  0.4474627
 0.46622975 0.48435938 0.50187323]",,2007.0,21
3,syringe,North Dakota,"[1987 1988 1989 1990 1991 1992 1993 1994 1995 1996 1997 1998 1999 2000
 2001 2002 2003 2004 2005 2006 2007 2008 2009 2010 2011]","[0.03402322 0.00668667 0.03729483 0.00731078 0.03154763 0.0060113
 0.03022206 0.00716751 0.03743518 0.00583106 0.06157719 0.01813535
 0.09106102 0.01596488 0.07992555 0.01703063 0.08885223 0.0129137
 0.0129137  0.0129137  0.0129137  0.0129137  0.0129137  0.0129137
 0.0129137 ]","[0.03402322 0.04048238 0.07626742 0.08302063 0.11194916 0.1172875
 0.14396489 0.15010053 0.18191667 0.18668696 0.23676848 0.25060996
 0.31885018 0.32972465 0.38329678 0.39379962 0.44766188 0.45479461
 0.46183522 0.46878492 0.47564487 0.48241624 0.48910016 0.49569777
 0.50221017]",,2011.0,25
3,syringe,Ohio,"[1987 1988 1989 1990 1991 1992 1993 1994 1995 1996 1997 1998 1999 2000
 2001 2002 2003 2004 2005]","[0.02769178 0.04316659 0.04294003 0.05409376 0.04875056 0.0455532
 0.0289575  0.03193826 0.02667853 0.02974856 0.03580197 0.03905372
 0.03770238 0.0356244  0.03585592 0.03091656 0.04121789 0.03999995
 0.03999995]","[0.02769178 0.06966301 0.1096117  0.15777616 0.19883504 0.23533066
 0.25747357 0.28118858 0.30036541 0.32117853 0.34548167 0.37104305
 0.39475622 0.41631767 0.43724613 0.45464455 0.47712295 0.49803801
 0.51811646]",,2005.0,19
3,syringe,Oklahoma,"[1987 1988 1989 1990 1991 1992 1993 1994 1995 1996 1997 1998 1999 2000
 2001 2002 2003 2004 2005 2006 2007 2008 2009 2010 2011 2012 2013 2014]","[0.01620761 0.02675679 0.02084396 0.03379015 0.03365175 0.03446963
 0.01822504 0.0190164  0.01189345 0.00929335 0.01351056 0.01622241
 0.0153429  0.01874782 0.02942506 0.02823485 0.0352803  0.02867087
 0.02867087 0.02867087 0.02867087 0.02867087 0.02867087 0.02867087
 0.02867087 0.02867087 0.02867087 0.02867087]","[0.01620761 0.04253074 0.06248819 0.09416685 0.12464972 0.15482272
 0.17022611 0.18600542 0.19568662 0.20316139 0.21392712 0.22667912
 0.2385441  0.25281974 0.27480556 0.29528131 0.320144   0.33963606
 0.35856927 0.37695964 0.39482275 0.4121737  0.42902719 0.44539748
 0.46129841 0.47674345 0.49174567 0.50631776]",,2014.0,28
3,syringe,Oregon,"[1987 1988 1989 1990 1991 1992 1993 1994 1995 1996 1997 1998 1999 2000
 2001 2002 2003]","[0.04170991 0.04170991 0.04170991 0.04170991 0.04170991 0.04170991
 0.04170991 0.04170991 0.04170991 0.04170991 0.04170991 0.04170991
 0.04170991 0.04170991 0.04170991 0.04170991 0.04170991]","[0.04170991 0.08168011 0.11998315 0.15668858 0.19186302 0.22557035
 0.25787174 0.28882584 0.31848886 0.34691463 0.37415476 0.40025871
 0.42527387 0.44924565 0.47221756 0.49423132 0.51532689]",1987.0,2003.0,17
3,syringe,Pennsylvania,"[1987 1988 1989 1990 1991 1992 1993 1994 1995 1996 1997 1998 1999 2000
 2001 2002 2003 2004]","[0.04253984 0.0535523  0.05373914 0.04552637 0.0475195  0.05474741
 0.03813034 0.04052653 0.03610473 0.03467493 0.05028775 0.05141229
 0.04432082 0.06018037 0.06772581 0.06198208 0.07911813 0.07202438]","[0.04253984 0.09381404 0.14251169 0.18155002 0.22044235 0.26312111
 0.29121856 0.31994301 0.34449629 0.36722583 0.39904662 0.42994301
 0.45520841 0.48799416 0.52267017 0.55225607 0.58768073 0.61737777]",,2001.0,18
3,syringe,Rhode Island,[1987 1988 1989 1990 1991 1992 1993 1994 1995 1996 1997 1998 1999 2000],"[0.02203384 0.01445386 0.0331387  0.02293375 0.0211249  0.12888278
 0.13366083 0.1787374  0.15339062 0.16406123 0.15427576 0.10689558
 0.15441244 0.11876943]","[0.02203384 0.03616923 0.06810933 0.08948107 0.1087157  0.2235869
 0.32736292 0.44758832 0.53232309 0.60905074 0.66936473 0.70470818
 0.75030491 0.77996105]",2000.0,1995.0,14
3,syringe,South Carolina,"[1987 1988 1989 1990 1991 1992 1993 1994 1995 1996 1997 1998 1999 2000
 2001 2002 2003 2004 2005 2006 2007 2008 2009 2010 2011 2012]","[0.02120239 0.02769998 0.02314346 0.03239237 0.03901804 0.0334241
 0.02295141 0.02638225 0.01893572 0.01974075 0.02490792 0.02571421
 0.03622614 0.03246474 0.02704444 0.03252827 0.03114771 0.02364705
 0.02364705 0.02364705 0.02364705 0.02364705 0.02364705 0.02364705
 0.02364705 0.02364705]","[0.02120239 0.04831506 0.07034035 0.10045422 0.13555273 0.16444611
 0.18362325 0.20516111 0.22021196 0.23560555 0.25464503 0.27381125
 0.30011826 0.32283974 0.34115316 0.36258431 0.38243835 0.39704186
 0.41130004 0.42522106 0.43881289 0.45208331 0.46503992 0.47769015
 0.49004123 0.50210026]",,2012.0,26
3,syringe,South Dakota,"[1987 1988 1989 1990 1991 1992 1993 1994 1995 1996 1997 1998 1999 2000
 2001 2002 2003 2004 2005 2006]","[0.02762404 0.02619515 0.02909859 0.03541377 0.03883225 0.03557087
 0.02699274 0.02619884 0.02773818 0.02276186 0.0351095  0.03946285
 0.03848117 0.03516534 0.04965698 0.0390751  0.05134944 0.04620247
 0.04620247 0.04620247]","[0.02762404 0.05309558 0.08064916 0.11320684 0.14764302 0.1779621
 0.20015115 0.22110627 0.24271136 0.25994866 0.28593149 0.31411067
 0.3405045  0.36369588 0.39529282 0.41892181 0.44875985 0.47422851
 0.49852045 0.52169005]",,2006.0,20
3,syringe,Tennessee,"[1987 1988 1989 1990 1991 1992 1993 1994 1995 1996 1997 1998 1999 2000
 2001 2002 2003 2004 2005 2006 2007 2008 2009 2010]","[0.02533563 0.0351305  0.03709829 0.04289592 0.04037872 0.03772002
 0.02540472 0.02401666 0.02046755 0.0184673  0.02343313 0.02891221
 0.03233966 0.02385908 0.02684946 0.02530632 0.03683442 0.02945155
 0.02945155 0.02945155 0.02945155 0.02945155 0.02945155 0.02945155]","[0.02533563 0.05957607 0.09446419 0.13330798 0.16830389 0.19967548
 0.2200075  0.23874032 0.25432143 0.2680921  0.28524299 0.3059082
 0.32835489 0.34437973 0.36198277 0.37812864 0.40103491 0.41867537
 0.43579628 0.45241296 0.46854025 0.48419256 0.49938389 0.51412781]",,2010.0,24
3,syringe,Texas,"[1987 1988 1989 1990 1991 1992 1993 1994 1995 1996 1997 1998 1999 2000
 2001 2002 2003 2004 2005 2006 2007 2008 2009 2010 2011 2012 2013 2014
 2015 2016 2017 2018 2019 2020 2021 2022 2023]","[0.01954555 0.00491917 0.02226524 0.00623636 0.03095471 0.00640203
 0.01989174 0.00415858 0.0212144  0.00399411 0.02667129 0.00577999
 0.02731568 0.00586471 0.05226605 0.01021573 0.05656684 0.0099864
 0.0099864  0.0099864  0.0099864  0.0099864  0.0099864  0.0099864
 0.0099864  0.0099864  0.0099864  0.0099864  0.0099864  0.0099864
 0.0099864  0.0099864  0.0099864  0.0099864  0.0099864  0.0099864
 0.0099864 ]","[0.01954555 0.02436857 0.04609124 0.05204016 0.08138399 0.087265
 0.10542089 0.10914106 0.1280401  0.1315228  0.15468621 0.15957211
 0.18252897 0.1873232  0.22979861 0.23766678 0.28078956 0.28797188
 0.29508248 0.30212206 0.30909135 0.31599104 0.32282183 0.3295844
 0.33627944 0.34290761 0.3494696  0.35596606 0.36239764 0.36876499
 0.37506875 0.38130956 0.38748805 0.39360484 0.39966055 0.40565578
 0.41159113]",,,37
3,syringe,Utah,"[1987 1988 1989 1990 1991 1992 1993 1994 1995 1996 1997 1998 1999 2000
 2001 2002 2003 2004 2005 2006 2007 2008 2009 2010 2011 2012 2013 2014
 2015 2016 2017 2018 2019]","[0.01515121 0.01703601 0.01658973 0.02960218 0.02343064 0.01865535
 0.01208793 0.01356516 0.01497055 0.01326906 0.01840463 0.02015742
 0.01968506 0.0179601  0.02317402 0.025562   0.02763864 0.02269118
 0.02269118 0.02269118 0.02269118 0.02269118 0.02269118 0.02269118
 0.02269118 0.02269118 0.02269118 0.02269118 0.02269118 0.02269118
 0.02269118 0.02269118 0.02269118]","[0.01515121 0.0319291  0.04798913 0.07617073 0.09781664 0.11464719
 0.12534927 0.13721405 0.15013043 0.1614074  0.17684139 0.19343414
 0.20931144 0.22351228 0.24150663 0.26089524 0.28132309 0.29763071
 0.3135683  0.32914425 0.34436676 0.35924385 0.37378336 0.38799296
 0.40188012 0.41545216 0.42871625 0.44167935 0.4543483  0.46672978
 0.47883031 0.49065627 0.50221388]",,2019.0,33
3,syringe,Vermont,"[1989 1990 1991 1992 1993 1994 1995 1996 1997 1998 1999 2000 2001 2002
 2003 2004 2005 2006]","[0.023076   0.02478761 0.01208278 0.01598347 0.03324523 0.02603128
 0.0340618  0.0329599  0.04814506 0.03781708 0.05161386 0.05161386
 0.05161386 0.05161386 0.05161386 0.05161386 0.05161386 0.05161386]","[0.023076   0.04729161 0.05880298 0.07384657 0.10463675 0.1279442
 0.15764799 0.18541183 0.22463022 0.25395244 0.29245884 0.32897777
 0.36361182 0.39645827 0.42760939 0.45715268 0.48517112 0.51174343]",1999.0,2006.0,18
3,syringe,Virginia,"[1987 1988 1989 1990 1991 1992 1993 1994 1995 1996 1997 1998 1999 2000
 2001 2002 2003 2004 2005 2006 2007]","[0.02323327 0.03095223 0.02552507 0.03645321 0.0415302  0.0334188
 0.0236762  0.02452431 0.02649919 0.02278979 0.02978554 0.03263449
 0.03493409 0.03096783 0.04343066 0.03770117 0.04836533 0.040783
 0.040783   0.040783   0.040783  ]","[0.02323327 0.05346638 0.07762672 0.11125019 0.14816015 0.17662762
 0.19612195 0.2158365  0.2366162  0.25401356 0.27623317 0.29985293
 0.32431193 0.34523652 0.37367333 0.39728658 0.42643701 0.44982863
 0.47226627 0.49378883 0.51443364]",,2007.0,21
3,syringe,Washington,"[1987 1988 1989 1990 1991 1992 1993 1994 1995 1996 1997 1998 1999 2000
 2001 2002]","[0.13672818 0.12655544 0.13701917 0.13327438 0.11547468 0.11254123
 0.1025099  0.12647186 0.11663896 0.10161175 0.11714596 0.1461006
 0.12314554 0.10123644 0.12474985 0.13334901]","[0.13672818 0.24597993 0.34929513 0.43601742 0.50114313 0.55728509
 0.60266775 0.6529191  0.69340226 0.72455619 0.75682332 0.79235158
 0.81792256 0.83635543 0.85677007 0.87586964]",2002.0,1991.0,16
3,syringe,West Virginia,"[1987 1988 1989 1990 1991 1992 1993 1994 1995 1996 1997 1998 1999 2000
 2001 2002 2003 2004]","[0.04183403 0.04714926 0.04389702 0.04064889 0.0440645  0.0243179
 0.04670395 0.05967466 0.05909187 0.04870857 0.04948538 0.04045441
 0.05741462 0.04366316 0.04597188 0.04564296 0.02933853 0.0318767 ]","[0.04183403 0.08701085 0.12708836 0.16257125 0.19947213 0.21893928
 0.2554179  0.29985059 0.34122372 0.37331177 0.40432368 0.42842141
 0.46123838 0.48476242 0.50844886 0.53088471 0.54464786 0.55916299]",,2001.0,18
3,syringe,Wisconsin,"[1987 1988 1989 1990 1991 1992 1993 1994 1995 1996 1997 1998 1999 2000
 2001 2002 2003]","[0.02741293 0.04834219 0.04042874 0.04042874 0.04042874 0.04042874
 0.04042874 0.04042874 0.04042874 0.04042874 0.04042874 0.04042874
 0.04042874 0.04042874 0.04042874 0.04042874 0.04042874]","[0.02741293 0.07442992 0.11184955 0.14775636 0.1822115  0.21527366
 0.24699915 0.27744203 0.30665414 0.33468524 0.36158308 0.38739347
 0.41216038 0.435926   0.4587308  0.48061363 0.50161177]",1989.0,2003.0,17
3,syringe,Wyoming,"[1987 1988 1989 1990 1991 1992 1993 1994 1995 1996 1997 1998 1999 2000
 2001 2002 2003 2004 2005 2006 2007 2008 2009 2010 2011 2012 2013 2014
 2015 2016 2017 2018 2019 2020 2021 2022]","[0.01181417 0.01574055 0.01815887 0.02528668 0.02651943 0.02994241
 0.0178558  0.02065414 0.01628945 0.01503114 0.01572707 0.01727818
 0.01588503 0.01624696 0.01658983 0.01639721 0.01986914 0.02012614
 0.02012614 0.02012614 0.02012614 0.02012614 0.02012614 0.02012614
 0.02012614 0.02012614 0.02012614 0.02012614 0.02012614 0.02012614
 0.02012614 0.02012614 0.02012614 0.02012614 0.02012614 0.02012614]","[0.01181417 0.02736875 0.04503064 0.06917865 0.0938635  0.12099541
 0.13669074 0.15452165 0.16829403 0.18079552 0.1936792  0.20761096
 0.22019808 0.23286748 0.24559408 0.25796424 0.27270785 0.28734543
 0.30168842 0.31574274 0.3295142  0.34300849 0.35623119 0.36918777
 0.38188359 0.39432389 0.40651381 0.4184584  0.43016259 0.44163122
 0.45286903 0.46388066 0.47467068 0.48524353 0.49560359 0.50575514]",,2022.0,36
3,threestrikes,Alabama,[1993 1994 1995 1996],[0.05584186 0.23238835 0.28056915 0.30106449],[0.05584186 0.27525321 0.4785948  0.63557139],,1996.0,4
3,threestrikes,Arizona,[1993 1994 1995 1996],[0.04653546 0.20738297 0.44084955 0.46800179],[0.04653546 0.24426777 0.57743198 0.77519457],,1995.0,4
3,threestrikes,Arkansas,[1993 1994 1995 1996 1997 1998],[0.0621657  0.03846103 0.16931532 0.16931532 0.16931532 0.16931532],[0.0621657  0.09823577 0.25091827 0.37774928 0.48310586 0.57062396],1995.0,1998.0,6
3,threestrikes,California,[1993 1994 1995 1996 1997 1998 1999],"[0.08526605 0.10739644 0.10739644 0.10739644 0.10739644 0.10739644
 0.10739644]","[0.08526605 0.18350522 0.27119385 0.34946503 0.41933017 0.48169204
 0.53735647]",1994.0,1999.0,7
3,threestrikes,Colorado,[1993 1994 1995 1996 1997],[0.06414023 0.16895682 0.16895682 0.16895682 0.16895682],[0.06414023 0.22226012 0.35366458 0.46286736 0.55361958],1994.0,1997.0,5
3,threestrikes,Connecticut,[1993 1994 1995 1996 1997 1998 1999 2000 2001],"[0.05859761 0.08482005 0.08482005 0.08482005 0.08482005 0.08482005
 0.08482005 0.08482005 0.08482005]","[0.05859761 0.13844741 0.21152434 0.27840288 0.33960878 0.3956232
 0.44688647 0.49380158 0.53673736]",1994.0,2001.0,9
3,threestrikes,Delaware,[1993 1994 1995 1996],[0.06658451 0.15514244 0.53131831 0.45610544],[0.06658451 0.21139687 0.63039615 0.79897448],,1995.0,4
3,threestrikes,Florida,[1993 1994 1995 1996],[0.07425597 0.26459415 0.25568377 0.25568377],[0.07425597 0.31920242 0.49327131 0.62283361],1995.0,1996.0,4
3,threestrikes,Georgia,[1993 1994 1995 1996 1997],[0.05528035 0.17067075 0.17067075 0.17067075 0.17067075],[0.05528035 0.21651636 0.35023411 0.46113014 0.55309947],1994.0,1997.0,5
3,threestrikes,Idaho,[1993 1994 1995 1996 1997 1998],[0.05936013 0.06401941 0.14938129 0.17996362 0.17996362 0.17996362],[0.05936013 0.11957934 0.25109771 0.38587288 0.49639342 0.58702428],,1998.0,6
3,threestrikes,Illinois,[1993 1994 1995 1996 1997],[0.08154722 0.20921439 0.16960481 0.11677492 0.11677492],[0.08154722 0.27370076 0.3968846  0.46731335 0.52951779],,1997.0,5
3,threestrikes,Indiana,[1993 1994 1995 1996 1997 1998 1999 2000 2001],"[0.06297974 0.0797814  0.0797814  0.0797814  0.0797814  0.0797814
 0.0797814  0.0797814  0.0797814 ]","[0.06297974 0.13773653 0.20652912 0.26983334 0.32808706 0.38169322
 0.4310226  0.47641642 0.51818865]",1994.0,2001.0,9
3,threestrikes,Iowa,[1993 1994 1995 1996 1997 1998],[0.06298779 0.12469642 0.11962113 0.12629593 0.12629593 0.12629593],[0.06298779 0.17982986 0.27793954 0.36913283 0.44880879 0.51842199],,1998.0,6
3,threestrikes,Kansas,[1993 1994 1995 1996 1997 1998 1999],"[0.04944185 0.11080194 0.11080194 0.11080194 0.11080194 0.11080194
 0.11080194]","[0.04944185 0.15476554 0.24841916 0.33169577 0.40574518 0.47158976
 0.53013864]",1994.0,1999.0,7
3,threestrikes,Kentucky,[1993 1994 1995 1996 1997],[0.01276068 0.20465418 0.04255439 0.19915134 0.19915134],[0.01276068 0.21480333 0.2482169  0.39793551 0.51783746],,1997.0,5
3,threestrikes,Louisiana,[1993 1994 1995 1996 1997 1998 1999 2000 2001],"[0.04684467 0.0790945  0.0790945  0.0790945  0.0790945  0.0790945
 0.0790945  0.0790945  0.0790945 ]","[0.04684467 0.12223402 0.19166048 0.25559569 0.31447397 0.36869531
 0.41862804 0.46461136 0.50695766]",1994.0,2001.0,9
3,threestrikes,Maine,[1993 1994 1995 1996 1997 1998 1999 2000 2001 2002 2003 2004 2005 2006],"[0.038873   0.04443339 0.04158075 0.05133619 0.05133619 0.05133619
 0.05133619 0.05133619 0.05133619 0.05133619 0.05133619 0.05133619
 0.05133619 0.05133619]","[0.038873   0.08157914 0.11976777 0.16495554 0.20782354 0.24849086
 0.28707048 0.32366956 0.35838979 0.39132762 0.42257454 0.45221736
 0.48033844 0.50701588]",,2006.0,14
3,threestrikes,Maryland,[1993 1994 1995 1996 1997 1998 1999],"[0.04709492 0.11005329 0.11005329 0.11005329 0.11005329 0.11005329
 0.11005329]","[0.04709492 0.15196526 0.24529427 0.32835212 0.40226918 0.46805143
 0.52659412]",1994.0,1999.0,7
3,threestrikes,Massachusetts,[1993 1994 1995 1996 1997 1998 1999 2000 2001 2002 2003],"[0.04015814 0.07923685 0.10339405 0.0603067  0.0603067  0.0603067
 0.0603067  0.0603067  0.0603067  0.0603067  0.0603067 ]","[0.04015814 0.11621298 0.2075913  0.25537886 0.3002845  0.34248203
 0.38213477 0.41939619 0.45441049 0.48731319 0.51823164]",,2003.0,11
3,threestrikes,Michigan,[1993 1994 1995 1996],[0.08065473 0.24833095 0.22353755 0.19822198],[0.08065473 0.30895662 0.46343076 0.56979058],,1996.0,4
3,threestrikes,Minnesota,[1993 1994 1995 1996],[0.06141595 0.18544471 0.22160214 0.17159185],[0.06141595 0.2354714  0.40489257 0.50700815],,1996.0,4
3,threestrikes,Mississippi,[1993 1994 1995 1996 1997],[0.03740712 0.16493204 0.18567252 0.22905132 0.22905132],[0.03740712 0.19616952 0.34541875 0.49535145 0.61094187],,1997.0,5
3,threestrikes,Missouri,[1993 1994 1995 1996 1997],[0.07511189 0.16094553 0.21249386 0.17196377 0.17196377],[0.07511189 0.22396849 0.38887042 0.49396257 0.58098267],,1997.0,5
3,threestrikes,Montana,[1993 1994 1995 1996 1997 1998 1999],"[0.06083166 0.01839486 0.1251886  0.1251886  0.1251886  0.1251886
 0.1251886 ]","[0.06083166 0.07810753 0.19351796 0.29448032 0.38280335 0.46006934
 0.5276625 ]",1995.0,1999.0,7
3,threestrikes,Nevada,[1993 1994 1995 1996 1997],[0.06789786 0.03474421 0.20960361 0.20960361 0.20960361],[0.06789786 0.10028301 0.28886694 0.43792299 0.55573636],1995.0,1997.0,5
3,threestrikes,New Hampshire,[1993 1994 1995 1996 1997 1998],[0.04585997 0.06204258 0.12826077 0.13902729 0.13902729 0.13902729],[0.04585997 0.10505728 0.21984332 0.32830639 0.42169013 0.50209099],,1998.0,6
3,threestrikes,New Jersey,[1993 1994 1995 1996 1997 1998],[0.05324536 0.09585536 0.12926441 0.12926441 0.12926441 0.12926441],[0.05324536 0.14399687 0.25464761 0.35099514 0.43488837 0.5079372 ],1995.0,1998.0,6
3,threestrikes,New Mexico,[1993 1994 1995 1996 1997 1998],[0.05402349 0.12074196 0.12074196 0.12074196 0.12074196 0.12074196],[0.05402349 0.16824255 0.26867058 0.35697273 0.4346131  0.50287902],1994.0,1998.0,6
3,threestrikes,New York,[1993 1994 1995 1996 1997],[0.041506   0.09938894 0.26262349 0.20428652 0.20428652],[0.041506   0.1367697  0.36347425 0.49350788 0.5969774 ],,1997.0,5
3,threestrikes,North Carolina,[1993 1994 1995],[0.05865651 0.38260539 0.38260539],[0.05865651 0.4188196  0.64118236],1994.0,1995.0,3
3,threestrikes,North Dakota,[1993 1994 1995 1996 1997 1998 1999 2000 2001 2002],"[0.04428699 0.01337724 0.08614885 0.08614885 0.08614885 0.08614885
 0.08614885 0.08614885 0.08614885 0.08614885]","[0.04428699 0.05707179 0.13830396 0.21253808 0.28037702 0.34237171
 0.39902563 0.45079888 0.49811192 0.541349  ]",1995.0,2002.0,10
3,threestrikes,Ohio,[1993 1994 1995 1996 1997],[0.07019506 0.14255148 0.19687483 0.17072146 0.17072146],[0.07019506 0.20274013 0.35970053 0.4690134  0.5596642 ],,1997.0,5
3,threestrikes,Oklahoma,[1993 1994 1995 1996 1997],[0.04488528 0.16399593 0.16670932 0.16353164 0.16353164],[0.04488528 0.20152021 0.33463423 0.44344259 0.53445734],,1997.0,5
3,threestrikes,Oregon,[1993 1994 1995 1996],[0.06930194 0.1688534  0.24842249 0.19473987],[0.06930194 0.22645347 0.41861983 0.53183773],,1996.0,4
3,threestrikes,Pennsylvania,[1993 1994 1995 1996 1997],[0.08384982 0.15389044 0.14677014 0.14677014 0.14677014],[0.08384982 0.22483658 0.33860742 0.43568011 0.51850542],1995.0,1997.0,5
3,threestrikes,Rhode Island,[1993 1994 1995 1996 1997 1998 1999],"[0.0371404  0.16857567 0.13250366 0.09034857 0.09034857 0.09034857
 0.09034857]","[0.0371404  0.19945511 0.30553024 0.36827459 0.42535007 0.47726887
 0.52449688]",,1999.0,7
3,threestrikes,South Carolina,[1993 1994 1995],[0.05613029 0.46709351 0.41042308],[0.05613029 0.49700571 0.70344618],1995.0,1995.0,3
3,threestrikes,South Dakota,[1993 1994 1995 1996 1997 1998],[0.06562143 0.07848742 0.12104567 0.14574745 0.14574745 0.14574745],[0.06562143 0.13895839 0.24318374 0.35348778 0.44771528 0.52820937],,1998.0,6
3,threestrikes,Tennessee,[1993 1994 1995 1996 1997],[0.06190542 0.15699649 0.15699649 0.15699649 0.15699649],[0.06190542 0.20918297 0.33333847 0.43800199 0.5262337 ],1994.0,1997.0,5
3,threestrikes,Texas,[1993 1994 1995 1996 1997 1998],[0.04886875 0.040545   0.30421929 0.09209482 0.09209482 0.09209482],[0.04886875 0.08743236 0.36505304 0.42352837 0.47661842 0.52481916],,1998.0,6
3,threestrikes,Utah,[1993 1994 1995 1996 1997 1998],[0.03004534 0.0863152  0.14638205 0.14638205 0.14638205 0.14638205],[0.03004534 0.11376717 0.24349574 0.35423438 0.44876287 0.52945409],1995.0,1998.0,6
3,threestrikes,Vermont,"[1993 1994 1995 1996 1997 1998 1999 2000 2001 2002 2003 2004 2005 2006
 2007 2008 2009 2010 2011 2012 2013 2014]","[0.02674714 0.01740093 0.02121828 0.02121828 0.02121828 0.02121828
 0.02121828 0.02121828 0.02121828 0.02121828 0.02121828 0.02121828
 0.02121828 0.02121828 0.02121828 0.02121828 0.02121828 0.02121828
 0.02121828 0.02121828 0.02121828 0.02121828]","[0.02674714 0.04368264 0.06397406 0.08383492 0.10327437 0.12230135
 0.14092461 0.15915271 0.17699405 0.19445682 0.21154907 0.22827864
 0.24465324 0.26068041 0.2763675  0.29172174 0.30675019 0.32145976
 0.33585722 0.34994919 0.36374215 0.37724245]",1995.0,,22
3,threestrikes,Virginia,[1993 1994 1995 1996],[0.05784081 0.24298411 0.24298411 0.24298411],[0.05784081 0.28677052 0.46007395 0.5912674 ],1994.0,1996.0,4
3,threestrikes,Washington,[1993 1994 1995 1996 1997 1998 1999 2000 2001],"[0.08295586 0.08295586 0.08295586 0.08295586 0.08295586 0.08295586
 0.08295586 0.08295586 0.08295586]","[0.08295586 0.15903005 0.22879344 0.29276954 0.35143846 0.40524044
 0.45457923 0.49982508 0.54131752]",1993.0,2001.0,9
3,threestrikes,West Virginia,[1993 1994 1995 1996 1997 1998],[0.04669856 0.14641521 0.1347245  0.12074209 0.12074209 0.12074209],[0.04669856 0.18627639 0.2959049  0.38091881 0.45566797 0.52139175],,1998.0,6
3,threestrikes,Wisconsin,[1993 1994 1995 1996 1997 1998 1999 2000 2001],"[0.06203038 0.08521335 0.08521335 0.08521335 0.08521335 0.08521335
 0.08521335 0.08521335 0.08521335]","[0.06203038 0.14195791 0.21507455 0.28196068 0.34314721 0.39911984
 0.45032285 0.49716268 0.54001113]",1994.0,2001.0,9
3,threestrikes,Wyoming,[1993 1994 1995 1996 1997],[0.04400013 0.08954479 0.15742795 0.17756999 0.17756999],[0.04400013 0.12960494 0.26662945 0.39685406 0.50395468],,1997.0,5
4,antishack,Alabama,"[1999 2000 2001 2002 2003 2004 2005 2006 2007 2008 2009 2010 2011 2012
 2013 2014 2015 2016 2017 2018 2019 2020 2021 2022 2023 2024 2025]","[0.04726103 0.0329763  0.03445458 0.03120156 0.02597586 0.03873466
 0.03040324 0.0212179  0.02386486 0.0222734  0.0222734  0.0222734
 0.0222734  0.0222734  0.0222734  0.0222734  0.0222734  0.0222734
 0.0222734  0.0222734  0.0222734  0.0222734  0.0222734  0.0222734
 0.0222734  0.0222734  0.0222734 ]","[0.04726103 0.07867884 0.11042257 0.13817878 0.16056532 0.19308054
 0.21761351 0.23421411 0.25248948 0.26913908 0.28541784 0.30133401
 0.31689568 0.33211073 0.3469869  0.36153172 0.37575258 0.38965669
 0.40325111 0.41654274 0.42953831 0.44224443 0.45466754 0.46681395
 0.47868982 0.49030117 0.50165389]",,2025.0,27
4,antishack,Arizona,"[1999 2000 2001 2002 2003 2004 2005 2006 2007 2008 2009 2010 2011 2012
 2013 2014 2015 2016 2017 2018]","[0.03834612 0.03988334 0.04218918 0.04043969 0.04491248 0.04878526
 0.05589268 0.04488337 0.02836969 0.02725911 0.02725911 0.02725911
 0.02725911 0.02725911 0.02725911 0.02725911 0.02725911 0.02725911
 0.02725911 0.02725911]","[0.03834612 0.07670009 0.11565335 0.15141606 0.18952807 0.22906715
 0.27215666 0.30482472 0.32454663 0.34295889 0.36086924 0.37829138
 0.39523861 0.41172386 0.42775975 0.44335851 0.45853206 0.473292
 0.48764959 0.50161581]",,2018.0,20
4,antishack,Arkansas,"[1999 2000 2001 2002 2003 2004 2005 2006 2007 2008 2009 2010 2011 2012
 2013 2014 2015 2016 2017 2018 2019 2020 2021 2022 2023 2024 2025 2026
 2027]","[0.05215464 0.00579716 0.05572021 0.00691147 0.05303444 0.01008646
 0.04095474 0.00478011 0.03515379 0.00716241 0.00716241 0.00716241
 0.00716241 0.00716241 0.00716241 0.00716241 0.00716241 0.00716241
 0.00716241 0.00716241 0.00716241 0.00716241 0.00716241 0.00716241
 0.00716241 0.00716241 0.00716241 0.00716241 0.00716241]","[0.05215464 0.05764945 0.11015742 0.11630755 0.16317368 0.1716143
 0.20554062 0.20933822 0.23713298 0.24259694 0.24802177 0.25340775
 0.25875514 0.26406424 0.26933531 0.27456863 0.27976447 0.28492309
 0.29004476 0.29512975 0.30017831 0.30519072 0.31016723 0.31510809
 0.32001357 0.32488391 0.32971936 0.33452019 0.33928662]",,,29
4,antishack,California,[1999 2000 2001 2002 2003 2004 2005 2006],"[0.09574392 0.08252463 0.09759896 0.08930498 0.08604596 0.09249367
 0.07444221 0.07444221]","[0.09574392 0.17036732 0.2513386  0.31819779 0.37686412 0.43450024
 0.47659729 0.51556055]",2005.0,2006.0,8
4,antishack,Colorado,[1999 2000 2001 2002 2003 2004 2005 2006 2007 2008 2009 2010],"[0.07004033 0.06032004 0.05512567 0.06669587 0.06382874 0.08279722
 0.0577445  0.04173194 0.04760008 0.05612058 0.05612058 0.05612058]","[0.07004033 0.12613554 0.1743079  0.22937816 0.27856598 0.33829871
 0.37650832 0.40252784 0.43096756 0.46290199 0.49304424 0.5214949 ]",,2010.0,12
4,antishack,Connecticut,[1999 2000 2001 2002 2003 2004 2005 2006 2007 2008],"[0.08557688 0.12306166 0.1021451  0.1114075  0.09573317 0.06076851
 0.09347136 0.11022881 0.13487221 0.07800836]","[0.08557688 0.19810731 0.28001672 0.36022826 0.42147563 0.4566317
 0.50742108 0.56171746 0.6208296  0.65040806]",,2005.0,10
4,antishack,Delaware,[1999 2000 2001 2002 2003 2004 2005 2006 2007 2008],"[0.10870362 0.07446926 0.10499414 0.08211903 0.08969116 0.0669813
 0.0886086  0.10066564 0.12341305 0.09388095]","[0.10870362 0.1750778  0.2616898  0.32231912 0.3831011  0.42442179
 0.47542297 0.52822986 0.58645245 0.62527669]",,2006.0,10
4,antishack,Florida,[1999 2000 2001 2002 2003 2004 2005 2006 2007 2008 2009 2010 2011 2012],"[0.05775515 0.04714568 0.05748562 0.04732827 0.04346459 0.04183655
 0.038074   0.02994152 0.04573822 0.05660799 0.05660799 0.05660799
 0.05660799 0.05660799]","[0.05775515 0.10217792 0.15378979 0.19383945 0.2288789  0.26113994
 0.2892713  0.3105516  0.34208574 0.37932894 0.41446388 0.4476099
 0.47887959 0.50837917]",,2012.0,14
4,antishack,Georgia,"[1999 2000 2001 2002 2003 2004 2005 2006 2007 2008 2009 2010 2011 2012
 2013 2014 2015 2016 2017 2018]","[0.06009918 0.04240307 0.04470533 0.03662205 0.03783125 0.03419776
 0.03292365 0.01826799 0.02447771 0.03406676 0.03406676 0.03406676
 0.03406676 0.03406676 0.03406676 0.03406676 0.03406676 0.03406676
 0.03406676 0.03406676]","[0.06009918 0.09995386 0.14019072 0.17167869 0.20301512 0.23027022
 0.25561254 0.269211   0.28709904 0.31138526 0.33484413 0.35750383
 0.37939159 0.40053371 0.42095558 0.44068174 0.4597359  0.47814095
 0.49591899 0.5130914 ]",,2018.0,20
4,antishack,Idaho,"[1999 2000 2001 2002 2003 2004 2005 2006 2007 2008 2009 2010 2011 2012
 2013 2014 2015 2016 2017 2018 2019 2020 2021 2022 2023 2024 2025 2026
 2027]","[0.0197332  0.01443543 0.01593344 0.01231822 0.01711252 0.01621659
 0.02210315 0.01031744 0.01358679 0.01593982 0.01593982 0.01593982
 0.01593982 0.01593982 0.01593982 0.01593982 0.01593982 0.01593982
 0.01593982 0.01593982 0.01593982 0.01593982 0.01593982 0.01593982
 0.01593982 0.01593982 0.01593982 0.01593982 0.01593982]","[0.0197332  0.03388377 0.04927732 0.06098853 0.07705738 0.09202437
 0.11209349 0.12125441 0.13319374 0.14701047 0.16060697 0.17398674
 0.18715323 0.20010986 0.21285996 0.22540683 0.2377537  0.24990377
 0.26186016 0.27362598 0.28520424 0.29659796 0.30781005 0.31884343
 0.32970094 0.34038539 0.35089952 0.36124606 0.37142768]",,,29
4,antishack,Illinois,[1999 2000 2001 2002 2003 2004 2005 2006],"[0.08504741 0.08504741 0.08504741 0.08504741 0.08504741 0.08504741
 0.08504741 0.08504741]","[0.08504741 0.16286176 0.2340582  0.29919957 0.35880083 0.41333316
 0.46322766 0.50887875]",1999.0,2006.0,8
4,antishack,Indiana,[1999 2000 2001 2002 2003 2004 2005 2006 2007 2008],"[0.10506173 0.07503017 0.08853396 0.07776403 0.08634272 0.08540429
 0.07131014 0.05901644 0.08222063 0.0511375 ]","[0.10506173 0.1722091  0.24549671 0.30416993 0.36424979 0.41854559
 0.46000918 0.49187751 0.53365567 0.55750335]",,2007.0,10
4,antishack,Iowa,[1999 2000 2001 2002 2003 2004 2005 2006 2007 2008],"[0.08256597 0.06270124 0.08789153 0.06079091 0.0770633  0.08971683
 0.06738246 0.05106148 0.06982018 0.0712054 ]","[0.08256597 0.14009021 0.21566901 0.2633492  0.32011794 0.38111481
 0.42281682 0.45228864 0.49052995 0.52680696]",,2008.0,10
4,antishack,Kansas,"[1999 2000 2001 2002 2003 2004 2005 2006 2007 2008 2009 2010 2011 2012
 2013 2014 2015 2016 2017 2018 2019 2020 2021 2022 2023]","[0.03529683 0.02081653 0.02872746 0.02596818 0.03229786 0.03413289
 0.02377651 0.02139416 0.02086808 0.02801721 0.02801721 0.02801721
 0.02801721 0.02801721 0.02801721 0.02801721 0.02801721 0.02801721
 0.02801721 0.02801721 0.02801721 0.02801721 0.02801721 0.02801721
 0.02801721]","[0.03529683 0.0553786  0.08251518 0.10634059 0.13520388 0.16472187
 0.18458187 0.20202705 0.21867921 0.24056964 0.26184676 0.28252775
 0.30262933 0.32216771 0.34115868 0.35961757 0.3775593  0.39499836
 0.41194882 0.42842437 0.44443832 0.46000361 0.47513281 0.48983812
 0.50413143]",,2023.0,25
4,antishack,Kentucky,"[1999 2000 2001 2002 2003 2004 2005 2006 2007 2008 2009 2010 2011 2012
 2013 2014 2015 2016]","[0.00679068 0.02899345 0.02781798 0.02026937 0.0446351  0.0461583
 0.04352327 0.02928031 0.04332658 0.04766963 0.04766963 0.04766963
 0.04766963 0.04766963 0.04766963 0.04766963 0.04766963 0.04766963]","[0.00679068 0.03558725 0.06241526 0.08141951 0.12242044 0.16292802
 0.19936013 0.22280311 0.25647639 0.29191989 0.32567381 0.35781869
 0.38843124 0.4175845  0.44534803 0.47178809 0.49696776 0.52094712]",,2016.0,18
4,antishack,Louisiana,"[1999 2000 2001 2002 2003 2004 2005 2006 2007 2008 2009 2010 2011 2012
 2013 2014 2015 2016 2017 2018 2019]","[0.03168999 0.02364722 0.02936229 0.02817506 0.02856943 0.03862195
 0.03454945 0.018235   0.03564639 0.03447328 0.03447328 0.03447328
 0.03447328 0.03447328 0.03447328 0.03447328 0.03447328 0.03447328
 0.03447328 0.03447328 0.03447328]","[0.03168999 0.05458783 0.08234729 0.10820221 0.13368037 0.16713932
 0.1959142  0.2105767  0.23871679 0.26496072 0.29029994 0.31476563
 0.3383879  0.36119584 0.38321752 0.40448004 0.42500956 0.44483137
 0.46396986 0.48244857 0.50029027]",,2019.0,21
4,antishack,Maine,[1999 2000 2001 2002 2003 2004 2005 2006 2007 2008 2009 2010],"[0.070142   0.07682441 0.04634805 0.05808448 0.05974021 0.06091963
 0.05229595 0.0729312  0.08538476 0.04363464 0.04363464 0.04363464]","[0.070142   0.14157779 0.18136398 0.22891403 0.27497887 0.31914689
 0.35475275 0.4018114  0.45288759 0.47676065 0.49959201 0.52142714]",,2010.0,12
4,antishack,Maryland,[1999 2000 2001 2002 2003 2004 2005 2006 2007 2008],"[0.06592114 0.0972528  0.07961133 0.08107481 0.09879301 0.08689269
 0.11663221 0.10855688 0.1273372  0.1375216 ]","[0.06592114 0.15676293 0.22389416 0.28681679 0.3572743  0.41312247
 0.48157129 0.53785029 0.59669914 0.65216172]",,2006.0,10
4,antishack,Massachusetts,[1999 2000 2001 2002 2003 2004 2005 2006 2007 2008],"[0.03315055 0.05047089 0.04074254 0.04642534 0.04430331 0.03416021
 0.09738034 0.11275438 0.11444331 0.11554457]","[0.03315055 0.0819483  0.11935206 0.16023644 0.19744075 0.22485634
 0.30034009 0.37922981 0.4502728  0.5137908 ]",,2008.0,10
4,antishack,Michigan,[1999 2000 2001 2002 2003 2004 2005 2006 2007 2008],"[0.10814536 0.1182275  0.13166608 0.11200021 0.10880466 0.12685675
 0.09431788 0.07418313 0.1126107  0.11750235]","[0.10814536 0.2135871  0.317131   0.39361247 0.45959026 0.52814489
 0.57264926 0.60435148 0.64890573 0.69016013]",,2004.0,10
4,antishack,Minnesota,[1999 2000 2001 2002 2003 2004 2005 2006 2007 2008],"[0.08590973 0.08768481 0.09735416 0.0825358  0.08101447 0.08695963
 0.08057262 0.05684328 0.10796331 0.11399205]","[0.08590973 0.16606156 0.24724894 0.30937785 0.36532824 0.42051906
 0.46720936 0.49749493 0.55174704 0.60284431]",,2007.0,10
4,antishack,Mississippi,"[1999 2000 2001 2002 2003 2004 2005 2006 2007 2008 2009 2010 2011 2012
 2013 2014 2015 2016 2017 2018 2019 2020 2021 2022 2023 2024 2025 2026
 2027]","[0.02878254 0.02445141 0.0301367  0.02780608 0.0291777  0.0268409
 0.02293902 0.01581931 0.0144562  0.01627387 0.01627387 0.01627387
 0.01627387 0.01627387 0.01627387 0.01627387 0.01627387 0.01627387
 0.01627387 0.01627387 0.01627387 0.01627387 0.01627387 0.01627387
 0.01627387 0.01627387 0.01627387 0.01627387 0.01627387]","[0.02878254 0.05253018 0.0810838  0.10663525 0.13270158 0.15598065
 0.17534163 0.18838716 0.20011999 0.21313713 0.22594243 0.23853934
 0.25093125 0.2631215  0.27511336 0.28691007 0.2985148  0.30993068
 0.32116077 0.33220811 0.34307567 0.35376637 0.36428309 0.37462866
 0.38480587 0.39481746 0.40466612 0.4143545  0.42388522]",,,29
4,antishack,Missouri,[1999 2000 2001 2002 2003 2004 2005 2006 2007 2008 2009 2010],"[0.07751205 0.06253128 0.06899266 0.07103512 0.06042821 0.0663778
 0.04935761 0.0386293  0.05571451 0.05301266 0.05301266 0.05301266]","[0.07751205 0.1351964  0.19486151 0.25205462 0.29725161 0.34389851
 0.37628211 0.40037589 0.43378366 0.46380029 0.49222566 0.51914413]",,2010.0,12
4,antishack,Montana,"[1999 2000 2001 2002 2003 2004 2005 2006 2007 2008 2009 2010 2011 2012
 2013 2014 2015 2016 2017 2018 2019 2020 2021 2022 2023 2024 2025 2026
 2027]","[0.04286067 0.00624073 0.0482441  0.0066588  0.04298482 0.00727544
 0.05263446 0.0043687  0.05758879 0.0106838  0.0106838  0.0106838
 0.0106838  0.0106838  0.0106838  0.0106838  0.0106838  0.0106838
 0.0106838  0.0106838  0.0106838  0.0106838  0.0106838  0.0106838
 0.0106838  0.0106838  0.0106838  0.0106838  0.0106838 ]","[0.04286067 0.04883391 0.09472206 0.10075013 0.13940422 0.14566544
 0.19063288 0.19416876 0.24057561 0.24868915 0.25671601 0.26465711
 0.27251337 0.2802857  0.28797498 0.29558212 0.30310798 0.31055344
 0.31791935 0.32520657 0.33241593 0.33954827 0.34660441 0.35358516
 0.36049133 0.36732371 0.3740831  0.38077028 0.38738601]",,,29
4,antishack,Nevada,"[1999 2000 2001 2002 2003 2004 2005 2006 2007 2008 2009 2010 2011 2012
 2013 2014 2015 2016 2017 2018 2019 2020 2021 2022 2023 2024 2025 2026
 2027]","[0.08855732 0.01200396 0.06689012 0.00891351 0.04534354 0.01112904
 0.09433912 0.01136919 0.06073099 0.00791271 0.00791271 0.00791271
 0.00791271 0.00791271 0.00791271 0.00791271 0.00791271 0.00791271
 0.00791271 0.00791271 0.00791271 0.00791271 0.00791271 0.00791271
 0.00791271 0.00791271 0.00791271 0.00791271 0.00791271]","[0.08855732 0.09949824 0.15973291 0.16722264 0.20498371 0.21383148
 0.28799792 0.29609281 0.33884179 0.34407334 0.3492635  0.35441259
 0.35952093 0.36458886 0.36961668 0.37460472 0.37955329 0.3844627
 0.38933327 0.3941653  0.39895909 0.40371495 0.40843318 0.41311408
 0.41775794 0.42236505 0.42693571 0.4314702  0.43596881]",,,29
4,antishack,New Hampshire,[1999 2000 2001 2002 2003 2004 2005 2006 2007 2008],"[0.04423041 0.04950636 0.05464133 0.05260272 0.04684378 0.05888209
 0.08876561 0.09718735 0.09838337 0.12036652]","[0.04423041 0.09154709 0.14118616 0.1863621  0.22447598 0.27014045
 0.33492688 0.39956358 0.45863654 0.52379857]",,2008.0,10
4,antishack,New Jersey,[1999 2000 2001 2002 2003 2004 2005 2006 2007 2008],"[0.07280095 0.11724712 0.07914679 0.10822098 0.10647786 0.08634129
 0.11430155 0.08636528 0.14053828 0.13167597]","[0.07280095 0.18151236 0.24629303 0.32785994 0.39942797 0.45128213
 0.51400144 0.55597484 0.61837737 0.6686279 ]",,2005.0,10
4,antishack,New Mexico,[1999 2000 2001 2002 2003 2004 2005 2006 2007 2008 2009 2010],"[0.05364255 0.03985605 0.05836865 0.0524233  0.05812159 0.06419354
 0.06031648 0.04257895 0.05692163 0.06867901 0.06867901 0.06867901]","[0.05364255 0.09136062 0.14439668 0.18925023 0.23637229 0.28539226
 0.32849489 0.35708687 0.39368254 0.43532382 0.47410522 0.51022316]",,2010.0,12
4,antishack,New York,[1999 2000 2001 2002 2003 2004 2005 2006 2007 2008],"[0.05107214 0.07873903 0.06393185 0.06855654 0.05510889 0.04458271
 0.12105575 0.12279051 0.127302   0.12632184]","[0.05107214 0.1257898  0.18167968 0.2377809  0.27978594 0.31189504
 0.3951941  0.46945852 0.53699752 0.59548484]",,2007.0,10
4,antishack,North Carolina,[1999 2000 2001 2002 2003 2004 2005 2006 2007 2008 2009 2010 2011],"[0.07638335 0.04806989 0.05976131 0.05264438 0.0625455  0.05412187
 0.05360755 0.04111844 0.0397837  0.05358903 0.05358903 0.05358903
 0.05358903]","[0.07638335 0.1207815  0.17332475 0.21684456 0.26582741 0.3055622
 0.34278931 0.36981279 0.39488397 0.42731155 0.45800137 0.48704656
 0.51453524]",,2011.0,13
4,antishack,North Dakota,"[1999 2000 2001 2002 2003 2004 2005 2006 2007 2008 2009 2010 2011 2012
 2013 2014 2015 2016 2017 2018 2019 2020 2021 2022 2023 2024 2025 2026
 2027]","[0.06049154 0.01109861 0.06011732 0.01040579 0.06236905 0.00926365
 0.06761186 0.00931735 0.06080466 0.01313528 0.01313528 0.01313528
 0.01313528 0.01313528 0.01313528 0.01313528 0.01313528 0.01313528
 0.01313528 0.01313528 0.01313528 0.01313528 0.01313528 0.01313528
 0.01313528 0.01313528 0.01313528 0.01313528 0.01313528]","[0.06049154 0.07091878 0.12677265 0.13585927 0.18975491 0.19726074
 0.25153543 0.25850914 0.30359524 0.31274271 0.32177002 0.33067876
 0.33947048 0.34814672 0.356709   0.3651588  0.37349762 0.3817269
 0.38984809 0.3978626  0.40577184 0.41357719 0.42128002 0.42888167
 0.43638347 0.44378672 0.45109274 0.45830279 0.46541813]",,,29
4,antishack,Ohio,[1999 2000 2001 2002 2003 2004 2005 2006 2007 2008 2009 2010 2011],"[0.06975779 0.05799328 0.06103285 0.04797511 0.05832211 0.0647951
 0.05339077 0.03784515 0.04860354 0.04952522 0.04952522 0.04952522
 0.04952522]","[0.06975779 0.12370558 0.17718833 0.21666281 0.26234869 0.31014488
 0.34697677 0.37169053 0.4022286  0.43183336 0.45997194 0.48671694
 0.5121374 ]",,2011.0,13
4,antishack,Oklahoma,"[1999 2000 2001 2002 2003 2004 2005 2006 2007 2008 2009 2010 2011 2012
 2013 2014 2015 2016 2017 2018 2019 2020 2021 2022 2023 2024 2025 2026
 2027]","[0.02437557 0.02661954 0.02997141 0.02697878 0.02790718 0.02602938
 0.01985352 0.01171904 0.01514981 0.01864597 0.01864597 0.01864597
 0.01864597 0.01864597 0.01864597 0.01864597 0.01864597 0.01864597
 0.01864597 0.01864597 0.01864597 0.01864597 0.01864597 0.01864597
 0.01864597 0.01864597 0.01864597 0.01864597 0.01864597]","[0.02437557 0.05034625 0.07880871 0.10366132 0.12867561 0.15135564
 0.16820422 0.17795206 0.19040594 0.2055016  0.2203158  0.23485377
 0.24912067 0.26312154 0.27686136 0.29034498 0.30357719 0.31656267
 0.32930603 0.34181177 0.35408433 0.36612806 0.37794722 0.389546
 0.40092851 0.41209878 0.42306077 0.43381836 0.44437537]",,,29
4,antishack,Oregon,[1999 2000 2001 2002 2003 2004 2005 2006 2007 2008],"[0.09109173 0.07922932 0.07482564 0.07705491 0.08758518 0.07288181
 0.14096901 0.10591785 0.16324529 0.11850226]","[0.09109173 0.16310391 0.2257252  0.28538687 0.34797639 0.39549705
 0.48071324 0.53571497 0.61150732 0.65754458]",,2006.0,10
4,antishack,Pennsylvania,[1999 2000 2001 2002 2003 2004 2005 2006 2007 2008],"[0.07914123 0.06473924 0.07821257 0.06695004 0.07261871 0.0740087
 0.06271816 0.04992206 0.08215016 0.09155043]","[0.07914123 0.13875693 0.20611696 0.25926747 0.31305851 0.36389816
 0.4037933  0.43355716 0.48009053 0.52768847]",,2008.0,10
4,antishack,Rhode Island,[1999 2000 2001 2002 2003 2004 2005 2006 2007 2008 2009 2010 2011],"[0.0498685  0.0415512  0.0276482  0.03534832 0.03226376 0.03927258
 0.04815069 0.05133853 0.06775847 0.07940601 0.07940601 0.07940601
 0.07940601]","[0.0498685  0.0893476  0.1145255  0.14582554 0.17338442 0.20584774
 0.24408672 0.2828942  0.33148419 0.38456836 0.43343733 0.47842582
 0.51984194]",,2011.0,13
4,antishack,South Carolina,"[1999 2000 2001 2002 2003 2004 2005 2006 2007 2008 2009 2010 2011 2012
 2013 2014 2015 2016 2017 2018 2019 2020 2021 2022 2023 2024 2025]","[0.05504266 0.04302168 0.03724035 0.0422902  0.0371938  0.03132439
 0.02831729 0.01884661 0.02124985 0.02114892 0.02114892 0.02114892
 0.02114892 0.02114892 0.02114892 0.02114892 0.02114892 0.02114892
 0.02114892 0.02114892 0.02114892 0.02114892 0.02114892 0.02114892
 0.02114892 0.02114892 0.02114892]","[0.05504266 0.09569631 0.1293729  0.1661919  0.1972044  0.22235148
 0.24437238 0.2586134  0.27436775 0.28971409 0.30473587 0.31943996
 0.33383307 0.34792178 0.36171253 0.37521163 0.38842523 0.40135937
 0.41401998 0.42641282 0.43854357 0.45041777 0.46204084 0.4734181
 0.48455474 0.49545585 0.50612642]",,2025.0,27
4,antishack,South Dakota,"[1999 2000 2001 2002 2003 2004 2005 2006 2007 2008 2009 2010 2011 2012
 2013 2014]","[0.04567721 0.03595421 0.05561297 0.03993057 0.04714201 0.04781111
 0.04389748 0.02716094 0.02906062 0.04434666 0.04434666 0.04434666
 0.04434666 0.04434666 0.04434666 0.04434666]","[0.04567721 0.07998913 0.13115367 0.1658472  0.20517083 0.2431725
 0.27639532 0.2960491  0.31650635 0.34681701 0.37578349 0.40346541
 0.42991972 0.45520088 0.4793609  0.5024495 ]",,2014.0,16
4,antishack,Tennessee,"[1999 2000 2001 2002 2003 2004 2005 2006 2007 2008 2009 2010 2011 2012
 2013 2014 2015 2016 2017 2018 2019]","[0.05615607 0.03477551 0.04140483 0.03724625 0.04746577 0.04360339
 0.03485101 0.02026593 0.03350274 0.02901147 0.02901147 0.02901147
 0.02901147 0.02901147 0.02901147 0.02901147 0.02901147 0.02901147
 0.02901147 0.02901147 0.02901147]","[0.05615607 0.08897873 0.12669941 0.15922658 0.19913453 0.23405499
 0.26074894 0.27573055 0.29999557 0.32030372 0.34002271 0.35916962
 0.37776105 0.39581311 0.41334146 0.43036128 0.44688734 0.46293395
 0.47851502 0.49364407 0.5083342 ]",,2019.0,21
4,antishack,Texas,"[1999 2000 2001 2002 2003 2004 2005 2006 2007 2008 2009 2010 2011 2012
 2013 2014 2015 2016 2017 2018 2019 2020 2021 2022 2023 2024 2025 2026
 2027]","[0.04704676 0.00776415 0.04772978 0.00756553 0.04265311 0.00737211
 0.0400006  0.00458429 0.03080723 0.00547242 0.00547242 0.00547242
 0.00547242 0.00547242 0.00547242 0.00547242 0.00547242 0.00547242
 0.00547242 0.00547242 0.00547242 0.00547242 0.00547242 0.00547242
 0.00547242 0.00547242 0.00547242 0.00547242 0.00547242]","[0.04704676 0.05444563 0.09957674 0.10638891 0.1445042  0.15081101
 0.18477909 0.18851629 0.21351586 0.21781983 0.22210025 0.22635724
 0.23059094 0.23480147 0.23898896 0.24315353 0.24729531 0.25141443
 0.255511   0.25958516 0.26363702 0.26766671 0.27167434 0.27566005
 0.27962394 0.28356614 0.28748677 0.29138594 0.29526377]",,,29
4,antishack,Utah,"[1999 2000 2001 2002 2003 2004 2005 2006 2007 2008 2009 2010 2011 2012
 2013 2014 2015 2016 2017 2018 2019 2020 2021 2022 2023 2024 2025 2026
 2027]","[0.03256621 0.02872053 0.02866361 0.02734076 0.02353712 0.02417687
 0.01965833 0.01283451 0.02116252 0.01365379 0.01365379 0.01365379
 0.01365379 0.01365379 0.01365379 0.01365379 0.01365379 0.01365379
 0.01365379 0.01365379 0.01365379 0.01365379 0.01365379 0.01365379
 0.01365379 0.01365379 0.01365379 0.01365379 0.01365379]","[0.03256621 0.06035143 0.08728515 0.11223947 0.13313479 0.15409288
 0.170722   0.18136538 0.19868975 0.20963067 0.2204222  0.23106639
 0.24156524 0.25192075 0.26213486 0.27220951 0.28214661 0.29194803
 0.30161562 0.31115121 0.3205566  0.32983358 0.33898388 0.34800926
 0.3569114  0.36569199 0.3743527  0.38289515 0.39132097]",,,29
4,antishack,Vermont,"[1999 2000 2001 2002 2003 2004 2005 2006 2007 2008 2009 2010 2011 2012
 2013 2014 2015 2016]","[0.04722783 0.05292918 0.03456202 0.01612489 0.03338386 0.03360078
 0.03964833 0.03964833 0.03964833 0.03964833 0.03964833 0.03964833
 0.03964833 0.03964833 0.03964833 0.03964833 0.03964833 0.03964833]","[0.04722783 0.09765728 0.12884407 0.14289136 0.17150496 0.19934304
 0.23108775 0.26157384 0.29085121 0.31896778 0.34596957 0.37190079
 0.39680388 0.4207196  0.4436871  0.46574398 0.48692634 0.50726886]",2005.0,2016.0,18
4,antishack,Virginia,[1999 2000 2001 2002 2003 2004 2005 2006 2007 2008 2009],"[0.06255735 0.05194236 0.08188325 0.06387822 0.06386169 0.06566436
 0.05476561 0.04649406 0.07612478 0.09169586 0.09169586]","[0.06255735 0.11125033 0.18402404 0.23614713 0.28492807 0.33188281
 0.36847266 0.39783493 0.44367461 0.49468734 0.54102242]",,2009.0,11
4,antishack,Washington,[1999 2000 2001 2002 2003 2004 2005 2006 2007 2008],"[0.07265574 0.05483232 0.0772264  0.07236718 0.08105578 0.09264755
 0.0802871  0.0588454  0.08821756 0.10433057]","[0.07265574 0.12350418 0.1911928  0.24972389 0.31053811 0.37441507
 0.42464147 0.45849867 0.5062686  0.55777988]",,2007.0,10
4,antishack,West Virginia,[1999 2000 2001 2002 2003 2004 2005 2006 2007 2008 2009],"[0.0518893  0.0751079  0.05688254 0.06692124 0.0565165  0.05615537
 0.07446817 0.0485161  0.08013577 0.06655937 0.06655937]","[0.0518893  0.12309991 0.17298022 0.2283254  0.27193775 0.31282235
 0.36399522 0.39485169 0.44334571 0.48039627 0.51498077]",,2009.0,11
4,antishack,Wisconsin,[1999 2000 2001 2002 2003 2004 2005 2006 2007 2008],"[0.12236162 0.12106981 0.12876098 0.10830904 0.1181475  0.13480072
 0.09317287 0.07413665 0.12264653 0.13279129]","[0.12236162 0.22861713 0.32794115 0.40073119 0.4715333  0.542771
 0.58537234 0.61611144 0.66319404 0.70791894]",,2004.0,10
4,antishack,Wyoming,"[1999 2000 2001 2002 2003 2004 2005 2006 2007 2008 2009 2010 2011 2012
 2013 2014 2015 2016 2017 2018 2019 2020 2021 2022 2023 2024 2025 2026
 2027]","[0.02519003 0.02218938 0.02443389 0.02270362 0.02331549 0.02771976
 0.04904779 0.02062136 0.01874478 0.02321573 0.02321573 0.02321573
 0.02321573 0.02321573 0.02321573 0.02321573 0.02321573 0.02321573
 0.02321573 0.02321573 0.02321573 0.02321573 0.02321573 0.02321573
 0.02321573 0.02321573 0.02321573 0.02321573 0.02321573]","[0.02519003 0.04682046 0.07011035 0.09122222 0.11241082 0.13701458
 0.17934211 0.19626519 0.21133102 0.22964055 0.24752501 0.26499427
 0.28205796 0.29872552 0.31500612 0.33090875 0.34644219 0.36161502
 0.37643559 0.3909121  0.40505252 0.41886466 0.43235614 0.44553441
 0.45840674 0.47098022 0.4832618  0.49525826 0.50697621]",,2027.0,29
4,cctheft,Alabama,[1973 1974 1975 1976 1977],[0.14403527 0.01411819 0.13978959 0.1949113  0.15288373],[0.14403527 0.15611994 0.27408558 0.4155745  0.50492366],1977.0,1977.0,5
4,cctheft,Arizona,"[1971 1972 1973 1974 1975 1976 1977 1978 1979 1980 1981 1982 1983 1984
 1985 1986 1987 1988 1989 1990 1991 1992 1993 1994 1995 1996 1997]","[0.12759723 0.12024428 0.1405043  0.09349471 0.15364602 0.14503726
 0.10391673 0.08505617 0.06226107 0.08380902 0.09846456 0.10575588
 0.08913637 0.15953284 0.09230491 0.08510513 0.08994503 0.0931515
 0.10407186 0.12207499 0.22694972 0.15523977 0.22577244 0.15012909
 0.17413487 0.15614621 0.23845578]","[0.12759723 0.23249867 0.3403359  0.402011   0.49388963 0.56729449
 0.61225983 0.64523953 0.66732729 0.69520827 0.72521945 0.75427911
 0.77618178 0.81188813 0.82925178 0.84378333 0.85783424 0.8710772
 0.88449443 0.89859477 0.92160866 0.93377812 0.94872919 0.95642643
 0.96401411 0.96963317 0.97687432]",1997.0,1976.0,27
4,cctheft,Arkansas,[1971 1972 1973 1974 1975 1976 1977 1978 1979],"[0.06841409 0.00726264 0.10552896 0.01100657 0.1023131  0.02442397
 0.16133616 0.02065187 0.17527501]","[0.06841409 0.07517986 0.17277516 0.18188007 0.26558446 0.2835218
 0.39911564 0.41152503 0.51466998]",1979.0,1979.0,9
4,cctheft,Colorado,[1971 1972 1973 1974 1975 1976 1977 1978 1979 1980 1981 1982 1983 1984],"[0.06014557 0.06461683 0.08888695 0.09892476 0.07687717 0.07066806
 0.10104712 0.10007402 0.08825518 0.09038593 0.054473   0.07040672
 0.07539287 0.10923262]","[0.06014557 0.12087599 0.19901864 0.27825553 0.3337412  0.38082442
 0.44339033 0.49909249 0.54330018 0.58457942 0.60720862 0.63486377
 0.66239244 0.6992702 ]",1984.0,1979.0,14
4,cctheft,Connecticut,[1971 1972 1973],[0.26109158 0.26109158 0.26109158],[0.26109158 0.45401435 0.59656661],1971.0,1973.0,3
4,cctheft,Delaware,"[1971 1972 1973 1974 1975 1976 1977 1978 1979 1980 1981 1982 1983 1984
 1985 1986 1987 1988 1989 1990 1991 1992]","[0.04169103 0.02326622 0.0299703  0.0299703  0.0299703  0.0299703
 0.0299703  0.0299703  0.0299703  0.0299703  0.0299703  0.0299703
 0.0299703  0.0299703  0.0299703  0.0299703  0.0299703  0.0299703
 0.0299703  0.0299703  0.0299703  0.0299703 ]","[0.04169103 0.06398726 0.09203985 0.11925169 0.14564799 0.17125318
 0.19609097 0.22018437 0.24355568 0.26622654 0.28821796 0.30955028
 0.33024327 0.35031608 0.36978731 0.38867497 0.40699657 0.42476906
 0.44200891 0.45873207 0.47495403 0.49068982]",1973.0,,22
4,cctheft,Idaho,[1971 1972 1973 1974 1975 1976 1977 1978 1979 1980 1981],"[0.09799911 0.09889446 0.12530626 0.06985484 0.1226986  0.11280846
 0.10307044 0.09115296 0.05656795 0.08829212 0.09606472]","[0.09799911 0.187202   0.28905068 0.33871393 0.4198528  0.48529831
 0.53834884 0.58042971 0.60416394 0.63911315 0.67378164]",1981.0,1977.0,11
4,cctheft,Illinois,[1971 1972 1973 1974 1975 1976 1977 1978 1979 1980 1981 1982 1983 1984],"[0.06015427 0.05215892 0.07313228 0.09033283 0.04607688 0.07060594
 0.14073622 0.19487304 0.17871215 0.17119002 0.13749743 0.09767745
 0.09541944 0.13015677]","[0.06015427 0.10917561 0.17432362 0.2489093  0.28351722 0.33410516
 0.42782068 0.53932301 0.62165158 0.68642105 0.72953735 0.75595545
 0.77924205 0.80797519]",1984.0,1978.0,14
4,cctheft,Indiana,[1971 1972 1973 1974 1975 1976 1977],"[0.10540295 0.08575367 0.08688646 0.11182555 0.07970298 0.0975615
 0.0975615 ]","[0.10540295 0.18211793 0.25318081 0.33669427 0.38956172 0.44911699
 0.50286196]",1976.0,1977.0,7
4,cctheft,Iowa,"[1971 1972 1973 1974 1975 1976 1977 1978 1979 1980 1981 1982 1983 1984
 1985 1986 1987]","[0.04771213 0.04239285 0.07172182 0.06566352 0.03254031 0.03314042
 0.0871146  0.10639396 0.11478123 0.0806263  0.07591538 0.03496345
 0.06023965 0.16689904 0.16377978 0.19370635 0.18146257]","[0.04771213 0.08808232 0.15348672 0.20907176 0.23480881 0.26016757
 0.32461777 0.39647436 0.46574778 0.50882256 0.54611048 0.56198002
 0.5883662  0.65706748 0.7132329  0.7687815  0.81073901]",1987.0,1980.0,17
4,cctheft,Kentucky,[1972 1973 1974 1975 1976 1977 1978 1979],"[0.06597796 0.01164006 0.08201222 0.01917681 0.09874429 0.04267352
 0.19866507 0.19866507]","[0.06597796 0.07685003 0.15255961 0.16881081 0.25088599 0.28285332
 0.42532532 0.53949311]",1978.0,1979.0,8
4,cctheft,Louisiana,[1971 1972 1973 1974 1975 1976 1977 1978 1979],"[0.05223291 0.04557524 0.1457549  0.07158398 0.1281561  0.15798214
 0.11015492 0.09826866 0.17519049]","[0.05223291 0.09542762 0.22727348 0.28258832 0.374529   0.47334225
 0.53135619 0.57740919 0.65144308]",1979.0,1977.0,9
4,cctheft,Maine,"[1971 1972 1973 1974 1975 1976 1977 1978 1979 1980 1981 1982 1983 1984
 1985 1986 1987 1988 1989 1990 1991 1992 1993 1994 1995 1996 1997 1998
 1999]","[0.2182859  0.03579559 0.12836699 0.02404551 0.09059796 0.0202741
 0.12110096 0.23557532 0.20037199 0.21174839 0.12682976 0.11484323
 0.09547685 0.10557753 0.23632034 0.1769997  0.12691636 0.10895772
 0.16004878 0.16140997 0.07147588 0.06207004 0.11133417 0.20125454
 0.21563408 0.28814526 0.1373554  0.15996653 0.31255284]","[0.2182859  0.24626782 0.34302214 0.35881951 0.41690915 0.42873079
 0.49791204 0.61619157 0.69309603 0.75808245 0.7887648  0.81302373
 0.83087564 0.84873137 0.88447922 0.90492637 0.91699276 0.92603704
 0.93787472 0.94790236 0.95162609 0.95462866 0.95968004 0.96779461
 0.97473919 0.98201797 0.9844879  0.98696932 0.9910421 ]",1999.0,1978.0,29
4,cctheft,Maryland,[1973 1974 1975 1976 1977 1978 1979],"[0.10741644 0.13139934 0.11185237 0.09963935 0.12295664 0.1107346
 0.11762272]","[0.10741644 0.22470133 0.31142033 0.38002996 0.45625939 0.51647029
 0.57334437]",1979.0,1978.0,7
4,cctheft,Minnesota,"[1971 1972 1973 1974 1975 1976 1977 1978 1979 1980 1981 1982 1983 1984
 1985]","[0.03436532 0.00529216 0.12560261 0.09115097 0.05418033 0.08229578
 0.17802047 0.20755092 0.13608367 0.11979327 0.10978317 0.07262636
 0.0768803  0.12793941 0.17490802]","[0.03436532 0.03947561 0.16011998 0.23667586 0.27803301 0.33744785
 0.45539569 0.56842882 0.62715861 0.6718225  0.70785086 0.72906859
 0.74989788 0.7818958  0.82004397]",1985.0,1978.0,15
4,cctheft,Missouri,[1971 1972 1973 1974 1975 1976 1977 1978 1979 1980 1981],"[0.06216721 0.01186823 0.07925377 0.05591312 0.06337785 0.06432387
 0.07635141 0.07635141 0.07635141 0.07635141 0.07635141]","[0.06216721 0.07329763 0.14674229 0.19445059 0.24550458 0.29403664
 0.34793794 0.3977238  0.44370844 0.48618208 0.52541281]",1977.0,1981.0,11
4,cctheft,Montana,[1971 1972 1973 1974 1975 1976 1977 1978 1979 1980 1981 1982 1983],"[0.0510899  0.00670756 0.05836246 0.05836246 0.05836246 0.05836246
 0.05836246 0.05836246 0.05836246 0.05836246 0.05836246 0.05836246
 0.05836246]","[0.0510899  0.05745477 0.11246403 0.16426281 0.21303849 0.2589675
 0.30221598 0.34294037 0.38128799 0.41739754 0.45139965 0.48341732
 0.51356636]",1973.0,1983.0,13
4,cctheft,Nevada,[1971 1972 1973 1974 1975 1976 1977 1978 1979],"[0.07697554 0.07697554 0.07697554 0.07697554 0.07697554 0.07697554
 0.07697554 0.07697554 0.07697554]","[0.07697554 0.14802584 0.21360701 0.27414004 0.3300135  0.38158607
 0.42918882 0.47312731 0.51368362]",1971.0,1979.0,9
4,cctheft,New Hampshire,[1971 1972 1973 1974 1975],[0.14024187 0.14024187 0.14024187 0.14024187 0.14024187],[0.14024187 0.26081596 0.36448051 0.45360695 0.53023414],1971.0,1975.0,5
4,cctheft,New Jersey,[1972 1973 1974 1975 1976 1977 1978 1979 1980],"[0.06197238 0.09250114 0.13155105 0.0509347  0.05074041 0.07314495
 0.08734355 0.09260073 0.09260073]","[0.06197238 0.148741   0.26072502 0.29837977 0.33398027 0.38269625
 0.43661375 0.48878373 0.53612273]",1979.0,1980.0,9
4,cctheft,New Mexico,"[1971 1972 1973 1974 1975 1976 1977 1978 1979 1980 1981 1982 1983 1984
 1985 1986 1987 1988]","[0.03861486 0.03861486 0.03861486 0.03861486 0.03861486 0.03861486
 0.03861486 0.03861486 0.03861486 0.03861486 0.03861486 0.03861486
 0.03861486 0.03861486 0.03861486 0.03861486 0.03861486 0.03861486]","[0.03861486 0.07573862 0.11142885 0.1457409  0.178728   0.21044131
 0.24093001 0.27024139 0.29842092 0.32551231 0.35155756 0.37659707
 0.40066969 0.42381275 0.44606214 0.46745238 0.48801663 0.5077868 ]",1971.0,1988.0,18
4,cctheft,North Dakota,[1971 1972 1973 1974 1975 1976 1977 1978 1979 1980 1981 1982],"[0.04035497 0.00757811 0.0645902  0.0645902  0.0645902  0.0645902
 0.0645902  0.0645902  0.0645902  0.0645902  0.0645902  0.0645902 ]","[0.04035497 0.04762726 0.10914121 0.16668196 0.22050613 0.2708538
 0.3179495  0.36200327 0.40321161 0.44175829 0.47781523 0.51154325]",1973.0,1982.0,12
4,cctheft,Ohio,[1971 1972 1973 1974 1975 1976 1977],"[0.12305378 0.09799288 0.1016947  0.1005857  0.1005857  0.1005857
 0.1005857 ]","[0.12305378 0.20898827 0.28942997 0.36090316 0.42518716 0.48300511
 0.53500741]",1974.0,1977.0,7
4,cctheft,Oklahoma,[1971 1972 1973 1974 1975 1976 1977 1978],"[0.07695124 0.07244649 0.09807895 0.09807895 0.09807895 0.09807895
 0.09807895 0.09807895]","[0.07695124 0.14382289 0.22779585 0.30353282 0.37184159 0.43345071
 0.48901728 0.53913393]",1973.0,1978.0,8
4,cctheft,Oregon,[1971 1972 1973 1974 1975],[0.13817985 0.13817985 0.13817985 0.13817985 0.13817985],[0.13817985 0.25726603 0.35989689 0.44834624 0.52457368],1971.0,1975.0,5
4,cctheft,Pennsylvania,"[1971 1972 1973 1974 1975 1976 1977 1978 1979 1980 1981 1982 1983 1984
 1985 1986 1987 1988 1989 1990 1991 1992 1993 1994 1995 1996 1997 1998]","[0.0810521  0.07246173 0.09687421 0.16211521 0.08499115 0.09290472
 0.1274971  0.1561296  0.26774514 0.23028046 0.17454278 0.10732576
 0.11736193 0.16326253 0.22419268 0.16882316 0.17702144 0.18285597
 0.20591799 0.19247479 0.15949879 0.10807148 0.19696528 0.28638581
 0.29564315 0.2851123  0.23052903 0.27090962]","[0.0810521  0.14764065 0.23021229 0.35500658 0.40982532 0.46465533
 0.53291022 0.60583676 0.71137205 0.77783743 0.8166143  0.83629631
 0.85550889 0.87909888 0.90620402 0.92203896 0.93583973 0.94757182
 0.95836773 0.96638089 0.9717431  0.97479686 0.97976101 0.98555717
 0.98982709 0.99272751 0.99440403 0.99592003]",1998.0,1977.0,28
4,cctheft,South Carolina,[1971 1972 1973 1974 1975 1976 1977 1978 1979 1980],"[0.21219229 0.18390599 0.20770595 0.11991109 0.27074936 0.33109175
 0.23916651 0.25739281 0.20144873 0.24478925]","[0.21219229 0.35707485 0.49061423 0.55169523 0.67307346 0.78131614
 0.833618   0.87644353 0.90133382 0.92548624]",1980.0,1974.0,10
4,cctheft,South Dakota,[1971 1972 1973 1974 1975 1976 1977 1978 1979 1980 1981],"[0.03642397 0.04262025 0.10784627 0.06518735 0.04644939 0.05324188
 0.07286665 0.07286665 0.07286665 0.07286665 0.07286665]","[0.03642397 0.07749182 0.17698088 0.23063131 0.26636802 0.30542796
 0.3560391  0.40296237 0.44646651 0.48680064 0.52419576]",1977.0,1981.0,11
4,cctheft,Tennessee,"[1971 1972 1973 1974 1975 1976 1977 1978 1979 1980 1981 1982 1983 1984
 1985 1986 1987 1988 1989]","[0.07620086 0.07145228 0.07503778 0.04593822 0.13416036 0.11246597
 0.20125781 0.23754162 0.27413033 0.28619723 0.22025294 0.20658541
 0.18819802 0.19733929 0.22182727 0.21531614 0.22306807 0.25163563
 0.23882179]","[0.07620086 0.14220842 0.20657519 0.24302372 0.34457993 0.41829238
 0.53536558 0.64573559 0.74285021 0.81644577 0.85687413 0.88644185
 0.90781327 0.92600533 0.94241937 0.95481741 0.9648962  0.97372957
 0.98000352]",1989.0,1977.0,19
4,cctheft,Texas,[1971 1972 1973 1974 1975 1976 1977],"[0.06141726 0.01022156 0.12426943 0.12426943 0.12426943 0.12426943
 0.12426943]","[0.06141726 0.07101104 0.18645597 0.28755463 0.37608981 0.45362278
 0.52152077]",1973.0,1977.0,7
4,cctheft,Utah,"[1971 1972 1973 1974 1975 1976 1977 1978 1979 1980 1981 1982 1983 1984
 1985 1986 1987 1988 1989 1990 1991]","[0.11086826 0.10172914 0.09699986 0.07452929 0.08016171 0.09458258
 0.05588078 0.04164559 0.03466597 0.03609307 0.08912999 0.11703775
 0.1123752  0.11687303 0.07565836 0.06768488 0.10261068 0.10253599
 0.09374146 0.13549124 0.13981295]","[0.11086826 0.20131886 0.27879082 0.33254203 0.3860466  0.4441159
 0.47517914 0.49703561 0.51447136 0.53199558 0.57370881 0.62360097
 0.66589889 0.7049463  0.72726958 0.7457293  0.77182019 0.79521684
 0.81441351 0.83955885 0.8619906 ]",1991.0,1979.0,21
4,cctheft,Virginia,[1972 1973 1974 1975 1976 1977 1978 1979 1980 1981 1982],"[0.05142238 0.04365723 0.02898333 0.07640703 0.07640703 0.07640703
 0.07640703 0.07640703 0.07640703 0.07640703 0.07640703]","[0.05142238 0.09283465 0.11912732 0.18643219 0.24859449 0.30600716
 0.35903309 0.40800747 0.45323986 0.49501618 0.5336005 ]",1975.0,1982.0,11
4,cctheft,Washington,"[1971 1972 1973 1974 1975 1976 1977 1978 1979 1980 1981 1982 1983 1984
 1985 1986 1987 1988 1989 1990 1991 1992 1993]","[0.07959334 0.01368766 0.05009982 0.00791146 0.03848991 0.00843605
 0.07190473 0.01859826 0.0821961  0.00667443 0.18910569 0.11618741
 0.13842333 0.18721396 0.25631057 0.23720601 0.18874641 0.17224015
 0.21050818 0.21273064 0.14233419 0.08277604 0.22504794]","[0.07959334 0.09219155 0.13767259 0.14449486 0.17742318 0.18436248
 0.24301067 0.25708936 0.31815372 0.32270465 0.45078506 0.51459692
 0.58178803 0.66008315 0.74720743 0.80717135 0.84356706 0.8705111
 0.89776957 0.91951712 0.93097258 0.9366864  0.95093499]",1993.0,1982.0,23
4,cctheft,Wisconsin,[1971 1972 1973 1974 1975 1976 1977 1978 1979 1980 1981],"[0.06025686 0.05203429 0.06382383 0.06382383 0.06382383 0.06382383
 0.06382383 0.06382383 0.06382383 0.06382383 0.06382383]","[0.06025686 0.10915573 0.16601282 0.21924107 0.26907209 0.31572271
 0.3593959  0.40028171 0.43855802 0.4743914  0.50793775]",1973.0,1981.0,11
4,cctheft,Wyoming,[1971 1972 1973 1974 1975 1976 1977 1978 1979 1980 1981 1982],"[0.03250905 0.00416115 0.04908376 0.02815941 0.0539065  0.05814382
 0.06568515 0.07284806 0.05568851 0.06595161 0.10320328 0.10463231]","[0.03250905 0.03653492 0.08382541 0.10962435 0.15762138 0.2066005
 0.25871506 0.31271623 0.35099004 0.39379329 0.45635581 0.51323856]",1982.0,1982.0,12
4,deathpen,Alabama,[1973 1974 1975 1976],[0.15553432 0.04909477 0.22991047 0.32406571],[0.15553432 0.19699317 0.38161285 0.58201092],1976.0,1976.0,4
4,deathpen,Arizona,[1972 1973 1974 1975 1976 1977 1978 1979 1980 1981],"[0.01762999 0.0776544  0.0776544  0.0776544  0.0776544  0.0776544
 0.0776544  0.0776544  0.0776544  0.0776544 ]","[0.01762999 0.09391535 0.16427681 0.22917439 0.28903239 0.34424216
 0.39516464 0.44213277 0.48545361 0.52541041]",1973.0,1981.0,10
4,deathpen,Arkansas,[1972 1973 1974 1975 1976 1977],[0.01147045 0.13223475 0.13223475 0.13223475 0.13223475 0.13223475],[0.01147045 0.14218841 0.25562092 0.3540537  0.43947025 0.51359176],1973.0,1977.0,6
4,deathpen,California,[1972 1973 1974 1975 1976 1977],[0.01917925 0.12017909 0.13707656 0.15507815 0.14582736 0.1426296 ],[0.01917925 0.1370534  0.25534315 0.37082315 0.46257435 0.53922716],1977.0,1977.0,6
4,deathpen,Colorado,[1972 1973 1974 1975 1976 1977],[0.04384175 0.08772885 0.10424207 0.15944985 0.15944985 0.15944985],[0.04384175 0.12772442 0.21865223 0.34323801 0.44795861 0.53598153],1975.0,1977.0,6
4,deathpen,Connecticut,"[1972 1973 1974 1975 1976 1977 1978 1979 1980 1981 1982 1983 1984 1985
 1986 1987 1988 1989 1990 1991 1992]","[0.01286156 0.010232   0.010232   0.010232   0.010232   0.010232
 0.010232   0.010232   0.010232   0.010232   0.010232   0.010232
 0.010232   0.010232   0.010232   0.010232   0.010232   0.010232
 0.010232   0.010232   0.010232  ]","[0.01286156 0.02296195 0.03295901 0.04285377 0.05264729 0.0623406
 0.07193473 0.08143069 0.09082949 0.10013212 0.10933956 0.1184528
 0.12747279 0.13640049 0.14523683 0.15398277 0.16263922 0.17120709
 0.1796873  0.18808074 0.19638829]",1973.0,,21
4,deathpen,Delaware,"[1972 1973 1974 1975 1976 1977 1978 1979 1980 1981 1982 1983 1984 1985
 1986]","[0.01251041 0.02136165 0.05162352 0.05162352 0.05162352 0.05162352
 0.05162352 0.05162352 0.05162352 0.05162352 0.05162352 0.05162352
 0.05162352 0.05162352 0.05162352]","[0.01251041 0.03360482 0.08349354 0.13080683 0.17567764 0.21823206
 0.25858967 0.29686388 0.33316224 0.36758675 0.40023415 0.43119618
 0.46055983 0.48840763 0.51481783]",1974.0,1986.0,15
4,deathpen,Florida,[1972 1973 1974 1975 1976 1977 1978 1979 1980 1981],"[0.07177708 0.07177708 0.07177708 0.07177708 0.07177708 0.07177708
 0.07177708 0.07177708 0.07177708 0.07177708]","[0.07177708 0.13840221 0.20024519 0.25764925 0.31093302 0.36039224
 0.40630142 0.44891537 0.48847062 0.5251867 ]",1972.0,1981.0,10
4,deathpen,Georgia,[1972 1973 1974 1975 1976 1977 1978 1979 1980],"[0.06533456 0.07903752 0.07903752 0.07903752 0.07903752 0.07903752
 0.07903752 0.07903752 0.07903752]","[0.06533456 0.1392082  0.20724305 0.26990059 0.32760584 0.38075021
 0.42969417 0.47476973 0.51628263]",1973.0,1980.0,9
4,deathpen,Idaho,[1972 1973 1974 1975 1976 1977 1978 1979 1980 1981 1982],"[0.02613229 0.06947224 0.06947224 0.06947224 0.06947224 0.06947224
 0.06947224 0.06947224 0.06947224 0.06947224 0.06947224]","[0.02613229 0.09378906 0.15674557 0.21532834 0.26984124 0.32056701
 0.36776874 0.41169126 0.45256239 0.4905941  0.52598367]",1973.0,1982.0,11
4,deathpen,Illinois,[1972 1973 1974 1975 1976 1977 1978 1979 1980 1981 1982 1983 1984],"[0.01945784 0.03641932 0.0578063  0.0578063  0.0578063  0.0578063
 0.0578063  0.0578063  0.0578063  0.0578063  0.0578063  0.0578063
 0.0578063 ]","[0.01945784 0.05516851 0.10978573 0.16124572 0.209731   0.25541353
 0.29845532 0.33900902 0.37721846 0.41321916 0.44713879 0.47909765
 0.50920908]",1974.0,1984.0,13
4,deathpen,Indiana,"[1972 1973 1974 1975 1976 1977 1978 1979 1980 1981 1982 1983 1984 1985
 1986 1987 1988 1989 1990 1991]","[0.02709676 0.03617439 0.03617439 0.03617439 0.03617439 0.03617439
 0.03617439 0.03617439 0.03617439 0.03617439 0.03617439 0.03617439
 0.03617439 0.03617439 0.03617439 0.03617439 0.03617439 0.03617439
 0.03617439 0.03617439]","[0.02709676 0.06229094 0.09621199 0.12890597 0.16041726 0.19078865
 0.22006138 0.24827518 0.27546836 0.30167785 0.32693923 0.35128679
 0.37475359 0.3973715  0.41917122 0.44018234 0.4604334  0.47995189
 0.49876432 0.51689621]",1973.0,1991.0,20
4,deathpen,Iowa,"[1972 1973 1974 1975 1976 1977 1978 1979 1980 1981 1982 1983 1984 1985
 1986 1987 1988 1989 1990 1991 1992 1993 1994 1995]","[0.02300317 0.05176041 0.07299905 0.10670131 0.10923979 0.07857735
 0.1758632  0.22765158 0.14020424 0.16491499 0.15721586 0.11093189
 0.08154157 0.14262692 0.11180194 0.11655412 0.15231787 0.10152797
 0.09657701 0.16981988 0.11532865 0.14631878 0.17364701 0.14676674]","[0.02300317 0.07357293 0.14120122 0.23283617 0.31664099 0.37033753
 0.48107199 0.59920677 0.65539968 0.71222944 0.75747153 0.78437568
 0.80195802 0.83020414 0.84918765 0.86676545 0.88705945 0.89852608
 0.90832612 0.92389417 0.93267135 0.9425228  0.95250354 0.95947444]",,1979.0,24
4,deathpen,Kansas,"[1972 1973 1974 1975 1976 1977 1978 1979 1980 1981 1982 1983 1984 1985
 1986 1987 1988 1989 1990 1991 1992 1993 1994]","[0.03958168 0.11758032 0.13354371 0.3153768  0.35302128 0.33409276
 0.30796462 0.30001441 0.37156459 0.3994357  0.26450364 0.12680708
 0.10854519 0.10702538 0.09909675 0.11450778 0.15896256 0.11155719
 0.11981687 0.19640497 0.28855855 0.35284522 0.36428899]","[0.03958168 0.15250797 0.2656852  0.49727105 0.67474507 0.78341039
 0.85011232 0.89508079 0.93406505 0.96040182 0.97087569 0.97456885
 0.97732928 0.97975563 0.98176178 0.9838502  0.98641741 0.98793265
 0.98937852 0.99146463 0.99392758 0.99607021 0.99750179]",1994.0,1976.0,23
4,deathpen,Kentucky,[1972 1973 1974 1975 1976 1977 1978 1979 1980],"[0.05179585 0.00825179 0.17510636 0.07660387 0.07660387 0.07660387
 0.07660387 0.07660387 0.07660387]","[0.05179585 0.05962023 0.22428671 0.28370935 0.33857999 0.38924732
 0.43603334 0.47923537 0.51912796]",1975.0,1980.0,9
4,deathpen,Louisiana,[1972 1973 1974 1975 1976 1977],[0.04884447 0.13051248 0.13051248 0.13051248 0.13051248 0.13051248],[0.04884447 0.17298214 0.28091829 0.37476743 0.45636809 0.52731884],1973.0,1977.0,6
4,deathpen,Maine,"[1972 1973 1974 1975 1976 1977 1978 1979 1980 1981 1982 1983 1984 1985
 1986 1987 1988 1989 1990 1991 1992 1993 1994 1995]","[0.00191467 0.01000769 0.00181532 0.01555627 0.00329607 0.0118218
 0.05093002 0.03616677 0.03185649 0.02248429 0.04215151 0.03775263
 0.0441788  0.02857778 0.03672699 0.04489059 0.03618206 0.0383562
 0.02984839 0.18554424 0.11804063 0.13636812 0.14900309 0.27007057]","[0.00191467 0.01190319 0.0136969  0.0290401  0.03224045 0.0436811
 0.09238645 0.1252119  0.15307958 0.17212198 0.20701829 0.23695544
 0.27066583 0.29150858 0.31752933 0.34816585 0.37175055 0.39584781
 0.41388078 0.52263182 0.57898066 0.63639428 0.69057265 0.77413987]",,1991.0,24
4,deathpen,Maryland,[1973 1974 1975 1976 1977],[0.02581706 0.10308306 0.17054179 0.17054179 0.17054179],[0.02581706 0.12623882 0.27525161 0.3988515  0.50137244],1975.0,1977.0,5
4,deathpen,Massachusetts,"[1972 1973 1974 1975 1976 1977 1978 1979 1980 1981 1982 1983 1984 1985
 1986 1987 1988 1989 1990 1991 1992 1993 1994 1995]","[0.00650147 0.010797   0.01193489 0.01345243 0.01815513 0.01153355
 0.02527661 0.01997071 0.01355028 0.01827942 0.01841344 0.06480829
 0.053637   0.03358215 0.03436967 0.03345623 0.02968545 0.03344293
 0.03435522 0.03739313 0.0185405  0.03240879 0.03828443 0.10807203]","[0.00650147 0.01722827 0.02895754 0.04202042 0.05941267 0.07026098
 0.09376163 0.11185985 0.12389439 0.1399091  0.15574633 0.21046097
 0.25280948 0.27790174 0.30272002 0.32604838 0.34605494 0.36792478
 0.38963986 0.41246314 0.42335636 0.44204469 0.46340569 0.52139652]",,1995.0,24
4,deathpen,Michigan,"[1972 1973 1974 1975 1976 1977 1978 1979 1980 1981 1982 1983 1984 1985
 1986 1987 1988 1989 1990 1991 1992 1993 1994 1995]","[0.01395335 0.04471719 0.1347225  0.14838178 0.16530381 0.1135547
 0.19398295 0.14959913 0.09425951 0.10540313 0.1673162  0.15648658
 0.14635439 0.13746363 0.1649547  0.1673638  0.19964054 0.14756745
 0.14598407 0.15491634 0.08567882 0.12137654 0.13620833 0.20499244]","[0.01395335 0.05804659 0.1849489  0.30588764 0.42062705 0.48641758
 0.58604381 0.6479713  0.68115335 0.71476079 0.76248593 0.79965369
 0.82897525 0.85248494 0.87681824 0.89743441 0.91791066 0.93002437
 0.9402397  0.94949755 0.95382454 0.95942915 0.96495524 0.97213915]",,1978.0,24
4,deathpen,Minnesota,"[1972 1973 1974 1975 1976 1977 1978 1979 1980 1981 1982 1983 1984 1985
 1986 1987 1988 1989 1990 1991 1992 1993 1994 1995]","[0.00282162 0.03066261 0.02319933 0.02832491 0.04395501 0.03258316
 0.07552007 0.0703516  0.05076745 0.05895819 0.07852641 0.06844131
 0.06000332 0.06045742 0.0631454  0.07860643 0.0897394  0.05622117
 0.06142068 0.09468417 0.04050737 0.04499869 0.07884272 0.10150822]","[0.00282162 0.03339772 0.05582224 0.08256599 0.12289181 0.15147077
 0.21555175 0.27073894 0.30776167 0.34857479 0.39972887 0.44081221
 0.47436534 0.50614385 0.53732859 0.57369754 0.61195367 0.63377009
 0.65626418 0.68881052 0.70141599 0.71485188 0.73733373 0.76399652]",,1985.0,24
4,deathpen,Mississippi,[1974 1975 1976 1977 1978 1979 1980],"[0.10909076 0.10909076 0.10909076 0.10909076 0.10909076 0.10909076
 0.10909076]","[0.10909076 0.20628073 0.29286817 0.37000971 0.43873583 0.49996457
 0.55451381]",1974.0,1980.0,7
4,deathpen,Missouri,[1972 1973 1974 1975 1976],[0.00606466 0.07526119 0.19325038 0.26167356 0.26167356],[0.00606466 0.08086941 0.25849175 0.45252485 0.59578462],1975.0,1976.0,5
4,deathpen,Montana,"[1972 1973 1974 1975 1976 1977 1978 1979 1980 1981 1982 1983 1984 1985
 1986 1987 1988 1989 1990 1991 1992 1993]","[0.00357865 0.04195116 0.01249484 0.01249484 0.01249484 0.01249484
 0.01249484 0.01249484 0.01249484 0.01249484 0.01249484 0.01249484
 0.01249484 0.01249484 0.01249484 0.01249484 0.01249484 0.01249484
 0.01249484 0.01249484 0.01249484 0.01249484]","[0.00357865 0.04537968 0.05730751 0.06908629 0.08071791 0.09220419
 0.10354695 0.11474798 0.12580906 0.13673193 0.14751833 0.15816995
 0.16868847 0.17907558 0.18933289 0.19946204 0.20946464 0.21934224
 0.22909644 0.23872875 0.24824071 0.25763382]",1974.0,,22
4,deathpen,Nevada,[1972 1973 1974 1975 1976],[0.01031599 0.15717018 0.15717018 0.15717018 0.15717018],[0.01031599 0.16586481 0.29696599 0.40746197 0.50059128],1973.0,1976.0,5
4,deathpen,New Hampshire,"[1972 1973 1974 1975 1976 1977 1978 1979 1980 1981 1982 1983 1984 1985
 1986 1987 1988 1989 1990 1991 1992 1993 1994 1995 1996 1997 1998 1999
 2000 2001 2002 2003 2004]","[0.00603104 0.03383251 0.00654259 0.04977006 0.00531966 0.02274299
 0.0070124  0.04727268 0.00826061 0.03442274 0.00755686 0.014139
 0.00189605 0.0117124  0.01055247 0.01493907 0.0163646  0.01535269
 0.0129481  0.02564466 0.02564466 0.02564466 0.02564466 0.02564466
 0.02564466 0.02564466 0.02564466 0.02564466 0.02564466 0.02564466
 0.02564466 0.02564466 0.02564466]","[0.00603104 0.0396595  0.04594261 0.09342611 0.09824877 0.11875729
 0.12493691 0.16630349 0.17319033 0.20165139 0.2076844  0.21888695
 0.22036798 0.22949934 0.23763002 0.24901912 0.26130863 0.27264953
 0.28206734 0.30047848 0.31841747 0.33589642 0.35292713 0.36952109
 0.38568951 0.40144329 0.41679308 0.43174922 0.44632182 0.46052071
 0.47435547 0.48783545 0.50096973]",1991.0,2004.0,33
4,deathpen,New Jersey,[1972 1973 1974 1975 1976 1977 1978 1979 1980 1981 1982],"[0.01589661 0.01499103 0.10320596 0.08055962 0.08081454 0.06587794
 0.14641197 0.13591179 0.0819616  0.10557942 0.12112176]","[0.01589661 0.03064933 0.1306921  0.20072322 0.2653164  0.31371584
 0.41419606 0.49381372 0.53530156 0.58436415 0.6347067 ]",1982.0,1980.0,11
4,deathpen,New Mexico,[1972 1973 1974 1975 1976 1977 1978 1979],"[0.03815317 0.19720799 0.2448819  0.25510034 0.30375078 0.2834958
 0.17501658 0.17169908]","[0.03815317 0.22783705 0.41692578 0.56566821 0.69759683 0.78332686
 0.82124825 0.85193976]",1979.0,1975.0,8
4,deathpen,New York,"[1972 1973 1974 1975 1976 1977 1978 1979 1980 1981 1982 1983 1984 1985
 1986 1987 1988 1989 1990 1991 1992 1993 1994 1995]","[0.0140732  0.02709071 0.04737081 0.04838555 0.04659151 0.03690512
 0.07435479 0.06213477 0.03978976 0.05378589 0.10934745 0.12368776
 0.12331411 0.13970463 0.14065238 0.14310588 0.15332443 0.14814112
 0.14763021 0.07878647 0.04204465 0.04652154 0.06776011 0.12481239]","[0.0140732  0.04078266 0.08622156 0.13043524 0.17094957 0.20154578
 0.26091467 0.30683757 0.33441834 0.37021724 0.43908238 0.50846102
 0.56907472 0.62927697 0.68142005 0.72701071 0.76886664 0.803107
 0.83217435 0.84539674 0.85189698 0.85878696 0.86835557 0.88478643]",1995.0,1983.0,24
4,deathpen,North Carolina,[1973 1974 1975 1976 1977],[0.07944603 0.15602333 0.28984204 0.37130719 0.42741707],[0.07944603 0.22307392 0.44825976 0.65312488 0.80138522],1977.0,1976.0,5
4,deathpen,North Dakota,"[1972 1973 1974 1975 1976 1977 1978 1979 1980 1981 1982 1983 1984 1985
 1986 1987 1988 1989 1990 1991 1992 1993 1994 1995]","[0.0049997  0.02193466 0.00870973 0.11094659 0.01560282 0.08895017
 0.01493108 0.20667391 0.02157292 0.09767059 0.02560138 0.17835093
 0.03585058 0.16241332 0.03003808 0.17624538 0.03248939 0.12838108
 0.01973178 0.1580392  0.01100163 0.08380531 0.01945388 0.13730509]","[0.0049997  0.02682469 0.03530079 0.14233088 0.15571293 0.23081241
 0.24229722 0.39889461 0.41186221 0.46930598 0.48289248 0.57511909
 0.59035132 0.65688372 0.66719027 0.72584645 0.73475353 0.76880616
 0.77336803 0.80918476 0.81128404 0.82709944 0.83046303 0.85374132]",,1983.0,24
4,deathpen,Ohio,[1972 1973 1974 1975 1976 1977 1978 1979 1980 1981],"[0.02223307 0.04777655 0.07831102 0.07831102 0.07831102 0.07831102
 0.07831102 0.07831102 0.07831102 0.07831102]","[0.02223307 0.06894741 0.14185909 0.20906098 0.27100023 0.32808895
 0.38070699 0.42920446 0.47390404 0.51510315]",1974.0,1981.0,10
4,deathpen,Oklahoma,[1972 1973 1974 1975 1976 1977 1978 1979],"[0.05711188 0.08925983 0.08925983 0.08925983 0.08925983 0.08925983
 0.08925983 0.08925983]","[0.05711188 0.14127391 0.21792366 0.28773166 0.35130861 0.40921069
 0.46194444 0.50997119]",1973.0,1979.0,8
4,deathpen,Oregon,[1972 1973 1974 1975 1976 1977 1978],"[0.02764818 0.1319985  0.10060836 0.10707658 0.13474028 0.14589833
 0.32347406]","[0.02764818 0.15599716 0.2409109  0.32219156 0.41351966 0.49908616
 0.66111879]",1978.0,1978.0,7
4,deathpen,Pennsylvania,[1972 1973 1974 1975 1976 1977 1978 1979 1980 1981 1982 1983],"[0.01874307 0.02307623 0.06329867 0.06329867 0.06329867 0.06329867
 0.06329867 0.06329867 0.06329867 0.06329867 0.06329867 0.06329867]","[0.01874307 0.04138679 0.10206573 0.15890377 0.21214404 0.26201427
 0.30872779 0.3524844  0.39347127 0.43186373 0.467826   0.50151191]",1974.0,1983.0,12
4,deathpen,Rhode Island,"[1972 1973 1974 1975 1976 1977 1978 1979 1980 1981 1982 1983 1984 1985
 1986 1987 1988 1989 1990 1991 1992 1993 1994 1995]","[0.01043452 0.03155369 0.0450119  0.03531346 0.03958796 0.05333546
 0.0694993  0.06529706 0.03259842 0.03836477 0.04117298 0.13512917
 0.13712835 0.14464781 0.12069794 0.10675384 0.06491415 0.12794781
 0.12535694 0.07504326 0.05625304 0.04485341 0.06337341 0.11233362]","[0.01043452 0.04165896 0.08479571 0.11711474 0.15206637 0.1972913
 0.25307899 0.30185074 0.3246093  0.35052051 0.37726152 0.46141165
 0.53526738 0.60248994 0.65046858 0.6877824  0.70804974 0.74540414
 0.7773195  0.79403017 0.8056166  0.81433536 0.82610156 0.8456362 ]",,1984.0,24
4,deathpen,South Carolina,[1972 1973 1974 1975 1976 1977 1978 1979 1980],"[0.04872185 0.13807971 0.07875175 0.07875175 0.07875175 0.07875175
 0.07875175 0.07875175 0.07875175]","[0.04872185 0.18007406 0.24464466 0.30413021 0.35893117 0.40941646
 0.45592595 0.49877273 0.53824525]",1974.0,1980.0,9
4,deathpen,South Dakota,[1972 1973 1974 1975 1976 1977 1978 1979],"[0.02312907 0.05565175 0.11721193 0.07366804 0.08466639 0.09386377
 0.14260311 0.10148033]","[0.02312907 0.07749365 0.1856224  0.245616   0.30948697 0.37430113
 0.46352773 0.51796911]",1979.0,1979.0,8
4,deathpen,Tennessee,[1972 1973 1974 1975 1976 1977 1978 1979],"[0.05623559 0.10349347 0.08835597 0.08835597 0.08835597 0.08835597
 0.08835597 0.08835597]","[0.05623559 0.15390904 0.22866622 0.29681817 0.35894848 0.41558921
 0.46722539 0.5142992 ]",1974.0,1979.0,8
4,deathpen,Texas,[1972 1973 1974 1975 1976 1977 1978 1979 1980],"[0.01330805 0.32353768 0.04276824 0.04276824 0.04276824 0.04276824
 0.04276824 0.04276824 0.04276824]","[0.01330805 0.33254008 0.36108616 0.38841138 0.41456795 0.43960585
 0.46357292 0.48651496 0.50847581]",1974.0,1980.0,9
4,deathpen,Utah,[1972 1973 1974 1975 1976 1977 1978 1979],"[0.03337732 0.10066225 0.10066225 0.10066225 0.10066225 0.10066225
 0.10066225 0.10066225]","[0.03337732 0.13067973 0.21818746 0.29688647 0.36766346 0.43131588
 0.4885609  0.54004351]",1973.0,1979.0,8
4,deathpen,Vermont,[1989 1990 1991 1992 1993 1994 1995 1996 1997 1998 1999 2000 2001],"[0.04296453 0.03320542 0.03416814 0.01535865 0.02330444 0.01406901
 0.07884292 0.07884292 0.07884292 0.07884292 0.07884292 0.07884292
 0.07884292]","[0.04296453 0.07474329 0.10635759 0.12008274 0.14058872 0.15267979
 0.21948498 0.28102307 0.33770931 0.38992624 0.43802623 0.48233388
 0.52314819]",,2001.0,13
4,deathpen,Virginia,[1972 1973 1974 1975 1976 1977 1978 1979],"[0.04753395 0.03402219 0.03632134 0.11914561 0.11914561 0.11914561
 0.11914561 0.11914561]","[0.04753395 0.07993893 0.11335679 0.21899643 0.31204958 0.39401585
 0.4662162  0.5298142 ]",1975.0,1979.0,8
4,deathpen,Washington,[1972 1973 1974 1975 1976 1977 1978 1979 1980 1981 1982 1983 1984 1985],"[0.00229532 0.03592331 0.00602206 0.06134449 0.06134449 0.06134449
 0.06134449 0.06134449 0.06134449 0.06134449 0.06134449 0.06134449
 0.06134449 0.06134449]","[0.00229532 0.03813617 0.04392857 0.10257828 0.15763016 0.2093049
 0.25780969 0.30333897 0.34607529 0.38618996 0.42384382 0.45918783
 0.49236367 0.52350436]",1975.0,1985.0,14
4,deathpen,West Virginia,"[1972 1973 1974 1975 1976 1977 1978 1979 1980 1981 1982 1983 1984 1985
 1986 1987 1988 1989 1990 1991 1992 1993 1994 1995]","[0.03361517 0.01510573 0.06125899 0.39859394 0.30591354 0.27729384
 0.37210583 0.42816845 0.25283002 0.28642826 0.4163946  0.38058524
 0.32005314 0.23638803 0.36106403 0.31783705 0.3305925  0.28212449
 0.26320776 0.36959378 0.10808145 0.17105875 0.19855445 0.23341332]","[0.03361517 0.04821312 0.10651862 0.46265488 0.62703603 0.73045664
 0.8307553  0.90322054 0.92768929 0.94840112 0.96988662 0.98134733
 0.98731717 0.99031524 0.99381206 0.99577882 0.99717431 0.9979715
 0.99850542 0.99905781 0.99915964 0.99930339 0.99944171 0.99957202]",,1976.0,24
4,deathpen,Wisconsin,"[1972 1973 1974 1975 1976 1977 1978 1979 1980 1981 1982 1983 1984 1985
 1986 1987 1988 1989 1990 1991 1992 1993 1994 1995]","[0.01603739 0.02618644 0.04347679 0.05225337 0.05608723 0.04354039
 0.08904678 0.07558774 0.05138148 0.06762508 0.08491057 0.04794035
 0.04302561 0.04988266 0.03973967 0.04526681 0.0714834  0.0426308
 0.03836149 0.0761394  0.03790789 0.0388437  0.05082742 0.07606854]","[0.01603739 0.04180387 0.08346317 0.1313553  0.18007518 0.21577503
 0.28560773 0.33960703 0.37353899 0.41590347 0.46549944 0.49112358
 0.5130183  0.53731025 0.55569738 0.57580954 0.60613212 0.62292303
 0.63738826 0.6649973  0.67769655 0.69021601 0.70596153 0.72832861]",,1984.0,24
4,deathpen,Wyoming,[1972 1973 1974 1975 1976 1977],[0.00967095 0.13562064 0.15762011 0.21662527 0.3009743  0.3169844 ],[0.00967095 0.14398001 0.27890597 0.43511315 0.60512958 0.73029734],1977.0,1976.0,6
4,dnafelon,Alabama,[2000 2001 2002 2003 2004],[0.1620341  0.22490809 0.18343718 0.23747751 0.29243736],[0.1620341  0.35049941 0.46964197 0.59559008 0.71385464],,2003.0,5
4,dnafelon,Arizona,[2000 2001 2002 2003],[0.09161162 0.21748432 0.27068221 0.27068221],[0.09161162 0.28917185 0.48158038 0.62190734],2002.0,2003.0,4
4,dnafelon,Arkansas,[2000 2001 2002 2003 2004],[0.01812511 0.15380145 0.0318654  0.32066733 0.32066733],[0.01812511 0.16913888 0.1956146  0.45355472 0.62878187],2003.0,2004.0,5
4,dnafelon,California,[2000 2001 2002 2003 2004],[0.08224811 0.29113321 0.4968349  0.52149733 0.52369079],[0.08224811 0.34943616 0.67265898 0.84336645 0.925394  ],,2002.0,5
4,dnafelon,Colorado,[2000 2001 2002 2003 2004],[0.11173154 0.17103269 0.17103269 0.17103269 0.17103269],[0.11173154 0.26365449 0.38959364 0.49399308 0.58053681],2001.0,2004.0,5
4,dnafelon,Connecticut,[2000 2001 2002 2003 2004 2005],[0.07314556 0.07492818 0.09534874 0.17329213 0.17329213 0.17329213],[0.07314556 0.14259308 0.22434575 0.35876052 0.46988228 0.56174751],2003.0,2005.0,6
4,dnafelon,Delaware,[2000 2001 2002 2003 2004 2005 2006],"[0.12338424 0.07708325 0.10852286 0.10852286 0.10852286 0.10852286
 0.10852286]","[0.12338424 0.19095664 0.27875634 0.35702776 0.42680495 0.48900972
 0.54446384]",2002.0,2006.0,7
4,dnafelon,Florida,[2000 2001 2002],[0.25298816 0.21472377 0.21472377],[0.25298816 0.41338935 0.5393486 ],2001.0,2002.0,3
4,dnafelon,Georgia,[2000 2001 2002 2003 2004 2005],[0.12294863 0.12294863 0.12294863 0.12294863 0.12294863 0.12294863],[0.12294863 0.2307809  0.32535533 0.40830197 0.48105044 0.54485457],2000.0,2005.0,6
4,dnafelon,Idaho,[2000 2001 2002 2003 2004],[0.04431429 0.11634447 0.15912091 0.19802412 0.17035048],[0.04431429 0.15550304 0.28988016 0.43050102 0.52751544],,2004.0,5
4,dnafelon,Illinois,[2000 2001 2002 2003 2004],[0.06117769 0.11934382 0.20415981 0.20415981 0.20415981],[0.06117769 0.17322033 0.34201551 0.47634949 0.58325788],2002.0,2004.0,5
4,dnafelon,Indiana,[2000 2001 2002 2003 2004],[0.10889604 0.15663068 0.15663068 0.15663068 0.15663068],[0.10889604 0.24847026 0.36618288 0.46545808 0.54918375],2001.0,2004.0,5
4,dnafelon,Iowa,[2000 2001 2002 2003 2004],[0.11114852 0.07590467 0.17187708 0.17187708 0.17187708],[0.11114852 0.1786165  0.3197935  0.4367054  0.53352283],2002.0,2004.0,5
4,dnafelon,Kansas,[2000 2001 2002 2003 2004],[0.06305814 0.19388018 0.15680238 0.15680238 0.15680238],[0.06305814 0.24471259 0.36314345 0.46300408 0.54720631],2002.0,2004.0,5
4,dnafelon,Kentucky,[2000 2001 2002 2003 2004 2005],[0.06345204 0.06762164 0.05905246 0.11697739 0.24660411 0.24660411],[0.06345204 0.12678295 0.17834856 0.2744632  0.45338356 0.58818142],,2005.0,6
4,dnafelon,Louisiana,[2000 2001 2002 2003],[0.07121517 0.1429439  0.12057971 0.3808676 ],[0.07121517 0.2039793  0.29996324 0.56658456],2003.0,2003.0,4
4,dnafelon,Maine,[2000 2001 2002 2003 2004 2005 2006 2007 2008 2009 2010 2011],"[0.06038547 0.03344464 0.04928562 0.05467072 0.06366285 0.06366285
 0.06366285 0.06366285 0.06366285 0.06366285 0.06366285 0.06366285]","[0.06038547 0.09181054 0.13657122 0.18377549 0.23573867 0.28439373
 0.32995127 0.37260848 0.41255001 0.44994875 0.48496659 0.51775508]",,2011.0,12
4,dnafelon,Maryland,[2000 2001 2002 2003 2004 2005],[0.05712334 0.05801068 0.11726994 0.15162577 0.15162577 0.15162577],[0.05712334 0.11182025 0.21597704 0.33485513 0.43570823 0.52126941],2003.0,2005.0,6
4,dnafelon,Massachusetts,[2000 2001 2002 2003 2004 2005 2006 2007 2008 2009 2010 2011 2012],"[0.02902443 0.02935169 0.03931893 0.06302349 0.06302349 0.06302349
 0.06302349 0.06302349 0.06302349 0.06302349 0.06302349 0.06302349
 0.06302349]","[0.02902443 0.05752421 0.09458134 0.15164399 0.20511035 0.25520707
 0.30214652 0.34612768 0.387337   0.42594916 0.46212785 0.49602643
 0.5277886 ]",2003.0,2012.0,13
4,dnafelon,Michigan,[2000 2001 2002 2003 2004 2005 2006 2007],"[0.0599387  0.09743682 0.09743682 0.09743682 0.09743682 0.09743682
 0.09743682 0.09743682]","[0.0599387  0.15153528 0.23420698 0.30882342 0.37616946 0.43695352
 0.49181498 0.54133091]",2001.0,2007.0,8
4,dnafelon,Minnesota,[2000 2001 2002 2003 2004],[0.08678096 0.08142179 0.1707636  0.1707636  0.1707636 ],[0.08678096 0.16113689 0.30438417 0.42317004 0.5216716 ],2002.0,2004.0,5
4,dnafelon,Mississippi,[2000 2001 2002 2003 2004 2005],[0.07351525 0.07300899 0.05854365 0.1638461  0.1638461  0.1638461 ],[0.07351525 0.14115696 0.19143677 0.3239167  0.43469031 0.52731409],2003.0,2005.0,6
4,dnafelon,Missouri,[2000 2001 2002 2003 2004],[0.09764516 0.11780038 0.25955234 0.29543857 0.28933313],[0.09764516 0.2039429  0.41056139 0.58470429 0.7048631 ],2004.0,2003.0,5
4,dnafelon,Montana,[2000 2001 2002 2003 2004 2005 2006 2007 2008 2009 2010],"[0.01263684 0.066463   0.066463   0.066463   0.066463   0.066463
 0.066463   0.066463   0.066463   0.066463   0.066463  ]","[0.01263684 0.07825995 0.13952156 0.19671154 0.2501005  0.29994107
 0.34646908 0.38990471 0.43045347 0.46830724 0.50364513]",2001.0,2010.0,11
4,dnafelon,Nevada,[2000 2001 2002 2003 2004 2005 2006],"[0.01231884 0.1178925  0.1178925  0.1178925  0.1178925  0.1178925
 0.1178925 ]","[0.01231884 0.12875905 0.23147182 0.32207553 0.40199774 0.47249773
 0.53468629]",2001.0,2006.0,7
4,dnafelon,New Hampshire,[2000 2001 2002 2003 2004],[0.1415503  0.12778087 0.10771416 0.17848034 0.19544382],[0.1415503  0.25124376 0.3318954  0.45113894 0.55841044],,2004.0,5
4,dnafelon,New Jersey,[2000 2001 2002 2003 2004],[0.07051527 0.05766428 0.20117714 0.19090397 0.19090397],[0.07051527 0.12411334 0.30032171 0.43389307 0.54196513],2003.0,2004.0,5
4,dnafelon,New Mexico,[2000 2001 2002 2003 2004],[0.07973244 0.19632801 0.41799743 0.44009462 0.45310895],[0.07973244 0.26040673 0.56955482 0.75899143 0.86819457],,2002.0,5
4,dnafelon,New York,[2000 2001 2002 2003 2004 2005],[0.04586082 0.04637112 0.05826947 0.17697782 0.16534602 0.16534602],[0.04586082 0.09010532 0.1431244  0.29477237 0.41137895 0.5087051 ],,2005.0,6
4,dnafelon,North Carolina,[2000 2001 2002 2003],[0.20794768 0.16733431 0.17790388 0.16825169],[0.20794768 0.34048521 0.45781545 0.54903892],2003.0,2003.0,4
4,dnafelon,North Dakota,[2000 2001 2002 2003 2004],[0.00774664 0.09013044 0.04014768 0.45860666 0.09162473],[0.00774664 0.09717887 0.13342504 0.53084209 0.57382856],,2003.0,5
4,dnafelon,Ohio,[2000 2001 2002 2003 2004],[0.0939951  0.20341922 0.21777258 0.23080426 0.32701188],[0.0939951  0.27829391 0.43546171 0.56575955 0.70776134],2004.0,2003.0,5
4,dnafelon,Oklahoma,[2000 2001 2002 2003 2004],[0.07967859 0.14555594 0.14555594 0.14555594 0.14555594],[0.07967859 0.21363683 0.32809666 0.42589618 0.5094604 ],2001.0,2004.0,5
4,dnafelon,Oregon,[2000 2001 2002 2003 2004 2005 2006 2007],"[0.07227071 0.09349462 0.09349462 0.09349462 0.09349462 0.09349462
 0.09349462 0.09349462]","[0.07227071 0.15900841 0.2376366  0.30891348 0.37352635 0.43209827
 0.48519402 0.53332561]",2001.0,2007.0,8
4,dnafelon,Pennsylvania,[2000 2001 2002 2003 2004],[0.08532987 0.07227771 0.12916715 0.25029302 0.45213756],[0.08532987 0.15144014 0.26104619 0.44600117 0.69648485],,2004.0,5
4,dnafelon,Rhode Island,[2000 2001 2002 2003 2004],[0.02379996 0.01984256 0.02988434 0.23800546 0.30602486],[0.02379996 0.04317026 0.07176449 0.29268962 0.50914418],,2004.0,5
4,dnafelon,South Carolina,[2000 2001 2002 2003 2004],[0.19438581 0.2336235  0.19279243 0.44691466 0.37267991],[0.19438581 0.38259622 0.50162699 0.72435719 0.82708373],2004.0,2002.0,5
4,dnafelon,South Dakota,[2000 2001 2002 2003 2004],[0.0907054  0.07992125 0.22487031 0.22166288 0.22166288],[0.0907054  0.16337737 0.35150896 0.49525535 0.60713851],2003.0,2004.0,5
4,dnafelon,Tennessee,[2000 2001 2002 2003 2004],[0.13243344 0.1277954  0.10118077 0.24522127 0.25893225],[0.13243344 0.24330445 0.31986749 0.48665045 0.6195732 ],,2004.0,5
4,dnafelon,Texas,[2000 2001 2002 2003 2004],[0.01914692 0.18450278 0.18450278 0.18450278 0.18450278],[0.01914692 0.20011703 0.34769766 0.46804925 0.56619564],2001.0,2004.0,5
4,dnafelon,Utah,[2000 2001 2002 2003 2004],[0.08559908 0.13993219 0.16392652 0.16392652 0.16392652],[0.08559908 0.2135532  0.34247269 0.45025885 0.540376  ],2002.0,2004.0,5
4,dnafelon,Vermont,[2000 2001 2002 2003 2004 2005 2006 2007 2008 2009 2010 2011],"[0.03047165 0.02485436 0.01359052 0.06400541 0.07344645 0.07344645
 0.07344645 0.07344645 0.07344645 0.07344645 0.07344645 0.07344645]","[0.03047165 0.05456865 0.06741755 0.12710788 0.19121871 0.25062082
 0.30566007 0.35665687 0.40390814 0.44768897 0.48825426 0.52584017]",,2011.0,12
4,dnafelon,Virginia,[2000 2001 2002 2003 2004],[0.13619889 0.08581458 0.11968079 0.26050753 0.3369194 ],[0.13619889 0.21032563 0.30483448 0.48593033 0.65913037],,2004.0,5
4,dnafelon,Washington,[2000 2001 2002],[0.13697865 0.24350614 0.28032763],[0.13697865 0.34712965 0.53014724],2002.0,2002.0,3
4,dnafelon,West Virginia,[2000 2001 2002 2003 2004 2005 2006 2007],"[0.05897377 0.04117294 0.05686456 0.07996552 0.13677964 0.13677964
 0.13677964 0.13677964]","[0.05897377 0.09771858 0.14902642 0.21707496 0.32416317 0.41660389
 0.4964006  0.56528275]",2004.0,2007.0,8
4,dnafelon,Wisconsin,[2000 2001 2002 2003 2004],[0.07482102 0.13435473 0.53733903 0.50628735 0.48409945],[0.07482102 0.1991232  0.62946556 0.81706246 0.90562242],,2002.0,5
4,dnafelon,Wyoming,[2000 2001 2002 2003 2004],[0.06702613 0.12133424 0.13944485 0.18669631 0.19405969],[0.06702613 0.18022781 0.29454082 0.42624744 0.53758968],,2004.0,5
4,mlda,Alabama,"[1973 1974 1975 1976 1977 1978 1979 1980 1981 1982 1983 1984 1985 1986
 1987 1988 1989 1990 1991 1992 1993 1994 1995 1996]","[0.02662328 0.00301996 0.0190297  0.02203045 0.02417052 0.01482564
 0.01284551 0.01439547 0.01530507 0.00907086 0.00854916 0.01518478
 0.0417475  0.0417475  0.0417475  0.0417475  0.0417475  0.0417475
 0.0417475  0.0417475  0.0417475  0.0417475  0.0417475  0.0417475 ]","[0.02662328 0.02956283 0.04802996 0.06900229 0.09150498 0.10497401
 0.11647107 0.12918988 0.14251769 0.1502958  0.15756005 0.17035232
 0.20498804 0.2381778  0.26998197 0.3004584  0.32966252 0.35764743
 0.38446404 0.41016113 0.43478543 0.45838173 0.48099294 0.50266018]",1985.0,1996.0,24
4,mlda,Arizona,"[1971 1972 1973 1974 1975 1976 1977 1978 1979 1980 1981 1982 1983 1984
 1985]","[0.15141254 0.11420752 0.13994601 0.13457353 0.16562774 0.15229289
 0.12724001 0.07593984 0.0474676  0.06012235 0.06546915 0.05386453
 0.04898141 0.06497227 0.07720797]","[0.15141254 0.24832761 0.35352116 0.4405201  0.53318549 0.60427802
 0.65462969 0.68085706 0.69600601 0.71428284 0.7329885  0.74737095
 0.75974507 0.77535498 0.79269937]",1985.0,1975.0,15
4,mlda,Colorado,"[1971 1972 1973 1974 1975 1976 1977 1978 1979 1980 1981 1982 1983 1984
 1985 1986 1987]","[0.06152076 0.05562178 0.03621261 0.0313319  0.04151632 0.04815234
 0.04814939 0.04232898 0.0355408  0.03171913 0.04474489 0.03156706
 0.01858193 0.02126314 0.10584858 0.11874076 0.12508629]","[0.06152076 0.11372065 0.14581514 0.17257837 0.20692987 0.24511806
 0.28146517 0.31188001 0.33633635 0.35738718 0.38614082 0.40551855
 0.41656516 0.42897082 0.48941345 0.55004088 0.6063246 ]",1987.0,1986.0,17
4,mlda,Connecticut,"[1971 1972 1973 1974 1975 1976 1977 1978 1979 1980 1981 1982 1983 1984
 1985 1986 1987 1988 1989 1990]","[0.01672637 0.01428995 0.0078015  0.00656145 0.00754986 0.0129752
 0.01387488 0.01683755 0.01450072 0.0135128  0.01379653 0.00745214
 0.01944001 0.0346042  0.09176435 0.09176435 0.09176435 0.09176435
 0.09176435 0.09176435]","[0.01672637 0.0307773  0.0383387  0.04464859 0.05186136 0.06416365
 0.07714827 0.09268683 0.10584352 0.11792608 0.13009565 0.1365783
 0.15336322 0.18266041 0.25766304 0.32578311 0.38765218 0.44384387
 0.49487918 0.54123126]",1985.0,1990.0,20
4,mlda,Delaware,[1971 1972 1973 1974 1975 1976 1977 1978 1979 1980 1981 1982 1983 1984],"[0.0487455  0.02975066 0.03485507 0.02860966 0.0359907  0.03663496
 0.0413352  0.03934678 0.03803139 0.04741871 0.03769334 0.0786944
 0.10201768 0.11280663]","[0.0487455  0.07704595 0.10921558 0.13470061 0.16584335 0.19640264
 0.2296195  0.25993149 0.28807733 0.32183578 0.34739806 0.39875417
 0.46009188 0.52099709]",1984.0,1984.0,14
4,mlda,Florida,"[1971 1972 1973 1974 1975 1976 1977 1978 1979 1980 1981 1982 1983 1984
 1985 1986 1987 1988 1989 1990]","[0.03369879 0.02741076 0.03771428 0.02517693 0.03052938 0.03067266
 0.0277675  0.01681125 0.01390579 0.01655942 0.01712051 0.0126639
 0.01048164 0.01204128 0.06459202 0.06459202 0.06459202 0.06459202
 0.06459202 0.06459202]","[0.03369879 0.06018584 0.09563025 0.1183995  0.14531422 0.17152971
 0.19453425 0.20807514 0.21908748 0.23201894 0.24516716 0.25472629
 0.26253798 0.27141797 0.31847855 0.3624994  0.40367685 0.44219456
 0.47822434 0.51192688]",1985.0,1990.0,20
4,mlda,Georgia,"[1971 1972 1973 1974 1975 1976 1977 1978 1979 1980 1981 1982 1983 1984
 1985 1986 1987 1988 1989]","[0.02967331 0.01573091 0.0250084  0.01956632 0.01865382 0.02258806
 0.01980568 0.01264638 0.00884274 0.01210711 0.01425889 0.00999971
 0.00681198 0.01511944 0.04756747 0.10917135 0.10917135 0.10917135
 0.10917135]","[0.02967331 0.04493744 0.06882202 0.08704175 0.1040719  0.12430918
 0.14165282 0.15250781 0.16000196 0.17017191 0.18200434 0.19018406
 0.19570051 0.20786107 0.24554111 0.32790641 0.40127977 0.46664287
 0.52487019]",1986.0,1989.0,19
4,mlda,Idaho,"[1971 1972 1973 1974 1975 1976 1977 1978 1979 1980 1981 1982 1983 1984
 1985 1986 1987]","[0.10560988 0.12378566 0.10994142 0.1186582  0.1301989  0.11111821
 0.11790498 0.07581355 0.03997377 0.05896331 0.06732599 0.04623632
 0.02082841 0.02346318 0.02963854 0.03795187 0.06305819]","[0.10560988 0.21632255 0.30248117 0.38524749 0.4652876  0.52470388
 0.58074366 0.61252897 0.62801765 0.64995096 0.67351836 0.68861367
 0.69509935 0.70225329 0.71107807 0.72204319 0.73957065]",1987.0,1976.0,17
4,mlda,Illinois,[1971 1972 1973 1974 1975 1976 1977 1978 1979 1980],"[0.06453492 0.06615056 0.05885216 0.06734655 0.04915589 0.06587071
 0.06518285 0.12764259 0.11121447 0.1047273 ]","[0.06453492 0.12641645 0.17782873 0.23319913 0.27089191 0.31891878
 0.36331359 0.44458189 0.50635243 0.5580508 ]",1980.0,1979.0,10
4,mlda,Iowa,"[1971 1972 1973 1974 1975 1976 1977 1978 1979 1980 1981 1982 1983 1984
 1985 1986]","[0.04127057 0.03720066 0.03986261 0.02807801 0.0238264  0.03083448
 0.02680692 0.04653047 0.03158656 0.05650128 0.05710411 0.03872246
 0.03217976 0.02819096 0.0518512  0.1146983 ]","[0.04127057 0.07693594 0.11373168 0.13861633 0.15914    0.18506748
 0.20691331 0.243816   0.26770125 0.30907706 0.3485316  0.37375806
 0.39391038 0.41099663 0.44153716 0.50559189]",1986.0,1986.0,16
4,mlda,Kansas,"[1971 1972 1973 1974 1975 1976 1977 1978 1979 1980 1981 1982 1983 1984
 1985 1986 1987]","[0.04505545 0.05208775 0.05355225 0.04448712 0.03440689 0.05085981
 0.05779911 0.03548401 0.02383777 0.02385206 0.03065959 0.02563279
 0.01443773 0.01483692 0.07196951 0.07196951 0.07196951]","[0.04505545 0.09479636 0.14327206 0.18138541 0.2095514  0.24975346
 0.29311704 0.31820008 0.33445267 0.35032735 0.37024604 0.38638839
 0.39524756 0.40422022 0.4470982  0.48689027 0.52381853]",1985.0,1987.0,17
4,mlda,Louisiana,"[1971 1972 1973 1974 1975 1976 1977 1978 1979 1980 1981 1982 1983 1984
 1985 1986 1987]","[0.05343746 0.03912003 0.06826319 0.04130468 0.04430092 0.04408548
 0.04295377 0.0270322  0.02069833 0.02564682 0.0301564  0.02140066
 0.01586018 0.01708576 0.0320563  0.15717783 0.150381  ]","[0.05343746 0.09046702 0.15255465 0.18755811 0.22355003 0.2577802
 0.28966133 0.30886335 0.32316873 0.3405273  0.36041462 0.37410217
 0.38402903 0.39455336 0.41396174 0.50607396 0.58035105]",1987.0,1986.0,17
4,mlda,Maine,"[1971 1972 1973 1974 1975 1976 1977 1978 1979 1980 1981 1982 1983 1984
 1985 1986 1987]","[0.01326488 0.00212993 0.00763006 0.00098303 0.00697495 0.00186272
 0.00833548 0.02600141 0.02491098 0.02259706 0.01704615 0.02025223
 0.02223664 0.01780369 0.15821319 0.15821319 0.15821319]","[0.01326488 0.01536656 0.02287937 0.02383991 0.03064858 0.03245421
 0.04051916 0.06546702 0.08874715 0.10933878 0.12452113 0.14225153
 0.16132498 0.17625648 0.30658357 0.41629119 0.50864163]",1985.0,1987.0,17
4,mlda,Maryland,"[1973 1974 1975 1976 1977 1978 1979 1980 1981 1982 1983 1984 1985 1986
 1987 1988 1989 1990 1991 1992]","[0.03484551 0.03355321 0.02769758 0.03102479 0.02670512 0.03344894
 0.04177938 0.0352235  0.02522139 0.03573918 0.03573918 0.03573918
 0.03573918 0.03573918 0.03573918 0.03573918 0.03573918 0.03573918
 0.03573918 0.03573918]","[0.03484551 0.06722954 0.09306502 0.12120249 0.14467089 0.17328074
 0.20782056 0.2357239  0.255      0.28162569 0.3072998  0.33205633
 0.35592809 0.37894669 0.40114263 0.4225453  0.44318305 0.46308323
 0.4822722  0.50077537]",1982.0,1992.0,20
4,mlda,Massachusetts,"[1971 1972 1973 1974 1975 1976 1977 1978 1979 1980 1981 1982 1983 1984
 1985 1986 1987 1988 1989 1990 1991 1992 1993 1994 1995 1996 1997 1998
 1999 2000 2001 2002 2003 2004]","[0.00765608 0.00722869 0.00518095 0.00408322 0.00378788 0.00650346
 0.00511665 0.00802777 0.00862829 0.00763942 0.00872971 0.0054973
 0.01427377 0.01496452 0.02251765 0.02251765 0.02251765 0.02251765
 0.02251765 0.02251765 0.02251765 0.02251765 0.02251765 0.02251765
 0.02251765 0.02251765 0.02251765 0.02251765 0.02251765 0.02251765
 0.02251765 0.02251765 0.02251765 0.02251765]","[0.00765608 0.01482943 0.01993355 0.02393538 0.02763259 0.03395635
 0.03889926 0.04661476 0.05484084 0.06206131 0.07024925 0.07536037
 0.08855846 0.10219775 0.12241414 0.14217531 0.16149151 0.18037275
 0.19882882 0.21686932 0.23450358 0.25174076 0.2685898  0.28505943
 0.30115822 0.31689449 0.33227642 0.34731198 0.36200898 0.37637504
 0.39041761 0.40414397 0.41756125 0.4306764 ]",1985.0,,34
4,mlda,Michigan,"[1971 1972 1973 1974 1975 1976 1977 1978 1979 1980 1981 1982 1983 1984
 1985 1986 1987 1988 1989 1990 1991]","[0.03109872 0.02742836 0.03437967 0.02558691 0.02357113 0.03366261
 0.02728929 0.03597562 0.03597562 0.03597562 0.03597562 0.03597562
 0.03597562 0.03597562 0.03597562 0.03597562 0.03597562 0.03597562
 0.03597562 0.03597562 0.03597562]","[0.03109872 0.05767409 0.09007094 0.11335321 0.13425248 0.1633958
 0.18622613 0.21550215 0.24372494 0.2709324  0.29716106 0.32244612
 0.34682154 0.37032004 0.39297316 0.41481133 0.43586385 0.45615899
 0.47572401 0.49458516 0.51276777]",1978.0,1991.0,21
4,mlda,Minnesota,"[1971 1972 1973 1974 1975 1976 1977 1978 1979 1980 1981 1982 1983 1984
 1985 1986 1987]","[0.0306184  0.00560766 0.04131373 0.02249933 0.02268197 0.04440791
 0.04066299 0.06656035 0.04899768 0.04560011 0.0451054  0.03848838
 0.04084796 0.04340068 0.038584   0.0884123  0.0884123 ]","[0.0306184  0.03605436 0.07587856 0.09667067 0.11715996 0.15636504
 0.19066976 0.24453907 0.2815549  0.31431608 0.34524413 0.37044462
 0.39616067 0.42236771 0.44465508 0.4937544  0.53851274]",1986.0,1987.0,17
4,mlda,Mississippi,"[1974 1975 1976 1977 1978 1979 1980 1981 1982 1983 1984 1985 1986 1987
 1988 1989 1990 1991]","[0.02252875 0.02402463 0.02862444 0.02311264 0.01579816 0.01096035
 0.01453366 0.01944218 0.01765038 0.01151393 0.02034596 0.06518264
 0.07075668 0.07075668 0.07075668 0.07075668 0.07075668 0.07075668]","[0.02252875 0.04601214 0.0733195  0.09473753 0.10903901 0.11880425
 0.13161125 0.14849461 0.16352401 0.17315514 0.18997809 0.24277745
 0.29635601 0.34614352 0.39240823 0.4353994  0.47534866 0.51247125]",1986.0,1991.0,18
4,mlda,Montana,"[1971 1972 1973 1974 1975 1976 1977 1978 1979 1980 1981 1982 1983 1984
 1985 1986 1987 1988 1989 1990 1991 1992 1993]","[0.0456056  0.00710684 0.0322315  0.00679955 0.03373489 0.03497682
 0.0353154  0.00806836 0.04587539 0.00676219 0.03635089 0.00642491
 0.0215049  0.00373387 0.03193809 0.00624235 0.04757928 0.04757928
 0.04757928 0.04757928 0.04757928 0.04757928 0.04757928]","[0.0456056  0.05238832 0.08293127 0.08916692 0.11989378 0.1506771
 0.18067128 0.18728192 0.22456568 0.22980932 0.25780644 0.26257496
 0.27843321 0.28112745 0.30408687 0.308431   0.34133536 0.37267415
 0.40252186 0.43094944 0.45802446 0.48381126 0.50837115]",1987.0,1993.0,23
4,mlda,New Hampshire,"[1971 1972 1973 1974 1975 1976 1977 1978 1979 1980 1981 1982 1983 1984
 1985 1986 1987 1988 1989 1990 1991 1992 1993]","[0.03410887 0.00478438 0.02594292 0.00355065 0.02275154 0.00300897
 0.01608838 0.00334358 0.01598552 0.0028623  0.02617445 0.00319053
 0.00824484 0.00134836 0.06102429 0.06102429 0.06102429 0.06102429
 0.06102429 0.06102429 0.06102429 0.06102429 0.06102429]","[0.03410887 0.03873007 0.06366822 0.0669928  0.08822015 0.09096367
 0.10558859 0.10857913 0.12282896 0.12533969 0.14823344 0.15095103
 0.1579513  0.15908668 0.21040282 0.25858742 0.3038316  0.34631478
 0.38620545 0.42366182 0.45883245 0.49185681 0.52286589]",1985.0,1993.0,23
4,mlda,New Jersey,"[1972 1973 1974 1975 1976 1977 1978 1979 1980 1981 1982 1983 1984 1985
 1986 1987 1988 1989]","[0.03762549 0.02456134 0.02782907 0.01758916 0.02230028 0.02227223
 0.03774617 0.0469201  0.03536922 0.03930544 0.0288996  0.05152664
 0.05152664 0.05152664 0.05152664 0.05152664 0.05152664 0.05152664]","[0.03762549 0.0612627  0.08738688 0.10343899 0.12343255 0.14295566
 0.1753058  0.21400054 0.24180072 0.27160208 0.29265248 0.32909972
 0.36366896 0.39645696 0.42755551 0.45705165 0.48502795 0.51156273]",1983.0,1989.0,18
4,mlda,New York,"[1971 1972 1973 1974 1975 1976 1977 1978 1979 1980 1981 1982 1983 1984
 1985 1986 1987 1988 1989]","[0.02250363 0.02469227 0.02073953 0.01659836 0.01397983 0.01700593
 0.01660948 0.02445512 0.02751755 0.02269617 0.02618123 0.0221915
 0.0488203  0.05259906 0.06503728 0.06503728 0.06503728 0.06503728
 0.06503728]","[0.02250363 0.04664023 0.06641247 0.08190849 0.09474325 0.11013799
 0.12491813 0.14631837 0.1698096  0.18865174 0.20989384 0.22742748
 0.2651447  0.3037974  0.34907652 0.39141081 0.4309918  0.46799854
 0.50259847]",1985.0,1989.0,19
4,mlda,North Carolina,"[1973 1974 1975 1976 1977 1978 1979 1980 1981 1982 1983 1984 1985 1986
 1987 1988]","[0.02244055 0.01905682 0.02583436 0.0270008  0.02543254 0.01589203
 0.01181022 0.01319939 0.01952977 0.01038821 0.01056969 0.01843857
 0.04292229 0.1810064  0.1810064  0.1810064 ]","[0.02244055 0.04106972 0.06584308 0.09106606 0.11418257 0.12826
 0.13855544 0.14992599 0.16652774 0.17518602 0.18390405 0.19895169
 0.23333452 0.37210588 0.48575874 0.5788397 ]",1986.0,1988.0,16
4,mlda,Ohio,"[1971 1972 1973 1974 1975 1976 1977 1978 1979 1980 1981 1982 1983 1984
 1985 1986 1987]","[0.09977612 0.09295521 0.08839822 0.06827815 0.07865653 0.1003741
 0.0901647  0.18147103 0.14547068 0.1543691  0.15205119 0.1389211
 0.11147959 0.11809913 0.16223532 0.17739418 0.1818613 ]","[0.09977612 0.18345662 0.2556376  0.30646129 0.36101264 0.42515041
 0.47698156 0.57189425 0.63417109 0.69064377 0.73768175 0.77412329
 0.79930394 0.82300597 0.85172065 0.87802454 0.90020716]",1987.0,1978.0,17
4,mlda,Oklahoma,"[1971 1972 1973 1974 1975 1976 1977 1978 1979 1980 1981 1982 1983 1984
 1985]","[0.11186128 0.08943101 0.09220527 0.06613315 0.07830375 0.06382455
 0.05385153 0.03696097 0.02971204 0.04030539 0.04831647 0.03155016
 0.02533398 0.02301413 0.05157377]","[0.11186128 0.19128842 0.26585589 0.31440716 0.36809165 0.40842291
 0.44028025 0.46096803 0.47698377 0.49806414 0.52231591 0.53738692
 0.54910675 0.55948367 0.58220275]",1985.0,1981.0,15
4,mlda,Rhode Island,"[1971 1972 1973 1974 1975 1976 1977 1978 1979 1980 1981 1982 1983 1984
 1985 1986 1987 1988 1989 1990 1991 1992 1993 1994 1995 1996 1997 1998
 1999 2000 2001 2002 2003]","[0.01254766 0.01159654 0.0076652  0.00788643 0.00504616 0.00719834
 0.01218848 0.0114489  0.01460849 0.00929596 0.00928849 0.00624785
 0.01596264 0.01310372 0.01310372 0.01310372 0.01310372 0.01310372
 0.01310372 0.01310372 0.01310372 0.01310372 0.01310372 0.01310372
 0.01310372 0.01310372 0.01310372 0.01310372 0.01310372 0.01310372
 0.01310372 0.01310372 0.01310372]","[0.01254766 0.02399869 0.03147993 0.0391181  0.04396687 0.05084872
 0.06241743 0.07315172 0.08669157 0.09518165 0.10358605 0.10918671
 0.12340644 0.13489307 0.14622919 0.15741677 0.16845774 0.17935404
 0.19010755 0.20072015 0.21119369 0.22152999 0.23173084 0.24179803
 0.25173329 0.26153837 0.27121496 0.28076476 0.29018941 0.29949057
 0.30866985 0.31772885 0.32666914]",1984.0,,33
4,mlda,South Carolina,"[1971 1972 1973 1974 1975 1976 1977 1978 1979 1980 1981 1982 1983 1984
 1985 1986 1987 1988]","[0.02610661 0.01832492 0.02323743 0.01583543 0.02414628 0.02506857
 0.02351997 0.01833287 0.0114086  0.01362687 0.01511733 0.01037266
 0.00866639 0.00772525 0.0124151  0.15012792 0.15012792 0.15012792]","[0.02610661 0.04395313 0.0661692  0.08095681 0.10314829 0.12563107
 0.1461962  0.16184888 0.17141101 0.18270209 0.19505745 0.20340685
 0.21031043 0.21641098 0.22613932 0.34231741 0.44105393 0.52496734]",1986.0,1988.0,18
4,mlda,South Dakota,"[1971 1972 1973 1974 1975 1976 1977 1978 1979 1980 1981 1982 1983 1984
 1985 1986 1987 1988]","[0.02688251 0.03740129 0.04289994 0.04644706 0.02340661 0.03418216
 0.03237581 0.03664286 0.0341427  0.02459718 0.02828243 0.02332087
 0.01598776 0.01607501 0.02785555 0.07783997 0.05736175 0.11766063]","[0.02688251 0.06327836 0.10346366 0.14510513 0.16511532 0.19365348
 0.2197596  0.24834984 0.2740132  0.29187043 0.31189806 0.32794519
 0.33868985 0.34932041 0.36744545 0.41668348 0.45014354 0.51483999]",1988.0,1988.0,18
4,mlda,Tennessee,[1971 1972 1973 1974 1975 1976 1977 1978 1979 1980 1981 1982 1983 1984],"[0.07791271 0.06156833 0.07043621 0.05529038 0.07750468 0.07403683
 0.07655076 0.05110158 0.03976724 0.04404561 0.05643736 0.03866576
 0.02606232 0.03728043]","[0.07791271 0.13468409 0.19563366 0.24010738 0.29900261 0.35090224
 0.40059117 0.43122191 0.45384064 0.47789656 0.5073627  0.5264109
 0.53875373 0.55594919]",1984.0,1981.0,14
4,mlda,Texas,"[1971 1972 1973 1974 1975 1976 1977 1978 1979 1980 1981 1982 1983 1984
 1985 1986]","[0.10719169 0.01552592 0.11703079 0.01483955 0.08923508 0.01505088
 0.08028368 0.00959148 0.03696532 0.00790627 0.05449206 0.00584878
 0.03258346 0.00692854 0.09439155 0.01800288]","[0.10719169 0.12105336 0.22391718 0.2354339  0.30366002 0.31414055
 0.36920387 0.37525414 0.39834807 0.40310489 0.43563094 0.43893181
 0.45721335 0.46097407 0.51185356 0.5206416 ]",1986.0,1985.0,16
4,mlda,Virginia,"[1972 1973 1974 1975 1976 1977 1978 1979 1980 1981 1982 1983 1984 1985
 1986 1987 1988 1989 1990 1991]","[0.02817762 0.0260516  0.02225341 0.03437598 0.03376948 0.03107046
 0.02377813 0.0167997  0.02317752 0.01438237 0.01814095 0.01994346
 0.03483569 0.05488357 0.05488357 0.05488357 0.05488357 0.05488357
 0.05488357 0.05488357]","[0.02817762 0.05349514 0.07455811 0.10637108 0.13654846 0.1633763
 0.18326965 0.19699047 0.21560224 0.22688374 0.24090881 0.25604771
 0.2819638  0.32137219 0.35861771 0.39381906 0.42708844 0.45853187
 0.48824958 0.51633627]",1985.0,1991.0,20
4,mlda,West Virginia,"[1971 1972 1973 1974 1975 1976 1977 1978 1979 1980 1981 1982 1983 1984
 1985 1986]","[0.07627571 0.08954093 0.02878909 0.03410408 0.06779914 0.05785175
 0.06240194 0.06498707 0.05706843 0.06944776 0.06951983 0.11652347
 0.10294292 0.10546905 0.13906762 0.06174895]","[0.07627571 0.15898684 0.18319885 0.2110551  0.26454488 0.30709225
 0.35033104 0.39255112 0.42721727 0.46699575 0.50405012 0.56183992
 0.6069454  0.6484005  0.6972966  0.71598822]",1986.0,1981.0,16
4,mlda,Wisconsin,"[1971 1972 1973 1974 1975 1976 1977 1978 1979 1980 1981 1982 1983 1984
 1985 1986]","[0.01742927 0.01781214 0.02004289 0.01354442 0.01349756 0.01837691
 0.01754386 0.04637284 0.05273464 0.07975743 0.0892083  0.0724145
 0.04968339 0.0541381  0.06766897 0.20055443]","[0.01742927 0.03493096 0.05427373 0.06708305 0.07967516 0.09658789
 0.11243722 0.15359603 0.19823084 0.26217789 0.32799775 0.37666045
 0.40763007 0.43969986 0.47761479 0.58238146]",1986.0,1986.0,16
4,mlda,Wyoming,"[1971 1972 1973 1974 1975 1976 1977 1978 1979 1980 1981 1982 1983 1984
 1985 1986 1987 1988 1989]","[0.04831252 0.00522691 0.04599463 0.03402121 0.0376145  0.04215127
 0.03623096 0.028696   0.01847881 0.02056982 0.02084415 0.01596479
 0.00835386 0.01052469 0.02248308 0.0222795  0.07769267 0.13701056
 0.13701056]","[0.04831252 0.05328691 0.09683062 0.12755754 0.16037402 0.19576532
 0.22490352 0.24714569 0.26105754 0.27625745 0.29134325 0.30265681
 0.30848231 0.31576032 0.33114413 0.34604591 0.39685334 0.4794908
 0.55080606]",1988.0,1989.0,19
4,prescdrug,Alabama,"[1973 1974 1975 1976 1977 1978 1979 1980 1981 1982 1983 1984 1985 1986
 1987 1988 1989 1990 1991 1992 1993 1994 1995 1996 1997 1998 1999 2000
 2001 2002 2003 2004 2005 2006 2007]","[0.01241103 0.00138983 0.00883432 0.01024418 0.01125249 0.00729012
 0.00669915 0.00647689 0.01381573 0.02581282 0.02019294 0.02839181
 0.02817896 0.01701829 0.0156611  0.02059792 0.00758833 0.01277935
 0.02207399 0.01024393 0.00454914 0.00547122 0.00831223 0.01494636
 0.02315235 0.03025346 0.02383044 0.03227045 0.02816541 0.03133816
 0.01656398 0.02928308 0.06105084 0.06193071 0.06193071]","[0.01241103 0.01378361 0.02249616 0.03250988 0.04339655 0.05037031
 0.05673202 0.06284145 0.07578898 0.09964547 0.11782628 0.14287279
 0.16702574 0.18120154 0.19402483 0.21062624 0.21661626 0.2266274
 0.24369882 0.25144632 0.25485159 0.25892847 0.26508842 0.27607267
 0.29283329 0.31422753 0.33056979 0.35217261 0.37041894 0.39014885
 0.40025042 0.41781293 0.45335594 0.48720999 0.51896744]",2006.0,2007.0,35
4,prescdrug,Arizona,"[1971 1972 1973 1974 1975 1976 1977 1978 1979 1980 1981 1982 1983 1984
 1985 1986 1987 1988 1989 1990 1991 1992 1993 1994 1995 1996 1997 1998
 1999 2000 2001 2002 2003 2004 2005 2006]","[0.04560106 0.04662651 0.02686706 0.02216547 0.02202111 0.01997142
 0.01626829 0.00980365 0.006336   0.00699946 0.01534944 0.03447522
 0.02224504 0.01994794 0.02796337 0.02355641 0.0200097  0.02083482
 0.01058503 0.02140907 0.03078466 0.01689654 0.00608421 0.00577728
 0.03556488 0.06344081 0.09695848 0.09630458 0.09724168 0.07808355
 0.06953474 0.10430395 0.10738003 0.13459036 0.21728961 0.24351131]","[0.04560106 0.09010135 0.11454765 0.13417412 0.15324056 0.17015155
 0.18365177 0.19165497 0.19677664 0.20239877 0.21464151 0.24171692
 0.25858496 0.27337467 0.29369356 0.3103316  0.32413167 0.33821326
 0.34521829 0.35923656 0.37896225 0.38945564 0.39317032 0.39667614
 0.41813328 0.45504738 0.50788516 0.55527807 0.59852358 0.62987228
 0.65560901 0.69153035 0.72465383 0.76171277 0.81349011 0.85890738]",,1997.0,36
4,prescdrug,Arkansas,"[1971 1972 1973 1974 1975 1976 1977 1978 1979 1980 1981 1982 1983 1984
 1985 1986 1987 1988 1989 1990 1991 1992 1993 1994 1995 1996 1997 1998
 1999 2000 2001 2002 2003 2004 2005 2006]","[0.04010209 0.00274494 0.01553655 0.00193357 0.01107283 0.00192458
 0.01451825 0.00120461 0.00737693 0.00095865 0.03263738 0.00431916
 0.02168633 0.00455315 0.01666084 0.00329291 0.01243366 0.00426622
 0.01908882 0.00562732 0.0463169  0.00453577 0.01075639 0.00193134
 0.02360987 0.00681545 0.06159088 0.00881766 0.0458907  0.01089658
 0.02974646 0.01046123 0.0714429  0.01313587 0.13222348 0.02553127]","[0.04010209 0.04273696 0.05760952 0.0594317  0.06984646 0.07163661
 0.08511482 0.0862169  0.09295782 0.09382735 0.12340245 0.12718862
 0.14611669 0.15000455 0.16416619 0.16691851 0.17727676 0.18078669
 0.1964245  0.20094647 0.23795615 0.2414126  0.24957226 0.2510216
 0.26870488 0.27368898 0.31842312 0.32443303 0.35543528 0.36245883
 0.38142342 0.38789449 0.43162508 0.43909118 0.5132565  0.52568368]",,2005.0,36
4,prescdrug,Colorado,"[1971 1972 1973 1974 1975 1976 1977 1978 1979 1980 1981 1982 1983 1984
 1985 1986 1987 1988 1989 1990 1991 1992 1993 1994 1995 1996 1997 1998
 1999 2000 2001 2002 2003 2004 2005 2006]","[0.03011146 0.01931149 0.0264     0.0233676  0.02343158 0.0203598
 0.01904091 0.0109586  0.0097159  0.00745491 0.02122733 0.01119584
 0.01255201 0.01386039 0.01318196 0.01068087 0.01106329 0.02061871
 0.00947899 0.02350044 0.02173821 0.01810853 0.00727515 0.00829499
 0.02390531 0.05549327 0.05626625 0.05865657 0.04253382 0.04831604
 0.057425   0.06254416 0.07734158 0.10769099 0.19133356 0.21708063]","[0.03011146 0.04884145 0.07395204 0.09559156 0.11678328 0.1347654
 0.15124025 0.16054147 0.16869757 0.17489486 0.19240963 0.20145129
 0.21147468 0.22240395 0.23265419 0.24085011 0.24924881 0.26472833
 0.27169796 0.28881338 0.3042733  0.31687189 0.32184175 0.32746707
 0.34354418 0.37997306 0.41485965 0.44918198 0.47261037 0.49809175
 0.52691384 0.55650262 0.59080341 0.63487019 0.70473178 0.76882879]",,2001.0,36
4,prescdrug,Connecticut,"[1971 1972 1973 1974 1975 1976 1977 1978 1979 1980 1981 1982 1983 1984
 1985 1986 1987 1988 1989 1990 1991 1992 1993 1994 1995 1996 1997 1998
 1999 2000 2001 2002 2003 2004 2005 2006]","[0.01811679 0.04621286 0.0358892  0.03032102 0.03476331 0.05858981
 0.06245219 0.1324549  0.11842323 0.12679987 0.06841628 0.01212443
 0.02045697 0.02097739 0.02043285 0.01312687 0.01694787 0.03917616
 0.0991327  0.06223165 0.05375181 0.20256204 0.13603628 0.12812419
 0.26533095 0.20454806 0.14981155 0.11831016 0.12842904 0.1441381
 0.123286   0.21459543 0.29217317 0.1977547  0.2325339  0.23337624]","[0.01811679 0.06349243 0.09710293 0.1244797  0.15491568 0.20442902
 0.25411417 0.3529104  0.42954084 0.50187499 0.53595485 0.54158113
 0.55095899 0.5603787  0.56936141 0.57501435 0.58221695 0.59858408
 0.63837753 0.66088189 0.6791101  0.74411022 0.77892051 0.80724614
 0.85838971 0.88735582 0.90423122 0.91556164 0.92640597 0.93701368
 0.94477901 0.95662918 0.96930097 0.97537185 0.98109873 0.98550984]",,1980.0,36
4,prescdrug,Delaware,"[1971 1972 1973 1974 1975 1976 1977 1978 1979 1980 1981 1982 1983 1984
 1985 1986 1987 1988 1989 1990 1991 1992 1993 1994 1995 1996 1997 1998
 1999 2000 2001 2002 2003 2004 2005 2006]","[0.02491531 0.02119928 0.02701253 0.02578409 0.02473337 0.02156148
 0.01932971 0.00910487 0.00933198 0.01050218 0.01958709 0.00619779
 0.01144318 0.0115602  0.00996597 0.00875349 0.00520961 0.02018109
 0.01062843 0.01412782 0.01114531 0.02064883 0.00752431 0.00918915
 0.01296203 0.02687383 0.03137625 0.02014011 0.01894671 0.02835518
 0.0138926  0.06252421 0.09545308 0.05464562 0.0864258  0.08207378]","[0.02491531 0.04558641 0.07136754 0.09531148 0.11768747 0.13671144
 0.15339856 0.16110676 0.1689353  0.17766329 0.19377047 0.19876731
 0.20793596 0.21709238 0.22489482 0.23167969 0.23568234 0.2511071
 0.25906666 0.26953443 0.27767569 0.29259085 0.29791362 0.30436519
 0.31338203 0.33183408 0.35279862 0.36583333 0.3778487  0.39548991
 0.40388813 0.44115956 0.4945026  0.52212582 0.56342648 0.59925772]",,2004.0,36
4,prescdrug,Florida,"[1971 1972 1973 1974 1975 1976 1977 1978 1979 1980 1981 1982 1983 1984
 1985 1986 1987 1988 1989 1990 1991 1992 1993 1994 1995 1996 1997 1998
 1999 2000 2001 2002 2003 2004 2005 2006]","[0.03115041 0.01801258 0.01768894 0.01172748 0.0142625  0.01433056
 0.01295256 0.00827496 0.00725583 0.00745951 0.01545728 0.02509992
 0.02034575 0.02259283 0.01881075 0.02022445 0.01518108 0.01957652
 0.01017541 0.01819665 0.02177251 0.01383669 0.00648944 0.00667157
 0.01327725 0.02782438 0.03172259 0.02566913 0.01897306 0.02141816
 0.01417288 0.02742977 0.02789749 0.031653   0.04381458 0.14410588]","[0.03115041 0.04860189 0.06543111 0.07639125 0.08956422 0.10261128
 0.11423476 0.12156444 0.12793822 0.13444337 0.14782252 0.16921211
 0.18611512 0.20450308 0.21946697 0.23525282 0.24686251 0.26160632
 0.26911978 0.28241934 0.29804287 0.30775564 0.31224792 0.3168363
 0.32590684 0.34466306 0.36545205 0.38174034 0.39347062 0.40646136
 0.41487351 0.4309234  0.44679921 0.46430967 0.48778072 0.56159453]",,2006.0,36
4,prescdrug,Georgia,"[1971 1972 1973 1974 1975 1976 1977 1978 1979 1980 1981 1982 1983 1984
 1985 1986 1987 1988 1989 1990 1991 1992 1993 1994 1995 1996 1997 1998
 1999 2000 2001 2002 2003 2004 2005 2006]","[0.02742071 0.01029495 0.0116479  0.00908611 0.00865805 0.01050667
 0.00919846 0.00621154 0.00460271 0.00544035 0.01287002 0.02840688
 0.02686931 0.02393955 0.02672211 0.02383067 0.01555397 0.01879323
 0.00671797 0.01588911 0.02349738 0.01358887 0.00457006 0.00464514
 0.01145804 0.02292045 0.0309681  0.03471105 0.02132627 0.02824426
 0.02307007 0.03678148 0.02423066 0.02582348 0.03791831 0.04801282]","[0.02742071 0.03743337 0.04864525 0.05728936 0.06545139 0.07527039
 0.08377648 0.08946763 0.09365855 0.09858936 0.11019054 0.13546725
 0.15869665 0.17883707 0.20078028 0.21982622 0.23196101 0.24639495
 0.25145764 0.26335132 0.28066063 0.29043564 0.29367839 0.29695935
 0.30501482 0.32094419 0.34197326 0.36481406 0.3783602  0.39591796
 0.40985417 0.43156061 0.44533427 0.45965767 0.48014653 0.50510617]",,2006.0,36
4,prescdrug,Indiana,"[1971 1972 1973 1974 1975 1976 1977 1978 1979 1980 1981 1982 1983 1984
 1985 1986 1987 1988 1989 1990 1991 1992 1993 1994 1995 1996 1997]","[0.05973722 0.06984587 0.04538088 0.03777403 0.05970089 0.03832742
 0.03818252 0.02317252 0.01883564 0.01607313 0.03835545 0.01764349
 0.02202244 0.02817467 0.02931725 0.0240513  0.01945553 0.06907002
 0.03677365 0.06345006 0.05855314 0.0499286  0.02020621 0.01740758
 0.03188671 0.06749396 0.09021107]","[0.05973722 0.12541069 0.16510032 0.19663785 0.24459928 0.27355184
 0.30128946 0.31748035 0.33033604 0.34109964 0.36637206 0.37755147
 0.3912593  0.40841037 0.42575415 0.43956551 0.45046906 0.48842518
 0.50723765 0.53850345 0.56552552 0.58721823 0.59555898 0.60259932
 0.61527112 0.641238   0.6736023 ]",1997.0,1989.0,27
4,prescdrug,Iowa,"[1971 1972 1973 1974 1975 1976 1977 1978 1979 1980 1981 1982 1983 1984
 1985 1986 1987 1988 1989 1990 1991 1992 1993 1994 1995 1996 1997 1998
 1999 2000 2001 2002 2003 2004 2005 2006]","[0.04460875 0.05039281 0.03889926 0.04020395 0.05044304 0.04134301
 0.04473268 0.0242761  0.01662393 0.01780032 0.03569014 0.00934748
 0.01711091 0.02671933 0.01116415 0.01317854 0.01171626 0.02354006
 0.0190288  0.03344888 0.02233304 0.02636084 0.00865945 0.00902892
 0.0173707  0.03484646 0.04197577 0.04462252 0.02974832 0.03683034
 0.02002546 0.05051718 0.05009281 0.06056788 0.06954623 0.06880578]","[0.04460875 0.0927536  0.12804481 0.16310085 0.20531659 0.2381712
 0.27224984 0.28991678 0.30172115 0.31415074 0.33862879 0.34481095
 0.35602183 0.3732285  0.38022587 0.38839359 0.39555933 0.4097879
 0.42101893 0.4403852  0.4528831  0.46730555 0.4719184  0.4766864
 0.48577673 0.50369559 0.52452835 0.54574509 0.55925841 0.57549108
 0.58399206 0.60500761 0.62479389 0.64751933 0.67203303 0.69459905]",,1996.0,36
4,prescdrug,Kansas,"[1971 1972 1973 1974 1975 1976 1977 1978 1979 1980 1981 1982 1983 1984
 1985 1986 1987 1988 1989 1990 1991 1992 1993 1994 1995 1996 1997 1998
 1999 2000 2001 2002 2003 2004 2005 2006]","[0.02777781 0.01957621 0.01910782 0.01756315 0.02231091 0.01561028
 0.01586699 0.00992368 0.00701661 0.00605213 0.0156669  0.01633794
 0.01863509 0.02401403 0.02274862 0.02149016 0.01620416 0.01859921
 0.00667378 0.02615852 0.03643323 0.02379529 0.00770235 0.00747496
 0.0148889  0.03326099 0.04116252 0.04164618 0.05739906 0.05654981
 0.05417936 0.04577302 0.036382   0.04524258 0.04807532 0.06242358]","[0.02777781 0.04681023 0.06502361 0.08144474 0.10193854 0.11595753
 0.12998462 0.13861838 0.14466235 0.14983896 0.16315835 0.17683063
 0.19217046 0.2115697  0.2295054  0.24606345 0.25828036 0.27207576
 0.27693377 0.29584811 0.32150264 0.33764768 0.34274935 0.34766228
 0.35737487 0.37874922 0.40432147 0.4291292  0.46189665 0.49232629
 0.51983173 0.54181048 0.55848033 0.57845582 0.5987217  0.62377092]",,2001.0,36
4,prescdrug,Kentucky,"[1972 1973 1974 1975 1976 1977 1978 1979 1980 1981 1982 1983 1984 1985
 1986 1987 1988 1989 1990 1991 1992 1993 1994 1995 1996 1997 1998 1999
 2000 2001 2002 2003 2004 2005 2006 2007 2008 2009 2010 2011 2012 2013]","[0.03771939 0.00725431 0.03452556 0.00479817 0.03120051 0.00424428
 0.01739664 0.00202179 0.01297275 0.00672553 0.0174812  0.00269304
 0.01537435 0.00382873 0.0188999  0.00271705 0.03416578 0.00195988
 0.02421611 0.00559594 0.02151827 0.001327   0.00809312 0.00331136
 0.03931459 0.01072578 0.08580349 0.01526402 0.01526402 0.01526402
 0.01526402 0.01526402 0.01526402 0.01526402 0.01526402 0.01526402
 0.01526402 0.01526402 0.01526402 0.01526402 0.01526402 0.01526402]","[0.03771939 0.04470008 0.07768234 0.08210778 0.11074649 0.11452073
 0.12992509 0.1316842  0.14294864 0.14871277 0.16359429 0.16584677
 0.17867133 0.18181598 0.19727957 0.1994606  0.22681165 0.22832701
 0.24701392 0.25122758 0.26733988 0.26831212 0.27423376 0.27663703
 0.30507575 0.31252935 0.37151673 0.38110991 0.39055666 0.39985922
 0.40901977 0.41804051 0.42692355 0.43567099 0.44428492 0.45276737
 0.46112033 0.4693458  0.47744572 0.48542199 0.49327652 0.50101116]",1999.0,2013.0,42
4,prescdrug,Louisiana,"[1971 1972 1973 1974 1975 1976 1977 1978 1979 1980 1981 1982 1983 1984
 1985 1986 1987 1988 1989 1990 1991 1992 1993 1994 1995 1996 1997 1998
 1999 2000 2001 2002 2003 2004 2005 2006]","[0.02336819 0.01203489 0.01523937 0.00901835 0.00969623 0.00964738
 0.00939104 0.00619424 0.00501074 0.00537199 0.02726188 0.05953236
 0.05594045 0.05949142 0.04921847 0.04175647 0.03675981 0.0394513
 0.0134562  0.02500344 0.03221758 0.02107357 0.00801568 0.01047731
 0.01616787 0.03939315 0.03834744 0.0587949  0.07619275 0.07658034
 0.06336784 0.05957546 0.03883423 0.06140369 0.16389884 0.13000358]","[0.02336819 0.03512184 0.04982597 0.05839498 0.067525   0.07652093
 0.08519336 0.09085989 0.09541536 0.10027477 0.12480297 0.17690552
 0.22294979 0.26917761 0.30514757 0.33416215 0.35863822 0.38394078
 0.39223059 0.40742692 0.42651819 0.4386035  0.44310347 0.44893825
 0.45784774 0.47920483 0.49917599 0.52862189 0.56453748 0.59788535
 0.62336649 0.6458046  0.65955951 0.68046381 0.73283542 0.76756777]",,1998.0,36
4,prescdrug,Maine,"[1971 1972 1973 1974 1975 1976 1977 1978 1979 1980 1981 1982 1983 1984
 1985 1986 1987 1988 1989 1990 1991 1992 1993 1994 1995 1996 1997 1998
 1999 2000 2001 2002 2003 2004 2005 2006 2007 2008 2009 2010 2011 2012
 2013 2014 2015 2016]","[0.01437177 0.00326882 0.01645872 0.00213705 0.01505708 0.00404525
 0.01796558 0.01351755 0.01318605 0.01021374 0.01887707 0.00709057
 0.00602202 0.00495657 0.00813386 0.00521996 0.00356093 0.0071371
 0.02149418 0.01488674 0.00552861 0.01579883 0.01222145 0.01383468
 0.02282836 0.02261707 0.0097469  0.00949735 0.0114079  0.01314948
 0.00580276 0.01288859 0.02350246 0.02344977 0.02344977 0.02344977
 0.02344977 0.02344977 0.02344977 0.02344977 0.02344977 0.02344977
 0.02344977 0.02344977 0.02344977 0.02344977]","[0.01437177 0.01759361 0.03376277 0.03582766 0.05034528 0.05418687
 0.07117896 0.08373435 0.09581627 0.10505137 0.12194538 0.12817129
 0.13342146 0.13771671 0.14473041 0.14919488 0.15222454 0.15827519
 0.17636738 0.18862858 0.19311434 0.20586219 0.2155677  0.22642007
 0.24407963 0.26117633 0.26837757 0.27532605 0.28359306 0.29301343
 0.2971159  0.30617509 0.32248168 0.33836933 0.35388441 0.36903567
 0.38383164 0.39828065 0.41239083 0.42617012 0.4396263  0.45276694
 0.46559942 0.47813099 0.4903687  0.50231944]",2004.0,2016.0,46
4,prescdrug,Maryland,"[1973 1974 1975 1976 1977 1978 1979 1980 1981 1982 1983 1984 1985 1986
 1987 1988 1989 1990 1991 1992 1993 1994 1995 1996 1997 1998 1999 2000
 2001 2002 2003 2004 2005 2006]","[0.04202633 0.0332491  0.03345645 0.03566635 0.03226449 0.0265026
 0.0213814  0.02011016 0.0157741  0.00709804 0.00617834 0.00754164
 0.0066726  0.00596374 0.00404264 0.00933254 0.02408463 0.0161029
 0.00996006 0.02211182 0.01646567 0.01699898 0.05312554 0.04071537
 0.03487975 0.02371749 0.01897061 0.02200398 0.01826622 0.05654326
 0.11756302 0.10153466 0.1158802  0.18274032]","[0.04202633 0.07387809 0.10486284 0.13678912 0.16464017 0.18677938
 0.20416717 0.2201715  0.2324726  0.23792053 0.24262892 0.24834074
 0.25335626 0.25780905 0.26080946 0.26770798 0.28534496 0.29685299
 0.30385637 0.31924938 0.33045839 0.34183992 0.37680503 0.40217865
 0.42303051 0.43671477 0.44740064 0.45956002 0.46943182 0.49943187
 0.55828018 0.60313005 0.64911942 0.71323944]",,2003.0,34
4,prescdrug,Massachusetts,"[1971 1972 1973 1974 1975 1976 1977 1978 1979 1980 1981 1982 1983 1984
 1985 1986 1987 1988 1989 1990 1991 1992 1993 1994 1995 1996 1997 1998
 1999 2000 2001 2002 2003 2004 2005 2006 2007]","[0.00829888 0.01752105 0.01774771 0.01402491 0.01301986 0.02220646
 0.0175302  0.04043593 0.04092403 0.04198628 0.02422615 0.00482908
 0.00812509 0.00661093 0.00405478 0.00416247 0.00407611 0.00925195
 0.0200195  0.01051441 0.00966259 0.02278871 0.02278871 0.02278871
 0.02278871 0.02278871 0.02278871 0.02278871 0.02278871 0.02278871
 0.02278871 0.02278871 0.02278871 0.02278871 0.02278871 0.02278871
 0.02278871]","[0.00829888 0.02567452 0.04296657 0.05638887 0.06867455 0.089356
 0.10531977 0.14149699 0.1766304  0.21120062 0.2303102  0.23402709
 0.24025069 0.24527334 0.24833359 0.25146237 0.2545135  0.2614107
 0.27619689 0.28380726 0.29072753 0.30689094 0.322686   0.33812112
 0.35320448 0.36794412 0.38234786 0.39642336 0.41017809 0.42361938
 0.43675435 0.44958999 0.46213313 0.47439042 0.48636839 0.49807339
 0.50951165]",1992.0,2007.0,37
4,prescdrug,Michigan,"[1971 1972 1973 1974 1975 1976 1977 1978 1979 1980 1981 1982 1983 1984
 1985 1986 1987 1988 1989 1990 1991 1992 1993 1994 1995 1996 1997 1998
 1999 2000 2001]","[0.03364301 0.04153151 0.04581564 0.0438439  0.0499172  0.03910125
 0.04711251 0.0317011  0.03025575 0.03031904 0.02980432 0.01006142
 0.00978717 0.01117917 0.01208331 0.00843778 0.00811927 0.01466958
 0.01466958 0.01466958 0.01466958 0.01466958 0.01466958 0.01466958
 0.01466958 0.01466958 0.01466958 0.01466958 0.01466958 0.01466958
 0.01466958]","[0.03364301 0.07377728 0.11621277 0.15496145 0.19714341 0.2285361
 0.2648817  0.28818576 0.30972223 0.33065079 0.35060028 0.35713417
 0.36342601 0.37054238 0.37814831 0.38339536 0.38840173 0.39737362
 0.4062139  0.4149245  0.42350731 0.43196422 0.44029706 0.44850767
 0.45659783 0.46456932 0.47242386 0.48016318 0.48778897 0.49530289
 0.50270659]",1988.0,2001.0,31
4,prescdrug,Minnesota,"[1971 1972 1973 1974 1975 1976 1977 1978 1979 1980 1981 1982 1983 1984
 1985 1986 1987 1988 1989 1990 1991 1992 1993 1994 1995 1996 1997 1998
 1999 2000 2001 2002 2003 2004 2005 2006]","[0.0187682  0.00481414 0.03749059 0.02720763 0.0274274  0.03048156
 0.035558   0.01905697 0.01960836 0.01785263 0.02842728 0.00766155
 0.00848931 0.01096754 0.00996194 0.00816469 0.00698344 0.01679901
 0.01798672 0.01875937 0.01445408 0.02827402 0.01209989 0.00946248
 0.02037262 0.02895847 0.02364515 0.02604212 0.02290302 0.01932192
 0.0147313  0.02814217 0.04894675 0.05075558 0.04539523 0.05183398]","[0.0187682  0.02349199 0.06010185 0.08567425 0.11075183 0.1378575
 0.16851356 0.18435917 0.20035256 0.21462836 0.23695434 0.24280046
 0.24922856 0.25746268 0.26485979 0.27086199 0.27595388 0.28811714
 0.30092158 0.31403585 0.32395084 0.34306546 0.3510143  0.35715532
 0.37025175 0.38848829 0.40294758 0.41849609 0.43181428 0.44279273
 0.45100111 0.46645113 0.49256662 0.51832169 0.54018759 0.5640215 ]",,2004.0,36
4,prescdrug,Mississippi,"[1974 1975 1976 1977 1978 1979 1980 1981 1982 1983 1984 1985 1986 1987
 1988 1989 1990 1991 1992 1993 1994 1995 1996 1997 1998 1999 2000 2001
 2002 2003 2004 2005 2006 2007 2008 2009 2010 2011 2012 2013 2014]","[0.0058775  0.00627486 0.00750238 0.0060325  0.00435419 0.0031964
 0.00366163 0.00987896 0.02821715 0.0238076  0.02301464 0.0244773
 0.02167867 0.01227505 0.01833662 0.00711977 0.01131828 0.01436443
 0.0075724  0.00286893 0.00335703 0.00413296 0.01032155 0.01306523
 0.01851183 0.02871063 0.02983002 0.02113469 0.02792825 0.01862788
 0.02023042 0.0264604  0.0264604  0.0264604  0.0264604  0.0264604
 0.0264604  0.0264604  0.0264604  0.0264604  0.0264604 ]","[0.0058775  0.01211548 0.01952697 0.02544167 0.02968509 0.03278661
 0.03632818 0.04584825 0.0727717  0.09484678 0.11567856 0.13732436
 0.15602602 0.16638585 0.18167151 0.18749782 0.19669395 0.20823298
 0.21422856 0.21648288 0.21911317 0.22234054 0.2303672  0.24042263
 0.2544838  0.27588803 0.29748831 0.31233568 0.33154094 0.34399292
 0.35726421 0.37427126 0.3908283  0.40694723 0.42263964 0.43791683
 0.45278978 0.46726918 0.48136545 0.49508873 0.50844889]",2005.0,2014.0,41
4,prescdrug,Missouri,"[1971 1972 1973 1974 1975 1976 1977 1978 1979 1980 1981 1982 1983 1984
 1985 1986 1987 1988 1989 1990 1991 1992 1993 1994 1995 1996 1997 1998
 1999 2000 2001 2002 2003 2004 2005 2006]","[0.05891482 0.00662075 0.03283844 0.02411783 0.02762384 0.01993019
 0.02459708 0.01815883 0.01405694 0.01313641 0.02903544 0.02148536
 0.011814   0.01485402 0.01376649 0.01207316 0.01083374 0.02358318
 0.01458621 0.03529298 0.02619145 0.032082   0.01165879 0.01037393
 0.02169645 0.04782538 0.04986698 0.04673592 0.05140948 0.05103795
 0.03877895 0.06188564 0.06782019 0.08703693 0.09719657 0.10902947]","[0.05891482 0.06514551 0.09584468 0.11765094 0.14202481 0.15912441
 0.1798075  0.19470123 0.20602127 0.2164513  0.23920198 0.255548
 0.26434296 0.27527043 0.28524741 0.29387673 0.30152669 0.31799891
 0.32794672 0.35166549 0.36864631 0.3889014  0.39602607 0.40229165
 0.4152598  0.44322522 0.4709899  0.49571367 0.52163877 0.54605335
 0.56365692 0.59066029 0.61842179 0.65163318 0.68549325 0.71978375]",,1999.0,36
4,prescdrug,Montana,"[1971 1972 1973 1974 1975 1976 1977 1978 1979 1980 1981 1982 1983 1984
 1985 1986 1987 1988 1989 1990 1991 1992 1993 1994 1995 1996 1997 1998
 1999 2000 2001 2002 2003 2004 2005 2006]","[0.04927639 0.01087791 0.05888988 0.00686312 0.05304959 0.0444424
 0.03909877 0.00395362 0.02547651 0.00356396 0.04017058 0.00246582
 0.01979213 0.00347917 0.01459976 0.00305435 0.01400913 0.00614534
 0.01723097 0.00413139 0.03913915 0.00454084 0.01220246 0.00190175
 0.01725019 0.0049251  0.02566743 0.00759053 0.03196504 0.00473051
 0.02105711 0.007683   0.04835282 0.01729747 0.10950934 0.02337583]","[0.04927639 0.05961828 0.11499724 0.12107112 0.16769794 0.20468744
 0.23578318 0.23880461 0.25819721 0.26084097 0.29053342 0.29228283
 0.30629006 0.3087036  0.31879636 0.32087699 0.33039092 0.33450589
 0.345973   0.34867504 0.37416735 0.37700916 0.38461117 0.38578149
 0.39637688 0.39934978 0.41476693 0.41920916 0.43777416 0.44043377
 0.45221662 0.45642524 0.48270862 0.49165645 0.54732482 0.55790647]",,2005.0,36
4,prescdrug,Nevada,"[1971 1972 1973 1974 1975 1976 1977 1978 1979 1980 1981 1982 1983 1984
 1985 1986 1987 1988 1989 1990 1991 1992 1993 1994 1995 1996 1997 1998]","[0.07300873 0.00624368 0.04933042 0.00555219 0.04232756 0.0056956
 0.0316606  0.00279512 0.01279619 0.00198034 0.02819883 0.0119538
 0.04706173 0.00592721 0.0436266  0.00641634 0.02262795 0.00876852
 0.02403375 0.00635893 0.05703292 0.00557037 0.01632028 0.00321146
 0.05239757 0.05239757 0.05239757 0.05239757]","[0.07300873 0.07879656 0.12423992 0.12910231 0.16596528 0.17071562
 0.19697126 0.19921582 0.20946281 0.21102834 0.23327642 0.24244168
 0.27809369 0.28237258 0.31368023 0.31808389 0.33351426 0.33935835
 0.35523604 0.35933605 0.39587498 0.39924019 0.40904475 0.41094258
 0.44180776 0.47105567 0.49877107 0.52503424]",1995.0,1998.0,28
4,prescdrug,New Hampshire,"[1971 1972 1973 1974 1975 1976 1977 1978 1979 1980 1981 1982 1983 1984
 1985 1986 1987 1988 1989 1990 1991 1992 1993 1994 1995 1996 1997 1998
 1999 2000 2001 2002 2003 2004 2005 2006]","[0.0315305  0.00311911 0.01868779 0.0028011  0.01861575 0.00330272
 0.0238935  0.00163444 0.00834942 0.00127959 0.02377867 0.00178005
 0.01719072 0.00343587 0.01707859 0.01822101 0.01319235 0.01687993
 0.00851386 0.01465639 0.02286278 0.02985248 0.00994059 0.00945487
 0.0200923  0.03540113 0.06446447 0.07205784 0.09547205 0.07301609
 0.05761956 0.09211757 0.06324695 0.18141963 0.19698607 0.21782961]","[0.0315305  0.03455126 0.05259336 0.05524714 0.07283442 0.07589659
 0.09797665 0.09945095 0.10697002 0.10811272 0.12932062 0.13087047
 0.14581143 0.14874631 0.16328452 0.17853032 0.18936744 0.20305086
 0.20983597 0.22141692 0.23921749 0.26192874 0.2692656  0.2761746
 0.29071791 0.3158273  0.35993213 0.40605404 0.46275928 0.5019865
 0.53068182 0.57391426 0.60086289 0.6732742  0.73763463 0.79478558]",,2000.0,36
4,prescdrug,New Jersey,"[1972 1973 1974 1975 1976 1977 1978 1979 1980 1981 1982 1983 1984 1985
 1986 1987 1988 1989 1990 1991 1992 1993 1994 1995 1996 1997 1998 1999
 2000 2001 2002 2003 2004 2005 2006]","[0.05666633 0.0519553  0.05864849 0.03750586 0.0472947  0.04723672
 0.07440346 0.06237101 0.05778774 0.0434216  0.0101765  0.01194992
 0.01624484 0.01185422 0.00918254 0.01008994 0.02556973 0.05122951
 0.04087969 0.02691049 0.04505845 0.02451497 0.02014303 0.05359259
 0.03968347 0.03077287 0.03853779 0.02546231 0.03308357 0.02195978
 0.12124726 0.17600265 0.14201097 0.18371879 0.23313919]","[0.05666633 0.10567751 0.15812818 0.18970331 0.22802604 0.26449156
 0.31921593 0.36167712 0.39856436 0.42467965 0.4305344  0.43733947
 0.4464798  0.45304135 0.45806383 0.46353193 0.47724927 0.50402954
 0.52430465 0.53710585 0.55796314 0.56879966 0.57748534 0.600129
 0.61599727 0.62781413 0.64215735 0.65126886 0.66280613 0.67021083
 0.71019686 0.76120298 0.79511478 0.83275604 0.87174716]",,1989.0,35
4,prescdrug,New Mexico,"[1971 1972 1973 1974 1975 1976 1977 1978 1979 1980 1981 1982 1983 1984
 1985 1986 1987 1988 1989 1990 1991 1992 1993 1994 1995 1996 1997 1998
 1999 2000 2001 2002 2003 2004 2005]","[0.03654664 0.02767376 0.01860848 0.01374371 0.01012057 0.00933043
 0.00631527 0.00475549 0.00340589 0.00346387 0.01439346 0.03098007
 0.0135331  0.01195177 0.0241314  0.01989032 0.01458671 0.03176101
 0.01298159 0.03965307 0.05101968 0.03489281 0.01117615 0.01248642
 0.04508633 0.08487185 0.09671941 0.0948733  0.05904853 0.06782756
 0.03957569 0.06645723 0.11405141 0.10326356 0.09349179]","[0.03654664 0.06320902 0.08064127 0.09327667 0.10245323 0.11082773
 0.1164431  0.12064484 0.12363982 0.12667542 0.13924559 0.16591182
 0.17719961 0.18703354 0.20665155 0.22243151 0.23377368 0.2581098
 0.26774071 0.29677704 0.33265525 0.35594078 0.36313888 0.37109099
 0.39944619 0.4504163  0.50357171 0.5506695  0.57720181 0.60587918
 0.62147678 0.64663239 0.68693446 0.71926272 0.74550936]",2005.0,1997.0,35
4,prescdrug,New York,"[1971 1972 1973 1974 1975 1976 1977 1978 1979 1980 1981 1982 1983 1984
 1985 1986 1987 1988 1989 1990 1991]","[0.01542327 0.0238213  0.0238213  0.0238213  0.0238213  0.0238213
 0.0238213  0.0238213  0.0238213  0.0238213  0.0238213  0.0238213
 0.0238213  0.0238213  0.0238213  0.0238213  0.0238213  0.0238213
 0.0238213  0.0238213  0.0238213 ]","[0.01542327 0.03887717 0.06177236 0.08412216 0.10593957 0.12723725
 0.14802759 0.16832268 0.18813432 0.20747401 0.22635301 0.24478229
 0.26277256 0.28033428 0.29747765 0.31421265 0.33054899 0.34649619
 0.3620635  0.37725997 0.39209445]",1972.0,,21
4,prescdrug,North Carolina,"[1973 1974 1975 1976 1977 1978 1979 1980 1981 1982 1983 1984 1985 1986
 1987 1988 1989 1990 1991 1992 1993 1994 1995 1996 1997 1998 1999 2000
 2001 2002 2003 2004 2005 2006]","[0.01043722 0.00884705 0.01203805 0.01258963 0.0118482  0.00781879
 0.00615614 0.00593478 0.01763669 0.02948921 0.02294533 0.02780589
 0.02693866 0.01762014 0.01432517 0.02576317 0.00915508 0.01563793
 0.02206413 0.01305749 0.00586443 0.00702377 0.01213505 0.02526345
 0.03381352 0.03264202 0.02165474 0.02949454 0.01857389 0.03592147
 0.04043333 0.04107611 0.04538684 0.08367785]","[0.01043722 0.01919192 0.03099894 0.0431983  0.05453469 0.06192708
 0.06770199 0.07323497 0.08958003 0.1164276  0.13670146 0.16070624
 0.18331569 0.19770579 0.20919878 0.22957233 0.23662566 0.24856325
 0.26514305 0.27473843 0.27899168 0.28405587 0.29274389 0.31061162
 0.33392227 0.35566439 0.36961731 0.38821016 0.39957347 0.42114168
 0.44454685 0.4673627  0.49153743 0.53408448]",,2006.0,34
4,prescdrug,North Dakota,"[1971 1972 1973 1974 1975 1976 1977 1978 1979 1980 1981 1982 1983 1984
 1985 1986 1987 1988 1989 1990 1991 1992 1993 1994 1995 1996 1997 1998
 1999 2000 2001 2002 2003 2004 2005 2006 2007 2008 2009 2010 2011 2012
 2013 2014 2015 2016 2017 2018 2019 2020 2021 2022 2023 2024 2025]","[0.0221016  0.00421939 0.02783446 0.00468644 0.02102747 0.00291164
 0.01687347 0.00161277 0.00925626 0.00160612 0.01877615 0.00090027
 0.00339027 0.00062863 0.00487033 0.00048193 0.00401359 0.00157629
 0.01685436 0.00288562 0.00986549 0.0028938  0.00854767 0.00143092
 0.01904297 0.00276325 0.01806793 0.00211797 0.00975359 0.00161608
 0.00762295 0.00222148 0.03311675 0.00344916 0.02028302 0.00328542
 0.00328542 0.00328542 0.00328542 0.00328542 0.00328542 0.00328542
 0.00328542 0.00328542 0.00328542 0.00328542 0.00328542 0.00328542
 0.00328542 0.00328542 0.00328542 0.00328542 0.00328542 0.00328542
 0.00328542]","[0.0221016  0.02622773 0.05333215 0.05776866 0.0775814  0.08026716
 0.09578624 0.09724453 0.10560066 0.10703717 0.12380357 0.12459239
 0.12756026 0.1281087  0.1323551  0.13277324 0.13625394 0.13761545
 0.15215039 0.15459696 0.16293727 0.16535957 0.1724938  0.17367789
 0.18941352 0.19165337 0.20625852 0.20793964 0.21566507 0.21693262
 0.2229019  0.22462821 0.250306   0.25289181 0.26804542 0.2704502
 0.27284708 0.27523609 0.27761724 0.27999058 0.28235611 0.28471387
 0.28706389 0.28940619 0.29174079 0.29406772 0.29638701 0.29869867
 0.30100275 0.30329925 0.3055882  0.30786964 0.31014358 0.31241005
 0.31466908]",,,55
4,prescdrug,Ohio,"[1971 1972 1973 1974 1975 1976 1977 1978 1979 1980 1981 1982 1983 1984
 1985 1986 1987 1988 1989 1990 1991 1992 1993 1994 1995 1996 1997 1998
 1999 2000 2001 2002 2003 2004 2005 2006]","[0.02882397 0.03741877 0.03517553 0.03349642 0.03224093 0.02567543
 0.02875697 0.01647969 0.01348054 0.01246175 0.02442001 0.01104831
 0.00994995 0.01251706 0.01334376 0.01011549 0.01088222 0.03299033
 0.0217587  0.03612436 0.0237004  0.03087836 0.0107199  0.01084975
 0.03242794 0.07376728 0.1035752  0.09444712 0.11267857 0.12195146
 0.09865617 0.25494925 0.28703826 0.30365498 0.295735   0.31181777]","[0.02882397 0.06516418 0.09804753 0.1282597  0.15636543 0.17802611
 0.20166359 0.21481992 0.22540458 0.23505739 0.2537373  0.26198224
 0.26932548 0.27847137 0.28809928 0.29530051 0.3029692  0.32596448
 0.34063062 0.36444992 0.3795127  0.39867233 0.40511851 0.41157282
 0.4306543  0.47265339 0.52727341 0.57192108 0.6201564  0.66647888
 0.6993828  0.77602493 0.84031434 0.88880369 0.92168833 0.9461073 ]",2006.0,1997.0,36
4,prescdrug,Oklahoma,"[1971 1972 1973 1974 1975 1976 1977 1978 1979 1980 1981 1982 1983 1984
 1985 1986 1987 1988 1989 1990 1991 1992 1993 1994 1995 1996 1997 1998
 1999 2000 2001 2002 2003 2004]","[0.03493022 0.01953545 0.01433788 0.01004016 0.01202075 0.0096694
 0.00808541 0.00580392 0.00492265 0.00580902 0.02060323 0.04019551
 0.02696417 0.03791276 0.03637023 0.032483   0.02389731 0.02895221
 0.00863755 0.02152448 0.02152448 0.02152448 0.02152448 0.02152448
 0.02152448 0.02152448 0.02152448 0.02152448 0.02152448 0.02152448
 0.02152448 0.02152448 0.02152448 0.02152448]","[0.03493022 0.05378329 0.06735003 0.07671399 0.08781258 0.09663288
 0.10393698 0.10913765 0.11352306 0.11867262 0.13683081 0.17152633
 0.19386544 0.22442823 0.25263595 0.27691258 0.29419242 0.31462711
 0.32054705 0.33517192 0.349482   0.36348406 0.37718474 0.39059051
 0.40370773 0.41654261 0.42910123 0.44138953 0.45341333 0.46517832
 0.47669008 0.48795405 0.49897557 0.50975986]",1990.0,2004.0,34
4,prescdrug,Oregon,"[1971 1972 1973 1974 1975 1976 1977 1978 1979 1980 1981 1982 1983 1984
 1985 1986 1987 1988 1989 1990 1991 1992 1993 1994 1995 1996 1997 1998
 1999 2000 2001 2002 2003 2004 2005 2006]","[0.09993667 0.10354152 0.07504593 0.09207079 0.0608288  0.0964792
 0.07529214 0.07088708 0.05692417 0.06262796 0.06055738 0.01508048
 0.02616749 0.02645752 0.03109836 0.02150529 0.01582951 0.04379327
 0.11600312 0.06916209 0.04104354 0.089624   0.07034868 0.06483607
 0.17702058 0.1505988  0.19555103 0.18115736 0.13629383 0.14254474
 0.09088461 0.1539368  0.27440928 0.23047365 0.26219944 0.30251707]","[0.09993667 0.1931306  0.25368286 0.32239687 0.36361466 0.42501261
 0.46830463 0.50599497 0.53411579 0.56329317 0.58973899 0.59592593
 0.60649953 0.61691057 0.62882403 0.63680628 0.64255546 0.65820912
 0.69785793 0.71875471 0.73029801 0.75446978 0.77174251 0.78654183
 0.82432831 0.85078426 0.87996355 0.90170904 0.91510549 0.92720675
 0.93382254 0.94400969 0.95937395 0.96873718 0.97693428 0.98391205]",,1978.0,36
4,prescdrug,Pennsylvania,"[1971 1972 1973 1974 1975 1976 1977 1978 1979 1980 1981 1982 1983 1984
 1985 1986 1987 1988 1989 1990 1991 1992 1993 1994 1995 1996 1997 1998
 1999 2000 2001 2002]","[0.0213278  0.04594855 0.05452671 0.04967422 0.04372796 0.04664852
 0.04918398 0.02648268 0.0216615  0.02038255 0.03967075 0.0096657
 0.01113076 0.01199828 0.01116857 0.007256   0.00773871 0.01903234
 0.02434887 0.02685843 0.0198125  0.0322621  0.0125386  0.01206681
 0.03792699 0.05842565 0.03872535 0.03910578 0.03665068 0.04037573
 0.02779174 0.05222125]","[0.0213278  0.06629637 0.11720815 0.16106014 0.19774527 0.23516927
 0.27278669 0.29204525 0.30738061 0.32149796 0.34841465 0.35471268
 0.36189521 0.36955137 0.37659258 0.38111603 0.38590539 0.39759305
 0.41226098 0.42804672 0.43937855 0.45746537 0.464268   0.47073257
 0.49080609 0.52055608 0.53912271 0.55714568 0.57337659 0.59060182
 0.60197971 0.62276482]",2002.0,1996.0,32
4,prescdrug,Rhode Island,"[1971 1972 1973 1974 1975 1976 1977 1978 1979 1980 1981 1982 1983 1984
 1985 1986 1987 1988 1989 1990 1991 1992 1993 1994 1995 1996 1997]","[0.01359552 0.01770747 0.01653384 0.01700665 0.01091791 0.01553528
 0.02615262 0.02318281 0.02318281 0.02318281 0.02318281 0.02318281
 0.02318281 0.02318281 0.02318281 0.02318281 0.02318281 0.02318281
 0.02318281 0.02318281 0.02318281 0.02318281 0.02318281 0.02318281
 0.02318281 0.02318281 0.02318281]","[0.01359552 0.03106225 0.04708251 0.06328845 0.07351538 0.08790858
 0.11176216 0.13235401 0.15246848 0.17211665 0.19130931 0.21005703
 0.22837013 0.24625868 0.26373252 0.28080127 0.29747432 0.31376084
 0.32966979 0.34520993 0.3603898  0.37521776 0.38970197 0.40385039
 0.41767082 0.43117084 0.4443579 ]",1978.0,,27
4,prescdrug,South Carolina,"[1971 1972 1973 1974 1975 1976 1977 1978 1979 1980 1981 1982 1983 1984
 1985 1986 1987 1988 1989 1990 1991 1992 1993 1994 1995 1996 1997 1998
 1999 2000 2001 2002 2003 2004 2005 2006 2007 2008 2009 2010 2011]","[0.02411804 0.0120035  0.01081256 0.00733862 0.01124105 0.01167631
 0.01094573 0.00903105 0.00594564 0.00612845 0.01364601 0.02267581
 0.01548781 0.02475592 0.02246026 0.01460789 0.00992691 0.02043749
 0.00646974 0.01361762 0.01513931 0.0121988  0.00452872 0.00476781
 0.00767218 0.01661111 0.02343419 0.02560104 0.01285083 0.01535429
 0.01577497 0.01840534 0.0238167  0.02363651 0.03263672 0.03162732
 0.03162732 0.03162732 0.03162732 0.03162732 0.03162732]","[0.02411804 0.03583205 0.04625717 0.05325633 0.06389872 0.07482893
 0.0849556  0.09321941 0.0986108  0.10413491 0.11635989 0.13639714
 0.14977246 0.17082062 0.18944421 0.20128471 0.20921349 0.22537518
 0.2303868  0.2408671  0.25235985 0.26148016 0.26482471 0.26832989
 0.27394339 0.286004   0.30273591 0.3205866  0.32931763 0.33961548
 0.35003302 0.36199589 0.37719104 0.39191207 0.41175807 0.43036259
 0.44837869 0.465825   0.48271952 0.49907972 0.51492249]",,2011.0,41
4,prescdrug,South Dakota,"[1971 1972 1973 1974 1975 1976 1977 1978 1979 1980 1981 1982 1983 1984
 1985 1986 1987 1988 1989 1990 1991 1992 1993 1994 1995 1996 1997 1998
 1999 2000 2001 2002 2003 2004 2005 2006]","[0.01991177 0.02947444 0.02329342 0.0175885  0.0314236  0.02203312
 0.01847137 0.01393503 0.01323155 0.00757374 0.01747623 0.00992471
 0.00784527 0.01037137 0.01418646 0.00899652 0.00442245 0.01803696
 0.01665506 0.01738577 0.01316787 0.01528646 0.00655572 0.00571499
 0.01416177 0.02303298 0.02603206 0.02446342 0.01779068 0.0202634
 0.00983676 0.02257752 0.03029954 0.05252833 0.04436191 0.06268575]","[0.01991177 0.04879933 0.07095604 0.08729653 0.11597695 0.13545474
 0.15142408 0.16324901 0.17432053 0.18057401 0.19489449 0.20288493
 0.20913852 0.21734084 0.228444   0.23538532 0.23876679 0.25249712
 0.26494682 0.27772629 0.28723709 0.29813271 0.30273396 0.30671883
 0.31653692 0.33227911 0.34966126 0.36557077 0.3768577  0.38948468
 0.39549017 0.4091385  0.42704133 0.45713789 0.48122029 0.51374038]",,2006.0,36
4,prescdrug,Tennessee,"[1971 1972 1973 1974 1975 1976 1977 1978 1979 1980 1981 1982 1983 1984
 1985 1986 1987 1988 1989 1990 1991 1992 1993 1994 1995 1996 1997 1998
 1999 2000 2001 2002 2003 2004 2005 2006]","[0.03147433 0.01750123 0.01431558 0.01109331 0.0164843  0.01509397
 0.01564029 0.01084413 0.0088747  0.00850598 0.02199493 0.01412883
 0.01313141 0.01026854 0.0114065  0.00948989 0.00961472 0.02252188
 0.01124399 0.01910322 0.01833113 0.01432659 0.00536634 0.00460268
 0.00963901 0.01763121 0.02507734 0.03470196 0.02738807 0.04214835
 0.02821361 0.04943918 0.04041721 0.04368347 0.06966001 0.10139421]","[0.03147433 0.04842472 0.06204708 0.07245208 0.08774205 0.10151164
 0.11556426 0.12515519 0.13291917 0.14029454 0.1592037  0.17108317
 0.18196801 0.19036801 0.19960308 0.20719875 0.21482131 0.23250501
 0.24113472 0.25563149 0.2692766  0.27974538 0.28361052 0.28690783
 0.29378133 0.30623282 0.32363066 0.347102   0.36498361 0.3917485
 0.40890947 0.4381325  0.46084162 0.48439393 0.52031105 0.56894874]",,2005.0,36
4,prescdrug,Texas,"[1971 1972 1973 1974 1975 1976 1977 1978 1979 1980 1981 1982 1983 1984
 1985 1986 1987 1988 1989 1990 1991 1992 1993 1994 1995 1996 1997 1998
 1999 2000]","[0.03335148 0.0031892  0.01862846 0.00215262 0.01383779 0.00218367
 0.01234715 0.00147089 0.0061628  0.00110749 0.01593355 0.01593355
 0.01593355 0.01593355 0.01593355 0.01593355 0.01593355 0.01593355
 0.01593355 0.01593355 0.01593355 0.01593355 0.01593355 0.01593355
 0.01593355 0.01593355 0.01593355 0.01593355 0.01593355 0.01593355]","[0.03335148 0.03643431 0.05438406 0.05641961 0.06947667 0.07150863
 0.08297285 0.0843217  0.08996484 0.0909727  0.10545673 0.11970997
 0.13373612 0.14753877 0.1611215  0.17448781 0.18764115 0.20058491
 0.21332242 0.22585699 0.23819183 0.25033014 0.26227504 0.27402961
 0.28559689 0.29697987 0.30818147 0.31920459 0.33005208 0.34072673]",1981.0,,30
4,prescdrug,Utah,"[1971 1972 1973 1974 1975 1976 1977 1978 1979 1980 1981 1982 1983 1984
 1985 1986 1987 1988 1989 1990 1991 1992 1993 1994 1995 1996 1997 1998
 1999 2000 2001 2002 2003 2004 2005 2006]","[0.04346421 0.04086802 0.03381608 0.02959166 0.03008201 0.01710272
 0.01433341 0.00791051 0.00590676 0.00494654 0.01605293 0.03485751
 0.03209076 0.03106167 0.03071879 0.02975693 0.01999855 0.01985755
 0.00808917 0.02067262 0.02343427 0.0110352  0.00414432 0.00392704
 0.01432802 0.01432802 0.01432802 0.01432802 0.01432802 0.01432802
 0.01432802 0.01432802 0.01432802 0.01432802 0.01432802 0.01432802]","[0.04346421 0.08255593 0.1135803  0.13981093 0.16568715 0.17995617
 0.19171019 0.19810418 0.20284079 0.20678397 0.21951741 0.24672308
 0.27089631 0.29354349 0.31524498 0.33562118 0.3489078  0.36183689
 0.3669991  0.38008489 0.39461215 0.40129272 0.40377396 0.40611536
 0.41462456 0.42301183 0.43127893 0.43942758 0.44745948 0.45537629
 0.46317967 0.47087125 0.47845262 0.48592536 0.49329103 0.50055117]",1995.0,2006.0,36
4,prescdrug,Vermont,"[1989 1990 1991 1992 1993 1994 1995 1996 1997 1998 1999 2000 2001 2002
 2003 2004 2005 2006]","[0.03490708 0.023603   0.00880735 0.0402018  0.06754094 0.10108736
 0.07183021 0.03514184 0.07238762 0.03687526 0.03463719 0.02991145
 0.01993724 0.0161544  0.05829569 0.05740175 0.05282584 0.05117033]","[0.03490708 0.05768616 0.06598545 0.10353452 0.16408264 0.24858332
 0.30255774 0.32706714 0.37577915 0.39879745 0.41962142 0.43698138
 0.44820642 0.45712032 0.48876786 0.51811348 0.54356954 0.56692524]",,2004.0,18
4,prescdrug,Virginia,"[1972 1973 1974 1975 1976 1977 1978 1979 1980 1981 1982 1983 1984 1985
 1986 1987 1988 1989 1990 1991 1992 1993 1994 1995 1996 1997 1998 1999
 2000 2001 2002 2003 2004 2005 2006]","[0.01169983 0.00765084 0.00651744 0.01015686 0.00997325 0.00915811
 0.00740133 0.00552486 0.00659988 0.00818334 0.02061306 0.03200629
 0.03140674 0.03093624 0.029139   0.01753916 0.02426135 0.00779792
 0.01789715 0.02864775 0.0133235  0.00537757 0.00569209 0.0205376
 0.03791528 0.05486771 0.05494396 0.07131103 0.0766986  0.03867828
 0.08004421 0.09867558 0.11792591 0.13809242 0.14847566]","[0.01169983 0.01926116 0.02565306 0.03554937 0.04516808 0.05391254
 0.06091485 0.06610316 0.07226676 0.07985872 0.09882565 0.1276689
 0.15506597 0.18120505 0.20506392 0.21900643 0.23795439 0.24389676
 0.25742885 0.27870184 0.28831206 0.29213921 0.29616841 0.31062343
 0.33676134 0.37315172 0.40759325 0.44983838 0.49203501 0.51168222
 0.55076923 0.59509734 0.64284585 0.69216614 0.73787197]",2006.0,2001.0,35
4,prescdrug,Washington,"[1971 1972 1973 1974 1975 1976 1977 1978 1979 1980 1981 1982 1983 1984
 1985 1986 1987 1988 1989]","[0.04441306 0.01246081 0.05809937 0.00708405 0.05946476 0.01689703
 0.09573903 0.00938901 0.05348663 0.01182304 0.07795393 0.02268721
 0.02873443 0.03024112 0.02846743 0.02376311 0.0180193  0.03776137
 0.05958261]","[0.04441306 0.05632045 0.11114764 0.11744431 0.16992528 0.18395107
 0.26207881 0.26900716 0.3081055  0.31628579 0.369584   0.38388638
 0.40159006 0.41968664 0.43620667 0.44960416 0.45952191 0.4799311
 0.51091817]",1989.0,1989.0,19
4,prescdrug,West Virginia,"[1971 1972 1973 1974 1975 1976 1977 1978 1979 1980 1981 1982 1983 1984
 1985 1986 1987 1988 1989 1990 1991 1992 1993 1994 1995 1996 1997 1998
 1999 2000 2001 2002 2003 2004]","[0.03404743 0.03683937 0.02476081 0.02935458 0.02944771 0.02826032
 0.02875754 0.01317204 0.01219411 0.01620617 0.03159137 0.01112394
 0.00626773 0.00793564 0.01110997 0.00494671 0.0058762  0.01436126
 0.02059519 0.01960969 0.01410516 0.01432576 0.0131461  0.0143117
 0.02605116 0.02605116 0.02605116 0.02605116 0.02605116 0.02605116
 0.02605116 0.02605116 0.02605116 0.02605116]","[0.03404743 0.06963252 0.09266916 0.11930348 0.14523798 0.16939383
 0.19328002 0.20390617 0.21361382 0.22635813 0.25079853 0.25913261
 0.26377617 0.26961858 0.27773309 0.28130594 0.28552913 0.29578983
 0.31029317 0.32381811 0.33335576 0.34290594 0.35154417 0.36082467
 0.37747593 0.3936934  0.40948839 0.4248719  0.43985465 0.45444708
 0.46865937 0.48250141 0.49598284 0.50911307]",1995.0,2004.0,34
4,prescdrug,Wisconsin,"[1971 1972 1973 1974 1975 1976 1977 1978 1979 1980 1981 1982 1983 1984
 1985 1986 1987 1988 1989 1990 1991 1992 1993 1994 1995 1996 1997 1998
 1999 2000 2001 2002 2003 2004 2005 2006]","[0.03331396 0.04753601 0.06790706 0.05080633 0.05063718 0.05513068
 0.06130438 0.03698899 0.03060866 0.02808289 0.04846906 0.01483416
 0.01855156 0.02340186 0.01787243 0.02084871 0.01738226 0.04760557
 0.04207673 0.06843104 0.04335672 0.06529273 0.02763767 0.02697403
 0.04636686 0.07846868 0.06948936 0.06036757 0.05806758 0.05104799
 0.04479234 0.08355965 0.11740642 0.09362748 0.12573609 0.12418917]","[0.03331396 0.07926636 0.14179068 0.18539314 0.22664254 0.26927826
 0.3140747  0.33944639 0.35966505 0.3776475  0.40781234 0.41659695
 0.42741998 0.44081942 0.45081333 0.46226317 0.47161025 0.49676455
 0.51793905 0.55092698 0.57039731 0.59844725 0.60954523 0.62007737
 0.63769319 0.66612293 0.68932383 0.7080786  0.72502976 0.73906644
 0.75075427 0.77158115 0.79839899 0.81727439 0.84024959 0.86008886]",,1989.0,36
4,prescdrug,Wyoming,"[1971 1972 1973 1974 1975 1976 1977 1978 1979 1980 1981 1982 1983 1984
 1985 1986 1987 1988 1989 1990 1991 1992 1993 1994 1995 1996 1997 1998
 1999 2000 2001 2002 2003 2004]","[0.04471016 0.00340813 0.02167165 0.01592435 0.01764117 0.01981852
 0.01697933 0.0142122  0.0096634  0.00928688 0.01882611 0.03196506
 0.03646033 0.03638701 0.03356022 0.0307053  0.02717217 0.01579311
 0.00727622 0.01555369 0.02571635 0.01636298 0.00523488 0.00547822
 0.01486088 0.0271954  0.03015804 0.03750819 0.06144151 0.0721002
 0.0758546  0.04830936 0.0317543  0.04436746]","[0.04471016 0.04796591 0.06859806 0.08343003 0.0995994  0.117444
 0.13242921 0.14475931 0.15302384 0.16088961 0.17668679 0.20300405
 0.23206278 0.26000572 0.28484009 0.30679929 0.32563505 0.33628538
 0.34111471 0.35136281 0.36804339 0.37838408 0.38163816 0.38502568
 0.39416474 0.41064067 0.42841459 0.44985372 0.48365554 0.52088408
 0.55722723 0.5786173  0.59199801 0.61010002]",2004.0,2000.0,34
4,victimnotif,Alabama,"[1979 1980 1981 1982 1983 1984 1985 1986 1987 1988 1989 1990 1991 1992
 1993 1994 1995]","[0.02209067 0.02275144 0.04113315 0.04638937 0.03847734 0.02005167
 0.05990293 0.0743887  0.04153655 0.02883856 0.03783362 0.07466457
 0.08092409 0.03992392 0.07128888 0.14229522 0.09212642]","[0.02209067 0.04433951 0.08364884 0.12615779 0.15978091 0.17662871
 0.22595106 0.28353156 0.31329119 0.33309488 0.35832631 0.4062366
 0.45428636 0.47607339 0.51342353 0.58266104 0.62110898]",1995.0,1993.0,17
4,victimnotif,Arizona,"[1979 1980 1981 1982 1983 1984 1985 1986 1987 1988 1989 1990 1991 1992
 1993 1994 1995 1996]","[0.01322093 0.01554609 0.02907433 0.02861567 0.03569684 0.03917924
 0.07940925 0.0748928  0.04530858 0.02604161 0.04667681 0.09529381
 0.0932551  0.05789749 0.04860597 0.12187848 0.1815511  0.22888665]","[0.01322093 0.02856149 0.05680541 0.08379556 0.11650117 0.15111598
 0.21852522 0.27705205 0.3098078  0.32778152 0.35915853 0.42022676
 0.47429357 0.50473065 0.5288037  0.58623239 0.66135235 0.73886428]",1996.0,1992.0,18
4,victimnotif,Arkansas,"[1979 1980 1981 1982 1983 1984 1985 1986 1987 1988 1989 1990 1991 1992
 1993 1994 1995 1996 1997]","[0.0242876  0.00341512 0.0338557  0.00385321 0.04561552 0.00383401
 0.05760023 0.01575674 0.07214634 0.00824611 0.07613016 0.01376134
 0.13494412 0.01485045 0.1101891  0.0380608  0.16561476 0.0250954
 0.19626759]","[0.0242876  0.02761977 0.06054039 0.06416033 0.10684914 0.11027349
 0.16152194 0.17473362 0.23427357 0.24058783 0.298402   0.30805693
 0.40143058 0.4103196  0.47529595 0.4952666  0.5788579  0.58942663
 0.67000888]",1997.0,1995.0,19
4,victimnotif,California,"[1979 1980 1981 1982 1983 1984 1985 1986 1987 1988 1989 1990 1991 1992
 1993 1994 1995]","[0.04883442 0.04583572 0.03297719 0.01640118 0.03732651 0.04499338
 0.07493198 0.07750061 0.08707777 0.05662293 0.09475118 0.05406072
 0.06727421 0.08434792 0.08663739 0.10009375 0.10447698]","[0.04883442 0.09243178 0.12236083 0.13675515 0.16897707 0.2063676
 0.26583604 0.3227342  0.381709   0.41671844 0.47198506 0.50052993
 0.53413138 0.57342643 0.61038365 0.64938181 0.68601334]",1995.0,1990.0,17
4,victimnotif,Colorado,"[1979 1980 1981 1982 1983 1984 1985 1986 1987 1988 1989 1990 1991 1992
 1993 1994 1995 1996 1997 1998]","[0.0318165  0.02612236 0.03928341 0.02035337 0.05924612 0.03569078
 0.03569078 0.03569078 0.03569078 0.03569078 0.03569078 0.03569078
 0.03569078 0.03569078 0.03569078 0.03569078 0.03569078 0.03569078
 0.03569078 0.03569078]","[0.0318165  0.05710774 0.09414776 0.11258491 0.1651608  0.19495687
 0.22368949 0.25139662 0.27811486 0.30387951 0.32872459 0.35268294
 0.37578619 0.39806487 0.41954841 0.44026518 0.46024256 0.47950692
 0.49808373 0.51599752]",1984.0,1998.0,20
4,victimnotif,Connecticut,[1979 1980 1981 1982 1983 1984 1985 1986 1987 1988 1989 1990 1991],"[0.02022741 0.02324205 0.01548565 0.00339968 0.03353597 0.1162325
 0.06998129 0.0505554  0.11377365 0.19288606 0.15041747 0.07988269
 0.11009152]","[0.02022741 0.04299934 0.05781911 0.06102222 0.09251175 0.19799138
 0.25411698 0.29182539 0.372397   0.49345287 0.56964641 0.60402422
 0.64761779]",1991.0,1989.0,13
4,victimnotif,Delaware,"[1979 1980 1981 1982 1983 1984 1985 1986 1987 1988 1989 1990 1991 1992
 1993 1994 1995 1996]","[0.03058626 0.03651935 0.01984457 0.00813511 0.04015696 0.02852645
 0.0350408  0.03414368 0.03753341 0.01597691 0.02991988 0.0184027
 0.0239579  0.04120864 0.03817785 0.07006209 0.09730644 0.09386829]","[0.03058626 0.06598863 0.08452368 0.09197119 0.12843486 0.15329752
 0.18296666 0.21086318 0.24048218 0.25261693 0.27497854 0.28832089
 0.30537123 0.33399593 0.35942254 0.40430274 0.46226792 0.51274391]",1996.0,1996.0,18
4,victimnotif,Florida,"[1979 1980 1981 1982 1983 1984 1985 1986 1987 1988 1989 1990 1991 1992
 1993]","[0.02389558 0.02613816 0.04586952 0.032751   0.0468552  0.028155
 0.05337636 0.05337636 0.05337636 0.05337636 0.05337636 0.05337636
 0.05337636 0.05337636 0.05337636]","[0.02389558 0.04940916 0.09301231 0.12271706 0.16382233 0.18736491
 0.23074041 0.27180068 0.31066931 0.34746327 0.3822933  0.41526423
 0.4464753  0.47602043 0.50398855]",1985.0,1993.0,15
4,victimnotif,Georgia,"[1979 1980 1981 1982 1983 1984 1985 1986 1987 1988 1989 1990 1991 1992
 1993]","[0.01525154 0.0191606  0.03839033 0.039024   0.03084801 0.03520558
 0.07585222 0.06422036 0.06275652 0.03694785 0.04702196 0.11691695
 0.11047918 0.07280545 0.05756288]","[0.01525154 0.03411991 0.07120037 0.10744585 0.13497936 0.16543291
 0.22873668 0.27826749 0.32356091 0.34855388 0.37918615 0.45176981
 0.51233783 0.5478423  0.5738698 ]",1993.0,1991.0,15
4,victimnotif,Idaho,"[1979 1980 1981 1982 1983 1984 1985 1986 1987 1988 1989 1990 1991 1992
 1993 1994 1995 1996 1997 1998 1999 2000]","[0.0150465  0.02067132 0.04040407 0.02212716 0.02043652 0.01192604
 0.0354799  0.0354799  0.0354799  0.0354799  0.0354799  0.0354799
 0.0354799  0.0354799  0.0354799  0.0354799  0.0354799  0.0354799
 0.0354799  0.0354799  0.0354799  0.0354799 ]","[0.0150465  0.03540679 0.07438029 0.09486162 0.11335951 0.12393361
 0.15501637 0.1849963  0.21391256 0.24180287 0.26870363 0.29464995
 0.3196757  0.34381355 0.36709498 0.38955039 0.41120908 0.43209933
 0.45224839 0.47168256 0.49042722 0.50850681]",1985.0,2000.0,22
4,victimnotif,Illinois,"[1979 1980 1981 1982 1983 1984 1985 1986 1987 1988 1989 1990 1991 1992
 1993 1994]","[0.04389333 0.04389333 0.04389333 0.04389333 0.04389333 0.04389333
 0.04389333 0.04389333 0.04389333 0.04389333 0.04389333 0.04389333
 0.04389333 0.04389333 0.04389333 0.04389333]","[0.04389333 0.08586004 0.12598468 0.16434813 0.20102767 0.23609723
 0.26962746 0.30168595 0.33233728 0.36164322 0.38966282 0.41645255
 0.44206639 0.46655596 0.48997059 0.51235748]",1979.0,1994.0,16
4,victimnotif,Indiana,"[1979 1980 1981 1982 1983 1984 1985 1986 1987 1988 1989 1990 1991 1992
 1993 1994 1995 1996 1997 1998 1999]","[0.06041518 0.05512246 0.06514402 0.02307546 0.0752612  0.04972386
 0.13741299 0.23288954 0.1669328  0.10996187 0.1641088  0.1925355
 0.19524125 0.17433553 0.16205626 0.34821878 0.28507559 0.2859373
 0.31605801 0.33963648 0.34667082]","[0.06041518 0.11220741 0.17004179 0.18919346 0.25021573 0.2874979
 0.38540495 0.52853771 0.60724023 0.65042883 0.70779653 0.76405607
 0.81012206 0.84322453 0.86863098 0.91437614 0.93878541 0.95628895
 0.97010417 0.98025789 0.9871019 ]",1999.0,1986.0,21
4,victimnotif,Iowa,"[1979 1980 1981 1982 1983 1984 1985 1986 1987 1988 1989 1990 1991 1992
 1993 1994 1995 1996 1997 1998]","[0.0535878  0.0607866  0.0714601  0.01797316 0.12038805 0.0923093
 0.08138403 0.14640067 0.17370715 0.1275396  0.15158855 0.12682731
 0.13763544 0.16306887 0.17790075 0.28837863 0.23991616 0.30289384
 0.30756532 0.32575951]","[0.0535878  0.11111697 0.17463665 0.18947104 0.28704904 0.35286105
 0.40552782 0.49255895 0.58070508 0.63418179 0.68963564 0.72899832
 0.76629775 0.80440732 0.8392034  0.8855737  0.91302642 0.93937018
 0.95801781 0.97169391]",1998.0,1987.0,20
4,victimnotif,Kansas,[1979 1980 1981 1982 1983 1984 1985 1986 1987 1988 1989],"[0.02312052 0.02128224 0.08028653 0.03765205 0.0636566  0.06025606
 0.10187085 0.14947469 0.10317254 0.07906075 0.09978434]","[0.02312052 0.0439107  0.1206718  0.15378031 0.20764778 0.2553918
 0.33124568 0.43120752 0.48989129 0.53022087 0.57709747]",1989.0,1988.0,11
4,victimnotif,Kentucky,[1979 1980 1981 1982 1983 1984 1985 1986 1987 1988 1989 1990 1991],"[0.00673983 0.044833   0.00725831 0.02286437 0.00966522 0.0599264
 0.01281572 0.09714259 0.09714259 0.09714259 0.09714259 0.09714259
 0.09714259]","[0.00673983 0.05127066 0.05815683 0.07969149 0.08858647 0.1432042
 0.15418465 0.23634935 0.31053235 0.37750903 0.43797942 0.49257555
 0.54186808]",1986.0,1991.0,13
4,victimnotif,Louisiana,"[1979 1980 1981 1982 1983 1984 1985 1986 1987 1988 1989 1990 1991 1992
 1993 1994 1995 1996 1997 1998]","[0.01658786 0.01892312 0.03795467 0.04780863 0.03323958 0.01864075
 0.03835533 0.03835533 0.03835533 0.03835533 0.03835533 0.03835533
 0.03835533 0.03835533 0.03835533 0.03835533 0.03835533 0.03835533
 0.03835533 0.03835533]","[0.01658786 0.03519709 0.07181587 0.11619108 0.14556852 0.16149576
 0.19365687 0.22458442 0.25432575 0.28292633 0.31042993 0.33687861
 0.36231285 0.38677155 0.41029213 0.43291057 0.45466148 0.47557812
 0.49569249 0.51503537]",1985.0,1998.0,20
4,victimnotif,Maine,"[1979 1980 1981 1982 1983 1984 1985 1986 1987 1988 1989 1990 1991 1992
 1993 1994 1995]","[0.03460459 0.03554203 0.0191254  0.00930435 0.02142763 0.02966812
 0.0287328  0.02057359 0.02592179 0.04042941 0.03921052 0.01938675
 0.11080626 0.23786705 0.27207979 0.20087602 0.23257235]","[0.03460459 0.0689167  0.08672404 0.09522148 0.11460874 0.14087663
 0.16556165 0.18272904 0.20391417 0.23609945 0.26605238 0.28028124
 0.36003058 0.51225822 0.6449629  0.71628134 0.78226645]",1995.0,1992.0,17
4,victimnotif,Maryland,"[1979 1980 1981 1982 1983 1984 1985 1986 1987 1988 1989 1990 1991 1992
 1993 1994 1995 1996 1997 1998 1999 2000 2001]","[0.03302646 0.03419767 0.01598228 0.00931412 0.02197499 0.04456418
 0.02365917 0.0234535  0.02933931 0.05232615 0.03819035 0.02096271
 0.02143963 0.0710702  0.0701415  0.05895713 0.11081848 0.19627423
 0.18043741 0.21582279 0.2125772  0.2398919  0.25936791]","[0.03302646 0.0660947  0.08102063 0.08958012 0.10958658 0.14926713
 0.16939476 0.18887536 0.2126732  0.25387098 0.28236591 0.29740947
 0.31247275 0.36133544 0.40613233 0.44114507 0.50307652 0.60060979
 0.67267473 0.74331898 0.79788352 0.84636962 0.88621641]",2001.0,1995.0,23
4,victimnotif,Massachusetts,"[1979 1980 1981 1982 1983 1984 1985 1986 1987 1988 1989 1990 1991 1992
 1993 1994 1995 1996 1997 1998 1999 2000 2001 2002]","[0.01206421 0.0131964  0.00980466 0.00250519 0.01151719 0.01151719
 0.01151719 0.01151719 0.01151719 0.01151719 0.01151719 0.01151719
 0.01151719 0.01151719 0.01151719 0.01151719 0.01151719 0.01151719
 0.01151719 0.01151719 0.01151719 0.01151719 0.01151719 0.01151719]","[0.01206421 0.0251014  0.03465995 0.03707831 0.04816846 0.05913088
 0.06996705 0.08067841 0.09126641 0.10173246 0.11207797 0.12230434
 0.13241292 0.14240508 0.15228216 0.16204548 0.17169636 0.18123609
 0.19066594 0.19998719 0.20920109 0.21830887 0.22731175 0.23621094]",1983.0,,24
4,victimnotif,Michigan,"[1979 1980 1981 1982 1983 1984 1985 1986 1987 1988 1989 1990 1991 1992
 1993 1994 1995]","[0.04977272 0.04792759 0.03019197 0.01319041 0.0344906  0.06489109
 0.04225807 0.04225807 0.04225807 0.04225807 0.04225807 0.04225807
 0.04225807 0.04225807 0.04225807 0.04225807 0.04225807]","[0.04977272 0.09531482 0.12262905 0.13420194 0.16406383 0.21830864
 0.25134142 0.28297829 0.31327824 0.34229778 0.37009101 0.39670975
 0.42220364 0.4466202  0.47000496 0.49240153 0.51385167]",1985.0,1995.0,17
4,victimnotif,Minnesota,"[1979 1980 1981 1982 1983 1984 1985 1986 1987 1988 1989 1990 1991 1992
 1993 1994 1995 1996 1997 1998 1999 2000 2001]","[0.03879372 0.04428595 0.02879756 0.01005179 0.03001617 0.03001617
 0.03001617 0.03001617 0.03001617 0.03001617 0.03001617 0.03001617
 0.03001617 0.03001617 0.03001617 0.03001617 0.03001617 0.03001617
 0.03001617 0.03001617 0.03001617 0.03001617 0.03001617]","[0.03879372 0.08136165 0.10781619 0.11678424 0.14329499 0.16901
 0.19395313 0.21814757 0.24161578 0.26437957 0.28646008 0.30787781
 0.32865267 0.34880394 0.36835035 0.38731006 0.40570066 0.42353925
 0.44084239 0.45762616 0.47390615 0.48969747 0.50501479]",1983.0,2001.0,23
4,victimnotif,Mississippi,"[1979 1980 1981 1982 1983 1984 1985 1986 1987 1988 1989 1990 1991 1992
 1993 1994 1995 1996 1997 1998]","[0.01062634 0.01295448 0.02964632 0.0379651  0.0292956  0.01515431
 0.05387033 0.051086   0.04067068 0.02569631 0.03556445 0.06660547
 0.05035393 0.02974471 0.02627275 0.05366771 0.04783951 0.05455189
 0.09951006 0.11764598]","[0.01062634 0.02344316 0.05239448 0.08837042 0.11507715 0.12848755
 0.17543621 0.21755987 0.24938225 0.26867035 0.29467969 0.34165788
 0.37480799 0.39340415 0.40934109 0.4410404  0.46778075 0.49681432
 0.54688636 0.60019336]",1998.0,1997.0,20
4,victimnotif,Missouri,[1979 1980 1981 1982 1983 1984 1985 1986 1987 1988 1989],"[0.04557756 0.04538013 0.06671241 0.03720891 0.05466688 0.0614675
 0.06313654 0.08056501 0.08056501 0.08056501 0.08056501]","[0.04557756 0.08888937 0.14967175 0.18131154 0.22606669 0.27363843
 0.31949839 0.37432301 0.42473069 0.47107727 0.51368993]",1986.0,1989.0,11
4,victimnotif,Montana,"[1979 1980 1981 1982 1983 1984 1985 1986 1987 1988 1989 1990 1991 1992
 1993 1994 1995]","[0.03629684 0.00655962 0.02313157 0.00181171 0.0391485  0.00494906
 0.05073594 0.01211577 0.10386256 0.00865501 0.08270661 0.02207762
 0.22154696 0.03178378 0.17184037 0.04342346 0.17526049]","[0.03629684 0.04261836 0.0647641  0.06645848 0.10300523 0.10744451
 0.15272916 0.1629945  0.24992803 0.25641992 0.3179189  0.33297763
 0.48075441 0.497258   0.58364937 0.60172876 0.67152997]",1995.0,1993.0,17
4,victimnotif,Nevada,"[1979 1980 1981 1982 1983 1984 1985 1986 1987 1988 1989 1990 1991 1992
 1993]","[0.01679879 0.00278098 0.03378589 0.00646829 0.04045261 0.00547562
 0.06433806 0.06433806 0.06433806 0.06433806 0.06433806 0.06433806
 0.06433806 0.06433806 0.06433806]","[0.01679879 0.01953305 0.052659   0.05878668 0.09686121 0.10180646
 0.15959449 0.21366455 0.26425584 0.31159219 0.35588301 0.39732425
 0.43609923 0.47237951 0.50632559]",1985.0,1993.0,15
4,victimnotif,New Hampshire,[1979 1980 1981 1982 1983 1984 1985 1986 1987 1988 1989 1990 1991 1992],"[0.02742782 0.00455468 0.02933392 0.00233971 0.07742494 0.00693271
 0.07258863 0.06225636 0.04994079 0.02859955 0.05089831 0.08550701
 0.09369657 0.09369657]","[0.02742782 0.03185757 0.06025698 0.06245571 0.13504502 0.14104151
 0.20339213 0.25298603 0.2902925  0.31058981 0.34567963 0.40162861
 0.45769396 0.50850617]",1991.0,1992.0,14
4,victimnotif,New Jersey,"[1979 1980 1981 1982 1983 1984 1985 1986 1987 1988 1989 1990 1991 1992
 1993 1994]","[0.03077706 0.02844825 0.02070973 0.00617754 0.01969939 0.09203028
 0.04148092 0.03577232 0.07054703 0.11301358 0.1053282  0.05281566
 0.05680551 0.08183835 0.09503416 0.10899165]","[0.03077706 0.05834976 0.07785109 0.0835477  0.10160125 0.18428114
 0.21811791 0.24608764 0.29927392 0.37846548 0.44393059 0.47329977
 0.50321924 0.54387496 0.58722242 0.63221173]",1994.0,1991.0,16
4,victimnotif,New Mexico,"[1979 1980 1981 1982 1983 1984 1985 1986 1987 1988 1989 1990 1991 1992
 1993 1994]","[0.01131723 0.01226101 0.02728723 0.04080484 0.03016634 0.06366445
 0.06131501 0.05869661 0.04271338 0.02520653 0.03638713 0.04816664
 0.10467357 0.0750158  0.08619848 0.15928401]","[0.01131723 0.02343948 0.05008711 0.08884816 0.11633427 0.17259236
 0.22332487 0.26891307 0.30014026 0.3177813  0.34260528 0.37426977
 0.43976719 0.48179351 0.52646212 0.60188913]",1994.0,1993.0,16
4,victimnotif,New York,"[1979 1980 1981 1982 1983 1984 1985 1986 1987 1988 1989 1990 1991 1992
 1993 1994]","[0.02430083 0.02468297 0.01861026 0.0064271  0.03135264 0.0554887
 0.0554887  0.0554887  0.0554887  0.0554887  0.0554887  0.0554887
 0.0554887  0.0554887  0.0554887  0.0554887 ]","[0.02430083 0.04838398 0.0660938  0.07209611 0.10118834 0.15106223
 0.19816869 0.24266126 0.28468501 0.3243769  0.36186635 0.39727556
 0.43071995 0.46230856 0.49214436 0.52032461]",1984.0,1994.0,16
4,victimnotif,North Carolina,"[1979 1980 1981 1982 1983 1984 1985 1986 1987 1988 1989 1990 1991 1992
 1993 1994 1995 1996 1997 1998]","[0.02032561 0.02087579 0.05210997 0.05056521 0.04723422 0.0427428
 0.06155581 0.08024052 0.05622105 0.03599434 0.04535969 0.09010262
 0.0808901  0.05047355 0.09015297 0.17581012 0.2103437  0.20435191
 0.22608918 0.25435545]","[0.02032561 0.04077708 0.09076216 0.13673797 0.17751347 0.21266885
 0.26113365 0.32042067 0.35862733 0.38171311 0.40975842 0.46294073
 0.50638351 0.53129809 0.57355296 0.64852666 0.72245686 0.77917333
 0.82909985 0.87256924]",1998.0,1991.0,20
4,victimnotif,North Dakota,"[1979 1980 1981 1982 1983 1984 1985 1986 1987 1988 1989 1990 1991 1992
 1993 1994 1995]","[0.03034335 0.00571219 0.01902317 0.00118366 0.02604778 0.00832872
 0.03698415 0.00418101 0.06127522 0.06127522 0.06127522 0.06127522
 0.06127522 0.06127522 0.06127522 0.06127522 0.06127522]","[0.03034335 0.03588221 0.05422279 0.05534226 0.0799485  0.08761135
 0.12135527 0.12502889 0.17864294 0.22897177 0.27621669 0.32056667
 0.3621991  0.40128049 0.43796716 0.47240584 0.50473429]",1987.0,1995.0,17
4,victimnotif,Ohio,"[1979 1980 1981 1982 1983 1984 1985 1986 1987 1988 1989 1990 1991 1992
 1993 1994]","[0.04376605 0.04312186 0.03888524 0.01447973 0.03504968 0.04698218
 0.07215837 0.0941591  0.09381747 0.06885539 0.09239169 0.07249282
 0.07772458 0.15369825 0.12599791 0.20760284]","[0.04376605 0.08500063 0.1205806  0.13331435 0.16369141 0.20298301
 0.26049445 0.33012563 0.39297154 0.43476873 0.4869914  0.52418084
 0.56116368 0.62861206 0.67540616 0.74279276]",1994.0,1990.0,16
4,victimnotif,Oklahoma,[1979 1980 1981 1982 1983 1984 1985 1986 1987 1988 1989 1990 1991 1992],"[0.01629959 0.02043994 0.04184803 0.03599914 0.03623675 0.02509488
 0.04251583 0.06325696 0.04285763 0.03350305 0.05160572 0.12415989
 0.12498152 0.12498152]","[0.01629959 0.03640637 0.07673086 0.10996776 0.14221963 0.16374553
 0.19929958 0.24994946 0.28209485 0.30614686 0.34195365 0.42365661
 0.49568889 0.55871845]",1991.0,1992.0,14
4,victimnotif,Oregon,"[1979 1980 1981 1982 1983 1984 1985 1986 1987 1988 1989 1990 1991 1992
 1993 1994 1995 1996 1997]","[0.03513435 0.03133967 0.01995567 0.00623748 0.02938188 0.04942528
 0.17176611 0.13613288 0.17663578 0.17291734 0.198705   0.08859314
 0.08526335 0.156808   0.17052119 0.14978736 0.26942436 0.24125941
 0.31581141]","[0.03513435 0.06537292 0.08402403 0.08973741 0.11648264 0.16015074
 0.30440838 0.39910127 0.50524148 0.59079381 0.67210513 0.70115436
 0.72663495 0.76950077 0.80880578 0.83744425 0.88124073 0.90989252
 0.93834949]",1997.0,1987.0,19
4,victimnotif,Pennsylvania,"[1979 1980 1981 1982 1983 1984 1985 1986 1987 1988 1989 1990 1991 1992
 1993 1994 1995 1996 1997 1998]","[0.04787522 0.04796415 0.02760112 0.00862796 0.02684295 0.06936964
 0.03914955 0.02842718 0.0548888  0.0511109  0.06686106 0.03484925
 0.04216398 0.09933664 0.08929563 0.20428205 0.18781831 0.26309154
 0.19705453 0.20471399]","[0.04787522 0.09354307 0.11856229 0.1261673  0.14962355 0.20861386
 0.23959627 0.2612124  0.30176356 0.33745105 0.38174978 0.40329534
 0.42845478 0.48523016 0.53119686 0.62696492 0.69702774 0.77673718
 0.82073213 0.85743077]",1998.0,1993.0,20
4,victimnotif,Rhode Island,"[1979 1980 1981 1982 1983 1984 1985 1986 1987 1988 1989 1990 1991 1992
 1993 1994 1995 1996]","[0.02037687 0.01603844 0.01043152 0.0028484  0.04019153 0.06703601
 0.0482225  0.03890618 0.06192529 0.07228138 0.1108716  0.04166311
 0.12463236 0.30840677 0.26287843 0.23759408 0.24955456 0.20069395]","[0.02037687 0.0360885  0.04614356 0.04886053 0.08708828 0.14828624
 0.189358   0.22089698 0.26914316 0.3219705  0.39714472 0.42226154
 0.49426645 0.6502381  0.74218296 0.80343876 0.85249151 0.88209558]",1996.0,1992.0,18
4,victimnotif,South Carolina,"[1979 1980 1981 1982 1983 1984 1985 1986 1987 1988 1989 1990 1991 1992
 1993 1994 1995 1996 1997 1998 1999 2000 2001 2002 2003]","[0.01964017 0.02154646 0.04064168 0.0296104  0.03898883 0.01816945
 0.01816945 0.01816945 0.01816945 0.01816945 0.01816945 0.01816945
 0.01816945 0.01816945 0.01816945 0.01816945 0.01816945 0.01816945
 0.01816945 0.01816945 0.01816945 0.01816945 0.01816945 0.01816945
 0.01816945]","[0.01964017 0.04076345 0.07974843 0.10699744 0.14181457 0.15740732
 0.17271677 0.18774805 0.20250623 0.21699625 0.231223   0.24519125
 0.25890572 0.27237099 0.28559161 0.29857202 0.31131658 0.32382958
 0.33611523 0.34817765 0.3600209  0.37164897 0.38306577 0.39427512
 0.40528081]",1984.0,,25
4,victimnotif,South Dakota,"[1979 1980 1981 1982 1983 1984 1985 1986 1987 1988 1989 1990 1991 1992
 1993 1994 1995 1996]","[0.0325348  0.02653079 0.04765891 0.0190728  0.0585275  0.05417261
 0.06982359 0.07325949 0.09594116 0.05174868 0.09431886 0.0837726
 0.1208806  0.14145946 0.14050899 0.20359904 0.22132269 0.22101767]","[0.0325348  0.05820241 0.10308746 0.1201941  0.17168694 0.21655882
 0.27126149 0.3246485  0.38944251 0.42103806 0.47564509 0.51957166
 0.57764613 0.63739208 0.68834175 0.75179507 0.80672845 0.84944488]",1996.0,1990.0,18
4,victimnotif,Tennessee,"[1979 1980 1981 1982 1983 1984 1985 1986 1987 1988 1989 1990 1991 1992
 1993 1994 1995 1996 1997 1998 1999 2000]","[0.02911808 0.0297265  0.03653254 0.0184991  0.04588476 0.03697816
 0.03995946 0.06428019 0.05746162 0.03726117 0.05524875 0.05841514
 0.06789539 0.05517597 0.06342004 0.09436035 0.1362154  0.11730227
 0.17676442 0.31442246 0.34474974 0.3004896 ]","[0.02911808 0.057979   0.09239342 0.10918333 0.15005824 0.18148752
 0.21419483 0.26470654 0.30695769 0.33278126 0.36964426 0.40646658
 0.44676476 0.47729005 0.51044034 0.55663536 0.61702845 0.66195188
 0.72170676 0.80920841 0.87498376 0.91254984]",2000.0,1993.0,22
4,victimnotif,Texas,"[1979 1980 1981 1982 1983 1984 1985 1986 1987 1988 1989 1990 1991 1992
 1993 1994 1995 1996]","[0.02034729 0.00394386 0.04723789 0.00778758 0.04645741 0.00514262
 0.07843542 0.01279605 0.04568722 0.00461075 0.03353442 0.01491063
 0.12038636 0.01460233 0.06405246 0.06405246 0.06405246 0.06405246]","[0.02034729 0.02421091 0.07030512 0.07754519 0.12040005 0.1249235
 0.19356049 0.20387973 0.24025225 0.24375526 0.26911549 0.28001343
 0.36669    0.3759378  0.41591051 0.45332288 0.48833889 0.52111204]",1993.0,1996.0,18
4,victimnotif,Utah,"[1979 1980 1981 1982 1983 1984 1985 1986 1987 1988 1989 1990 1991 1992
 1993 1994 1995 1996]","[0.01331431 0.01189378 0.03276269 0.03387714 0.02269826 0.02051068
 0.07502015 0.06873344 0.06027301 0.03357391 0.04846273 0.1097008
 0.13523221 0.07433185 0.06533488 0.1491919  0.14964741 0.18704789]","[0.01331431 0.02504973 0.05699172 0.08893815 0.10961767 0.12788002
 0.19330659 0.24875341 0.2940333  0.31773537 0.35079977 0.42201756
 0.5001794  0.53733199 0.56756035 0.63207684 0.68713559 0.74565622]",1996.0,1991.0,18
4,victimnotif,Vermont,[1989 1990 1991 1992 1993 1994 1995],"[0.11236326 0.06436489 0.08388315 0.1468394  0.21089215 0.08836881
 0.13231879]","[0.11236326 0.1694959  0.2391612  0.35088232 0.48777614 0.53304075
 0.59482823]",1995.0,1994.0,7
4,victimnotif,Virginia,"[1979 1980 1981 1982 1983 1984 1985 1986 1987 1988 1989 1990 1991 1992
 1993 1994 1995]","[0.01826802 0.02317626 0.0246423  0.05201299 0.03583316 0.02074105
 0.03619813 0.05379679 0.04586839 0.03029796 0.03471996 0.08846631
 0.08717184 0.07146747 0.06710287 0.12028847 0.11200365]","[0.01826802 0.0410209  0.06465235 0.11330258 0.14507575 0.16280778
 0.19311257 0.23652052 0.27154009 0.29361094 0.31813674 0.37845867
 0.43263957 0.47318738 0.50853802 0.56765523 0.61607942]",1995.0,1993.0,17
4,victimnotif,Washington,[1979 1980 1981 1982 1983 1984 1985 1986 1987 1988 1989 1990],"[0.03947757 0.00408101 0.03035485 0.00942641 0.0322537  0.04947174
 0.09559782 0.09559782 0.09559782 0.09559782 0.09559782 0.09559782]","[0.03947757 0.04339747 0.072435   0.0811786  0.11081399 0.15480357
 0.2356025  0.30867724 0.37476619 0.43453717 0.48859419 0.53748347]",1985.0,1990.0,12
4,victimnotif,West Virginia,"[1979 1980 1981 1982 1983 1984 1985 1986 1987 1988 1989 1990 1991 1992
 1993 1994]","[0.03970584 0.04854341 0.0320015  0.0145785  0.02228783 0.04680116
 0.03894992 0.03074753 0.06556448 0.05857982 0.08173562 0.04004259
 0.04731741 0.04192996 0.04192996 0.04192996]","[0.03970584 0.08632179 0.11556087 0.12845466 0.14787952 0.18775975
 0.21939644 0.24339807 0.29300428 0.33441996 0.38882155 0.41329472
 0.44105609 0.46449259 0.4869464  0.50845871]",1992.0,1994.0,16
4,victimnotif,Wisconsin,"[1979 1980 1981 1982 1983 1984 1985 1986 1987 1988 1989 1990 1991 1992
 1993]","[0.07245081 0.07753885 0.05792228 0.01941831 0.10902476 0.11975737
 0.17396829 0.21473618 0.19509301 0.16731661 0.18426195 0.14685415
 0.15023077 0.21915178 0.2104518 ]","[0.07245081 0.1443719  0.19393184 0.20958431 0.2957592  0.38009723
 0.48794065 0.59789832 0.67634555 0.73049831 0.78015722 0.81244204
 0.84061902 0.87554764 0.90173887]",1993.0,1986.0,15
4,victimnotif,Wyoming,[1979 1980 1981 1982 1983 1984 1985 1986 1987 1988 1989 1990 1991],"[0.02167932 0.02219404 0.05549294 0.04161947 0.03762428 0.03594868
 0.08161434 0.07083331 0.04444167 0.02677872 0.04377131 0.10682561
 0.10444611]","[0.02167932 0.0433922  0.09647718 0.13408132 0.16666089 0.19661833
 0.2621858  0.31444762 0.34491472 0.36245706 0.39036316 0.45548798
 0.51236014]",1991.0,1991.0,13
4,undoctuit,Alabama,[2001 2002 2003 2004 2005 2006 2007 2008 2009 2010 2011 2012 2013 2014],"[0.04667395 0.0460584  0.04029052 0.07211443 0.05936745 0.07330587
 0.04226492 0.04619054 0.04619054 0.04619054 0.04619054 0.04619054
 0.04619054 0.04619054]","[0.04667395 0.09058263 0.12722353 0.1901633  0.23824124 0.29408263
 0.32391817 0.35514675 0.38493287 0.41334315 0.44044114 0.46628747
 0.49093993 0.51445369]",,2014.0,14
4,undoctuit,Arizona,[2001 2002 2003 2004 2005 2006 2007 2008],"[0.08787022 0.13833386 0.15832237 0.1381235  0.23241716 0.19703279
 0.22448299 0.24140263]","[0.08787022 0.21404866 0.33848233 0.42985347 0.56236531 0.64859369
 0.72747843 0.79326585]",,2005.0,8
4,undoctuit,Arkansas,"[2001 2002 2003 2004 2005 2006 2007 2008 2009 2010 2011 2012 2013 2014
 2015 2016 2017 2018 2019 2020 2021 2022 2023 2024 2025 2026 2027]","[0.10625818 0.01515476 0.13057947 0.01857368 0.1571888  0.02125722
 0.05242371 0.00687992 0.00687992 0.00687992 0.00687992 0.00687992
 0.00687992 0.00687992 0.00687992 0.00687992 0.00687992 0.00687992
 0.00687992 0.00687992 0.00687992 0.00687992 0.00687992 0.00687992
 0.00687992 0.00687992 0.00687992]","[0.10625818 0.11980262 0.23473832 0.24895205 0.36700837 0.38046402
 0.41294239 0.4169813  0.42099242 0.42497595 0.42893207 0.43286097
 0.43676285 0.44063787 0.44448624 0.44830813 0.45210373 0.45587321
 0.45961676 0.46333456 0.46702677 0.47069359 0.47433517 0.47795171
 0.48154336 0.4851103  0.4886527 ]",,,27
4,undoctuit,California,[2001 2002 2003 2004 2005 2006 2007 2008 2009],"[0.0772685 0.0772685 0.0772685 0.0772685 0.0772685 0.0772685 0.0772685
 0.0772685 0.0772685]","[0.0772685  0.14856657 0.21435555 0.27506111 0.33107605 0.3827628
 0.43045579 0.47446361 0.51507102]",2001.0,2009.0,9
4,undoctuit,Colorado,[2001 2002 2003 2004 2005 2006 2007 2008],"[0.07411336 0.12720597 0.1665838  0.14646225 0.29929603 0.31976863
 0.20744627 0.19412119]","[0.07411336 0.19189167 0.32650943 0.42515037 0.59720058 0.7260032
 0.78284281 0.82499763]",,2005.0,8
4,undoctuit,Connecticut,[2001 2002 2003 2004 2005 2006 2007 2008],"[0.07247861 0.14966112 0.1266986  0.06896199 0.10362088 0.07250975
 0.04339471 0.0242309 ]","[0.07247861 0.21129249 0.31122063 0.35872023 0.4251702  0.46685097
 0.48998682 0.50234489]",,2008.0,8
4,undoctuit,Delaware,"[2001 2002 2003 2004 2005 2006 2007 2008 2009 2010 2011 2012 2013 2014
 2015 2016 2017 2018 2019 2020 2021 2022 2023 2024 2025 2026 2027]","[0.07456891 0.08546467 0.07465596 0.03640702 0.07279661 0.04757181
 0.01848489 0.01378679 0.01378679 0.01378679 0.01378679 0.01378679
 0.01378679 0.01378679 0.01378679 0.01378679 0.01378679 0.01378679
 0.01378679 0.01378679 0.01378679 0.01378679 0.01378679 0.01378679
 0.01378679 0.01378679 0.01378679]","[0.07456891 0.15366057 0.21684485 0.2453572  0.30029264 0.33357898
 0.3458977  0.35491567 0.36380932 0.37258034 0.38123045 0.3897613
 0.39817453 0.40647177 0.41465462 0.42272466 0.43068343 0.43853248
 0.44627332 0.45390743 0.4614363  0.46886136 0.47618406 0.4834058
 0.49052798 0.49755197 0.50447911]",,2027.0,27
4,undoctuit,Florida,"[2001 2002 2003 2004 2005 2006 2007 2008 2009 2010 2011 2012 2013 2014
 2015 2016 2017 2018 2019 2020 2021]","[0.075979   0.06931456 0.06675635 0.07767339 0.07378974 0.06246934
 0.02047773 0.01661099 0.01661099 0.01661099 0.01661099 0.01661099
 0.01661099 0.01661099 0.01661099 0.01661099 0.01661099 0.01661099
 0.01661099 0.01661099 0.01661099]","[0.075979   0.14002711 0.19743576 0.25977364 0.31439475 0.35722406
 0.37038665 0.38084515 0.39112993 0.40124386 0.41118979 0.42097051
 0.43058877 0.44004725 0.44934862 0.45849548 0.46749041 0.47633592
 0.4850345  0.49358858 0.50200058]",,2021.0,21
4,undoctuit,Georgia,"[2001 2002 2003 2004 2005 2006 2007 2008 2009 2010 2011 2012 2013 2014
 2015 2016 2017 2018 2019]","[0.06033299 0.05391625 0.05828818 0.06392785 0.06413016 0.06358462
 0.03661264 0.02329984 0.02329984 0.02329984 0.02329984 0.02329984
 0.02329984 0.02329984 0.02329984 0.02329984 0.02329984 0.02329984
 0.02329984]","[0.06033299 0.11099631 0.16281471 0.21633417 0.26659078 0.31322433
 0.33836899 0.35378489 0.3688416  0.38354749 0.39791074 0.41193932
 0.42564104 0.43902351 0.45209418 0.46486029 0.47732896 0.48950712
 0.50140152]",,2019.0,19
4,undoctuit,Idaho,[2001 2002 2003 2004 2005 2006 2007 2008 2009 2010],"[0.0217321  0.02683583 0.05626413 0.06468414 0.09005051 0.07642605
 0.11361818 0.09642012 0.09642012 0.09642012]","[0.0217321  0.04798474 0.10154905 0.15966458 0.23533722 0.29377737
 0.3740171  0.43437445 0.48891213 0.53819129]",,2010.0,10
4,undoctuit,Illinois,[2001 2002 2003 2004 2005 2006 2007 2008 2009 2010 2011 2012],"[0.05669611 0.05783419 0.05644836 0.05644836 0.05644836 0.05644836
 0.05644836 0.05644836 0.05644836 0.05644836 0.05644836 0.05644836]","[0.05669611 0.11125133 0.16141973 0.20875621 0.25342062 0.2955638
 0.33532806 0.3728477  0.40824942 0.44165276 0.47317055 0.5029092 ]",2003.0,2012.0,12
4,undoctuit,Indiana,[2001 2002 2003 2004 2005 2006 2007 2008],"[0.06925156 0.06592237 0.12950113 0.12010567 0.13227385 0.09284628
 0.03398562 0.06102274]","[0.06925156 0.1306087  0.24319586 0.33409232 0.4221745  0.47582345
 0.49363791 0.52453751]",,2008.0,8
4,undoctuit,Iowa,[2001 2002 2003 2004 2005 2006 2007 2008],"[0.07342571 0.06172974 0.10863279 0.08397024 0.11889198 0.11693873
 0.05190784 0.05607853]","[0.07342571 0.1306229  0.22506576 0.29013718 0.37453417 0.44767535
 0.47634533 0.50571111]",,2008.0,8
4,undoctuit,Kansas,[2001 2002 2003 2004 2005 2006 2007 2008],"[0.03899774 0.03843197 0.08601337 0.10880095 0.10880095 0.10880095
 0.10880095 0.10880095]","[0.03899774 0.07593095 0.15541324 0.24730508 0.329199   0.40218279
 0.46722587 0.52519221]",2004.0,2008.0,8
4,undoctuit,Kentucky,[2001 2002 2003 2004 2005 2006 2007 2008 2009 2010 2011 2012 2013 2014],"[0.02736776 0.02174618 0.06850919 0.08536728 0.08390489 0.09915564
 0.04101513 0.0375887  0.0375887  0.0375887  0.0375887  0.0375887
 0.0375887  0.0375887 ]","[0.02736776 0.04851879 0.11370399 0.18936468 0.25738094 0.33101581
 0.35845429 0.38256916 0.40577759 0.42811364 0.4496101  0.47029855
 0.49020934 0.50937171]",,2014.0,14
4,undoctuit,Louisiana,[2001 2002 2003 2004 2005 2006 2007 2008],"[0.08280584 0.08637665 0.09149323 0.14423589 0.13545808 0.12848874
 0.0619098  0.07874768]","[0.08280584 0.16203    0.23869859 0.34850558 0.43675576 0.5091263
 0.53951619 0.57577822]",,2006.0,8
4,undoctuit,Maine,"[2001 2002 2003 2004 2005 2006 2007 2008 2009 2010 2011 2012 2013 2014
 2015 2016 2017 2018 2019 2020 2021 2022 2023 2024 2025 2026 2027]","[0.03230391 0.03827338 0.03848646 0.03301436 0.02765453 0.02926373
 0.01398462 0.00611846 0.00611846 0.00611846 0.00611846 0.00611846
 0.00611846 0.00611846 0.00611846 0.00611846 0.00611846 0.00611846
 0.00611846 0.00611846 0.00611846 0.00611846 0.00611846 0.00611846
 0.00611846 0.00611846 0.00611846]","[0.03230391 0.06934091 0.10515869 0.1347013  0.15863073 0.18325233
 0.19467423 0.19960159 0.2044988  0.20936604 0.21420351 0.21901138
 0.22378983 0.22853904 0.2332592  0.23795047 0.24261305 0.24724709
 0.25185278 0.25643029 0.2609798  0.26550147 0.26999547 0.27446198
 0.27890115 0.28331317 0.28769819]",,,27
4,undoctuit,Maryland,"[2001 2002 2003 2004 2005 2006 2007 2008 2009 2010 2011 2012 2013 2014
 2015 2016 2017 2018 2019 2020 2021 2022]","[0.05608065 0.05387078 0.06460003 0.04769426 0.06868726 0.04514874
 0.02818946 0.02106098 0.02106098 0.02106098 0.02106098 0.02106098
 0.02106098 0.02106098 0.02106098 0.02106098 0.02106098 0.02106098
 0.02106098 0.02106098 0.02106098 0.02106098]","[0.05608065 0.10693032 0.16462265 0.20446536 0.25910845 0.29255877
 0.31250116 0.32698056 0.34115501 0.35503093 0.36861461 0.3819122
 0.39492974 0.40767311 0.42014809 0.43236034 0.44431539 0.45601865
 0.46747543 0.47869092 0.4896702  0.50041825]",,2022.0,22
4,undoctuit,Massachusetts,"[2001 2002 2003 2004 2005 2006 2007 2008 2009 2010 2011 2012 2013 2014
 2015 2016 2017 2018 2019 2020 2021 2022 2023 2024 2025 2026 2027]","[0.02834646 0.04769558 0.0444829  0.02881706 0.0526763  0.03555725
 0.01699355 0.01732149 0.01732149 0.01732149 0.01732149 0.01732149
 0.01732149 0.01732149 0.01732149 0.01732149 0.01732149 0.01732149
 0.01732149 0.01732149 0.01732149 0.01732149 0.01732149 0.01732149
 0.01732149 0.01732149 0.01732149]","[0.02834646 0.07469004 0.11585051 0.1413291  0.18656071 0.21548437
 0.22881608 0.24217413 0.25530081 0.26820011 0.28087597 0.29333227
 0.30557281 0.31760133 0.32942149 0.34103691 0.35245113 0.36366765
 0.37468987 0.38552117 0.39616486 0.40662419 0.41690234 0.42700246
 0.43692763 0.44668089 0.4562652 ]",,,27
4,undoctuit,Michigan,"[2001 2002 2003 2004 2005 2006 2007 2008 2009 2010 2011 2012 2013 2014
 2015 2016 2017 2018]","[0.05495211 0.05612897 0.10464769 0.07430426 0.10657966 0.0688279
 0.02318145 0.01764819 0.01764819 0.01764819 0.01764819 0.01764819
 0.01764819 0.01764819 0.01764819 0.01764819 0.01764819 0.01764819]","[0.05495211 0.10799668 0.20134277 0.26068641 0.3394822  0.38494425
 0.39920214 0.40980514 0.42022101 0.43045306 0.44050453 0.45037862
 0.46007844 0.46960708 0.47896756 0.48816284 0.49719584 0.50606943]",,2018.0,18
4,undoctuit,Minnesota,"[2001 2002 2003 2004 2005 2006 2007 2008 2009 2010 2011 2012 2013 2014
 2015 2016 2017 2018 2019]","[0.07877801 0.08110144 0.07884301 0.07065177 0.07906097 0.06229124
 0.01946739 0.01706329 0.01706329 0.01706329 0.01706329 0.01706329
 0.01706329 0.01706329 0.01706329 0.01706329 0.01706329 0.01706329
 0.01706329]","[0.07877801 0.15349044 0.2202318  0.2753238  0.3326174  0.3741895
 0.3863724  0.3968429  0.40713474 0.41725097 0.42719459 0.43696853
 0.4465757  0.45601894 0.46530104 0.47442476 0.48339281 0.49220782
 0.50087243]",,2019.0,19
4,undoctuit,Mississippi,"[2001 2002 2003 2004 2005 2006 2007 2008 2009 2010 2011 2012 2013 2014
 2015 2016]","[0.04088959 0.04111476 0.04517498 0.05050973 0.04512322 0.05540443
 0.04644561 0.04128347 0.04128347 0.04128347 0.04128347 0.04128347
 0.04128347 0.04128347 0.04128347 0.04128347]","[0.04088959 0.08032318 0.12186956 0.1662237  0.20384637 0.24795681
 0.28288591 0.31249088 0.34087364 0.36808467 0.39417233 0.419183
 0.44316114 0.46614938 0.48818859 0.50931795]",,2016.0,16
4,undoctuit,Missouri,[2001 2002 2003 2004 2005 2006 2007 2008],"[0.07060621 0.0773862  0.11933043 0.14326525 0.15767026 0.17446474
 0.06931554 0.07138795]","[0.07060621 0.14252847 0.24485091 0.35303753 0.45504428 0.55011983
 0.58130352 0.6111934 ]",,2006.0,8
4,undoctuit,Montana,"[2001 2002 2003 2004 2005 2006 2007 2008 2009 2010 2011 2012 2013 2014
 2015 2016 2017 2018 2019 2020 2021 2022 2023 2024 2025 2026 2027]","[0.06427095 0.00994945 0.06603722 0.01168417 0.06472104 0.01468729
 0.01727233 0.00255734 0.00255734 0.00255734 0.00255734 0.00255734
 0.00255734 0.00255734 0.00255734 0.00255734 0.00255734 0.00255734
 0.00255734 0.00255734 0.00255734 0.00255734 0.00255734 0.00255734
 0.00255734 0.00255734 0.00255734]","[0.06427095 0.07358094 0.13475908 0.1448687  0.20021369 0.21196038
 0.22557166 0.22755213 0.22952755 0.23149791 0.23346323 0.23542353
 0.23737881 0.2393291  0.24127439 0.24321471 0.24515007 0.24708048
 0.24900595 0.2509265  0.25284214 0.25475288 0.25665873 0.25855971
 0.26045582 0.26234709 0.26423352]",,,27
4,undoctuit,Nevada,[2001 2002 2003 2004 2005 2006 2007 2008 2009 2010],"[0.11421174 0.03312541 0.15965995 0.0239917  0.17085515 0.02242212
 0.08306132 0.02018706 0.02018706 0.02018706]","[0.11421174 0.14355385 0.28029399 0.29756096 0.41757629 0.43063546
 0.47792763 0.48846674 0.49879309 0.50891099]",,2010.0,10
4,undoctuit,New Hampshire,[2001 2002 2003 2004 2005 2006 2007 2008 2009 2010 2011 2012],"[0.07347517 0.07684161 0.07181042 0.08045294 0.08268464 0.06674641
 0.05394712 0.03770834 0.03770834 0.03770834 0.03770834 0.03770834]","[0.07347517 0.14467083 0.20609238 0.26996458 0.33032729 0.37502554
 0.40874111 0.4310365  0.45249117 0.47313682 0.49300396 0.51212194]",,2012.0,12
4,undoctuit,New Jersey,[2001 2002 2003 2004 2005 2006 2007 2008],"[0.05574509 0.16201008 0.14037918 0.09762438 0.15738994 0.14517639
 0.04843043 0.05115706]","[0.05574509 0.2087239  0.31980259 0.38620644 0.48281137 0.55789495
 0.57930629 0.60082774]",,2006.0,8
4,undoctuit,New Mexico,[2001 2002 2003 2004 2005],[0.08487688 0.11980821 0.17633992 0.14069216 0.1569617 ],[0.08487688 0.19451614 0.3365551  0.4298966  0.519381  ],2005.0,2005.0,5
4,undoctuit,New York,"[2001 2002 2003 2004 2005 2006 2007 2008 2009 2010 2011 2012 2013 2014
 2015]","[0.04480992 0.04534565 0.04534565 0.04534565 0.04534565 0.04534565
 0.04534565 0.04534565 0.04534565 0.04534565 0.04534565 0.04534565
 0.04534565 0.04534565 0.04534565]","[0.04480992 0.08812363 0.12947326 0.16894786 0.20663246 0.24260823
 0.27695265 0.3097397  0.34104001 0.37092098 0.39944697 0.42667944
 0.45267704 0.47749575 0.50118905]",2002.0,2015.0,15
4,undoctuit,North Carolina,"[2001 2002 2003 2004 2005 2006 2007 2008 2009 2010 2011 2012 2013 2014
 2015 2016 2017]","[0.08021018 0.07690092 0.07249895 0.074367   0.07904688 0.05833845
 0.03537304 0.02091039 0.02091039 0.02091039 0.02091039 0.02091039
 0.02091039 0.02091039 0.02091039 0.02091039 0.02091039]","[0.08021018 0.15094286 0.21249862 0.27106274 0.32868295 0.36784655
 0.39020774 0.40295873 0.4154431  0.42766642 0.43963414 0.45135161
 0.46282406 0.47405662 0.4850543  0.49582202 0.50636458]",,2017.0,17
4,undoctuit,North Dakota,"[2001 2002 2003 2004 2005 2006 2007 2008 2009 2010 2011 2012 2013 2014
 2015 2016 2017 2018 2019 2020 2021 2022 2023 2024 2025 2026 2027]","[0.04208501 0.00674028 0.05389206 0.00489689 0.03602807 0.00398945
 0.01503655 0.00179268 0.00179268 0.00179268 0.00179268 0.00179268
 0.00179268 0.00179268 0.00179268 0.00179268 0.00179268 0.00179268
 0.00179268 0.00179268 0.00179268 0.00179268 0.00179268 0.00179268
 0.00179268 0.00179268 0.00179268]","[0.04208501 0.04854162 0.09981767 0.10422577 0.13649878 0.13994368
 0.15287595 0.15439458 0.15591047 0.15742366 0.15893413 0.16044189
 0.16194695 0.16344931 0.16494897 0.16644595 0.16794025 0.16943186
 0.17092081 0.17240708 0.17389069 0.17537164 0.17684993 0.17832557
 0.17979857 0.18126893 0.18273665]",,,27
4,undoctuit,Ohio,"[2001 2002 2003 2004 2005 2006 2007 2008 2009 2010 2011 2012 2013 2014
 2015 2016 2017 2018 2019]","[0.08187892 0.07023974 0.07555436 0.05681555 0.06859987 0.05077736
 0.02145506 0.02256741 0.02256741 0.02256741 0.02256741 0.02256741
 0.02256741 0.02256741 0.02256741 0.02256741 0.02256741 0.02256741
 0.02256741]","[0.08187892 0.14636751 0.21086316 0.2556984  0.30675739 0.34195842
 0.35607675 0.37060843 0.38481216 0.39869536 0.41226525 0.4255289
 0.43849323 0.45116498 0.46355077 0.47565704 0.4874901  0.49905612
 0.51036113]",,2019.0,19
4,undoctuit,Oklahoma,[2001 2002 2003 2004 2005 2006 2007 2008 2009 2010 2011],"[0.05884336 0.05776407 0.06248873 0.06248873 0.06248873 0.06248873
 0.06248873 0.06248873 0.06248873 0.06248873 0.06248873]","[0.05884336 0.1132084  0.16862288 0.22057458 0.26927988 0.31494166
 0.35775008 0.39788346 0.43550896 0.47078329 0.50385337]",2003.0,2011.0,11
4,undoctuit,Oregon,[2001 2002 2003 2004 2005 2006 2007 2008],"[0.09049745 0.08801196 0.16391095 0.11717837 0.16664918 0.14109961
 0.04465671 0.03146671]","[0.09049745 0.17054455 0.30650139 0.38776443 0.48979298 0.56178299
 0.58135232 0.59452579]",,2006.0,8
4,undoctuit,Pennsylvania,"[2001 2002 2003 2004 2005 2006 2007 2008 2009 2010 2011 2012 2013 2014
 2015]","[0.06990825 0.10222558 0.09602542 0.0805286  0.09506255 0.06444173
 0.01735172 0.01966031 0.01966031 0.01966031 0.01966031 0.01966031
 0.01966031 0.01966031 0.01966031]","[0.06990825 0.16498741 0.24516985 0.30595526 0.37193292 0.41240665
 0.42260241 0.43395422 0.44508286 0.45599271 0.46668806 0.47717314
 0.48745208 0.49752893 0.50740767]",,2015.0,15
4,undoctuit,Rhode Island,"[2001 2002 2003 2004 2005 2006 2007 2008 2009 2010 2011 2012 2013 2014
 2015 2016 2017 2018 2019 2020 2021 2022 2023 2024 2025 2026 2027]","[0.01915657 0.02310174 0.02057143 0.02106072 0.02541011 0.01545713
 0.00962912 0.0115043  0.0115043  0.0115043  0.0115043  0.0115043
 0.0115043  0.0115043  0.0115043  0.0115043  0.0115043  0.0115043
 0.0115043  0.0115043  0.0115043  0.0115043  0.0115043  0.0115043
 0.0115043  0.0115043  0.0115043 ]","[0.01915657 0.04181576 0.06152697 0.08129189 0.10463637 0.11847613
 0.12696443 0.13700809 0.14693621 0.15675011 0.16645111 0.17604051
 0.18551959 0.19488961 0.20415185 0.21330752 0.22235787 0.2313041
 0.24014741 0.24888898 0.25752999 0.26607158 0.27451492 0.28286112
 0.2911113  0.29926657 0.30732801]",,,27
4,undoctuit,South Carolina,"[2001 2002 2003 2004 2005 2006 2007 2008 2009 2010 2011 2012 2013 2014
 2015 2016 2017 2018 2019]","[0.05039614 0.05406062 0.05732657 0.05870833 0.05540784 0.0564563
 0.02699737 0.02757496 0.02757496 0.02757496 0.02757496 0.02757496
 0.02757496 0.02757496 0.02757496 0.02757496 0.02757496 0.02757496
 0.02757496]","[0.05039614 0.10173232 0.15322692 0.20293955 0.24710295 0.28960873
 0.30878742 0.32784758 0.34638216 0.36440565 0.38193214 0.39897534
 0.41554857 0.43166479 0.44733662 0.46257629 0.47739573 0.49180652
 0.50581994]",,2019.0,19
4,undoctuit,South Dakota,"[2001 2002 2003 2004 2005 2006 2007 2008 2009 2010 2011 2012 2013 2014
 2015]","[0.05376486 0.05869199 0.05788272 0.0512939  0.05376579 0.07515876
 0.05087079 0.03578386 0.03578386 0.03578386 0.03578386 0.03578386
 0.03578386 0.03578386 0.03578386]","[0.05376486 0.10930128 0.16085735 0.20390025 0.24670318 0.30332003
 0.3387607  0.36242239 0.38523738 0.40723596 0.42844734 0.4488997
 0.4686202  0.48763502 0.50596941]",,2015.0,15
4,undoctuit,Tennessee,[2001 2002 2003 2004 2005 2006 2007 2008 2009 2010 2011 2012 2013 2014],"[0.05594629 0.05481845 0.07273861 0.08082603 0.06775636 0.07018445
 0.03056074 0.03726917 0.03726917 0.03726917 0.03726917 0.03726917
 0.03726917 0.03726917]","[0.05594629 0.10769786 0.17260268 0.23947792 0.29100813 0.34076834
 0.36091495 0.38473311 0.4076636  0.42973948 0.45099261 0.47145366
 0.49115214 0.51011648]",,2014.0,14
4,undoctuit,Texas,[2001 2002 2003 2004 2005 2006 2007 2008 2009 2010 2011],"[0.06434349 0.06434349 0.06434349 0.06434349 0.06434349 0.06434349
 0.06434349 0.06434349 0.06434349 0.06434349 0.06434349]","[0.06434349 0.12454689 0.1808766  0.23358186 0.28289587 0.32903685
 0.37220896 0.41260323 0.45039838 0.48576167 0.51884956]",2001.0,2011.0,11
4,undoctuit,Utah,"[2001 2002 2003 2004 2005 2006 2007 2008 2009 2010 2011 2012 2013 2014
 2015 2016 2017]","[0.03891198 0.04043599 0.04043599 0.04043599 0.04043599 0.04043599
 0.04043599 0.04043599 0.04043599 0.04043599 0.04043599 0.04043599
 0.04043599 0.04043599 0.04043599 0.04043599 0.04043599]","[0.03891198 0.07777452 0.11506562 0.15084882 0.18518508 0.21813293
 0.2497485  0.28008566 0.30919611 0.33712945 0.36393327 0.38965326
 0.41433323 0.43801525 0.46073966 0.48254518 0.50346898]",2002.0,2017.0,17
4,undoctuit,Vermont,"[2001 2002 2003 2004 2005 2006 2007 2008 2009 2010 2011 2012 2013 2014
 2015 2016 2017 2018 2019 2020 2021 2022 2023 2024 2025 2026 2027]","[0.02399935 0.02248968 0.04518989 0.03828051 0.04423872 0.02924557
 0.02281247 0.01832665 0.01832665 0.01832665 0.01832665 0.01832665
 0.01832665 0.01832665 0.01832665 0.01832665 0.01832665 0.01832665
 0.01832665 0.01832665 0.01832665 0.01832665 0.01832665 0.01832665
 0.01832665 0.01832665 0.01832665]","[0.02399935 0.04594929 0.08906273 0.12393387 0.16268992 0.18717753
 0.20572002 0.22027651 0.23456623 0.24859407 0.26236482 0.27588321
 0.28915384 0.30218127 0.31496995 0.32752426 0.33984849 0.35194685
 0.3638235  0.37548248 0.3869278  0.39816336 0.40919301 0.42002052
 0.4306496  0.44108389 0.45132695]",,,27
4,undoctuit,Virginia,[2001 2002 2003 2004 2005 2006 2007 2008 2009 2010 2011 2012],"[0.08304106 0.09280382 0.09427181 0.08347578 0.10219425 0.07696536
 0.02515162 0.02351745 0.02351745 0.02351745 0.02351745 0.02351745]","[0.08304106 0.16813836 0.24655946 0.3094535  0.38002338 0.42774011
 0.44213337 0.45525297 0.46806403 0.48057381 0.4927894  0.5047177 ]",,2012.0,12
4,undoctuit,Washington,[2001 2002 2003 2004 2005 2006 2007 2008 2009],"[0.08825364 0.08525935 0.07280183 0.07280183 0.07280183 0.07280183
 0.07280183 0.07280183 0.07280183]","[0.08825364 0.16598854 0.2267061  0.2830033  0.33520197 0.38360048
 0.42847549 0.47008352 0.50866241]",2003.0,2009.0,9
4,undoctuit,West Virginia,"[2001 2002 2003 2004 2005 2006 2007 2008 2009 2010 2011 2012 2013 2014
 2015 2016 2017 2018 2019 2020 2021 2022 2023 2024 2025 2026 2027]","[0.03977945 0.04423771 0.03636529 0.03036189 0.03981834 0.04482403
 0.01151926 0.00952937 0.00952937 0.00952937 0.00952937 0.00952937
 0.00952937 0.00952937 0.00952937 0.00952937 0.00952937 0.00952937
 0.00952937 0.00952937 0.00952937 0.00952937 0.00952937 0.00952937
 0.00952937 0.00952937 0.00952937]","[0.03977945 0.0822574  0.11563138 0.14248248 0.17662741 0.21353428
 0.22259379 0.23000198 0.23733958 0.24460725 0.25180567 0.2589355
 0.26599738 0.27299196 0.27991989 0.28678181 0.29357833 0.30031008
 0.30697769 0.31358176 0.32012289 0.3266017  0.33301876 0.33937467
 0.34567002 0.35190537 0.35808131]",,,27
4,undoctuit,Wisconsin,[2001 2002 2003 2004 2005 2006 2007 2008 2009 2010],"[0.0771489  0.07971815 0.10993416 0.07578406 0.12660267 0.08775699
 0.03053569 0.02898543 0.02898543 0.02898543]","[0.0771489  0.15071689 0.24408211 0.30136863 0.38981723 0.44336503
 0.46036227 0.4760039  0.49119215 0.50594017]",,2010.0,10
4,undoctuit,Wyoming,[2001 2002 2003 2004 2005 2006 2007 2008],"[0.0332217  0.04885552 0.05251458 0.07501657 0.13278293 0.14319919
 0.22752696 0.26762855]","[0.0332217  0.08045415 0.12874371 0.19410237 0.30111182 0.40119205
 0.537437   0.66123207]",,2007.0,8
5,imitcontsub,Alabama,"[1973 1974 1975 1976 1977 1978 1979 1980 1981 1982 1983 1984 1985 1986
 1987 1988 1989 1990 1991 1992 1993 1994 1995 1996 1997 1998 1999]","[0.04016385 0.00215734 0.00579328 0.00664264 0.01420772 0.02054219
 0.0255772  0.01166724 0.00982413 0.03134043 0.03134043 0.03134043
 0.03134043 0.03134043 0.03134043 0.03134043 0.03134043 0.03134043
 0.03134043 0.03134043 0.03134043 0.03134043 0.03134043 0.03134043
 0.03134043 0.03134043 0.03134043]","[0.04016385 0.04223454 0.04778315 0.05410838 0.06754734 0.08670195
 0.11006156 0.12044468 0.12908555 0.15638038 0.18281978 0.20843056
 0.23323868 0.25726931 0.28054681 0.30309478 0.32493608 0.34609288
 0.3665866  0.38643805 0.40566734 0.42429398 0.44233686 0.45981426
 0.47674391 0.49314298 0.50902809]",1982.0,1999.0,27
5,imitcontsub,Arizona,"[1971 1972 1973 1974 1975 1976 1977 1978 1979 1980 1981 1982 1983 1984
 1985 1986]","[0.04245727 0.05199483 0.06058773 0.03373138 0.01550513 0.0132796
 0.03326197 0.04445682 0.03872967 0.02172508 0.01890604 0.07361935
 0.07361935 0.07361935 0.07361935 0.07361935]","[0.04245727 0.09224454 0.14724338 0.17600803 0.18878414 0.19955676
 0.22618108 0.26058261 0.28922    0.30466175 0.31780785 0.36803039
 0.41455558 0.45765561 0.49758265 0.53457029]",1982.0,1986.0,16
5,imitcontsub,Arkansas,"[1971 1972 1973 1974 1975 1976 1977 1978 1979 1980 1981 1982 1983 1984
 1985 1986 1987 1988 1989 1990 1991 1992 1993]","[0.05279451 0.00598317 0.0490114  0.00303195 0.00758059 0.00144406
 0.01989328 0.00401395 0.02884115 0.00192752 0.03913419 0.03913419
 0.03913419 0.03913419 0.03913419 0.03913419 0.03913419 0.03913419
 0.03913419 0.03913419 0.03913419 0.03913419 0.03913419]","[0.05279451 0.0584618  0.1046079  0.10732269 0.1140897  0.11536901
 0.13296722 0.13644745 0.1613533  0.16296981 0.1957263  0.2272009
 0.25744377 0.2865031  0.31442522 0.34125464 0.3670341  0.39180471
 0.41560594 0.43847572 0.46045052 0.48156535 0.50185387]",1981.0,1993.0,23
5,imitcontsub,California,"[1971 1972 1973 1974 1975 1976 1977 1978 1979 1980 1981 1982 1983 1984
 1985 1986 1987 1988 1989 1990 1991 1992 1993 1994 1995]","[0.03935188 0.03180147 0.02900938 0.04000293 0.02468544 0.02038184
 0.03428799 0.03925698 0.03577566 0.02567968 0.046946   0.15618091
 0.26009405 0.32180862 0.24064561 0.18007261 0.21812488 0.20034765
 0.19551377 0.2146426  0.24641033 0.29498968 0.2803652  0.28617795
 0.32007548]","[0.03935188 0.06990191 0.09688348 0.13301079 0.15441279 0.17164742
 0.20004996 0.23145358 0.25894884 0.27797879 0.3118748  0.41934682
 0.57037126 0.70862949 0.77874652 0.81858821 0.85815864 0.88657622
 0.90875213 0.92833781 0.94599611 0.9619267  0.97260113 0.98044208
 0.98670209]",1995.0,1983.0,25
5,imitcontsub,Colorado,"[1971 1972 1973 1974 1975 1976 1977 1978 1979 1980 1981 1982 1983 1984
 1985]","[0.04737081 0.07285541 0.05115425 0.06530597 0.03143667 0.02600441
 0.04698545 0.04698545 0.04698545 0.04698545 0.04698545 0.04698545
 0.04698545 0.04698545 0.04698545]","[0.04737081 0.116775   0.16195571 0.21668501 0.24130982 0.26103912
 0.29575953 0.32884858 0.36038294 0.39043563 0.41907629 0.44637125
 0.47238375 0.49717404 0.52079954]",1977.0,1985.0,15
5,imitcontsub,Connecticut,[1971 1972 1973 1974 1975 1976 1977 1978 1979 1980 1981],"[0.02843252 0.01859723 0.0095575  0.0362023  0.08132221 0.07737869
 0.08551279 0.04084148 0.02653959 0.12126436 0.1583361 ]","[0.02843252 0.04650099 0.05561405 0.089803   0.16382223 0.22852458
 0.29449559 0.32330944 0.34126852 0.42114917 0.51280215]",1981.0,1981.0,11
5,imitcontsub,Delaware,"[1971 1972 1973 1974 1975 1976 1977 1978 1979 1980 1981 1982 1983 1984
 1985 1986 1987 1988 1989]","[0.04546411 0.02099913 0.02323524 0.03869348 0.01735996 0.01450675
 0.02569043 0.02567034 0.03555525 0.01992268 0.04423846 0.0392411
 0.06681516 0.0510787  0.05953676 0.03939247 0.03097044 0.05213354
 0.0509975 ]","[0.04546411 0.06550853 0.08722166 0.12254024 0.1377729  0.15028101
 0.17211066 0.19336286 0.22204305 0.23754204 0.271272   0.29986809
 0.34664752 0.38001991 0.41693152 0.43990002 0.45724657 0.48554222
 0.51177828]",1989.0,1989.0,19
5,imitcontsub,Florida,"[1971 1972 1973 1974 1975 1976 1977 1978 1979 1980 1981 1982 1983 1984
 1985 1986]","[0.03478009 0.03429751 0.05504874 0.01556376 0.00941168 0.00933246
 0.01592107 0.02242334 0.02687246 0.01324972 0.01101696 0.07935553
 0.10741942 0.07230355 0.11343963 0.11343963]","[0.03478009 0.06788473 0.1191965  0.13290511 0.14106594 0.1490819
 0.16262943 0.18140607 0.20340371 0.21395839 0.22261817 0.28430772
 0.36118697 0.40737542 0.47460253 0.53420343]",1985.0,1986.0,16
5,imitcontsub,Georgia,"[1971 1972 1973 1974 1975 1976 1977 1978 1979 1980 1981 1982 1983 1984
 1985 1986 1987 1988]","[0.08115285 0.05000773 0.0919862  0.03218601 0.01489888 0.01820118
 0.02989381 0.04554877 0.04519501 0.02644468 0.0252321  0.08192458
 0.09368047 0.07692801 0.13214784 0.14628028 0.20565726 0.23700222]","[0.08115285 0.12710232 0.20739686 0.23290759 0.24433641 0.25809038
 0.28026888 0.31305175 0.34409838 0.36144349 0.37755561 0.42854911
 0.4820829  0.52192523 0.58510178 0.64579321 0.71863841 0.78532173]",1988.0,1984.0,18
5,imitcontsub,Idaho,[1971 1972 1973 1974 1975 1976 1977 1978 1979 1980],"[0.06862271 0.06862271 0.06862271 0.06862271 0.06862271 0.06862271
 0.06862271 0.06862271 0.06862271 0.06862271]","[0.06862271 0.13253634 0.19206404 0.24750679 0.29914491 0.34723948
 0.39203368 0.43375397 0.4726113  0.50880214]",1971.0,1980.0,10
5,imitcontsub,Illinois,"[1971 1972 1973 1974 1975 1976 1977 1978 1979 1980 1981 1982 1983 1984
 1985 1986 1987 1988 1989 1990 1991 1992]","[0.06618244 0.0525415  0.04140529 0.05540301 0.03874343 0.02522335
 0.04879645 0.0579312  0.04918504 0.03199326 0.02954253 0.05376917
 0.05367938 0.1538305  0.11476583 0.1150385  0.1514084  0.12861231
 0.20784665 0.22404134 0.24525772 0.23973369]","[0.06618244 0.11524661 0.15188008 0.19886848 0.22990707 0.24933139
 0.28596135 0.32732647 0.36041194 0.38087445 0.39916498 0.43147138
 0.46198965 0.54475205 0.59699896 0.64335959 0.69735795 0.73628144
 0.79109446 0.83789793 0.87765472 0.906985  ]",1992.0,1984.0,22
5,imitcontsub,Indiana,"[1971 1972 1973 1974 1975 1976 1977 1978 1979 1980 1981 1982 1983 1984
 1985 1986]","[0.05372895 0.03985636 0.03678851 0.02872677 0.02189431 0.01254017
 0.02483763 0.03294172 0.03539685 0.01451321 0.01572407 0.08389013
 0.09980124 0.12122393 0.16793378 0.14390184]","[0.05372895 0.09144387 0.1248683  0.150008   0.16861799 0.17904366
 0.19943428 0.22580629 0.2532103  0.26404862 0.27562077 0.33638904
 0.40261823 0.47503519 0.56319452 0.62605163]",1986.0,1985.0,16
5,imitcontsub,Iowa,[1971 1972 1973 1974 1975 1976 1977 1978 1979 1980 1981 1982 1983 1984],"[0.10786079 0.07644387 0.07538973 0.07748    0.05184456 0.03842615
 0.07970805 0.07930737 0.08349467 0.0466123  0.03742501 0.05049141
 0.0893098  0.07151958]","[0.10786079 0.17605937 0.23817603 0.29720216 0.3336384  0.35924411
 0.41031751 0.45708368 0.5024143  0.52560792 0.54336204 0.56641834
 0.60514143 0.63338155]",1984.0,1979.0,14
5,imitcontsub,Kansas,"[1971 1972 1973 1974 1975 1976 1977 1978 1979 1980 1981 1982 1983 1984
 1985 1986 1987 1988 1989 1990]","[0.05086591 0.03815061 0.04402192 0.02432718 0.01554622 0.01009586
 0.0346085  0.04795712 0.04566783 0.01887423 0.03680621 0.03680621
 0.03680621 0.03680621 0.03680621 0.03680621 0.03680621 0.03680621
 0.03680621 0.03680621]","[0.05086591 0.08707595 0.12726462 0.14849581 0.16173349 0.1701965
 0.19891476 0.2373325  0.27216186 0.28589925 0.31218259 0.33749854
 0.36188271 0.38536939 0.40799162 0.4297812  0.4507688  0.47098392
 0.49045499 0.50920942]",1981.0,1990.0,20
5,imitcontsub,Kentucky,"[1972 1973 1974 1975 1976 1977 1978 1979 1980 1981 1982 1983 1984 1985
 1986]","[0.06927569 0.00943931 0.04661352 0.00343685 0.0213104  0.00604069
 0.04889294 0.00816461 0.02360057 0.00573445 0.08932773 0.08932773
 0.08932773 0.08932773 0.08932773]","[0.06927569 0.07806108 0.1210359  0.12405677 0.14272347 0.14790201
 0.18956359 0.19618049 0.21515109 0.21965177 0.28935851 0.3528385
 0.41064796 0.46329344 0.51123622]",1982.0,1986.0,15
5,imitcontsub,Louisiana,"[1971 1972 1973 1974 1975 1976 1977 1978 1979 1980 1981 1982 1983 1984
 1985 1986 1987 1988 1989 1990 1991 1992 1993 1994 1995 1996 1997 1998
 1999 2000]","[0.02637324 0.0222845  0.04997203 0.01254722 0.00603499 0.00638401
 0.01172644 0.01785684 0.01791158 0.00966065 0.01965056 0.01965056
 0.01965056 0.01965056 0.01965056 0.01965056 0.01965056 0.01965056
 0.01965056 0.01965056 0.01965056 0.01965056 0.01965056 0.01965056
 0.01965056 0.01965056 0.01965056 0.01965056 0.01965056 0.01965056]","[0.02637324 0.04807003 0.0956399  0.10698711 0.11237643 0.11804303
 0.12838524 0.14394953 0.15928274 0.16740462 0.18376558 0.19980505
 0.21552933 0.23094462 0.24605699 0.26087239 0.27539667 0.28963553
 0.30359459 0.31727935 0.33069519 0.34384741 0.35674117 0.36938157
 0.38177358 0.39392207 0.40583185 0.41750758 0.42895389 0.44017526]",1981.0,,30
5,imitcontsub,Maine,"[1971 1972 1973 1974 1975 1976 1977 1978 1979 1980 1981 1982 1983 1984
 1985 1986 1987 1988 1989 1990 1991 1992 1993 1994 1995 1996 1997 1998
 1999 2000]","[0.02409729 0.00342618 0.00956962 0.00285279 0.03831851 0.00434652
 0.02552754 0.03210873 0.02467172 0.01871612 0.02503301 0.02503301
 0.02503301 0.02503301 0.02503301 0.02503301 0.02503301 0.02503301
 0.02503301 0.02503301 0.02503301 0.02503301 0.02503301 0.02503301
 0.02503301 0.02503301 0.02503301 0.02503301 0.02503301 0.02503301]","[0.02409729 0.02744091 0.03674793 0.03949589 0.07630097 0.08031584
 0.10379312 0.13256919 0.15397019 0.16980459 0.19058688 0.21084893
 0.23060376 0.24986406 0.26864222 0.28695031 0.30480009 0.32220304
 0.33917034 0.3557129  0.37184134 0.38756605 0.40289711 0.4178444
 0.4324175  0.4466258  0.46047843 0.47398427 0.48715203 0.49999016]",1981.0,,30
5,imitcontsub,Maryland,[1973 1974 1975 1976 1977 1978 1979 1980 1981 1982 1983],"[0.04558129 0.08230153 0.05268813 0.04441254 0.08464925 0.04207553
 0.04192655 0.07201052 0.07396205 0.07396205 0.07396205]","[0.04558129 0.12413141 0.17027928 0.20712928 0.2742452  0.30478171
 0.33392982 0.38189388 0.42761027 0.46994539 0.50914931]",1981.0,1983.0,11
5,imitcontsub,Massachusetts,"[1971 1972 1973 1974 1975 1976 1977 1978 1979 1980 1981 1982 1983 1984
 1985 1986 1987 1988 1989 1990 1991 1992 1993 1994 1995 1996]","[0.01416369 0.01030265 0.006528   0.01714347 0.0367305  0.06254342
 0.02723489 0.01624485 0.01358712 0.02829349 0.02829349 0.02829349
 0.02829349 0.02829349 0.02829349 0.02829349 0.02829349 0.02829349
 0.02829349 0.02829349 0.02829349 0.02829349 0.02829349 0.02829349
 0.02829349 0.02829349]","[0.01416369 0.02432042 0.03068966 0.047307   0.0822999  0.139696
 0.16312629 0.17672118 0.18790717 0.2108841  0.23321094 0.25490608
 0.27598738 0.29647223 0.31637748 0.33571954 0.35451435 0.37277739
 0.39052371 0.40776792 0.42452423 0.44080644 0.45662798 0.47200187
 0.48694078 0.50145701]",1980.0,1996.0,26
5,imitcontsub,Michigan,[1971 1972 1973 1974 1975 1976 1977 1978 1979 1980 1981 1982 1983 1984],"[0.06405322 0.04368911 0.05020652 0.06808908 0.04105848 0.02843671
 0.06583866 0.04730221 0.03726968 0.06312294 0.0513573  0.05031876
 0.05103556 0.07793114]","[0.06405322 0.1049439  0.14988156 0.20776534 0.24029328 0.26189684
 0.31049257 0.34310779 0.36758996 0.40750954 0.43793825 0.4662205
 0.49346224 0.5329373 ]",1984.0,1984.0,14
5,imitcontsub,Minnesota,[1971 1972 1973 1974 1975 1976 1977 1978 1979 1980 1981 1982],"[0.0972098  0.01658427 0.09050647 0.09567449 0.11204947 0.05911484
 0.12493169 0.13216972 0.07885717 0.0964586  0.08038772 0.05694623]","[0.0972098  0.11218192 0.19253519 0.26978897 0.35160873 0.38993827
 0.46615432 0.53671255 0.57324609 0.61441017 0.64540686 0.6655996 ]",1982.0,1978.0,12
5,imitcontsub,Mississippi,[1974 1975 1976 1977 1978 1979 1980 1981 1982 1983 1984 1985 1986 1987],"[0.00792453 0.00391934 0.00508393 0.0074378  0.01260341 0.01113159
 0.00661941 0.02344375 0.114566   0.114566   0.114566   0.114566
 0.114566   0.114566  ]","[0.00792453 0.0118128  0.01683667 0.02414925 0.0364483  0.04717417
 0.05348131 0.07567126 0.1815679  0.27533239 0.35835466 0.4318654
 0.49695431 0.55458624]",1982.0,1987.0,14
5,imitcontsub,Missouri,"[1971 1972 1973 1974 1975 1976 1977 1978 1979 1980 1981 1982 1983 1984
 1985 1986 1987 1988 1989]","[0.0481404  0.01096101 0.03562381 0.02567585 0.01393892 0.00936211
 0.02438096 0.04046003 0.03887036 0.01752753 0.03971355 0.10821025
 0.07568184 0.12212347 0.1516825  0.10398056 0.12190277 0.10187109
 0.1842456 ]","[0.0481404  0.05857374 0.09211093 0.11542175 0.12775182 0.13591791
 0.15698506 0.19109347 0.22253595 0.23616298 0.26649766 0.34587013
 0.39537588 0.46921467 0.54972552 0.59654531 0.64572756 0.68181768
 0.74044137]",1989.0,1985.0,19
5,imitcontsub,Montana,[1971 1972 1973 1974 1975 1976 1977 1978 1979 1980 1981 1982 1983],"[0.23061853 0.03792816 0.12988272 0.03582492 0.10926052 0.0894318
 0.15406372 0.0438616  0.13732268 0.02545556 0.11290495 0.0265253
 0.2541693 ]","[0.23061853 0.25979976 0.35593898 0.37901242 0.44686184 0.49632998
 0.57392726 0.59261549 0.64855863 0.65750476 0.69617417 0.70423324
 0.77940807]",1983.0,1977.0,13
5,imitcontsub,Nevada,"[1971 1972 1973 1974 1975 1976 1977 1978 1979 1980 1981 1982 1983 1984
 1985]","[0.0538568  0.00869431 0.07245121 0.00516502 0.01649632 0.00236166
 0.02168857 0.00475041 0.02639557 0.00226714 0.01835645 0.02303675
 0.17090772 0.17090772 0.17090772]","[0.0538568  0.06208286 0.13003609 0.13452947 0.14880655 0.15081678
 0.16923435 0.17318082 0.19500519 0.19683022 0.21157357 0.22973635
 0.36138035 0.47052538 0.56101668]",1983.0,1985.0,15
5,imitcontsub,New Hampshire,[1971 1972 1973 1974 1975 1976 1977 1978 1979 1980 1981 1982 1983],"[0.03651639 0.00701279 0.03719425 0.00448778 0.01254562 0.00243967
 0.03153206 0.00504757 0.0295571  0.00550327 0.17326295 0.05890245
 0.23558009]","[0.03651639 0.0432731  0.07885784 0.08299172 0.09449616 0.09670529
 0.12518803 0.12960371 0.1553301  0.15997854 0.30552314 0.34642953
 0.50039772]",1983.0,1983.0,13
5,imitcontsub,New Jersey,"[1972 1973 1974 1975 1976 1977 1978 1979 1980 1981 1982 1983 1984 1985
 1986 1987 1988 1989 1990 1991 1992 1993 1994 1995 1996 1997]","[0.02401204 0.0134784  0.03026724 0.03982094 0.04307812 0.02825969
 0.02021009 0.01852085 0.03441602 0.03513713 0.02602825 0.02901247
 0.05412998 0.0264176  0.01667384 0.02379931 0.02299237 0.07209579
 0.09612517 0.09161743 0.09100021 0.13791793 0.16120905 0.17943144
 0.11886156 0.14139599]","[0.02401204 0.0371668  0.0663091  0.10348956 0.14210954 0.16635326
 0.18320133 0.19832914 0.22591946 0.25311843 0.27255845 0.29366332
 0.33189731 0.34954699 0.36039254 0.37561476 0.38997086 0.43395139
 0.48836291 0.53523779 0.57753125 0.63579726 0.69451004 0.74932454
 0.77912022 0.81035173]",1997.0,1991.0,26
5,imitcontsub,New Mexico,[1971 1972 1973 1974 1975 1976 1977 1978 1979 1980 1981 1982 1983 1984],"[0.03863242 0.05248282 0.05248282 0.05248282 0.05248282 0.05248282
 0.05248282 0.05248282 0.05248282 0.05248282 0.05248282 0.05248282
 0.05248282 0.05248282]","[0.03863242 0.0890877  0.13689495 0.18219314 0.22511395 0.26578216
 0.30431599 0.34082745 0.37542269 0.40820227 0.43926148 0.46869062
 0.49657524 0.52299639]",1972.0,1984.0,14
5,imitcontsub,New York,"[1971 1972 1973 1974 1975 1976 1977 1978 1979 1980 1981 1982 1983 1984
 1985 1986]","[0.02916623 0.02476401 0.01907771 0.03062293 0.03476217 0.02734921
 0.03631462 0.0208699  0.01852054 0.05856656 0.11012224 0.05894069
 0.05894069 0.05894069 0.05894069 0.05894069]","[0.02916623 0.05320797 0.07127059 0.09971101 0.13100702 0.15477329
 0.18546738 0.20246659 0.21723734 0.26308105 0.34423222 0.38288362
 0.41925689 0.45348628 0.48569818 0.51601148]",1982.0,1986.0,16
5,imitcontsub,North Dakota,"[1971 1972 1973 1974 1975 1976 1977 1978 1979 1980 1981 1982 1983 1984
 1985 1986]","[0.07911695 0.02041978 0.05016221 0.01535652 0.02894985 0.00445679
 0.04304199 0.01067181 0.07104649 0.00737262 0.04570714 0.01365125
 0.0816268  0.0816268  0.0816268  0.0816268 ]","[0.07911695 0.09792118 0.14317145 0.15632936 0.18075349 0.18440471
 0.21950955 0.22783879 0.28269814 0.28798653 0.32053063 0.32980623
 0.384512   0.43475232 0.48089167 0.52326482]",1983.0,1986.0,16
5,imitcontsub,Ohio,[1971 1972 1973 1974 1975 1976 1977 1978 1979 1980 1981 1982 1983],"[0.08155999 0.05831593 0.04807207 0.07206864 0.03429639 0.02570113
 0.05498657 0.06842244 0.06384999 0.0348224  0.0280359  0.07104298
 0.07104298]","[0.08155999 0.13511967 0.17669626 0.23603064 0.26223203 0.2811935
 0.32071821 0.36719632 0.40760083 0.42822959 0.44425969 0.48374114
 0.52041771]",1982.0,1983.0,13
5,imitcontsub,Oklahoma,"[1971 1972 1973 1974 1975 1976 1977 1978 1979 1980 1981 1982 1983 1984
 1985 1986 1987 1988]","[0.04027527 0.05569996 0.06301284 0.01911664 0.01154107 0.0088912
 0.02108829 0.03405194 0.03882876 0.02287274 0.04942729 0.04942729
 0.04942729 0.04942729 0.04942729 0.04942729 0.04942729 0.04942729]","[0.04027527 0.0937319  0.15083842 0.16707154 0.17668443 0.18400469
 0.20121263 0.22841289 0.25837267 0.27533572 0.31115391 0.34520171
 0.37756661 0.40833181 0.43757637 0.46537544 0.49180049 0.51691941]",1981.0,1988.0,18
5,imitcontsub,Oregon,[1971 1972 1973 1974 1975 1976 1977 1978 1979 1980 1981],"[0.08914635 0.07700879 0.07641753 0.07071319 0.07706337 0.04695304
 0.06001888 0.04685344 0.04211966 0.06722842 0.05452816]","[0.08914635 0.15929008 0.22353506 0.27844137 0.33404711 0.36531562
 0.40340867 0.43136102 0.4553119  0.49193042 0.51963452]",1981.0,1981.0,11
5,imitcontsub,Pennsylvania,"[1971 1972 1973 1974 1975 1976 1977 1978 1979 1980 1981 1982 1983 1984
 1985 1986 1987 1988 1989 1990 1991 1992 1993 1994 1995 1996 1997 1998
 1999]","[0.05193008 0.04275451 0.03345424 0.06274921 0.04452382 0.03149491
 0.06252903 0.05900174 0.05042405 0.03654759 0.05230897 0.07866425
 0.09240296 0.13148414 0.08840353 0.04403199 0.0663422  0.06254711
 0.12378462 0.13913707 0.15617816 0.17129753 0.19887696 0.19632
 0.24002407 0.24897192 0.3439363  0.25365636 0.33386092]","[0.05193008 0.09246434 0.12282525 0.17786728 0.21447176 0.2392119
 0.28678324 0.32886427 0.36270565 0.38599722 0.41811507 0.46388862
 0.5134269  0.57740354 0.61476256 0.63172533 0.65615748 0.67766384
 0.7175641  0.7568614  0.79483434 0.82997871 0.86379203 0.89053238
 0.91680724 0.9375199  0.95900908 0.96940668 0.9796206 ]",1999.0,1983.0,29
5,imitcontsub,Rhode Island,"[1971 1972 1973 1974 1975 1976 1977 1978 1979 1980 1981 1982 1983 1984
 1985 1986 1987 1988 1989 1990 1991 1992 1993]","[0.02012745 0.01393847 0.00886027 0.01849936 0.01849936 0.01849936
 0.01849936 0.01849936 0.01849936 0.01849936 0.01849936 0.01849936
 0.01849936 0.01849936 0.01849936 0.01849936 0.01849936 0.01849936
 0.01849936 0.01849936 0.01849936 0.01849936 0.01849936]","[0.02012745 0.03378537 0.04234629 0.06006227 0.07745051 0.09451709
 0.11126794 0.12770891 0.14384574 0.15968404 0.17522935 0.19048707
 0.20546254 0.22016098 0.2345875  0.24874714 0.26264483 0.27628543
 0.28967368 0.30281427 0.31571175 0.32837065 0.34079536]",1974.0,,23
5,imitcontsub,Tennessee,"[1971 1972 1973 1974 1975 1976 1977 1978 1979 1980 1981 1982 1983 1984
 1985 1986 1987 1988 1989]","[0.05002996 0.04673872 0.05963939 0.02023297 0.01539033 0.01369797
 0.02684706 0.041769   0.04712217 0.02133383 0.02987074 0.17896656
 0.1934323  0.17578408 0.16835844 0.10897598 0.14911831 0.17319262
 0.24462129]","[0.05002996 0.09443035 0.14843797 0.1656676  0.17850825 0.18976102
 0.21151355 0.24444785 0.2800511  0.29541037 0.31645698 0.43878832
 0.54734479 0.62691437 0.68972648 0.72353885 0.76476427 0.80550536
 0.85308289]",1989.0,1983.0,19
5,imitcontsub,Texas,"[1971 1972 1973 1974 1975 1976 1977 1978 1979 1980 1981 1982 1983 1984
 1985 1986 1987 1988 1989]","[0.03534491 0.01190063 0.09677989 0.00558946 0.01532553 0.00269825
 0.02528615 0.00808765 0.0374719  0.00391524 0.11167913 0.04291103
 0.28444133 0.05215907 0.26942793 0.07962663 0.2946699  0.08633579
 0.22377298]","[0.03534491 0.04682492 0.1390731  0.14388522 0.15700563 0.15928025
 0.18053881 0.18716633 0.21762475 0.22068794 0.30772084 0.33742725
 0.52589032 0.55061945 0.67169512 0.69783693 0.78687529 0.80527558
 0.84884965]",1989.0,1983.0,19
5,imitcontsub,Utah,[1971 1972 1973 1974 1975 1976 1977 1978 1979 1980 1981 1982],"[0.1039374  0.15611557 0.11043372 0.08830644 0.0422899  0.02168279
 0.05252221 0.06251463 0.06362944 0.02593026 0.03871493 0.11344013]","[0.1039374  0.24382672 0.32733375 0.38673451 0.41266944 0.42540441
 0.45558344 0.48961744 0.5220928  0.53448505 0.55250743 0.60327105]",1982.0,1979.0,12
5,imitcontsub,Virginia,"[1972 1973 1974 1975 1976 1977 1978 1979 1980 1981 1982 1983 1984 1985
 1986]","[0.04881894 0.04696104 0.01901482 0.0146498  0.01441029 0.02468554
 0.04987465 0.04519061 0.02789143 0.01988483 0.08269006 0.08269006
 0.08269006 0.08269006 0.08269006]","[0.04881894 0.09348739 0.11072457 0.12375228 0.13637926 0.15769821
 0.19970771 0.23587341 0.25718599 0.27195671 0.33215866 0.3873825
 0.43803988 0.48450839 0.52713443]",1982.0,1986.0,15
5,imitcontsub,Washington,[1971 1972 1973 1974 1975 1976 1977 1978 1979 1980 1981 1982],"[0.07417385 0.0133321  0.03521749 0.00966937 0.12797264 0.01399892
 0.14120517 0.02483094 0.08496377 0.01948393 0.18603616 0.17856091]","[0.07417385 0.08651705 0.11868763 0.12720937 0.23890269 0.24955723
 0.35552363 0.37152659 0.42492405 0.43612879 0.54102922 0.62298346]",1982.0,1981.0,12
5,imitcontsub,West Virginia,[1971 1972 1973 1974 1975 1976 1977 1978 1979 1980 1981 1982 1983 1984],"[0.05086671 0.05086671 0.05086671 0.05086671 0.05086671 0.05086671
 0.05086671 0.05086671 0.05086671 0.05086671 0.05086671 0.05086671
 0.05086671 0.05086671]","[0.05086671 0.099146   0.14496947 0.18846206 0.22974233 0.2689228
 0.30611029 0.34140618 0.37490668 0.40670312 0.43688218 0.46552613
 0.49271305 0.51851707]",1971.0,1984.0,14
5,imitcontsub,Wisconsin,"[1971 1972 1973 1974 1975 1976 1977 1978 1979 1980 1981 1982 1983 1984
 1985 1986 1987 1988 1989 1990]","[0.03080998 0.03080998 0.03080998 0.03080998 0.03080998 0.03080998
 0.03080998 0.03080998 0.03080998 0.03080998 0.03080998 0.03080998
 0.03080998 0.03080998 0.03080998 0.03080998 0.03080998 0.03080998
 0.03080998 0.03080998]","[0.03080998 0.06067071 0.08961143 0.11766048 0.14484535 0.17119265
 0.19672819 0.22147698 0.24546326 0.26871052 0.29124154 0.31307837
 0.33424242 0.3547544  0.3746344  0.3939019  0.41257578 0.43067431
 0.44821522 0.4652157 ]",1971.0,,20
5,imitcontsub,Wyoming,[1971 1972 1973 1974 1975 1976 1977 1978 1979 1980],"[0.07268333 0.07268333 0.07268333 0.07268333 0.07268333 0.07268333
 0.07268333 0.07268333 0.07268333 0.07268333]","[0.07268333 0.14008379 0.20258536 0.26054411 0.31429023 0.36412989
 0.41034705 0.45320499 0.49294787 0.52980211]",1971.0,1980.0,10
5,medmar,Alabama,"[1996 1997 1998 1999 2000 2001 2002 2003 2004 2005 2006 2007 2008 2009
 2010 2011 2012 2013 2014 2015 2016 2017 2018 2019 2020 2021 2022 2023
 2024]","[0.04348259 0.06022371 0.06972375 0.06077313 0.030507   0.03525461
 0.0290561  0.02357017 0.02811541 0.01532919 0.01532919 0.01532919
 0.01532919 0.01532919 0.01532919 0.01532919 0.01532919 0.01532919
 0.01532919 0.01532919 0.01532919 0.01532919 0.01532919 0.01532919
 0.01532919 0.01532919 0.01532919 0.01532919 0.01532919]","[0.04348259 0.10108761 0.16376316 0.21458389 0.23854458 0.26538939
 0.28673431 0.3035461  0.32312719 0.3335031  0.34371996 0.35378021
 0.36368623 0.37344041 0.38304506 0.39250248 0.40181493 0.41098462
 0.42001376 0.42890448 0.43765891 0.44627914 0.45476724 0.46312522
 0.47135507 0.47945877 0.48743825 0.49529541 0.50303212]",,2024.0,29
5,medmar,Arizona,[1996 1997 1998 1999 2000 2001 2002 2003],"[0.08301635 0.08301635 0.08301635 0.08301635 0.08301635 0.08301635
 0.08301635 0.08301635]","[0.08301635 0.15914099 0.22894604 0.29295613 0.35165234 0.4054758
 0.45483103 0.50008897]",1996.0,2003.0,8
5,medmar,Arkansas,"[1996 1997 1998 1999 2000 2001 2002 2003 2004 2005 2006 2007 2008 2009
 2010 2011 2012 2013 2014 2015 2016 2017 2018 2019 2020 2021 2022]","[0.0106292  0.07291275 0.01323578 0.06474372 0.00593729 0.06070405
 0.00767903 0.05355776 0.00891076 0.02172235 0.02172235 0.02172235
 0.02172235 0.02172235 0.02172235 0.02172235 0.02172235 0.02172235
 0.02172235 0.02172235 0.02172235 0.02172235 0.02172235 0.02172235
 0.02172235 0.02172235 0.02172235]","[0.0106292  0.08276695 0.09490725 0.15350632 0.1585322  0.2096127
 0.21568211 0.25768842 0.26430298 0.28028405 0.29591797 0.31121229
 0.32617438 0.34081146 0.35513058 0.36913866 0.38284245 0.39624857
 0.40936347 0.42219348 0.4347448  0.44702347 0.45903542 0.47078644
 0.4822822  0.49352825 0.50453001]",,2022.0,27
5,medmar,California,[1996 1997 1998 1999 2000],[0.1304379 0.1304379 0.1304379 0.1304379 0.1304379],[0.1304379  0.24386175 0.34249083 0.42825494 0.50283216],1996.0,2000.0,5
5,medmar,Colorado,[1996 1997 1998 1999 2000 2001 2002 2003],"[0.09426548 0.10087785 0.11260026 0.11409099 0.07340549 0.07340549
 0.07340549 0.07340549]","[0.09426548 0.18563403 0.27733184 0.35978177 0.4067773  0.4503231
 0.4906724  0.52805984]",2000.0,2003.0,8
5,medmar,Connecticut,[1996 1997 1998 1999 2000 2001 2002 2003 2004 2005],"[0.04625402 0.03462648 0.02891127 0.06485628 0.10699562 0.06623431
 0.06684552 0.05744443 0.04035693 0.16852958]","[0.04625402 0.07927888 0.1058981  0.16388622 0.25334673 0.30280079
 0.34940543 0.38677847 0.4115262  0.51070144]",,2005.0,10
5,medmar,Delaware,[1996 1997 1998 1999 2000 2001 2002 2003 2004 2005],"[0.06610517 0.08417359 0.05830565 0.09834887 0.06854023 0.08046055
 0.08461271 0.0810942  0.05336227 0.05063152]","[0.06610517 0.14471445 0.19458242 0.27379433 0.32356863 0.37799467
 0.43062423 0.4767973  0.50471659 0.52979354]",,2004.0,10
5,medmar,Florida,[1996 1997 1998 1999 2000 2001 2002 2003 2004 2005 2006 2007 2008 2009],"[0.08345063 0.08468071 0.07554684 0.07965474 0.04841331 0.06776413
 0.04996208 0.04583958 0.03310797 0.02167299 0.02167299 0.02167299
 0.02167299 0.02167299]","[0.08345063 0.16106468 0.22444359 0.28622033 0.32077677 0.36680374
 0.39843954 0.42601482 0.44501831 0.45704642 0.46881385 0.48032624
 0.49158912 0.50260791]",,2009.0,14
5,medmar,Georgia,"[1996 1997 1998 1999 2000 2001 2002 2003 2004 2005 2006 2007 2008 2009
 2010 2011 2012 2013 2014]","[0.07146456 0.08518926 0.07592052 0.08085929 0.04218683 0.05009604
 0.03622816 0.03830062 0.02538839 0.01822374 0.01822374 0.01822374
 0.01822374 0.01822374 0.01822374 0.01822374 0.01822374 0.01822374
 0.01822374]","[0.07146456 0.1505658  0.21505529 0.27852537 0.3089621  0.34358036
 0.36736124 0.39159169 0.4070382  0.41784418 0.42845324 0.43886896
 0.44909487 0.45913442 0.46899102 0.47866799 0.48816861 0.49749609
 0.50665359]",,2014.0,19
5,medmar,Idaho,"[1996 1997 1998 1999 2000 2001 2002 2003 2004 2005 2006 2007 2008 2009
 2010 2011 2012 2013]","[0.02432066 0.01907687 0.086699   0.05590418 0.03067451 0.03904077
 0.02600953 0.03541059 0.03617806 0.03707154 0.03707154 0.03707154
 0.03707154 0.03707154 0.03707154 0.03707154 0.03707154 0.03707154]","[0.02432066 0.04293357 0.12591027 0.17477553 0.20008889 0.23131803
 0.25131109 0.27782261 0.30394959 0.32975325 0.35460033 0.37852629
 0.40156527 0.42375017 0.44511264 0.46568317 0.48549111 0.50456475]",,2013.0,18
5,medmar,Illinois,[1996 1997 1998 1999 2000 2001 2002 2003 2004 2005 2006 2007],"[0.05281138 0.04170641 0.05537164 0.0797393  0.08268203 0.06530698
 0.06475498 0.06356361 0.06663852 0.04262855 0.04262855 0.04262855]","[0.05281138 0.09231521 0.14257521 0.21094566 0.27618627 0.32345636
 0.36726593 0.40748479 0.44696913 0.47054403 0.49311397 0.51472179]",,2007.0,12
5,medmar,Indiana,"[1996 1997 1998 1999 2000 2001 2002 2003 2004 2005 2006 2007 2008 2009
 2010 2011 2012]","[0.06018012 0.07511639 0.08011634 0.07577718 0.03929862 0.05684265
 0.04473037 0.04857615 0.03595642 0.02210569 0.02210569 0.02210569
 0.02210569 0.02210569 0.02210569 0.02210569 0.02210569]","[0.06018012 0.130776   0.20041504 0.26100533 0.29004681 0.33040243
 0.36035377 0.39142533 0.41330749 0.42627674 0.43895929 0.45136148
 0.46348952 0.47534946 0.48694722 0.49828861 0.50937929]",,2012.0,17
5,medmar,Iowa,"[1996 1997 1998 1999 2000 2001 2002 2003 2004 2005 2006 2007 2008 2009
 2010 2011 2012]","[0.0656209  0.0690159  0.07056645 0.06899929 0.03823972 0.06400914
 0.03785047 0.04973967 0.04462106 0.02254043 0.02254043 0.02254043
 0.02254043 0.02254043 0.02254043 0.02254043 0.02254043]","[0.0656209  0.13010792 0.19149311 0.24727951 0.27606333 0.32240189
 0.3480493  0.38047712 0.40812088 0.42146209 0.43450258 0.44724913
 0.45970837 0.47188678 0.48379068 0.49542625 0.50679956]",,2012.0,17
5,medmar,Kansas,"[1996 1997 1998 1999 2000 2001 2002 2003 2004 2005 2006 2007 2008 2009
 2010 2011 2012 2013 2014 2015 2016]","[0.05306068 0.05747814 0.04597705 0.0420547  0.03182266 0.05207141
 0.04304979 0.05559024 0.04464593 0.02145679 0.02145679 0.02145679
 0.02145679 0.02145679 0.02145679 0.02145679 0.02145679 0.02145679
 0.02145679 0.02145679 0.02145679]","[0.05306068 0.10748899 0.14852401 0.18433258 0.21028928 0.25141063
 0.28363724 0.32346002 0.35366477 0.36753305 0.38110377 0.39438329
 0.40737789 0.42009366 0.43253659 0.44471253 0.45662722 0.46828625
 0.47969513 0.4908592  0.50178373]",,2016.0,21
5,medmar,Kentucky,"[1996 1997 1998 1999 2000 2001 2002 2003 2004 2005 2006 2007 2008 2009
 2010 2011 2012 2013 2014 2015 2016 2017 2018 2019 2020 2021 2022 2023
 2024]","[0.05774278 0.01084693 0.06376548 0.00554024 0.01631501 0.01701377
 0.01132144 0.02747903 0.02301991 0.01535905 0.01535905 0.01535905
 0.01535905 0.01535905 0.01535905 0.01535905 0.01535905 0.01535905
 0.01535905 0.01535905 0.01535905 0.01535905 0.01535905 0.01535905
 0.01535905 0.01535905 0.01535905 0.01535905 0.01535905]","[0.05774278 0.06796338 0.12739514 0.13222958 0.14638726 0.16091043
 0.17041013 0.19320646 0.21177877 0.22388511 0.2358055  0.2475428
 0.25909983 0.27047936 0.28168411 0.29271676 0.30357996 0.31427631
 0.32480838 0.33517869 0.34538971 0.35544391 0.36534368 0.3750914
 0.38468941 0.39413999 0.40344543 0.41260795 0.42162973]",,,29
5,medmar,Louisiana,"[1996 1997 1998 1999 2000 2001 2002 2003 2004 2005 2006 2007 2008 2009
 2010 2011 2012 2013 2014 2015 2016 2017 2018 2019 2020 2021 2022]","[0.05831375 0.0464603  0.06042598 0.03816322 0.02263855 0.0320118
 0.02903897 0.02780178 0.03219613 0.01954893 0.01954893 0.01954893
 0.01954893 0.01954893 0.01954893 0.01954893 0.01954893 0.01954893
 0.01954893 0.01954893 0.01954893 0.01954893 0.01954893 0.01954893
 0.01954893 0.01954893 0.01954893]","[0.05831375 0.10206477 0.15632339 0.1885208  0.20689151 0.23228034
 0.25457413 0.2752983  0.29863089 0.31234191 0.32578489 0.33896508
 0.3518876  0.36455751 0.37697973 0.38915911 0.4011004  0.41280824
 0.42428722 0.43554179 0.44657634 0.45739518 0.46800253 0.47840251
 0.48859918 0.49859652 0.50839842]",,2022.0,27
5,medmar,Maine,[1996 1997 1998 1999 2000 2001 2002 2003 2004 2005 2006 2007 2008 2009],"[0.04499101 0.02027697 0.02195479 0.05483852 0.05483852 0.05483852
 0.05483852 0.05483852 0.05483852 0.05483852 0.05483852 0.05483852
 0.05483852 0.05483852]","[0.04499101 0.0643557  0.08489757 0.13508043 0.18251134 0.2273412
 0.26971266 0.30976054 0.34761225 0.38338822 0.4172023  0.44916206
 0.47936919 0.50791982]",1999.0,2009.0,14
5,medmar,Maryland,[1996 1997 1998 1999 2000 2001 2002 2003 2004 2005 2006 2007],"[0.04918406 0.04564051 0.03361213 0.05413189 0.09209259 0.05666398
 0.05217677 0.0647545  0.06462634 0.0623962  0.0623962  0.0623962 ]","[0.04918406 0.09257978 0.12308011 0.17054945 0.2469357  0.28960732
 0.32667332 0.37027425 0.41097112 0.44772428 0.48218419 0.51449393]",,2007.0,12
5,medmar,Massachusetts,[1996 1997 1998 1999 2000 2001 2002 2003 2004 2005 2006 2007],"[0.01845566 0.0131446  0.01317353 0.02672041 0.04644422 0.02711924
 0.02874533 0.0273539  0.03832955 0.14484939 0.14484939 0.14484939]","[0.01845566 0.03135767 0.04411811 0.06965966 0.11286859 0.13692692
 0.16173624 0.18466603 0.21591741 0.3294913  0.42661407 0.50966867]",,2007.0,12
5,medmar,Michigan,[1996 1997 1998 1999 2000 2001 2002 2003 2004 2005 2006 2007 2008 2009],"[0.0580299  0.04267086 0.04352539 0.08169303 0.07001698 0.06026256
 0.05997067 0.06516273 0.0596988  0.02984713 0.02984713 0.02984713
 0.02984713 0.02984713]","[0.0580299  0.09822457 0.1374747  0.20793701 0.26339487 0.30778458
 0.3492972  0.39169877 0.42801362 0.44508578 0.46164837 0.47771663
 0.49330529 0.50842868]",,2009.0,14
5,medmar,Minnesota,[1996 1997 1998 1999 2000 2001 2002 2003 2004 2005 2006],"[0.05459244 0.04910117 0.05893844 0.09302814 0.07359212 0.07297958
 0.07009992 0.07011708 0.05661309 0.03673553 0.03673553]","[0.05459244 0.10101306 0.15399795 0.23269995 0.28916719 0.34104346
 0.38723626 0.43020147 0.46245953 0.48220636 0.50122779]",,2006.0,11
5,medmar,Mississippi,"[1996 1997 1998 1999 2000 2001 2002 2003 2004 2005 2006 2007 2008 2009
 2010 2011 2012 2013 2014 2015 2016 2017 2018 2019 2020 2021 2022 2023
 2024]","[0.032269   0.03470288 0.04099691 0.03657968 0.02526268 0.03504135
 0.03054023 0.03017396 0.02193759 0.01279716 0.01279716 0.01279716
 0.01279716 0.01279716 0.01279716 0.01279716 0.01279716 0.01279716
 0.01279716 0.01279716 0.01279716 0.01279716 0.01279716 0.01279716
 0.01279716 0.01279716 0.01279716 0.01279716 0.01279716]","[0.032269   0.06585205 0.10414923 0.13691917 0.1587229  0.18820239
 0.21299487 0.23674193 0.25348597 0.26303923 0.27247024 0.28178055
 0.29097172 0.30004527 0.3090027  0.3178455  0.32657514 0.33519307
 0.34370071 0.35209948 0.36039076 0.36857594 0.37665638 0.38463341
 0.39250835 0.40028252 0.4079572  0.41553366 0.42301317]",,,29
5,medmar,Missouri,"[1996 1997 1998 1999 2000 2001 2002 2003 2004 2005 2006 2007 2008 2009
 2010 2011 2012]","[0.06559622 0.07234565 0.07409226 0.07167018 0.04319153 0.05776439
 0.05486305 0.04404474 0.03658799 0.01974394 0.01974394 0.01974394
 0.01974394 0.01974394 0.01974394 0.01974394 0.01974394]","[0.06559622 0.13319627 0.19741972 0.25494079 0.28712104 0.32830006
 0.36515156 0.3931133  0.41531806 0.42686199 0.438178   0.44927058
 0.46014415 0.47080303 0.48125147 0.49149361 0.50153353]",,2012.0,17
5,medmar,Montana,"[1996 1997 1998 1999 2000 2001 2002 2003 2004 2005 2006 2007 2008 2009
 2010 2011 2012 2013 2014 2015 2016 2017 2018 2019 2020 2021 2022 2023]","[0.00916591 0.03614705 0.0120486  0.05390752 0.00674499 0.05403196
 0.0075176  0.03927464 0.00559127 0.00559127 0.00559127 0.00559127
 0.00559127 0.00559127 0.00559127 0.00559127 0.00559127 0.00559127
 0.00559127 0.00559127 0.00559127 0.00559127 0.00559127 0.00559127
 0.00559127 0.00559127 0.00559127 0.00559127]","[0.00916591 0.04498164 0.05648828 0.10735065 0.11337156 0.16127784
 0.16758302 0.20027589 0.20474736 0.20919383 0.21361544 0.21801233
 0.22238463 0.22673248 0.23105603 0.2353554  0.23963073 0.24388216
 0.24810982 0.25231384 0.25649435 0.26065149 0.26478538 0.26889617
 0.27298396 0.2770489  0.28109112 0.28511073]",2004.0,,28
5,medmar,Nevada,[1996 1997 1998 1999 2000 2001 2002 2003 2004 2005 2006 2007],"[0.03417693 0.13709389 0.05336414 0.05336414 0.05336414 0.05336414
 0.05336414 0.05336414 0.05336414 0.05336414 0.05336414 0.05336414]","[0.03417693 0.16658537 0.21105983 0.25316094 0.29301537 0.330743
 0.36645733 0.40026579 0.43227009 0.46256651 0.49124619 0.5183954 ]",1998.0,2007.0,12
5,medmar,New Hampshire,[1996 1997 1998 1999 2000 2001 2002 2003 2004 2005],"[0.04145184 0.0714332  0.06149833 0.09662861 0.08100374 0.10461822
 0.09015937 0.0828567  0.16178827 0.08680791]","[0.04145184 0.109924   0.16466219 0.24537972 0.30650678 0.37905881
 0.43504247 0.48185299 0.56568309 0.60338524]",,2004.0,10
5,medmar,New Jersey,[1996 1997 1998 1999 2000 2001 2002 2003 2004 2005 2006 2007],"[0.03837001 0.0315415  0.04668271 0.05723134 0.10936214 0.05274556
 0.08083674 0.06522373 0.06018255 0.05483251 0.05483251 0.05483251]","[0.03837001 0.06870127 0.11217682 0.16298813 0.25452554 0.29384601
 0.3509292  0.39326401 0.42977893 0.46104558 0.4905978  0.5185296 ]",,2007.0,12
5,medmar,New Mexico,[1996 1997 1998 1999 2000 2001 2002 2003 2004 2005],"[0.08474196 0.1085846  0.11125904 0.11434644 0.10318194 0.1590469
 0.14091957 0.14741504 0.13655635 0.09436843]","[0.08474196 0.18412489 0.27489837 0.35781116 0.42407345 0.51567279
 0.58392397 0.64525984 0.69370186 0.72260673]",,2001.0,10
5,medmar,New York,[1996 1997 1998 1999 2000 2001 2002 2003 2004 2005 2006 2007],"[0.03161268 0.0272398  0.02450633 0.04664842 0.08373011 0.05120465
 0.05087273 0.04031495 0.05926009 0.08841805 0.08841805 0.08841805]","[0.03161268 0.05799135 0.08107653 0.12394286 0.19729522 0.23839744
 0.27714224 0.30628421 0.34739387 0.40509603 0.45769628 0.50564572]",,2007.0,12
5,medmar,North Carolina,[1996 1997 1998 1999 2000 2001 2002 2003 2004 2005 2006 2007],"[0.07379279 0.08735687 0.09129614 0.0923872  0.04222037 0.0645735
 0.05125755 0.06158748 0.03930669 0.02934281 0.02934281 0.02934281]","[0.07379279 0.15470335 0.23187567 0.30284053 0.33227486 0.37539221
 0.40740807 0.44390431 0.4657626  0.48143862 0.49665467 0.51142424]",,2007.0,12
5,medmar,North Dakota,"[1996 1997 1998 1999 2000 2001 2002 2003 2004 2005 2006 2007 2008 2009
 2010]","[0.00657226 0.04409886 0.00653641 0.04945318 0.01154244 0.04324302
 0.00767848 0.05222526 0.01705299 0.07982863 0.07982863 0.07982863
 0.07982863 0.07982863 0.07982863]","[0.00657226 0.05038129 0.05658838 0.10324309 0.11359385 0.15192473
 0.15843665 0.20238752 0.2159892  0.2785757  0.33616602 0.38915897
 0.43792157 0.48279152 0.52407956]",,2010.0,15
5,medmar,Ohio,[1996 1997 1998 1999 2000 2001 2002 2003 2004 2005 2006 2007 2008 2009],"[0.06903855 0.06710991 0.0659049  0.0851421  0.05321596 0.06333221
 0.04482287 0.05622487 0.04837801 0.02790501 0.02790501 0.02790501
 0.02790501 0.02790501]","[0.06903855 0.13151529 0.18875269 0.25782399 0.29731959 0.3418219
 0.37132333 0.40667059 0.43537469 0.45113056 0.46644676 0.48133557
 0.4958089  0.50987836]",,2009.0,14
5,medmar,Oklahoma,"[1996 1997 1998 1999 2000 2001 2002 2003 2004 2005 2006 2007 2008 2009
 2010 2011 2012 2013 2014 2015 2016 2017 2018 2019 2020 2021 2022 2023
 2024]","[0.01895247 0.02874268 0.03266769 0.02713175 0.03462991 0.04556762
 0.03747411 0.04007338 0.02726381 0.0145903  0.0145903  0.0145903
 0.0145903  0.0145903  0.0145903  0.0145903  0.0145903  0.0145903
 0.0145903  0.0145903  0.0145903  0.0145903  0.0145903  0.0145903
 0.0145903  0.0145903  0.0145903  0.0145903  0.0145903 ]","[0.01895247 0.0471504  0.07827779 0.10328572 0.13433886 0.17378498
 0.20474665 0.23661514 0.25742791 0.26826226 0.27893854 0.28945904
 0.29982605 0.31004179 0.32010849 0.33002831 0.3398034  0.34943587
 0.35892779 0.36828123 0.3774982  0.38658068 0.39553066 0.40435004
 0.41304076 0.42160467 0.43004363 0.43835946 0.44655397]",,,29
5,medmar,Oregon,[1996 1997 1998 1999 2000],[0.06505614 0.09608332 0.16383156 0.16383156 0.16383156],[0.06505614 0.15488865 0.29334457 0.40911703 0.50592231],1998.0,2000.0,5
5,medmar,Pennsylvania,[1996 1997 1998 1999 2000 2001 2002 2003 2004 2005 2006 2007],"[0.06114008 0.04448921 0.0492551  0.09237915 0.06226449 0.07634284
 0.06616751 0.07341278 0.05731882 0.03442939 0.03442939 0.03442939]","[0.06114008 0.10290922 0.14709551 0.2258861  0.27408591 0.32950425
 0.37386929 0.41983528 0.45308964 0.47191943 0.49010092 0.50765643]",,2007.0,12
5,medmar,Rhode Island,"[1996 1997 1998 1999 2000 2001 2002 2003 2004 2005 2006 2007 2008 2009
 2010 2011 2012 2013 2014 2015]","[0.02606184 0.02542078 0.01796251 0.03906175 0.03677879 0.0179857
 0.02095717 0.0188886  0.02658544 0.04310581 0.04310581 0.04310581
 0.04310581 0.04310581 0.04310581 0.04310581 0.04310581 0.04310581
 0.04310581 0.04310581]","[0.02606184 0.0508201  0.06786975 0.10428039 0.13722387 0.15274151
 0.17049765 0.18616578 0.20780193 0.24195027 0.27462661 0.30589442
 0.3358144  0.36444466 0.39184079 0.41805598 0.44314115 0.467145
 0.49011415 0.51209319]",2005.0,2015.0,20
5,medmar,South Carolina,"[1996 1997 1998 1999 2000 2001 2002 2003 2004 2005 2006 2007 2008 2009
 2010 2011 2012 2013 2014 2015]","[0.0570398  0.07081145 0.0660575  0.08459902 0.04884615 0.04666761
 0.05044661 0.0434155  0.02699624 0.01744808 0.01744808 0.01744808
 0.01744808 0.01744808 0.01744808 0.01744808 0.01744808 0.01744808
 0.01744808 0.01744808]","[0.0570398  0.12381218 0.18169095 0.2509191  0.28750881 0.32075907
 0.35502447 0.3830264  0.39968237 0.41015676 0.42044839 0.43056045
 0.44049607 0.45025834 0.45985027 0.46927485 0.47853498 0.48763354
 0.49657335 0.50535718]",,2015.0,20
5,medmar,South Dakota,"[1996 1997 1998 1999 2000 2001 2002 2003 2004 2005 2006 2007 2008 2009
 2010]","[0.06394703 0.06486088 0.06651563 0.05702128 0.03333059 0.05972496
 0.03925774 0.04735969 0.05366232 0.03555925 0.03555925 0.03555925
 0.03555925 0.03555925 0.03555925]","[0.06394703 0.12466025 0.18288403 0.22947703 0.25515902 0.29964461
 0.32713898 0.35900547 0.39340273 0.41497287 0.435776   0.45583938
 0.47518933 0.4938512  0.51184947]",,2010.0,15
5,medmar,Tennessee,"[1996 1997 1998 1999 2000 2001 2002 2003 2004 2005 2006 2007 2008 2009
 2010 2011 2012 2013 2014 2015 2016 2017 2018]","[0.04974514 0.06135425 0.07077595 0.07191859 0.03207689 0.04457992
 0.03561565 0.04691608 0.03157682 0.01775681 0.01775681 0.01775681
 0.01775681 0.01775681 0.01775681 0.01775681 0.01775681 0.01775681
 0.01775681 0.01775681 0.01775681 0.01775681 0.01775681]","[0.04974514 0.10804732 0.17117611 0.23078396 0.25545802 0.28864964
 0.31398485 0.34616999 0.36681586 0.37805919 0.38910288 0.39995046
 0.41060543 0.42107119 0.43135112 0.44144851 0.45136661 0.46110859
 0.47067758 0.48007666 0.48930884 0.49837708 0.50728431]",,2018.0,23
5,medmar,Texas,"[1996 1997 1998 1999 2000 2001 2002 2003 2004 2005 2006 2007 2008 2009
 2010 2011 2012 2013 2014 2015 2016 2017 2018 2019 2020 2021 2022]","[0.0117515  0.07523945 0.01554509 0.06141183 0.00897703 0.05420955
 0.0090536  0.04581572 0.00678814 0.02262889 0.02262889 0.02262889
 0.02262889 0.02262889 0.02262889 0.02262889 0.02262889 0.02262889
 0.02262889 0.02262889 0.02262889 0.02262889 0.02262889 0.02262889
 0.02262889 0.02262889 0.02262889]","[0.0117515  0.08610677 0.10031333 0.15556473 0.16314525 0.20851077
 0.2156766  0.25161094 0.25669111 0.27351136 0.289951   0.30601862
 0.32172265 0.33707131 0.35207265 0.36673453 0.38106463 0.39507045
 0.40875934 0.42213846 0.43521482 0.44799529 0.46048654 0.47269513
 0.48462746 0.49628977 0.50768817]",,2022.0,27
5,medmar,Utah,[1996 1997 1998 1999 2000 2001 2002 2003 2004 2005],"[0.05067095 0.07848339 0.1038257  0.08051931 0.07846166 0.08924706
 0.07942665 0.06798236 0.05317157 0.03173387]","[0.05067095 0.12517752 0.21600657 0.27913319 0.33569359 0.39498099
 0.44303562 0.48089937 0.50850077 0.52409794]",,2004.0,10
5,medmar,Vermont,"[1996 1997 1998 1999 2000 2001 2002 2003 2004 2005 2006 2007 2008 2009
 2010 2011 2012 2013 2014 2015 2016 2017 2018 2019 2020 2021 2022 2023]","[0.01423861 0.03551424 0.01823084 0.03568111 0.04271139 0.02182917
 0.00854405 0.01800818 0.02048657 0.02048657 0.02048657 0.02048657
 0.02048657 0.02048657 0.02048657 0.02048657 0.02048657 0.02048657
 0.02048657 0.02048657 0.02048657 0.02048657 0.02048657 0.02048657
 0.02048657 0.02048657 0.02048657 0.02048657]","[0.01423861 0.04924717 0.0665802  0.09988565 0.13833079 0.15714032
 0.16434175 0.17939044 0.19620191 0.21266898 0.22879869 0.24459796
 0.26007356 0.27523211 0.29008012 0.30462395 0.31886982 0.33282384
 0.34649199 0.35988013 0.37299399 0.38583919 0.39842124 0.41074553
 0.42281733 0.43464183 0.44622408 0.45756905]",2004.0,,28
5,medmar,Virginia,[1996 1997 1998 1999 2000 2001 2002 2003 2004 2005 2006],"[0.06629576 0.08411565 0.09547096 0.07477328 0.04820818 0.087593
 0.06764703 0.06345371 0.05037082 0.02845865 0.02845865]","[0.06629576 0.1448349  0.22647834 0.28431709 0.31881886 0.37848556
 0.42052917 0.45729874 0.48463505 0.49930164 0.51355084]",,2006.0,11
5,medmar,Washington,[1996 1997 1998 1999 2000 2001 2002 2003 2004 2005],"[0.05942334 0.06298436 0.18723096 0.22840125 0.13940046 0.22935764
 0.20157734 0.21245573 0.19420604 0.12859015]","[0.05942334 0.11866496 0.28367816 0.44728697 0.52433542 0.63343273
 0.70732438 0.76950499 0.81426852 0.83815176]",,2000.0,10
5,medmar,West Virginia,"[1996 1997 1998 1999 2000 2001 2002 2003 2004 2005 2006 2007 2008 2009
 2010 2011 2012 2013]","[0.02761165 0.0261054  0.02139807 0.03920526 0.06499482 0.0388779
 0.041803   0.0342863  0.03898624 0.0430647  0.0430647  0.0430647
 0.0430647  0.0430647  0.0430647  0.0430647  0.0430647  0.0430647 ]","[0.02761165 0.05299624 0.07326029 0.10959336 0.16746518 0.19983239
 0.2332818  0.25956973 0.28843632 0.31907959 0.34840322 0.37646404
 0.40331643 0.42901242 0.45360183 0.4771323  0.49964944 0.52119689]",,2013.0,18
5,medmar,Wisconsin,[1996 1997 1998 1999 2000 2001 2002 2003 2004 2005 2006 2007 2008],"[0.05562244 0.05385191 0.05049812 0.08738797 0.0665893  0.07886845
 0.05901318 0.06868686 0.06385148 0.02829867 0.02829867 0.02829867
 0.02829867]","[0.05562244 0.10647897 0.1516001  0.22574004 0.27729747 0.3342959
 0.37358122 0.41660796 0.45385841 0.46931348 0.4843312  0.49892394
 0.51310373]",,2008.0,13
5,medmar,Wyoming,"[1996 1997 1998 1999 2000 2001 2002 2003 2004 2005 2006 2007 2008 2009
 2010 2011 2012]","[0.03757316 0.03614021 0.03621189 0.02976322 0.02913469 0.03576828
 0.03024966 0.03088162 0.04132714 0.04883846 0.04883846 0.04883846
 0.04883846 0.04883846 0.04883846 0.04883846 0.04883846]","[0.03757316 0.07235546 0.10594723 0.13255711 0.15782979 0.18795277
 0.21251692 0.23683567 0.26837507 0.30410651 0.33809288 0.37041941
 0.40116715 0.43041323 0.45823097 0.48469014 0.50985708]",,2012.0,17
5,paperterror,Alabama,[1995 1996 1997 1998 1999 2000],[0.05638316 0.04804972 0.1417291  0.17385575 0.15536806 0.15536806],[0.05638316 0.10172369 0.22903558 0.36307218 0.46203042 0.54561371],,2000.0,6
5,paperterror,Arizona,[1995 1996 1997 1998],[0.0669371  0.05794621 0.32372906 0.44487076],[0.0669371  0.12100456 0.40556093 0.67000949],1998.0,1998.0,4
5,paperterror,Arkansas,[1995 1996 1997 1998 1999 2000],[0.07415397 0.01764493 0.20582282 0.03882832 0.19451587 0.19451587],[0.07415397 0.09049046 0.27768827 0.30573442 0.4407801  0.54955725],,2000.0,6
5,paperterror,California,[1995 1996 1997 1998],[0.11449822 0.10819042 0.3162884  0.47080379],[0.11449822 0.21030103 0.46007365 0.71427302],1998.0,1998.0,4
5,paperterror,Colorado,[1995 1996 1997 1998 1999],[0.08115758 0.09330731 0.18804187 0.18804187 0.18804187],[0.08115758 0.1668923  0.32355143 0.45075208 0.55403369],1997.0,1999.0,5
5,paperterror,Connecticut,[1995 1996 1997 1998 1999 2000 2001 2002 2003],"[0.08954467 0.08166619 0.04954787 0.03804208 0.08310469 0.08310469
 0.08310469 0.08310469 0.08310469]","[0.08954467 0.16389809 0.20532515 0.23555624 0.2990851  0.35733441
 0.41074294 0.45971296 0.50461335]",,2003.0,9
5,paperterror,Delaware,[1995 1996 1997 1998 1999 2000 2001],"[0.09061415 0.08927591 0.11783978 0.07599336 0.12476371 0.12476371
 0.12476371]","[0.09061415 0.1718004  0.26939525 0.32491637 0.40914231 0.48285991
 0.54738022]",,2001.0,7
5,paperterror,Florida,[1995 1996 1997 1998 1999 2000],[0.09072647 0.09342638 0.11852348 0.11852348 0.11852348 0.11852348],[0.09072647 0.17567661 0.27337828 0.35950001 0.4354143  0.50233096],1997.0,2000.0,6
5,paperterror,Georgia,[1995 1996 1997 1998 1999],[0.08212189 0.07872883 0.25751964 0.25004993 0.26550383],[0.08212189 0.15438536 0.37214774 0.52914216 0.65415672],,1998.0,5
5,paperterror,Idaho,[1995 1996 1997 1998 1999 2000 2001 2002 2003 2004 2005 2006],"[0.04014217 0.0590475  0.0590475  0.0590475  0.0590475  0.0590475
 0.0590475  0.0590475  0.0590475  0.0590475  0.0590475  0.0590475 ]","[0.04014217 0.09681937 0.15014993 0.20033145 0.24754988 0.29198018
 0.33378698 0.37312519 0.41014058 0.44497031 0.47774342 0.50858137]",1996.0,2006.0,12
5,paperterror,Illinois,[1995 1996 1997 1998 1999 2000],[0.10498474 0.1334092  0.1334092  0.1334092  0.1334092  0.1334092 ],[0.10498474 0.22438801 0.32786178 0.4175312  0.4952379  0.56257781],1996.0,2000.0,6
5,paperterror,Indiana,[1995 1996 1997 1998 1999],[0.06169935 0.19532225 0.27886288 0.6067018  0.59519625],[0.06169935 0.24497034 0.45552009 0.78585703 0.91331412],,1998.0,5
5,paperterror,Iowa,[1995 1996 1997 1998 1999],[0.0754166  0.15023864 0.34703736 0.37151238 0.46883625],[0.0754166  0.21432476 0.48698342 0.67757543 0.82873976],,1998.0,5
5,paperterror,Kansas,[1995 1996 1997 1998 1999],[0.05292462 0.10310505 0.22502236 0.20001481 0.20001481],[0.05292462 0.15057287 0.34171297 0.47338013 0.5787119 ],1998.0,1999.0,5
5,paperterror,Kentucky,[1995 1996 1997 1998 1999],[0.01251982 0.16312769 0.04197257 0.22868987 0.22868987],[0.01251982 0.17360518 0.20829109 0.38934689 0.52899707],1998.0,1999.0,5
5,paperterror,Louisiana,[1995 1996 1997 1998 1999 2000],[0.04719869 0.06433388 0.13350001 0.18138953 0.12158361 0.12158361],[0.04719869 0.1084961  0.22751188 0.36763314 0.44451858 0.51205602],,2000.0,6
5,paperterror,Maine,[1995 1996 1997 1998 1999 2000 2001 2002 2003 2004 2005],"[0.06305304 0.07951683 0.02920186 0.0289541  0.0704807  0.0704807
 0.0704807  0.0704807  0.0704807  0.0704807  0.0704807 ]","[0.06305304 0.13755609 0.16274106 0.18698313 0.24428513 0.29754845
 0.34705773 0.39307756 0.43585388 0.4756153  0.5125743 ]",,2005.0,11
5,paperterror,Maryland,[1995 1996 1997 1998 1999 2000 2001 2002],"[0.08911684 0.08663571 0.0649886  0.04416007 0.12141495 0.12141495
 0.12141495 0.12141495]","[0.08911684 0.16803185 0.22210029 0.25645239 0.34673019 0.42604691
 0.4957334  0.55695891]",,2002.0,8
5,paperterror,Massachusetts,"[1995 1996 1997 1998 1999 2000 2001 2002 2003 2004 2005 2006 2007 2008
 2009 2010 2011 2012 2013 2014 2015]","[0.05580832 0.03332908 0.01899103 0.0174232  0.03463607 0.03463607
 0.03463607 0.03463607 0.03463607 0.03463607 0.03463607 0.03463607
 0.03463607 0.03463607 0.03463607 0.03463607 0.03463607 0.03463607
 0.03463607 0.03463607 0.03463607]","[0.05580832 0.08727736 0.10461091 0.12021145 0.15068387 0.18010084
 0.20849893 0.23591342 0.26237837 0.28792669 0.31259011 0.33639929
 0.35938381 0.38157224 0.40299215 0.42367016 0.44363196 0.46290236
 0.48150531 0.49946393 0.51680054]",,2015.0,21
5,paperterror,Michigan,[1995 1996 1997 1998],[0.1006205  0.27168889 0.29010102 0.27604574],[0.1006205  0.34497192 0.53499623 0.66335854],1998.0,1997.0,4
5,paperterror,Minnesota,[1995 1996 1997 1998 1999],[0.11365914 0.09574764 0.20395864 0.22119545 0.4895944 ],[0.11365914 0.19852418 0.3619921  0.50311654 0.7463879 ],1999.0,1998.0,5
5,paperterror,Mississippi,[1995 1996 1997 1998 1999 2000 2001 2002 2003 2004 2005 2006 2007 2008],"[0.02693639 0.03570229 0.04774374 0.06099969 0.05519334 0.05519334
 0.05519334 0.05519334 0.05519334 0.05519334 0.05519334 0.05519334
 0.05519334 0.05519334]","[0.02693639 0.06167699 0.10647604 0.16098072 0.207289   0.25104136
 0.29237889 0.33143486 0.3683352  0.40319889 0.43613833 0.46725974
 0.49666345 0.52444427]",,2008.0,14
5,paperterror,Missouri,[1995 1996 1997 1998 1999 2000 2001],"[0.07978313 0.11348165 0.11348165 0.11348165 0.11348165 0.11348165
 0.11348165]","[0.07978313 0.18421086 0.27678795 0.35885925 0.43161696 0.496118
 0.55329936]",1996.0,2001.0,7
5,paperterror,Montana,"[1995 1996 1997 1998 1999 2000 2001 2002 2003 2004 2005 2006 2007 2008
 2009 2010 2011 2012 2013 2014 2015]","[0.06301885 0.01862505 0.01862505 0.01862505 0.01862505 0.01862505
 0.01862505 0.01862505 0.01862505 0.01862505 0.01862505 0.01862505
 0.01862505 0.01862505 0.01862505 0.01862505 0.01862505 0.01862505
 0.01862505 0.01862505 0.01862505]","[0.06301885 0.08047017 0.09759645 0.11440376 0.13089803 0.1470851
 0.16297068 0.17856039 0.19385974 0.20887414 0.22360889 0.23806922
 0.25226021 0.2661869  0.2798542  0.29326695 0.30642989 0.31934766
 0.33202485 0.34446591 0.35667527]",1996.0,,21
5,paperterror,Nevada,[1995 1996 1997 1998],[0.08648406 0.02347819 0.26583545 0.26583545],[0.08648406 0.10793176 0.34507512 0.51917737],1997.0,1998.0,4
5,paperterror,New Hampshire,[1995 1996 1997 1998 1999 2000 2001 2002 2003 2004],"[0.05541127 0.0458159  0.09689134 0.09055937 0.06767304 0.06767304
 0.06767304 0.06767304 0.06767304 0.06767304]","[0.05541127 0.09868845 0.18601774 0.25973146 0.30982768 0.35653374
 0.40007906 0.44067753 0.47852858 0.51381813]",,2004.0,10
5,paperterror,New Jersey,[1995 1996 1997 1998 1999 2000 2001 2002 2003 2004],"[0.09644081 0.06817765 0.04519573 0.06107315 0.07350298 0.07350298
 0.07350298 0.07350298 0.07350298 0.07350298]","[0.09644081 0.15804336 0.19609621 0.24519314 0.3006737  0.35207627
 0.3997006  0.4438244  0.48470496 0.52258069]",,2004.0,10
5,paperterror,New Mexico,[1995 1996 1997 1998 1999],[0.08211408 0.0941125  0.32102429 0.43440622 0.46436984],[0.08211408 0.16849861 0.43543075 0.68068314 0.82896426],1999.0,1998.0,5
5,paperterror,New York,[1995 1996 1997 1998 1999 2000 2001 2002 2003 2004 2005 2006],"[0.07395264 0.05647922 0.03910703 0.03229222 0.06010302 0.06010302
 0.06010302 0.06010302 0.06010302 0.06010302 0.06010302 0.06010302]","[0.07395264 0.12625507 0.16042464 0.18753639 0.23636791 0.2822645
 0.32540257 0.36594791 0.40405635 0.43987436 0.4735396  0.50518146]",,2006.0,12
5,paperterror,North Carolina,[1995 1996 1997 1998 1999],[0.08100747 0.08127301 0.19785266 0.19780728 0.22443178],[0.08100747 0.15569675 0.32274439 0.45671048 0.57864192],,1999.0,5
5,paperterror,North Dakota,[1995 1996 1997 1998 1999],[0.06083818 0.02676893 0.25632994 0.0429956  0.4421131 ],[0.06083818 0.08597854 0.3202696  0.34949502 0.63709179],1999.0,1999.0,5
5,paperterror,Ohio,[1995 1996 1997 1998 1999 2000 2001 2002],"[0.08262173 0.09415939 0.09415939 0.09415939 0.09415939 0.09415939
 0.09415939 0.09415939]","[0.08262173 0.1690015  0.24724781 0.3181265  0.38233129 0.44049059
 0.49317366 0.54089611]",1996.0,2002.0,8
5,paperterror,Oklahoma,[1995 1996 1997 1998 1999],[0.02881729 0.03128816 0.12350077 0.20874376 0.24932843],[0.02881729 0.05920381 0.17539287 0.34752446 0.51020517],,1999.0,5
5,paperterror,Oregon,[1995 1996 1997],[0.1434726  0.19077827 0.34530745],[0.1434726  0.30687941 0.54621912],1997.0,1997.0,3
5,paperterror,Pennsylvania,[1995 1996 1997 1998 1999],[0.11142368 0.15240354 0.09247324 0.09389087 0.23170733],[0.11142368 0.24684585 0.31649245 0.38066757 0.52417143],,1999.0,5
5,paperterror,Rhode Island,[1995 1996 1997 1998 1999 2000 2001 2002 2003 2004 2005 2006 2007 2008],"[0.06766551 0.04677297 0.0365253  0.02371992 0.05044393 0.05044393
 0.05044393 0.05044393 0.05044393 0.05044393 0.05044393 0.05044393
 0.05044393 0.05044393]","[0.06766551 0.11127356 0.14373456 0.16404511 0.20621396 0.24625565
 0.28427748 0.32038133 0.35466397 0.38721726 0.41812843 0.44748032
 0.47535158 0.50181691]",,2008.0,14
5,paperterror,South Carolina,[1995 1996 1997 1998 1999 2000 2001 2002],"[0.05930471 0.0629372  0.09607094 0.09607094 0.09607094 0.09607094
 0.09607094 0.09607094]","[0.05930471 0.11850944 0.20319506 0.27974487 0.34894046 0.41148836
 0.46802723 0.51913435]",1997.0,2002.0,8
5,paperterror,South Dakota,[1995 1996 1997 1998 1999],[0.09155599 0.10250856 0.17987004 0.17987004 0.17987004],[0.09155599 0.18467928 0.33133105 0.45160456 0.55024447],1997.0,1999.0,5
5,paperterror,Tennessee,[1995 1996 1997 1998 1999 2000],[0.06226595 0.07322443 0.11025163 0.17618178 0.18052725 0.18052725],[0.06226595 0.130931   0.22674727 0.36298031 0.47797973 0.57221861],,2000.0,6
5,paperterror,Texas,[1995 1996 1997 1998 1999 2000 2001 2002],"[0.06861286 0.01303121 0.10190524 0.10190524 0.10190524 0.10190524
 0.10190524 0.10190524]","[0.06861286 0.08074996 0.17442636 0.25855664 0.3341136  0.40197092
 0.46291322 0.51764518]",1997.0,2002.0,8
5,paperterror,Utah,[1995 1996 1997 1998],[0.04031765 0.05594894 0.28851368 0.28851368],[0.04031765 0.09401087 0.35540112 0.54137672],1997.0,1998.0,4
5,paperterror,Vermont,"[1995 1996 1997 1998 1999 2000 2001 2002 2003 2004 2005 2006 2007 2008
 2009 2010]","[0.03151079 0.02580284 0.05079806 0.02407215 0.0461255  0.0461255
 0.0461255  0.0461255  0.0461255  0.0461255  0.0461255  0.0461255
 0.0461255  0.0461255  0.0461255  0.0461255 ]","[0.03151079 0.05650056 0.1044285  0.12598683 0.16630113 0.2047559
 0.24143693 0.27642603 0.30980124 0.341637   0.37200432 0.40097093
 0.42860145 0.45495749 0.48009785 0.50407859]",,2010.0,16
5,paperterror,Virginia,[1995 1996 1997 1998 1999],[0.0792674  0.07307598 0.11354104 0.19264069 0.24928953],[0.0792674  0.14655084 0.24345235 0.38919421 0.5414617 ],,1999.0,5
5,paperterror,Washington,[1995 1996 1997 1998 1999 2000],[0.11563214 0.11563214 0.11563214 0.11563214 0.11563214 0.11563214],[0.11563214 0.21789348 0.30833013 0.38830939 0.45904049 0.52159279],1995.0,2000.0,6
5,paperterror,West Virginia,[1995 1996 1997 1998 1999 2000 2001 2002],"[0.05069916 0.07841844 0.05985519 0.07198425 0.12466233 0.12466233
 0.12466233 0.12466233]","[0.05069916 0.12514186 0.17750666 0.23671322 0.33186633 0.41515743
 0.48806527 0.55188425]",1999.0,2002.0,8
5,paperterror,Wisconsin,[1995 1996 1997 1998 1999],[0.09532448 0.16635764 0.13258231 0.13258231 0.13258231],[0.09532448 0.24582416 0.34581454 0.43254796 0.50778206],1997.0,1999.0,5
5,paperterror,Wyoming,[1995 1996 1997 1998],[0.04647806 0.08948734 0.28814211 0.28814211],[0.04647806 0.1318062  0.3819694  0.56005004],1997.0,1998.0,4
5,racialpro,Alabama,[1999 2000 2001 2002 2003 2004],[0.03637313 0.06327976 0.16056487 0.13136931 0.10443055 0.19599292],[0.03637313 0.09735121 0.2422849  0.34182541 0.41055894 0.52608522],,2004.0,6
5,racialpro,Arizona,[1999 2000 2001 2002 2003 2004],[0.03033467 0.0745074  0.24910432 0.31310074 0.33641242 0.2767846 ],[0.03033467 0.10258191 0.32613264 0.537121   0.69283925 0.77785661],,2002.0,6
5,racialpro,Arkansas,[1999 2000 2001 2002 2003],[0.03881544 0.023144   0.2641416  0.05561289 0.2545634 ],[0.03881544 0.0610611  0.30907392 0.34749832 0.51360137],2003.0,2003.0,5
5,racialpro,California,[1999 2000 2001 2002 2003 2004 2005 2006],"[0.07520005 0.09390877 0.09390877 0.09390877 0.09390877 0.09390877
 0.09390877 0.09390877]","[0.07520005 0.16204688 0.24073803 0.31203939 0.37664493 0.43518344
 0.48822467 0.53628486]",2000.0,2006.0,8
5,racialpro,Colorado,[1999 2000 2001 2002 2003 2004],[0.05023947 0.11561371 0.14106589 0.14106589 0.14106589 0.14106589],[0.05023947 0.16004481 0.27853383 0.3803081  0.46772549 0.54281127],2001.0,2004.0,6
5,racialpro,Connecticut,[1999 2000 2001 2002 2003 2004],[0.11996619 0.11996619 0.11996619 0.11996619 0.11996619 0.11996619],[0.11996619 0.2255405  0.31844946 0.40021248 0.47216671 0.53548886],1999.0,2004.0,6
5,racialpro,Delaware,[1999 2000 2001 2002 2003 2004],[0.08459263 0.07876251 0.13193612 0.15896786 0.27766659 0.124356  ],[0.08459263 0.15669241 0.26795514 0.38432675 0.55527864 0.61058241],,2003.0,6
5,racialpro,Florida,[1999 2000 2001 2002 2003 2004 2005 2006 2007 2008],"[0.04806183 0.05581367 0.07184343 0.07184343 0.07184343 0.07184343
 0.07184343 0.07184343 0.07184343 0.07184343]","[0.04806183 0.10119299 0.16576637 0.22570058 0.2813289  0.3329607
 0.38088309 0.42536257 0.4666465  0.50496444]",2001.0,2008.0,10
5,racialpro,Georgia,[1999 2000 2001 2002 2003 2004],[0.04881397 0.077177   0.17759013 0.12937888 0.13080828 0.14654805],[0.04881397 0.12222365 0.27810807 0.37150563 0.4537179  0.53377447],,2004.0,6
5,racialpro,Idaho,[1999 2000 2001 2002 2003 2004 2005 2006 2007],"[0.01500655 0.02383643 0.05863597 0.0561787  0.10536308 0.1224255
 0.1224255  0.1224255  0.1224255 ]","[0.01500655 0.03848528 0.09486462 0.14571395 0.23572417 0.32929101
 0.4114029  0.48346219 0.54669959]",,2007.0,9
5,racialpro,Illinois,[1999 2000 2001 2002 2003 2004],[0.07084576 0.13621342 0.10822893 0.11182455 0.11535935 0.11535935],[0.07084576 0.19740904 0.2842726  0.3643085  0.43764146 0.50251477],2003.0,2004.0,6
5,racialpro,Indiana,[1999 2000 2001 2002 2003 2004],[0.04564592 0.04537217 0.14337098 0.11353274 0.19784096 0.16727438],[0.04564592 0.08894704 0.2195656  0.30817045 0.44504267 0.53787281],,2004.0,6
5,racialpro,Iowa,[1999 2000 2001 2002 2003 2004],[0.04144227 0.06503755 0.12815754 0.11663496 0.20162563 0.18728096],[0.04144227 0.10378452 0.21864129 0.30977504 0.44894208 0.55214474],,2004.0,6
5,racialpro,Kansas,[1999 2000 2001 2002 2003 2004 2005 2006 2007 2008 2009],"[0.02497022 0.06591271 0.06591271 0.06591271 0.06591271 0.06591271
 0.06591271 0.06591271 0.06591271 0.06591271 0.06591271]","[0.02497022 0.08923708 0.14926793 0.20534198 0.25772005 0.30664573
 0.35234659 0.39503518 0.43491005 0.47215666 0.50694824]",2000.0,2009.0,11
5,racialpro,Kentucky,"[1999 2000 2001 2002 2003 2004 2005 2006 2007 2008 2009 2010 2011 2012
 2013]","[0.00323939 0.03741626 0.05080714 0.05080714 0.05080714 0.05080714
 0.05080714 0.05080714 0.05080714 0.05080714 0.05080714 0.05080714
 0.05080714 0.05080714 0.05080714]","[0.00323939 0.04053445 0.08928214 0.13555311 0.17947318 0.2211618
 0.26073234 0.29829241 0.33394416 0.36778455 0.39990561 0.43039469
 0.4593347  0.48680436 0.51287836]",2001.0,2013.0,15
5,racialpro,Louisiana,[1999 2000 2001 2002 2003 2004],[0.0226223  0.02620754 0.10310637 0.09122151 0.17219098 0.28944176],[0.0226223  0.04823696 0.14636979 0.22423923 0.35781824 0.54369246],,2004.0,6
5,racialpro,Maine,"[1999 2000 2001 2002 2003 2004 2005 2006 2007 2008 2009 2010 2011 2012
 2013 2014 2015 2016 2017 2018 2019 2020 2021 2022 2023]","[0.06884153 0.07756316 0.02282849 0.0275815  0.03000868 0.02074682
 0.02074682 0.02074682 0.02074682 0.02074682 0.02074682 0.02074682
 0.02074682 0.02074682 0.02074682 0.02074682 0.02074682 0.02074682
 0.02074682 0.02074682 0.02074682 0.02074682 0.02074682 0.02074682
 0.02074682]","[0.06884153 0.14106513 0.16067332 0.1838232  0.2083156  0.22474053
 0.2408247  0.25657518 0.27199888 0.28710259 0.30189294 0.31637644
 0.33055946 0.34444822 0.35804884 0.37136729 0.38440942 0.39718096
 0.40968754 0.42193465 0.43392767 0.44567187 0.45717242 0.46843436
 0.47946266]",,,25
5,racialpro,Maryland,[1999 2000 2001 2002 2003 2004 2005 2006 2007 2008 2009 2010 2011],"[0.10111438 0.09203053 0.04399359 0.04399359 0.04399359 0.04399359
 0.04399359 0.04399359 0.04399359 0.04399359 0.04399359 0.04399359
 0.04399359]","[0.10111438 0.1838393  0.21974514 0.25407135 0.28688743 0.31825981
 0.34825201 0.37692475 0.40433606 0.43054146 0.45559398 0.47954436
 0.50244107]",2001.0,2011.0,13
5,racialpro,Massachusetts,[1999 2000 2001 2002 2003 2004],[0.0810392  0.11502865 0.11502865 0.11502865 0.11502865 0.11502865],[0.0810392  0.18674602 0.28029353 0.36308039 0.43634439 0.50118094],2000.0,2004.0,6
5,racialpro,Michigan,[1999 2000 2001 2002 2003 2004 2005 2006 2007 2008 2009],"[0.04933503 0.08044048 0.04682745 0.04867496 0.102735   0.0597237
 0.0597237  0.0597237  0.0597237  0.0597237  0.0597237 ]","[0.04933503 0.12580698 0.1667432  0.20730194 0.28873978 0.33121887
 0.37116096 0.40871756 0.44403113 0.47723565 0.50845708]",,2009.0,11
5,racialpro,Minnesota,[1999 2000 2001 2002 2003 2004 2005 2006 2007 2008 2009 2010],"[0.05645641 0.0844995  0.0568809  0.0568809  0.0568809  0.0568809
 0.0568809  0.0568809  0.0568809  0.0568809  0.0568809  0.0568809 ]","[0.05645641 0.13618537 0.18531993 0.23165967 0.27536356 0.31658153
 0.35545499 0.39211729 0.42669421 0.45930436 0.49005962 0.51906549]",2001.0,2010.0,12
5,racialpro,Mississippi,[1999 2000 2001 2002 2003 2004 2005],"[0.02166909 0.0527079  0.09327677 0.07932849 0.13065792 0.15896057
 0.15896057]","[0.02166909 0.07323486 0.15968052 0.2263418  0.32742637 0.43433905
 0.52425684]",,2005.0,7
5,racialpro,Missouri,[1999 2000 2001 2002 2003 2004 2005],"[0.04309584 0.11639839 0.11639839 0.11639839 0.11639839 0.11639839
 0.11639839]","[0.04309584 0.15447795 0.25289535 0.33985713 0.4166967  0.48459226
 0.54458489]",2000.0,2005.0,7
5,racialpro,Montana,"[1999 2000 2001 2002 2003 2004 2005 2006 2007 2008 2009 2010 2011 2012
 2013]","[0.03216961 0.00782841 0.05763786 0.01108823 0.05468032 0.05468032
 0.05468032 0.05468032 0.05468032 0.05468032 0.05468032 0.05468032
 0.05468032 0.05468032 0.05468032]","[0.03216961 0.03974618 0.09509316 0.10512698 0.15405892 0.20031526
 0.24404228 0.28537829 0.32445404 0.36139311 0.39631234 0.42932218
 0.46052703 0.49002559 0.51791115]",2003.0,2013.0,15
5,racialpro,Nevada,[1999 2000 2001 2002 2003 2004 2005 2006],"[0.0657352  0.02431254 0.09880224 0.09880224 0.09880224 0.09880224
 0.09880224 0.09880224]","[0.0657352  0.08844954 0.17851277 0.25967755 0.33282306 0.39874164
 0.45814731 0.51168357]",2001.0,2006.0,8
5,racialpro,New Hampshire,[1999 2000 2001 2002 2003 2004 2005],"[0.02678354 0.09289947 0.15192416 0.12792302 0.11334087 0.11340376
 0.11340376]","[0.02678354 0.11719483 0.25131426 0.3470884  0.42108997 0.48674054
 0.54494609]",,2005.0,7
5,racialpro,New Jersey,[1999 2000 2001 2002 2003 2004 2005 2006 2007 2008 2009],"[0.10660075 0.10928983 0.04091335 0.06588629 0.05582086 0.05582086
 0.05582086 0.05582086 0.05582086 0.05582086 0.05582086]","[0.10660075 0.20424021 0.2367974  0.28708199 0.32687769 0.36445195
 0.39992879 0.43342527 0.46505196 0.49491322 0.52310759]",2003.0,2009.0,11
5,racialpro,New Mexico,[1999 2000 2001 2002 2003 2004],[0.04405697 0.07561562 0.19144991 0.26659313 0.28122551 0.1970932 ],[0.04405697 0.1163412  0.2855176  0.4759937  0.62335764 0.69759129],,2003.0,6
5,racialpro,New York,[1999 2000 2001 2002 2003 2004],[0.13582463 0.19605426 0.09943795 0.10298059 0.13445899 0.07616682],[0.13582463 0.30524989 0.37433442 0.43876583 0.51422881 0.55122846],,2003.0,6
5,racialpro,North Carolina,[1999 2000 2001 2002 2003 2004],[0.05605186 0.08645434 0.14936295 0.12874664 0.19916317 0.17411599],[0.05605186 0.13766028 0.26646189 0.36090245 0.48818714 0.57730195],,2004.0,6
5,racialpro,North Dakota,"[1999 2000 2001 2002 2003 2004 2005 2006 2007 2008 2009 2010 2011 2012
 2013 2014 2015 2016 2017 2018 2019 2020]","[0.05918039 0.01338607 0.07279314 0.01387538 0.19355966 0.01891277
 0.01891277 0.01891277 0.01891277 0.01891277 0.01891277 0.01891277
 0.01891277 0.01891277 0.01891277 0.01891277 0.01891277 0.01891277
 0.01891277 0.01891277 0.01891277 0.01891277]","[0.05918039 0.07177427 0.13934273 0.15128468 0.31556173 0.32850636
 0.34120616 0.35366578 0.36588975 0.37788254 0.3896485  0.40119194
 0.41251706 0.42362799 0.43452878 0.44522341 0.45571578 0.4660097
 0.47610894 0.48601717 0.49573801 0.505275  ]",,2020.0,22
5,racialpro,Ohio,[1999 2000 2001 2002 2003 2004],[0.05149455 0.06130315 0.11621193 0.15648436 0.16754393 0.10793803],[0.05149455 0.10964092 0.21311126 0.33624704 0.44745482 0.50709546],,2004.0,6
5,racialpro,Oklahoma,[1999 2000 2001 2002 2003 2004 2005 2006 2007 2008 2009 2010 2011],"[0.01600832 0.05905338 0.05905338 0.05905338 0.05905338 0.05905338
 0.05905338 0.05905338 0.05905338 0.05905338 0.05905338 0.05905338
 0.05905338]","[0.01600832 0.07411636 0.12879292 0.18024064 0.22865021 0.27420102
 0.31706191 0.35739171 0.3953399  0.43104713 0.46464572 0.4962602
 0.52600774]",2000.0,2011.0,13
5,racialpro,Oregon,[1999 2000 2001 2002 2003 2004],[0.07040523 0.24212096 0.21260997 0.2075008  0.24573685 0.1520392 ],[0.07040523 0.29547961 0.44526767 0.56037507 0.66840711 0.71882223],,2002.0,6
5,racialpro,Pennsylvania,[1999 2000 2001 2002 2003 2004],[0.06142853 0.07162276 0.08704622 0.1301969  0.18707208 0.13469116],[0.06142853 0.1286516  0.20449919 0.30807093 0.43751154 0.51327376],,2004.0,6
5,racialpro,Rhode Island,[1999 2000 2001],[0.21431699 0.30782273 0.30782273],[0.21431699 0.45616808 0.6235719 ],2000.0,2001.0,3
5,racialpro,South Carolina,[1999 2000 2001 2002 2003 2004 2005 2006 2007 2008 2009],"[0.05115409 0.05630876 0.06981273 0.05717444 0.06034343 0.06405453
 0.06405453 0.06405453 0.06405453 0.06405453 0.06405453]","[0.05115409 0.10458243 0.16709397 0.2147149  0.2621017  0.30936743
 0.35360557 0.39501006 0.43376241 0.47003249 0.50397931]",,2009.0,11
5,racialpro,South Dakota,[1999 2000 2001 2002 2003 2004 2005 2006],"[0.03407298 0.03851877 0.0682707  0.08347683 0.11768286 0.12659772
 0.12659772 0.12659772]","[0.03407298 0.0712793  0.13468371 0.20691757 0.30024978 0.38883656
 0.46620845 0.53378524]",,2006.0,8
5,racialpro,Tennessee,[1999 2000 2001 2002 2003 2004 2005 2006 2007 2008 2009 2010 2011 2012],"[0.04324983 0.04973688 0.04973688 0.04973688 0.04973688 0.04973688
 0.04973688 0.04973688 0.04973688 0.04973688 0.04973688 0.04973688
 0.04973688 0.04973688]","[0.04324983 0.0908356  0.1360546  0.17902455 0.21985731 0.25865917
 0.29553116 0.33056924 0.36386464 0.39550403 0.42556977 0.45414014
 0.48128951 0.50708855]",2000.0,2012.0,14
5,racialpro,Texas,[1999 2000 2001 2002 2003 2004 2005],"[0.03676544 0.01907587 0.13968922 0.13968922 0.13968922 0.13968922
 0.13968922]","[0.03676544 0.05513998 0.18712674 0.30067637 0.39836434 0.48240636
 0.55470861]",2001.0,2005.0,7
5,racialpro,Utah,[1999 2000 2001 2002 2003 2004 2005 2006 2007 2008],"[0.02203436 0.02816035 0.09072479 0.07818846 0.07818846 0.07818846
 0.07818846 0.07818846 0.07818846 0.07818846]","[0.02203436 0.04957421 0.13580139 0.20337175 0.26565888 0.32307588
 0.37600353 0.42479285 0.46976741 0.51122547]",2002.0,2008.0,10
5,racialpro,Vermont,"[1999 2000 2001 2002 2003 2004 2005 2006 2007 2008 2009 2010 2011 2012
 2013 2014 2015 2016 2017 2018 2019 2020 2021 2022 2023]","[0.06779752 0.0918055  0.03731688 0.01542865 0.03403146 0.02271217
 0.02271217 0.02271217 0.02271217 0.02271217 0.02271217 0.02271217
 0.02271217 0.02271217 0.02271217 0.02271217 0.02271217 0.02271217
 0.02271217 0.02271217 0.02271217 0.02271217 0.02271217 0.02271217
 0.02271217]","[0.06779752 0.15337883 0.1849721  0.19754688 0.22485553 0.24246074
 0.2596661  0.27648069 0.29291338 0.30897285 0.32466757 0.34000583
 0.35499573 0.36964518 0.3839619  0.39795346 0.41162724 0.42499046
 0.43805017 0.45081327 0.46328649 0.47547642 0.48738949 0.49903198
 0.51041005]",,2023.0,25
5,racialpro,Virginia,[1999 2000 2001 2002 2003],[0.04502176 0.08773506 0.24627426 0.41509651 0.40608615],[0.04502176 0.12880683 0.34335928 0.61592856 0.77189465],2003.0,2002.0,5
5,racialpro,Washington,[1999 2000 2001 2002 2003 2004 2005 2006 2007 2008 2009 2010 2011],"[0.04814396 0.05224657 0.05224657 0.05224657 0.05224657 0.05224657
 0.05224657 0.05224657 0.05224657 0.05224657 0.05224657 0.05224657
 0.05224657]","[0.04814396 0.09787517 0.1450081  0.18967849 0.23201501 0.27213959
 0.3101678  0.34620916 0.38036749 0.41274116 0.44342342 0.47250264
 0.50006257]",2000.0,2011.0,13
5,racialpro,West Virginia,[1999 2000 2001 2002 2003 2004 2005 2006 2007],"[0.0742495  0.07473075 0.07643519 0.08545737 0.08545737 0.08545737
 0.08545737 0.08545737 0.08545737]","[0.0742495  0.14343154 0.20890351 0.27650853 0.33833621 0.39488026
 0.4465922  0.49388498 0.53713624]",2002.0,2007.0,9
5,racialpro,Wisconsin,[1999 2000 2001 2002 2003 2004 2005],"[0.05290419 0.07654452 0.1095854  0.11533874 0.17678912 0.10243006
 0.10243006]","[0.05290419 0.12539919 0.22124267 0.31106356 0.43286002 0.49095221
 0.543094  ]",,2005.0,7
5,racialpro,Wyoming,[1999 2000 2001 2002 2003 2004 2005 2006],"[0.01758045 0.02263186 0.05381293 0.06500879 0.09274753 0.19435789
 0.19435789 0.19435789]","[0.01758045 0.03981443 0.09148483 0.15054631 0.22933104 0.37911663
 0.49979021 0.59700992]",,2006.0,8
5,rapeshield,Alabama,[1973 1974 1975 1976 1977 1978 1979 1980 1981 1982],"[0.02014257 0.00300513 0.0185443  0.03803623 0.10212898 0.10212898
 0.10212898 0.10212898 0.10212898 0.10212898]","[0.02014257 0.02308717 0.04120333 0.07767234 0.17186873 0.25644493
 0.33238346 0.40056646 0.461786   0.51675325]",1977.0,1982.0,10
5,rapeshield,Arizona,"[1971 1972 1973 1974 1975 1976 1977 1978 1979 1980 1981 1982 1983 1984
 1985 1986 1987 1988 1989 1990 1991 1992 1993 1994 1995 1996 1997 1998]","[0.02144418 0.01494833 0.02958703 0.025664   0.10764154 0.09233639
 0.10310719 0.09298427 0.04274939 0.03098151 0.0595127  0.06727125
 0.08826505 0.13085075 0.0975452  0.09772588 0.11023481 0.12172972
 0.08832305 0.09305146 0.10354818 0.12977623 0.11467502 0.24416742
 0.20699079 0.13417193 0.18240729 0.20619027]","[0.02144418 0.03607196 0.06459173 0.08859805 0.18670276 0.26179969
 0.33791345 0.39947708 0.42514907 0.44295882 0.47610985 0.51135259
 0.55448308 0.61277931 0.65055083 0.68470105 0.71945797 0.75360827
 0.77537034 0.79627246 0.81736808 0.84106936 0.85929473 0.89365037
 0.91566377 0.92697932 0.94029883 0.95260863]",1998.0,1982.0,28
5,rapeshield,Arkansas,[1971 1972 1973 1974 1975 1976 1977 1978 1979 1980 1981 1982 1983 1984],"[0.02711677 0.00539114 0.02469317 0.00228941 0.01322765 0.0024984
 0.07977887 0.07977887 0.07977887 0.07977887 0.07977887 0.07977887
 0.07977887 0.07977887]","[0.02711677 0.03236172 0.05625578 0.0584164  0.07087134 0.07319267
 0.14713232 0.21517314 0.27778574 0.33540318 0.38842396 0.43721481
 0.48211318 0.5234296 ]",1977.0,1984.0,14
5,rapeshield,California,"[1971 1972 1973 1974 1975 1976 1977 1978 1979 1980 1981 1982 1983 1984
 1985 1986 1987 1988 1989 1990 1991 1992 1993]","[0.01429603 0.01463428 0.02410183 0.02650716 0.02650716 0.02650716
 0.02650716 0.02650716 0.02650716 0.02650716 0.02650716 0.02650716
 0.02650716 0.02650716 0.02650716 0.02650716 0.02650716 0.02650716
 0.02650716 0.02650716 0.02650716 0.02650716 0.02650716]","[0.01429603 0.02872111 0.05213071 0.07725603 0.10171535 0.12552632
 0.14870613 0.17127151 0.19323875 0.2146237  0.23544179 0.25570805
 0.27543712 0.29464322 0.31334022 0.33154162 0.34926055 0.36650981
 0.38330183 0.39964875 0.41556235 0.43105413 0.44613527]",1974.0,,23
5,rapeshield,Colorado,"[1971 1972 1973 1974 1975 1976 1977 1978 1979 1980 1981 1982 1983 1984
 1985 1986 1987 1988 1989]","[0.03032796 0.03389267 0.02161688 0.02444676 0.03855911 0.03855911
 0.03855911 0.03855911 0.03855911 0.03855911 0.03855911 0.03855911
 0.03855911 0.03855911 0.03855911 0.03855911 0.03855911 0.03855911
 0.03855911]","[0.03032796 0.06319273 0.08344358 0.10585042 0.14032803 0.17347621
 0.20534623 0.23598737 0.26544702 0.29377072 0.32100229 0.34718384
 0.37235585 0.39655725 0.41982546 0.44219647 0.46370488 0.48438394
 0.50426564]",1975.0,1989.0,19
5,rapeshield,Connecticut,[1971 1972 1973 1974 1975 1976 1977 1978 1979 1980 1981 1982],"[0.01025495 0.00849546 0.00791383 0.00881988 0.02000495 0.03452887
 0.06411347 0.04518174 0.12025228 0.19048474 0.12353156 0.04649504]","[0.01025495 0.01866329 0.02642942 0.0350162  0.05432065 0.08697389
 0.14551116 0.18411845 0.28223007 0.41895429 0.49073177 0.51441021]",1982.0,1982.0,12
5,rapeshield,Florida,"[1971 1972 1973 1974 1975 1976 1977 1978 1979 1980 1981 1982 1983 1984
 1985 1986 1987 1988 1989 1990 1991 1992 1993]","[0.03991477 0.03099112 0.02782258 0.01178844 0.01178844 0.01178844
 0.01178844 0.01178844 0.01178844 0.01178844 0.01178844 0.01178844
 0.01178844 0.01178844 0.01178844 0.01178844 0.01178844 0.01178844
 0.01178844 0.01178844 0.01178844 0.01178844 0.01178844]","[0.03991477 0.06966889 0.0955531  0.10621512 0.11675145 0.12716357
 0.13745295 0.14762104 0.15766925 0.16759902 0.17741173 0.18710876
 0.19669148 0.20616123 0.21551935 0.22476716 0.23390594 0.242937
 0.25186159 0.26068097 0.26939639 0.27800907 0.28652021]",1974.0,,23
5,rapeshield,Georgia,"[1971 1972 1973 1974 1975 1976 1977 1978 1979 1980 1981 1982 1983 1984
 1985 1986 1987 1988 1989 1990 1991 1992 1993 1994 1995]","[0.03675391 0.01744024 0.01829413 0.01512272 0.01598185 0.01926889
 0.01926889 0.01926889 0.01926889 0.01926889 0.01926889 0.01926889
 0.01926889 0.01926889 0.01926889 0.01926889 0.01926889 0.01926889
 0.01926889 0.01926889 0.01926889 0.01926889 0.01926889 0.01926889
 0.01926889]","[0.03675391 0.05355315 0.07086758 0.08491859 0.09954328 0.11689408
 0.13391054 0.15059912 0.16696613 0.18301777 0.19876011 0.21419911
 0.22934062 0.24419036 0.25875397 0.27303696 0.28704473 0.30078258
 0.31425572 0.32746925 0.34042817 0.35313739 0.36560171 0.37782586
 0.38981446]",1976.0,,25
5,rapeshield,Idaho,[1971 1972 1973 1974 1975 1976 1977 1978 1979 1980 1981 1982 1983 1984],"[0.01702923 0.02000647 0.04440861 0.01974805 0.05385081 0.04312096
 0.06466122 0.06466122 0.06466122 0.06466122 0.06466122 0.06466122
 0.06466122 0.06466122]","[0.01702923 0.036695   0.07947404 0.09765263 0.14624477 0.18305951
 0.23588388 0.28529255 0.33150641 0.37473202 0.41516261 0.4529789
 0.48834995 0.52143387]",1977.0,1984.0,14
5,rapeshield,Illinois,"[1971 1972 1973 1974 1975 1976 1977 1978 1979 1980 1981 1982 1983 1984
 1985 1986 1987 1988 1989]","[0.01639137 0.01637967 0.02316375 0.04237986 0.05092409 0.06321632
 0.07874444 0.06396649 0.07576524 0.03882834 0.11330879 0.08635715
 0.14509566 0.10818031 0.11264506 0.10053801 0.1029484  0.09111513
 0.12773535]","[0.01639137 0.03250255 0.05491343 0.09496606 0.14105409 0.19535349
 0.25871493 0.30613234 0.35870339 0.38360387 0.45344697 0.50064573
 0.57309987 0.61928206 0.66216805 0.69613301 0.72741563 0.75225219
 0.78389834]",1989.0,1982.0,19
5,rapeshield,Indiana,[1971 1972 1973 1974 1975 1976 1977 1978 1979 1980 1981 1982],"[0.01970682 0.0184237  0.03060643 0.07079513 0.08104066 0.06984614
 0.09811738 0.0875512  0.04942663 0.02638892 0.06284621 0.06284621]","[0.01970682 0.03776745 0.06721795 0.13325438 0.20349601 0.25912874
 0.33182109 0.39032095 0.42045533 0.43574889 0.47120994 0.50444239]",1981.0,1982.0,12
5,rapeshield,Iowa,[1971 1972 1973 1974 1975 1976 1977 1978 1979 1980 1981 1982 1983],"[0.01915167 0.01623861 0.02886966 0.02590756 0.0684676  0.08806398
 0.12339716 0.1259814  0.11839205 0.08255346 0.14031018 0.08126344
 0.14680236]","[0.01915167 0.03507928 0.06293621 0.08721325 0.14970956 0.22458952
 0.32027297 0.40590593 0.47624195 0.51947999 0.58690183 0.62047161
 0.67618727]",1983.0,1980.0,13
5,rapeshield,Kansas,"[1971 1972 1973 1974 1975 1976 1977 1978 1979 1980 1981 1982 1983 1984
 1985 1986 1987 1988 1989 1990 1991 1992]","[0.01862103 0.03174669 0.03061187 0.01846598 0.0487117  0.03160619
 0.03160619 0.03160619 0.03160619 0.03160619 0.03160619 0.03160619
 0.03160619 0.03160619 0.03160619 0.03160619 0.03160619 0.03160619
 0.03160619 0.03160619 0.03160619 0.03160619]","[0.01862103 0.04977657 0.07886469 0.09587435 0.13991585 0.16709983
 0.19342463 0.21891741 0.24360445 0.26751123 0.29066241 0.31308187
 0.33479273 0.3558174  0.37617756 0.39589421 0.41498769 0.4334777
 0.45138331 0.468723   0.48551464 0.50177556]",1976.0,1992.0,22
5,rapeshield,Kentucky,"[1972 1973 1974 1975 1976 1977 1978 1979 1980 1981 1982 1983 1984 1985
 1986 1987 1988 1989 1990]","[0.03898787 0.00551591 0.03557862 0.00601579 0.05083768 0.01510524
 0.07881026 0.00684431 0.02560993 0.02804381 0.12675332 0.02231975
 0.09534449 0.0240585  0.11650849 0.02046061 0.10318639 0.02371845
 0.12326289]","[0.03898787 0.04428872 0.07829161 0.08383642 0.13041205 0.14354739
 0.21104464 0.21644449 0.23651129 0.25792243 0.35198322 0.3664468
 0.42685261 0.44064168 0.50581167 0.51592306 0.56587321 0.57617003
 0.62841253]",1990.0,1986.0,19
5,rapeshield,Louisiana,"[1971 1972 1973 1974 1975 1976 1977 1978 1979 1980 1981 1982 1983 1984
 1985 1986 1987 1988]","[0.03030577 0.02011209 0.02518979 0.00949656 0.0105429  0.01100539
 0.07090357 0.07159504 0.0374558  0.0263219  0.05292292 0.05205056
 0.05196874 0.06718743 0.07991014 0.08800842 0.08078327 0.1220944 ]","[0.03030577 0.04980834 0.07374347 0.08253973 0.09221242 0.10220298
 0.16585999 0.22558028 0.25458679 0.27420748 0.31261853 0.34839712
 0.3822601  0.42376446 0.46981152 0.51647257 0.5555335  0.60980037]",1988.0,1986.0,18
5,rapeshield,Maine,"[1971 1972 1973 1974 1975 1976 1977 1978 1979 1980 1981 1982 1983 1984
 1985 1986 1987 1988 1989 1990 1991 1992 1993 1994 1995 1996 1997 1998]","[0.00866661 0.00155209 0.00792388 0.00153432 0.09776994 0.03268833
 0.08979915 0.15932341 0.2082495  0.10701752 0.16242247 0.13454305
 0.13072421 0.07825191 0.12830218 0.08168172 0.05923099 0.0463728
 0.10084151 0.10807542 0.05178197 0.06607331 0.08178657 0.06762653
 0.08872255 0.20908094 0.10536533 0.10488157]","[0.00866661 0.01020525 0.01804826 0.01955489 0.11541295 0.14432862
 0.22116719 0.34525349 0.48160412 0.53708156 0.61226992 0.66443631
 0.70830261 0.73112848 0.76562529 0.78476942 0.79751774 0.80690741
 0.82637916 0.8451433  0.85316209 0.86286415 0.87408002 0.88259556
 0.89301198 0.91538113 0.92429703 0.93223688]",,1980.0,28
5,rapeshield,Maryland,[1973 1974 1975 1976 1977 1978 1979 1980 1981 1982],"[0.0379799  0.04904779 0.04005675 0.07968567 0.07968567 0.07968567
 0.07968567 0.07968567 0.07968567 0.07968567]","[0.0379799  0.08516486 0.12181018 0.19178933 0.25619214 0.31546296
 0.37001076 0.42021187 0.46641268 0.50893194]",1976.0,1982.0,10
5,rapeshield,Massachusetts,"[1971 1972 1973 1974 1975 1976 1977 1978 1979 1980 1981 1982 1983 1984
 1985 1986 1987 1988 1989 1990 1991 1992 1993 1994 1995 1996]","[0.005061   0.00468488 0.00540249 0.0057002  0.01416633 0.0248225
 0.02358984 0.02358984 0.02358984 0.02358984 0.02358984 0.02358984
 0.02358984 0.02358984 0.02358984 0.02358984 0.02358984 0.02358984
 0.02358984 0.02358984 0.02358984 0.02358984 0.02358984 0.02358984
 0.02358984 0.02358984]","[0.005061   0.00972217 0.01507213 0.02068642 0.0345597  0.05852434
 0.0807336  0.10241894 0.12359273 0.14426704 0.16445364 0.18416404
 0.20340948 0.22220092 0.24054907 0.25846439 0.2759571  0.29303715
 0.30971429 0.32599801 0.34189761 0.35742214 0.37258045 0.38738117
 0.40183275 0.41594342]",1977.0,,26
5,rapeshield,Michigan,"[1971 1972 1973 1974 1975 1976 1977 1978 1979 1980 1981 1982 1983 1984
 1985 1986 1987 1988 1989]","[0.01294392 0.01105614 0.02310299 0.04101015 0.04101015 0.04101015
 0.04101015 0.04101015 0.04101015 0.04101015 0.04101015 0.04101015
 0.04101015 0.04101015 0.04101015 0.04101015 0.04101015 0.04101015
 0.04101015]","[0.01294392 0.02385695 0.04640877 0.08551569 0.12301883 0.15898395
 0.19347415 0.22654989 0.25826919 0.28868768 0.3178587  0.34583342
 0.37266089 0.39838816 0.42306035 0.44672073 0.46941079 0.49117033
 0.51203751]",1974.0,1989.0,19
5,rapeshield,Minnesota,"[1971 1972 1973 1974 1975 1976 1977 1978 1979 1980 1981 1982 1983 1984
 1985 1986]","[0.01104336 0.00222851 0.02352851 0.01637217 0.05215944 0.05215944
 0.05215944 0.05215944 0.05215944 0.05215944 0.05215944 0.05215944
 0.05215944 0.05215944 0.05215944 0.05215944]","[0.01104336 0.01324726 0.03646408 0.05223925 0.10167392 0.1485301
 0.19294229 0.23503797 0.27493796 0.31275679 0.34860301 0.38257951
 0.41478381 0.44530836 0.47424076 0.50166407]",1975.0,1986.0,16
5,rapeshield,Mississippi,"[1974 1975 1976 1977 1978 1979 1980 1981 1982 1983 1984 1985 1986 1987
 1988 1989 1990 1991 1992 1993 1994 1995 1996]","[0.00599099 0.00685784 0.00877249 0.03101465 0.03101465 0.03101465
 0.03101465 0.03101465 0.03101465 0.03101465 0.03101465 0.03101465
 0.03101465 0.03101465 0.03101465 0.03101465 0.03101465 0.03101465
 0.03101465 0.03101465 0.03101465 0.03101465 0.03101465]","[0.00599099 0.01280775 0.02146788 0.0518167  0.08122427 0.10971978
 0.1373315  0.16408686 0.19001241 0.21513389 0.23947624 0.26306361
 0.28591943 0.30806639 0.32952647 0.35032097 0.37047053 0.38999517
 0.40891425 0.42724657 0.44501031 0.46222312 0.47890208]",1977.0,,23
5,rapeshield,Missouri,[1971 1972 1973 1974 1975 1976 1977 1978 1979 1980 1981 1982],"[0.02884614 0.00513786 0.02963144 0.0194962  0.02420701 0.02176484
 0.09644661 0.09644661 0.09644661 0.09644661 0.09644661 0.09644661]","[0.02884614 0.03383579 0.06246462 0.080743   0.10299546 0.12251862
 0.20714873 0.28361655 0.35270931 0.4151383  0.47154623 0.52251381]",1977.0,1982.0,12
5,rapeshield,Montana,"[1971 1972 1973 1974 1975 1976 1977 1978 1979 1980 1981 1982 1983 1984
 1985 1986 1987 1988 1989 1990 1991 1992]","[0.01654527 0.00281786 0.01918587 0.01918587 0.01918587 0.01918587
 0.01918587 0.01918587 0.01918587 0.01918587 0.01918587 0.01918587
 0.01918587 0.01918587 0.01918587 0.01918587 0.01918587 0.01918587
 0.01918587 0.01918587 0.01918587 0.01918587]","[0.01654527 0.01931651 0.03813178 0.05658606 0.07468628 0.09243923
 0.10985158 0.12692986 0.14368047 0.16010971 0.17622374 0.1920286
 0.20753024 0.22273447 0.23764699 0.25227339 0.26661918 0.28068973
 0.29449033 0.30802615 0.32130227 0.33432368]",1973.0,,22
5,rapeshield,Nevada,"[1971 1972 1973 1974 1975 1976 1977 1978 1979 1980 1981 1982 1983 1984
 1985 1986 1987 1988 1989 1990 1991 1992 1993 1994]","[0.03116032 0.00480969 0.02990571 0.00390214 0.02859368 0.02859368
 0.02859368 0.02859368 0.02859368 0.02859368 0.02859368 0.02859368
 0.02859368 0.02859368 0.02859368 0.02859368 0.02859368 0.02859368
 0.02859368 0.02859368 0.02859368 0.02859368 0.02859368 0.02859368]","[0.03116032 0.03582014 0.06465462 0.06830446 0.09494507 0.12082392
 0.1459628  0.17038287 0.19410467 0.21714819 0.2395328  0.26127736
 0.28240016 0.30291898 0.32285109 0.34221327 0.36102181 0.37929255
 0.39704086 0.41428168 0.43102952 0.44729848 0.46310225 0.47845414]",1975.0,,24
5,rapeshield,New Hampshire,"[1971 1972 1973 1974 1975 1976 1977 1978 1979 1980 1981 1982 1983 1984
 1985 1986 1987 1988 1989 1990 1991 1992 1993 1994]","[0.02516159 0.00542165 0.03022879 0.00338992 0.02181004 0.02181004
 0.02181004 0.02181004 0.02181004 0.02181004 0.02181004 0.02181004
 0.02181004 0.02181004 0.02181004 0.02181004 0.02181004 0.02181004
 0.02181004 0.02181004 0.02181004 0.02181004 0.02181004 0.02181004]","[0.02516159 0.03044682 0.05975524 0.06294259 0.08337985 0.10337137
 0.12292687 0.14205587 0.16076766 0.17907134 0.19697583 0.21448981
 0.23162182 0.24838017 0.26477303 0.28080836 0.29649395 0.31183744
 0.32684629 0.3415278  0.3558891  0.36993718 0.38367888 0.39712086]",1975.0,,24
5,rapeshield,New Jersey,[1972 1973 1974 1975 1976 1977 1978 1979 1980 1981 1982 1983 1984],"[0.02460193 0.02496803 0.0366186  0.04686045 0.06285093 0.06285093
 0.06285093 0.06285093 0.06285093 0.06285093 0.06285093 0.06285093
 0.06285093]","[0.02460193 0.0489557  0.08378162 0.12671602 0.18160273 0.23303976
 0.28124392 0.32641841 0.36875364 0.40842806 0.4456089  0.4804529
 0.51310691]",1976.0,1984.0,13
5,rapeshield,New Mexico,"[1971 1972 1973 1974 1975 1976 1977 1978 1979 1980 1981 1982 1983 1984
 1985 1986 1987 1988 1989 1990 1991 1992 1993 1994]","[0.03217553 0.0288785  0.02659009 0.0127454  0.01667125 0.01667125
 0.01667125 0.01667125 0.01667125 0.01667125 0.01667125 0.01667125
 0.01667125 0.01667125 0.01667125 0.01667125 0.01667125 0.01667125
 0.01667125 0.01667125 0.01667125 0.01667125 0.01667125 0.01667125]","[0.03217553 0.06012485 0.08511622 0.09677678 0.11183464 0.12664147
 0.14120145 0.15551869 0.16959725 0.1834411  0.19705416 0.21044027
 0.22360322 0.23654672 0.24927444 0.26178998 0.27409686 0.28619857
 0.29809853 0.30980011 0.3213066  0.33262127 0.34374731 0.35468786]",1975.0,,24
5,rapeshield,New York,"[1971 1972 1973 1974 1975 1976 1977 1978 1979 1980 1981 1982 1983 1984
 1985 1986 1987 1988 1989 1990 1991 1992 1993 1994]","[0.01052466 0.01135127 0.01582293 0.01668469 0.01361195 0.01361195
 0.01361195 0.01361195 0.01361195 0.01361195 0.01361195 0.01361195
 0.01361195 0.01361195 0.01361195 0.01361195 0.01361195 0.01361195
 0.01361195 0.01361195 0.01361195 0.01361195 0.01361195 0.01361195]","[0.01052466 0.02175647 0.03723515 0.05329858 0.06618504 0.07889608
 0.09143411 0.10380146 0.11600048 0.12803344 0.1399026  0.15161021
 0.16315845 0.1745495  0.18578549 0.19686854 0.20780073 0.21858411
 0.22922071 0.23971252 0.25006151 0.26026964 0.27033882 0.28027093]",1975.0,,24
5,rapeshield,North Carolina,[1973 1974 1975 1976 1977 1978 1979 1980 1981 1982 1983 1984 1985 1986],"[0.01504685 0.00841033 0.01165973 0.02199412 0.05551075 0.05442969
 0.02904149 0.01702594 0.08809922 0.06285843 0.08747072 0.08747072
 0.08747072 0.08747072]","[0.01504685 0.02333063 0.03471833 0.05594886 0.10835384 0.15688586
 0.18137115 0.19530908 0.26620172 0.31232712 0.37247836 0.42736813
 0.47745666 0.5231639 ]",1983.0,1986.0,14
5,rapeshield,North Dakota,"[1971 1972 1973 1974 1975 1976 1977 1978 1979 1980 1981 1982 1983 1984
 1985 1986 1987 1988 1989 1990 1991 1992 1993 1994 1995 1996 1997 1998]","[0.01323835 0.00413989 0.04183037 0.00830735 0.21195226 0.03833079
 0.22437306 0.04375064 0.14028697 0.02016817 0.16632614 0.02250312
 0.07226655 0.01132447 0.07819893 0.00913084 0.06355408 0.01213807
 0.11660447 0.02695566 0.09076032 0.01425344 0.10521751 0.0217001
 0.08568846 0.03579418 0.20793492 0.03320252]","[0.01323835 0.01732343 0.05842916 0.06625111 0.2641613  0.29236658
 0.45114045 0.47515341 0.54878254 0.55788278 0.63141843 0.63971266
 0.66574939 0.6695346  0.69537664 0.69815811 0.71734139 0.72077232
 0.75333152 0.75998063 0.78176486 0.78487547 0.80751033 0.81168738
 0.8278236  0.83398651 0.86850651 0.87287243]",1998.0,1979.0,28
5,rapeshield,Ohio,"[1971 1972 1973 1974 1975 1976 1977 1978 1979 1980 1981 1982 1983 1984
 1985 1986 1987 1988 1989]","[0.01887605 0.01684566 0.0249086  0.04004539 0.04004539 0.04004539
 0.04004539 0.04004539 0.04004539 0.04004539 0.04004539 0.04004539
 0.04004539 0.04004539 0.04004539 0.04004539 0.04004539 0.04004539
 0.04004539]","[0.01887605 0.03540373 0.05943047 0.09709595 0.13325309 0.16796231
 0.20128158 0.23326657 0.26397071 0.29344528 0.32173954 0.34890075
 0.37497427 0.40000367 0.42403075 0.44709566 0.46923693 0.49049155
 0.51089501]",1974.0,1989.0,19
5,rapeshield,Oklahoma,[1971 1972 1973 1974 1975 1976 1977 1978 1979 1980 1981 1982 1983],"[0.03312261 0.03407401 0.02146979 0.00967157 0.02992983 0.03402916
 0.08426198 0.08426198 0.08426198 0.08426198 0.08426198 0.08426198
 0.08426198]","[0.03312261 0.066068   0.08611933 0.09495799 0.12204575 0.15192179
 0.22338254 0.28882187 0.34874715 0.403623   0.45387491 0.49989249
 0.54203254]",1977.0,1983.0,13
5,rapeshield,Oregon,[1971 1972 1973 1974 1975 1976 1977 1978 1979 1980 1981],"[0.02100056 0.02000887 0.03417153 0.04453418 0.06852683 0.11134922
 0.11515855 0.13193355 0.2129251  0.19684854 0.16194643]","[0.02100056 0.04058923 0.07337376 0.1146403  0.1753112  0.26713965
 0.35153478 0.4370891  0.55694696 0.6441613  0.70178811]",1981.0,1979.0,11
5,rapeshield,Pennsylvania,"[1971 1972 1973 1974 1975 1976 1977 1978 1979 1980 1981 1982 1983 1984
 1985 1986 1987 1988 1989 1990 1991 1992 1993 1994 1995]","[0.01902413 0.0197955  0.02781628 0.05136627 0.06328025 0.24539351
 0.18672739 0.19217314 0.21575459 0.13666105 0.21994839 0.12435748
 0.16826371 0.13202196 0.12509602 0.08239847 0.09389511 0.09317574
 0.15165861 0.14813215 0.13865911 0.13021836 0.16499415 0.15881288
 0.15355796]","[0.01902413 0.03844304 0.06518998 0.11320769 0.16932413 0.3731666
 0.49021356 0.58818082 0.6770327  0.72116975 0.78249801 0.80954601
 0.84159251 0.86250577 0.87970575 0.88961782 0.89998216 0.9093014
 0.92305662 0.93445441 0.9435429  0.95089465 0.95899675 0.96550859
 0.97080502]",1995.0,1978.0,25
5,rapeshield,Rhode Island,"[1971 1972 1973 1974 1975 1976 1977 1978 1979 1980 1981 1982 1983 1984
 1985 1986 1987 1988 1989 1990 1991 1992]","[0.00722005 0.0063509  0.00733561 0.01002219 0.00609412 0.00865938
 0.0397862  0.0210293  0.04174193 0.04174193 0.04174193 0.04174193
 0.04174193 0.04174193 0.04174193 0.04174193 0.04174193 0.04174193
 0.04174193 0.04174193 0.04174193 0.04174193]","[0.00722005 0.01352509 0.02076149 0.03057561 0.0364834  0.04482686
 0.08282956 0.10211702 0.13959639 0.1755113  0.20992705 0.24290622
 0.27450877 0.30479218 0.33381149 0.36161949 0.38826672 0.41380165
 0.4382707  0.46171837 0.48418728 0.5057183 ]",1979.0,1992.0,22
5,rapeshield,South Carolina,"[1971 1972 1973 1974 1975 1976 1977 1978 1979 1980 1981 1982 1983 1984
 1985 1986]","[0.03110506 0.0199726  0.01585808 0.00689628 0.0127112  0.04336418
 0.0563887  0.0563887  0.0563887  0.0563887  0.0563887  0.0563887
 0.0563887  0.0563887  0.0563887  0.0563887 ]","[0.03110506 0.0504564  0.06551434 0.07195882 0.08375533 0.12348753
 0.17291293 0.2195513  0.26355979 0.3050867  0.34427196 0.38124762
 0.41613826 0.44906147 0.48012818 0.50944308]",1977.0,1986.0,16
5,rapeshield,South Dakota,"[1971 1972 1973 1974 1975 1976 1977 1978 1979 1980 1981 1982 1983 1984
 1985 1986 1987]","[0.01295375 0.01720898 0.0472672  0.02441113 0.04723685 0.04723685
 0.04723685 0.04723685 0.04723685 0.04723685 0.04723685 0.04723685
 0.04723685 0.04723685 0.04723685 0.04723685 0.04723685]","[0.01295375 0.02993981 0.07579184 0.0983528  0.14094378 0.18152289
 0.22018517 0.25702117 0.29211715 0.32555531 0.35741395 0.38776769
 0.41668762 0.44424146 0.47049374 0.49550595 0.51933666]",1975.0,1987.0,17
5,rapeshield,Tennessee,"[1971 1972 1973 1974 1975 1976 1977 1978 1979 1980 1981 1982 1983 1984
 1985 1986 1987 1988 1989 1990 1991]","[0.03365739 0.0314598  0.02240751 0.01133312 0.01978099 0.02348876
 0.10541446 0.10935721 0.06548387 0.03857221 0.11445786 0.10798157
 0.13535638 0.13459391 0.1517842  0.12507175 0.1328665  0.12455581
 0.16668136 0.19289164 0.19658672]","[0.03365739 0.06405834 0.08503046 0.09539992 0.11329381 0.13412144
 0.22539756 0.31010592 0.35528286 0.38015102 0.45109761 0.51036895
 0.57664364 0.63362482 0.68923479 0.72810274 0.76422877 0.79359545
 0.82799924 0.86117675 0.88846756]",1991.0,1982.0,21
5,rapeshield,Texas,"[1971 1972 1973 1974 1975 1976 1977 1978 1979 1980 1981 1982 1983 1984
 1985 1986 1987 1988 1989 1990 1991 1992 1993 1994 1995 1996 1997 1998]","[0.04055948 0.00583558 0.02769953 0.0022901  0.02658752 0.00466404
 0.0997538  0.02245161 0.05227958 0.00718217 0.07720192 0.01329642
 0.09119675 0.02684276 0.11232741 0.02297634 0.12779291 0.0565956
 0.12655408 0.03135624 0.17442404 0.04993612 0.17702497 0.06398526
 0.2774618  0.03219223 0.18752151 0.04831466]","[0.04055948 0.04615838 0.07257934 0.07470322 0.09930457 0.10350545
 0.19293419 0.21105412 0.25229987 0.25766998 0.31497928 0.3240876
 0.38572862 0.40221736 0.46936473 0.48155679 0.54781016 0.57340211
 0.62738981 0.63907347 0.70202773 0.71690731 0.76702179 0.78192896
 0.84243534 0.8475077  0.87610329 0.88208931]",1998.0,1987.0,28
5,rapeshield,Utah,"[1971 1972 1973 1974 1975 1976 1977 1978 1979 1980 1981 1982 1983 1984
 1985 1986 1987 1988 1989 1990 1991 1992 1993 1994]","[0.01779074 0.02398226 0.02918207 0.02095834 0.07191943 0.03696692
 0.06485569 0.05214946 0.02742986 0.01414767 0.04718332 0.06634524
 0.05427851 0.07227412 0.07610589 0.07228013 0.1116954  0.11890032
 0.0732435  0.09981249 0.08815166 0.08767078 0.08289189 0.12362202]","[0.01779074 0.04134634 0.06932183 0.0888273  0.15435832 0.18561909
 0.23843633 0.27815146 0.29795166 0.30788401 0.34054034 0.38429235
 0.41771205 0.4597964  0.50090908 0.53698343 0.58870025 0.63760393
 0.66414708 0.6976694  0.72432034 0.74848939 0.76933758 0.79785254]",1994.0,1985.0,24
5,rapeshield,Virginia,"[1972 1973 1974 1975 1976 1977 1978 1979 1980 1981 1982 1983 1984 1985
 1986 1987 1988 1989 1990 1991 1992 1993 1994 1995 1996 1997 1998 1999
 2000]","[0.01701179 0.00898273 0.00544657 0.00967527 0.02469747 0.03069406
 0.04151243 0.01926528 0.01523163 0.01503527 0.01503527 0.01503527
 0.01503527 0.01503527 0.01503527 0.01503527 0.01503527 0.01503527
 0.01503527 0.01503527 0.01503527 0.01503527 0.01503527 0.01503527
 0.01503527 0.01503527 0.01503527 0.01503527 0.01503527]","[0.01701179 0.0258417  0.03114753 0.04052144 0.06421813 0.09294108
 0.13059531 0.14734463 0.16033196 0.1729566  0.18539143 0.19763929
 0.209703   0.22158534 0.23328901 0.24481673 0.25617111 0.26735478
 0.27837031 0.28922021 0.29990698 0.31043307 0.3208009  0.33101284
 0.34107125 0.35097842 0.36073664 0.37034814 0.37981513]",1981.0,,29
5,rapeshield,Washington,"[1971 1972 1973 1974 1975 1976 1977 1978 1979 1980 1981 1982 1983 1984
 1985 1986 1987 1988 1989 1990 1991 1992 1993 1994]","[0.00824003 0.00178638 0.00876117 0.00153375 0.01130394 0.01130394
 0.01130394 0.01130394 0.01130394 0.01130394 0.01130394 0.01130394
 0.01130394 0.01130394 0.01130394 0.01130394 0.01130394 0.01130394
 0.01130394 0.01130394 0.01130394 0.01130394 0.01130394 0.01130394]","[0.00824003 0.01001169 0.01868515 0.02019025 0.03126596 0.04221647
 0.0530432  0.06374754 0.07433089 0.08479459 0.09514002 0.10536851
 0.11548137 0.12547991 0.13536544 0.14513922 0.15480251 0.16435658
 0.17380264 0.18314193 0.19237564 0.20150498 0.21053112 0.21945523]",1975.0,,24
5,rapeshield,West Virginia,[1971 1972 1973 1974 1975 1976 1977 1978 1979 1980 1981 1982 1983],"[0.01862134 0.02181114 0.01106142 0.02903651 0.04695612 0.07055895
 0.07055895 0.07055895 0.07055895 0.07055895 0.07055895 0.07055895
 0.07055895]","[0.01862134 0.04002633 0.050645   0.07821095 0.12149459 0.18348101
 0.24109373 0.29464135 0.34441072 0.39066841 0.4336622  0.4736224
 0.51076305]",1976.0,1983.0,13
5,rapeshield,Wisconsin,"[1971 1972 1973 1974 1975 1976 1977 1978 1979 1980 1981 1982 1983 1984
 1985]","[0.01112986 0.01102996 0.02037328 0.0332261  0.05932355 0.05932355
 0.05932355 0.05932355 0.05932355 0.05932355 0.05932355 0.05932355
 0.05932355 0.05932355 0.05932355]","[0.01112986 0.02203705 0.04196137 0.07379325 0.12873912 0.18042541
 0.22904548 0.27478123 0.31780378 0.35827408 0.39634354 0.43215458
 0.46584118 0.49752938 0.52733772]",1975.0,1985.0,15
5,rapeshield,Wyoming,[1971 1972 1973 1974 1975 1976 1977 1978 1979 1980 1981 1982],"[0.02556376 0.00436069 0.03244725 0.01541301 0.0419036  0.04567577
 0.11331355 0.14102642 0.07033109 0.04287818 0.07513048 0.07965919]","[0.02556376 0.02981297 0.06129287 0.07576118 0.11449011 0.15493646
 0.25069361 0.3563656  0.40163311 0.42728999 0.47031797 0.51251201]",1982.0,1982.0,12
5,rico,Alabama,"[1973 1974 1975 1976 1977 1978 1979 1980 1981 1982 1983 1984 1985 1986
 1987 1988 1989 1990 1991 1992 1993 1994 1995]","[0.02245495 0.00262345 0.01544592 0.01787895 0.06704564 0.10479432
 0.05825849 0.09482339 0.14280356 0.05494211 0.08377617 0.22727563
 0.19026734 0.14779188 0.16308511 0.23936145 0.2744957  0.20749388
 0.26229121 0.25700792 0.26739322 0.30937805 0.24755519]","[0.02245495 0.0250195  0.04007897 0.05724134 0.1204492  0.21262113
 0.25849263 0.32880487 0.42465393 0.45626465 0.50181672 0.61504164
 0.68828664 0.73435535 0.77767803 0.83089334 0.87731239 0.90276932
 0.92827207 0.94670672 0.96095698 0.97303603 0.9797111 ]",,1983.0,23
5,rico,Arizona,"[1972 1973 1974 1975 1976 1977 1978 1979 1980 1981 1982 1983 1984 1985
 1986 1987]","[0.04348711 0.03294718 0.0253305  0.02529044 0.02192789 0.03359856
 0.04999435 0.04999435 0.04999435 0.04999435 0.04999435 0.04999435
 0.04999435 0.04999435 0.04999435 0.04999435]","[0.04348711 0.07500151 0.09843218 0.12123322 0.14050272 0.1693806
 0.21090688 0.25035708 0.28783499 0.32343922 0.35726344 0.38939664
 0.41992336 0.44892392 0.47647461 0.50264792]",1978.0,1987.0,16
5,rico,Arkansas,"[1972 1973 1974 1975 1976 1977 1978 1979 1980 1981 1982 1983 1984 1985
 1986 1987 1988 1989 1990 1991 1992 1993 1994 1995]","[0.00353232 0.02751329 0.00368632 0.02015083 0.00392146 0.05192919
 0.01202774 0.03649754 0.00499473 0.04248183 0.00510998 0.0471601
 0.02275334 0.08590598 0.01212065 0.10256189 0.02321746 0.16115293
 0.0273182  0.13765261 0.0348279  0.15069553 0.03519332 0.16283222]","[0.00353232 0.03094843 0.03452066 0.05397587 0.05768567 0.10661928
 0.11736464 0.14957866 0.15382628 0.18977329 0.19391353 0.23192865
 0.24940484 0.31388545 0.32220161 0.39171789 0.40584066 0.50159117
 0.51520681 0.58193985 0.59650001 0.65730565 0.66936621 0.72320404]",,1989.0,24
5,rico,California,[1972 1973 1974 1975 1976 1977 1978 1979 1980 1981 1982],"[0.05854295 0.05656655 0.04825046 0.06379589 0.0536045  0.05752198
 0.05924097 0.12065927 0.1276087  0.17708345 0.18860407]","[0.05854295 0.11179792 0.15465409 0.20858368 0.25100716 0.29409071
 0.33590946 0.41603814 0.49055675 0.58077072 0.65983907]",1982.0,1981.0,11
5,rico,Colorado,[1972 1973 1974 1975 1976 1977 1978 1979 1980 1981 1982 1983],"[0.02242837 0.04818668 0.04043797 0.04152331 0.03478037 0.06187807
 0.04816056 0.06787401 0.07032994 0.09642664 0.09642664 0.09642664]","[0.02242837 0.06953429 0.10716044 0.14423409 0.17399794 0.22510935
 0.26242852 0.31249045 0.36084295 0.42247472 0.47816354 0.52848248]",1981.0,1983.0,12
5,rico,Connecticut,"[1972 1973 1974 1975 1976 1977 1978 1979 1980 1981 1982 1983 1984 1985
 1986 1987 1988 1989 1990 1991 1992 1993 1994]","[0.05421047 0.03129342 0.02509358 0.02734137 0.04688086 0.02995104
 0.01260415 0.04257579 0.04690785 0.03448278 0.02748827 0.02748827
 0.02748827 0.02748827 0.02748827 0.02748827 0.02748827 0.02748827
 0.02748827 0.02748827 0.02748827 0.02748827 0.02748827]","[0.05421047 0.08380746 0.10679802 0.13121938 0.17194856 0.19674956
 0.20687385 0.24064182 0.27626168 0.30121819 0.32042649 0.33910679
 0.3572736  0.37494103 0.39212282 0.40883231 0.42508249 0.44088597
 0.45625505 0.47120166 0.48573741 0.49987359 0.5136212 ]",1982.0,1994.0,23
5,rico,Delaware,"[1972 1973 1974 1975 1976 1977 1978 1979 1980 1981 1982 1983 1984 1985
 1986]","[0.10802259 0.11009659 0.10341094 0.09734498 0.08329158 0.1062523
 0.08896295 0.09634495 0.09150705 0.11590857 0.16836017 0.14725718
 0.14165199 0.15557529 0.16403282]","[0.10802259 0.20622627 0.28831115 0.35759049 0.41109779 0.47367
 0.52049387 0.56669187 0.60634262 0.65197088 0.71056512 0.75318649
 0.78814811 0.82110703 0.85045135]",1986.0,1978.0,15
5,rico,Florida,"[1972 1973 1974 1975 1976 1977 1978 1979 1980 1981 1982 1983 1984 1985
 1986 1987 1988 1989 1990]","[0.02048746 0.03098874 0.01887165 0.02494195 0.0250042  0.04183322
 0.04183322 0.04183322 0.04183322 0.04183322 0.04183322 0.04183322
 0.04183322 0.04183322 0.04183322 0.04183322 0.04183322 0.04183322
 0.04183322]","[0.02048746 0.05084132 0.06875351 0.09198062 0.11468491 0.15172049
 0.18720675 0.2212085  0.25378786 0.28500431 0.31491488 0.34357419
 0.37103459 0.39734624 0.42255718 0.44671347 0.46985923 0.49203672
 0.51328646]",1977.0,1990.0,19
5,rico,Georgia,"[1972 1973 1974 1975 1976 1977 1978 1979 1980 1981 1982 1983 1984 1985
 1986 1987 1988 1989 1990]","[0.01147493 0.02039872 0.0149241  0.01501804 0.01854705 0.04842142
 0.08106292 0.03562883 0.04141442 0.04141442 0.04141442 0.04141442
 0.04141442 0.04141442 0.04141442 0.04141442 0.04141442 0.04141442
 0.04141442]","[0.01147493 0.03163958 0.04609149 0.06041732 0.07784381 0.12249592
 0.19362896 0.22235902 0.25456457 0.28543635 0.31502959 0.34339725
 0.37059007 0.39665672 0.42164384 0.44559612 0.46855644 0.49056587
 0.51166379]",1980.0,1990.0,19
5,rico,Idaho,[1972 1973 1974 1975 1976 1977 1978 1979 1980 1981 1982 1983 1984 1985],"[0.03546679 0.03349009 0.02111732 0.02493823 0.02032597 0.0418489
 0.03943907 0.01999503 0.02597718 0.09932378 0.09932378 0.09932378
 0.09932378 0.09932378]","[0.03546679 0.06776909 0.08745531 0.11021256 0.12829835 0.1647781
 0.19771847 0.21376012 0.23418441 0.31024811 0.37875687 0.44046109
 0.4960366  0.54609215]",1981.0,1985.0,14
5,rico,Illinois,[1972 1973 1974 1975 1976 1977 1978 1979 1980 1981 1982],"[0.04720354 0.06248709 0.04524594 0.06722142 0.04469175 0.05482754
 0.02700883 0.05306219 0.07911108 0.08267325 0.11049679]","[0.04720354 0.10674102 0.14715736 0.20448665 0.24003954 0.2817063
 0.30110657 0.33819139 0.39054778 0.44093317 0.50270827]",1982.0,1982.0,11
5,rico,Indiana,"[1972 1973 1974 1975 1976 1977 1978 1979 1980 1981 1982 1983 1984 1985
 1986 1987 1988]","[0.0444178  0.04393896 0.03473358 0.05684036 0.03341682 0.06431339
 0.04426984 0.04471343 0.0368679  0.0368679  0.0368679  0.0368679
 0.0368679  0.0368679  0.0368679  0.0368679  0.0368679 ]","[0.0444178  0.08640509 0.11813751 0.16826289 0.1960569  0.24776121
 0.28106269 0.31320885 0.33852939 0.36291642 0.38640436 0.40902634
 0.43081429 0.45179898 0.47201    0.49147588 0.51022409]",1980.0,1988.0,17
5,rico,Iowa,"[1972 1973 1974 1975 1976 1977 1978 1979 1980 1981 1982 1983 1984 1985
 1986 1987 1988 1989 1990 1991 1992 1993 1994 1995]","[0.03990518 0.04359918 0.04312362 0.06097019 0.04578478 0.04043104
 0.02517315 0.05061806 0.05265572 0.05501249 0.07166905 0.08841082
 0.09582446 0.04819547 0.09194919 0.08725112 0.06146248 0.13230338
 0.12384435 0.12943403 0.11966105 0.11300588 0.11756829 0.11625799]","[0.03990518 0.08176453 0.12136216 0.17493288 0.2127084  0.24453942
 0.26355674 0.30083407 0.33764916 0.37408673 0.41894534 0.47031686
 0.52107346 0.54415555 0.58607008 0.62218593 0.64540732 0.69232113
 0.73042542 0.76531754 0.79339989 0.81674692 0.83829167 0.85709156]",,1984.0,24
5,rico,Kansas,"[1972 1973 1974 1975 1976 1977 1978 1979 1980 1981 1982 1983 1984 1985
 1986 1987 1988 1989 1990 1991 1992 1993 1994 1995]","[0.02282576 0.03408432 0.02944191 0.04078239 0.02701459 0.04975307
 0.04062281 0.03197797 0.026349   0.09232394 0.04970784 0.04271861
 0.07594512 0.06361218 0.03184393 0.04357883 0.12814    0.08092602
 0.0767025  0.07262684 0.10988316 0.08497659 0.08214413 0.08267476]","[0.02282576 0.05613208 0.08392136 0.12128124 0.14501947 0.18755737
 0.22056108 0.24548595 0.26536664 0.33319089 0.36633652 0.39340575
 0.43947362 0.47512993 0.49184385 0.5139887  0.57626619 0.61055728
 0.64042851 0.66654305 0.70318435 0.72840673 0.75071653 0.77132598]",,1987.0,24
5,rico,Kentucky,"[1972 1973 1974 1975 1976 1977 1978 1979 1980 1981 1982 1983 1984 1985
 1986 1987 1988 1989 1990 1991 1992 1993 1994 1995]","[0.02994023 0.0101407  0.04019933 0.00649515 0.04006529 0.01141583
 0.042589   0.00733877 0.05911294 0.0096062  0.08923831 0.01510382
 0.05707965 0.02034635 0.09393503 0.02001089 0.14057881 0.02556034
 0.10917137 0.02002899 0.15450468 0.02788467 0.13470443 0.02378871]","[0.02994023 0.03977732 0.07837763 0.08436371 0.12104894 0.1310829
 0.16808921 0.17419441 0.22301021 0.23047413 0.29914532 0.3097309
 0.34913122 0.36237402 0.42226944 0.43383034 0.5134218  0.52585891
 0.57762154 0.58608135 0.65003372 0.65979241 0.70561988 0.71262281]",,1988.0,24
5,rico,Louisiana,"[1972 1973 1974 1975 1976 1977 1978 1979 1980 1981 1982 1983 1984 1985
 1986 1987 1988 1989 1990 1991 1992 1993 1994 1995 1996 1997 1998 1999
 2000 2001 2002]","[0.0132452  0.028065   0.01522389 0.01608383 0.01719042 0.0310269
 0.05206305 0.02273444 0.02472851 0.04166851 0.01836048 0.02010782
 0.02010782 0.02010782 0.02010782 0.02010782 0.02010782 0.02010782
 0.02010782 0.02010782 0.02010782 0.02010782 0.02010782 0.02010782
 0.02010782 0.02010782 0.02010782 0.02010782 0.02010782 0.02010782
 0.02010782]","[0.0132452  0.04093847 0.05553912 0.07072966 0.08670421 0.11504094
 0.16111461 0.1801862  0.20045898 0.23377466 0.24784293 0.26296716
 0.27778728 0.2923094  0.30653952 0.32048349 0.33414708 0.34753593
 0.36065556 0.37351138 0.3861087  0.39845271 0.41054851 0.42240109
 0.43401535 0.44539606 0.45654794 0.46747557 0.47818347 0.48867606
 0.49895767]",1983.0,,31
5,rico,Maine,"[1972 1973 1974 1975 1976 1977 1978 1979 1980 1981 1982 1983 1984 1985
 1986 1987 1988 1989 1990 1991 1992 1993 1994 1995 1996 1997 1998 1999
 2000]","[0.0102919  0.03133223 0.00442533 0.02820878 0.00895983 0.0192345
 0.02205136 0.03962522 0.04723428 0.02121282 0.03822493 0.03373207
 0.0118428  0.02431987 0.02695559 0.01758573 0.01182233 0.02062327
 0.02668926 0.01488886 0.016991   0.02090429 0.0273554  0.02941969
 0.02941969 0.02941969 0.02941969 0.02941969 0.02941969]","[0.0102919  0.04130166 0.04554422 0.07246825 0.08077878 0.09845954
 0.11833973 0.15327571 0.19327013 0.21038315 0.2405662  0.26618347
 0.27487391 0.29250889 0.31157973 0.3236861  0.33168171 0.34546462
 0.36293368 0.37241888 0.38308211 0.39597833 0.41250159 0.42978561
 0.44656114 0.46284314 0.47864612 0.49398419 0.50887102]",,2000.0,29
5,rico,Maryland,"[1973 1974 1975 1976 1977 1978 1979 1980 1981 1982 1983 1984 1985 1986
 1987 1988 1989 1990 1991 1992 1993 1994 1995]","[0.12992262 0.09837624 0.1152658  0.11231461 0.06474997 0.02898977
 0.06662382 0.06746353 0.03323632 0.07102211 0.06713366 0.03562933
 0.03741255 0.1024114  0.0677044  0.05428055 0.0706418  0.10065695
 0.09783162 0.08672959 0.08565665 0.13205561 0.13077168]","[0.12992262 0.21551755 0.30594155 0.38389446 0.42378727 0.44049154
 0.47776813 0.51299974 0.52918584 0.56262405 0.5919867  0.60652394
 0.62124488 0.66003372 0.68305094 0.70025511 0.72142962 0.74946967
 0.77397946 0.79358213 0.81126319 0.83618694 0.85760905]",,1980.0,23
5,rico,Massachusetts,"[1972 1973 1974 1975 1976 1977 1978 1979 1980 1981 1982 1983 1984 1985
 1986 1987 1988 1989 1990 1991 1992 1993 1994 1995]","[0.03052605 0.02152389 0.01631247 0.01652198 0.02886325 0.01266346
 0.00682138 0.02197362 0.02300338 0.01821008 0.02765104 0.05175957
 0.01785063 0.01295286 0.03812442 0.0359813  0.02800659 0.03054918
 0.03362777 0.04789247 0.04439541 0.07668279 0.10798738 0.10409653]","[0.03052605 0.05139289 0.06686702 0.08228422 0.10877249 0.12005851
 0.12606092 0.14526453 0.16492633 0.18013309 0.20280326 0.24406583
 0.25755973 0.26717645 0.29511493 0.32047761 0.33950871 0.35968618
 0.38121851 0.41085348 0.43700888 0.48018061 0.53631455 0.58458259]",,1994.0,24
5,rico,Michigan,"[1972 1973 1974 1975 1976 1977 1978 1979 1980 1981 1982 1983 1984 1985
 1986 1987 1988 1989 1990 1991 1992 1993 1994 1995]","[0.06225496 0.04925659 0.04590077 0.05872457 0.04134099 0.03886864
 0.0179372  0.03304503 0.05501288 0.06619203 0.1762894  0.19069905
 0.10222545 0.12932874 0.2494691  0.23514376 0.15802472 0.24063702
 0.22185936 0.24033896 0.23660001 0.32799569 0.39296187 0.38119159]","[0.06225496 0.10844508 0.14936814 0.19932113 0.23242199 0.2622567
 0.27548975 0.29943121 0.33797152 0.38179253 0.49077596 0.58788449
 0.63001319 0.67786312 0.75822632 0.81507789 0.84430015 0.8817673
 0.90799833 0.93010992 0.94664591 0.96414582 0.97823515 0.98653173]",1995.0,1983.0,24
5,rico,Minnesota,"[1972 1973 1974 1975 1976 1977 1978 1979 1980 1981 1982 1983 1984 1985
 1986 1987 1988 1989]","[0.0134486  0.06061284 0.04593493 0.04791418 0.04770943 0.04831386
 0.0294293  0.03929346 0.04285393 0.05255879 0.0666794  0.13976472
 0.08162048 0.08930033 0.12497778 0.10128765 0.08627198 0.12640155]","[0.0134486  0.07324628 0.11581664 0.15818156 0.19834424 0.23707533
 0.25952767 0.28862338 0.31910867 0.35489549 0.39791067 0.48206152
 0.5243359  0.56681286 0.62095163 0.65934455 0.68873357 0.72807813]",1989.0,1984.0,18
5,rico,Mississippi,"[1974 1975 1976 1977 1978 1979 1980 1981 1982 1983 1984 1985 1986 1987
 1988 1989 1990 1991]","[0.00962466 0.01048257 0.01372003 0.0198212  0.03712667 0.01415519
 0.01702535 0.0334277  0.01955693 0.03415249 0.06410575 0.06410575
 0.06410575 0.06410575 0.06410575 0.06410575 0.06410575 0.06410575]","[0.00962466 0.02000634 0.03345188 0.05261002 0.08778346 0.10069606
 0.11600703 0.14555688 0.16226717 0.19087783 0.24274721 0.29129147
 0.33672377 0.37924359 0.41903764 0.45628067 0.49113621 0.52375731]",1984.0,1991.0,18
5,rico,Missouri,"[1972 1973 1974 1975 1976 1977 1978 1979 1980 1981 1982 1983 1984 1985
 1986 1987 1988 1989 1990 1991 1992 1993 1994 1995]","[0.00648441 0.04509754 0.03106511 0.03666314 0.02508238 0.06317792
 0.03309649 0.04905468 0.04431639 0.04593335 0.0448741  0.06511099
 0.03989573 0.04712526 0.05798225 0.0599414  0.06077736 0.10847461
 0.10264938 0.09912346 0.07709724 0.10797355 0.09338055 0.09327323]","[0.00648441 0.05128952 0.08076132 0.11446349 0.13667486 0.19121795
 0.21798579 0.25634725 0.28930326 0.32194794 0.35237491 0.39454243
 0.4186976  0.44609162 0.47820848 0.50948539 0.53929758 0.58927209
 0.63143306 0.66796669 0.69356554 0.72665235 0.75217771 0.77529289]",,1987.0,24
5,rico,Montana,"[1972 1973 1974 1975 1976 1977 1978 1979 1980 1981 1982 1983 1984 1985
 1986 1987 1988 1989 1990 1991 1992 1993 1994 1995]","[0.00824661 0.05810936 0.00711516 0.04974811 0.04066233 0.04834395
 0.00526918 0.03953285 0.00782917 0.0491877  0.01579123 0.10937281
 0.01943307 0.08293769 0.02125882 0.12701041 0.02635945 0.1218386
 0.01477252 0.0860468  0.02175903 0.11544212 0.02710203 0.09785691]","[0.00824661 0.06587677 0.0725232  0.11866342 0.15450062 0.19537539
 0.1996151  0.2312566  0.23727522 0.2747919  0.28624383 0.36430935
 0.37666277 0.42836092 0.44051329 0.51157393 0.52444857 0.58238909
 0.58855826 0.6239615  0.63214374 0.67460984 0.68342858 0.71440728]",,1987.0,24
5,rico,Nevada,[1972 1973 1974 1975 1976 1977 1978 1979 1980 1981 1982 1983 1984],"[0.00315071 0.03330081 0.00385031 0.02689009 0.00392798 0.03531585
 0.01421354 0.03342508 0.00587159 0.19718497 0.03612038 0.23217422
 0.23217422]","[0.00315071 0.0363466  0.04005696 0.06586991 0.06953916 0.10239918
 0.11515726 0.1447332  0.14975498 0.31741052 0.34206591 0.49482125
 0.61211073]",1983.0,1984.0,13
5,rico,New Hampshire,"[1972 1973 1974 1975 1976 1977 1978 1979 1980 1981 1982 1983 1984 1985
 1986 1987 1988 1989 1990 1991 1992 1993 1994 1995 1996 1997 1998 1999
 2000]","[0.00414194 0.03365929 0.00545464 0.03307457 0.00661381 0.03966079
 0.00671205 0.03739622 0.0063039  0.0340265  0.00708508 0.02318307
 0.0076947  0.03775815 0.01755172 0.02893876 0.03525447 0.03433989
 0.0241204  0.02519788 0.03515815 0.02734942 0.02447134 0.02696456
 0.02696456 0.02696456 0.02696456 0.02696456 0.02696456]","[0.00414194 0.03766181 0.04291103 0.07456633 0.08068698 0.11714766
 0.12307341 0.15586715 0.16118848 0.1897303  0.19547113 0.21412258
 0.22016967 0.24961462 0.26278517 0.28411925 0.30935725 0.33307385
 0.34916037 0.36556015 0.38786588 0.4046074  0.41917745 0.43483908
 0.45007839 0.46490678 0.47933533 0.49337482 0.50703575]",,2000.0,29
5,rico,New Jersey,[1972 1973 1974 1975 1976 1977 1978 1979 1980 1981],"[0.14436797 0.09395873 0.09905808 0.06340833 0.08444836 0.04704127
 0.03080907 0.06523438 0.06133918 0.04643769]","[0.14436797 0.22476207 0.30155565 0.34584284 0.40108534 0.42925905
 0.44684305 0.4829279  0.51464468 0.53718346]",1981.0,1980.0,10
5,rico,New Mexico,"[1972 1973 1974 1975 1976 1977 1978 1979 1980 1981 1982 1983 1984 1985
 1986 1987 1988 1989 1990 1991 1992 1993 1994 1995 1996 1997 1998 1999]","[0.0315899  0.02962028 0.02039175 0.01566653 0.01432562 0.0176143
 0.05416937 0.02288053 0.02418178 0.02418178 0.02418178 0.02418178
 0.02418178 0.02418178 0.02418178 0.02418178 0.02418178 0.02418178
 0.02418178 0.02418178 0.02418178 0.02418178 0.02418178 0.02418178
 0.02418178 0.02418178 0.02418178 0.02418178]","[0.0315899  0.06027448 0.07943712 0.09385915 0.10684017 0.12257256
 0.17010225 0.18909075 0.20869998 0.22783503 0.24650735 0.26472815
 0.28250833 0.29985856 0.31678923 0.33331048 0.34943222 0.36516411
 0.38051557 0.39549581 0.4101138  0.4243783  0.43829786 0.45188082
 0.46513531 0.4780693  0.49069051 0.50300652]",1980.0,1999.0,28
5,rico,New York,"[1972 1973 1974 1975 1976 1977 1978 1979 1980 1981 1982 1983 1984 1985
 1986]","[0.10305772 0.09616829 0.07425302 0.06577892 0.07905179 0.0440712
 0.02312847 0.04789043 0.0478952  0.06155902 0.12042995 0.14560322
 0.07097109 0.06856213 0.10189639]","[0.10305772 0.18931513 0.24951093 0.29887729 0.35430229 0.38275897
 0.39703481 0.42591107 0.45340717 0.48705489 0.54882885 0.61452082
 0.6418787  0.66643226 0.70042161]",1986.0,1982.0,15
5,rico,North Carolina,"[1973 1974 1975 1976 1977 1978 1979 1980 1981 1982 1983 1984 1985 1986
 1987 1988]","[0.01678426 0.01349147 0.01777707 0.01877185 0.03580312 0.05814174
 0.02621854 0.04324443 0.101682   0.03325951 0.05126082 0.08684897
 0.06568689 0.05162352 0.05162352 0.05162352]","[0.01678426 0.03004929 0.04729217 0.06517626 0.09864586 0.15105216
 0.17331033 0.20906005 0.28948441 0.31311581 0.34832605 0.40492327
 0.44401201 0.47271406 0.49993442 0.52574957]",1986.0,1988.0,16
5,rico,North Dakota,"[1972 1973 1974 1975 1976 1977 1978 1979 1980 1981 1982 1983 1984 1985
 1986 1987 1988 1989 1990 1991 1992 1993 1994 1995 1996 1997 1998 1999
 2000 2001 2002]","[0.00541627 0.05091872 0.00958167 0.0341909  0.00534644 0.05081329
 0.00863383 0.04125064 0.00844291 0.02181103 0.00585108 0.01776143
 0.01776143 0.01776143 0.01776143 0.01776143 0.01776143 0.01776143
 0.01776143 0.01776143 0.01776143 0.01776143 0.01776143 0.01776143
 0.01776143 0.01776143 0.01776143 0.01776143 0.01776143 0.01776143
 0.01776143]","[0.00541627 0.0560592  0.06510374 0.09706868 0.10189615 0.14753176
 0.15489183 0.18975308 0.19659392 0.21411703 0.2187153  0.23259204
 0.2462223  0.25961048 0.27276086 0.28567767 0.29836506 0.3108271
 0.3230678  0.33509108 0.34690082 0.3585008  0.36989475 0.38108632
 0.39207911 0.40287666 0.41348243 0.42389982 0.43413219 0.44418281
 0.45405492]",1983.0,,31
5,rico,Ohio,"[1972 1973 1974 1975 1976 1977 1978 1979 1980 1981 1982 1983 1984 1985
 1986]","[0.08535497 0.09463006 0.08759204 0.08727144 0.06700129 0.08528882
 0.04866547 0.0955728  0.13288741 0.10992339 0.11458893 0.13518688
 0.07878708 0.10073442 0.11355319]","[0.08535497 0.17190789 0.24444217 0.31038079 0.35658616 0.41146217
 0.44010364 0.49361451 0.56090676 0.60917338 0.65395779 0.70073815
 0.72431612 0.75208698 0.78023829]",1986.0,1980.0,15
5,rico,Oklahoma,"[1972 1973 1974 1975 1976 1977 1978 1979 1980 1981 1982 1983 1984 1985
 1986 1987 1988]","[0.0225498  0.02393081 0.0155028  0.02044959 0.01596019 0.02499936
 0.04486047 0.02222134 0.0388381  0.10135974 0.04182991 0.05453186
 0.08301528 0.06722695 0.04002029 0.05486066 0.09595553]","[0.0225498  0.04594098 0.06073156 0.07993921 0.09462356 0.11725739
 0.15685764 0.17559339 0.20761178 0.28792804 0.31771394 0.35492027
 0.40847174 0.44823838 0.47032004 0.49937863 0.54741602]",1988.0,1988.0,17
5,rico,Oregon,"[1972 1973 1974 1975 1976 1977 1978 1979 1980 1981 1982 1983 1984 1985
 1986 1987 1988 1989 1990]","[0.04013093 0.03803193 0.04771354 0.03513294 0.05832733 0.02521847
 0.01776183 0.03736658 0.03138999 0.03837327 0.03837327 0.03837327
 0.03837327 0.03837327 0.03837327 0.03837327 0.03837327 0.03837327
 0.03837327]","[0.04013093 0.0766366  0.12069353 0.15158616 0.20107187 0.22121962
 0.23505218 0.26363567 0.28675014 0.31411987 0.34043933 0.36574883
 0.39008712 0.41349147 0.43599772 0.45764034 0.47845245 0.49846594
 0.51771144]",1981.0,1990.0,19
5,rico,Pennsylvania,[1972 1973 1974 1975 1976 1977 1978 1979 1980 1981],"[0.07123727 0.07123727 0.07123727 0.07123727 0.07123727 0.07123727
 0.07123727 0.07123727 0.07123727 0.07123727]","[0.07123727 0.13739979 0.19884907 0.25592088 0.30892704 0.35815719
 0.40388032 0.44634626 0.48578704 0.52241816]",1972.0,1981.0,10
5,rico,Rhode Island,"[1972 1973 1974 1975 1976 1977 1978 1979 1980 1981 1982 1983 1984 1985
 1986 1987 1988 1989 1990 1991 1992 1993 1994 1995 1996 1997 1998]","[0.04100304 0.02905705 0.02845062 0.01878401 0.02651608 0.02735071
 0.00865004 0.02089292 0.02089292 0.02089292 0.02089292 0.02089292
 0.02089292 0.02089292 0.02089292 0.02089292 0.02089292 0.02089292
 0.02089292 0.02089292 0.02089292 0.02089292 0.02089292 0.02089292
 0.02089292 0.02089292 0.02089292]","[0.04100304 0.06886867 0.09535993 0.1123527  0.13588963 0.15952366
 0.16679381 0.18420192 0.20124633 0.21793462 0.23427425 0.25027249
 0.26593649 0.28127322 0.29628952 0.31099209 0.32538747 0.3394821
 0.35328224 0.36679406 0.38002358 0.3929767  0.40565919 0.4180767
 0.43023478 0.44213884 0.45379419]",1979.0,,27
5,rico,South Carolina,"[1972 1973 1974 1975 1976 1977 1978 1979 1980 1981 1982 1983 1984 1985
 1986 1987 1988 1989 1990 1991 1992 1993 1994 1995]","[0.0131527  0.01768748 0.01107291 0.01936938 0.02044336 0.03638139
 0.04783421 0.02955315 0.09445754 0.15100844 0.06885942 0.09124534
 0.13383434 0.11446272 0.23248735 0.31853849 0.3862254  0.25273469
 0.23645202 0.30319119 0.31800215 0.29404485 0.30659548 0.25767749]","[0.0131527  0.03060754 0.04134154 0.05991016 0.07912876 0.11263133
 0.1550779  0.18004802 0.25749866 0.36962263 0.41303005 0.46658832
 0.53797712 0.59086151 0.68598104 0.78600816 0.86865725 0.90185212
 0.92505938 0.94778072 0.96438656 0.97485851 0.98256678 0.98705893]",,1984.0,24
5,rico,South Dakota,"[1972 1973 1974 1975 1976 1977 1978 1979 1980 1981 1982 1983 1984 1985
 1986 1987 1988 1989 1990 1991 1992 1993 1994 1995]","[0.03509476 0.038283   0.02609512 0.05378137 0.03570634 0.05347247
 0.02116534 0.03606198 0.03384077 0.03852211 0.03115697 0.05105617
 0.04304826 0.05382765 0.03767573 0.03680344 0.05218384 0.04052607
 0.06418969 0.07720587 0.07221611 0.08508227 0.07548233 0.09452581]","[0.03509476 0.07203422 0.09624961 0.14485454 0.17538865 0.21948265
 0.23600257 0.26355383 0.28847574 0.31588515 0.3372001  0.37104012
 0.39811575 0.43051376 0.45196957 0.47213898 0.49968479 0.5199606
 0.55077418 0.58545705 0.61539373 0.6481169  0.67467785 0.70542919]",,1989.0,24
5,rico,Tennessee,"[1972 1973 1974 1975 1976 1977 1978 1979 1980 1981 1982 1983 1984 1985
 1986 1987 1988 1989]","[0.02080071 0.02497328 0.01814776 0.03002973 0.0270618  0.05192532
 0.04192042 0.04434658 0.05362269 0.05852619 0.04368262 0.0455796
 0.05226244 0.07072919 0.08990924 0.10546159 0.10674806 0.11315668]","[0.02080071 0.04525453 0.06258102 0.09073146 0.11533791 0.16127427
 0.196434   0.2320694  0.2732479  0.31578194 0.34567038 0.37549446
 0.40813264 0.44999494 0.49944548 0.55223475 0.60003283 0.64529178]",1989.0,1987.0,18
5,rico,Texas,"[1972 1973 1974 1975 1976 1977 1978 1979 1980 1981 1982 1983 1984 1985
 1986 1987 1988 1989 1990 1991 1992 1993 1994 1995]","[0.00382411 0.03085213 0.00368743 0.02217564 0.00397043 0.03650555
 0.01315483 0.02617156 0.01011341 0.08926907 0.00686442 0.09462273
 0.03865592 0.15106658 0.01744122 0.10647316 0.0523653  0.14586686
 0.02988313 0.13747246 0.04158861 0.14838076 0.03178693 0.18000906]","[0.00382411 0.03455826 0.03811826 0.05944861 0.06318299 0.09738201
 0.10925579 0.13256796 0.14134066 0.21799238 0.22336041 0.29684817
 0.32402916 0.42614576 0.43615448 0.49618889 0.52257111 0.59221217
 0.60439814 0.6587825  0.67297327 0.72149774 0.73035047 0.77888983]",,1988.0,24
5,rico,Utah,[1972 1973 1974 1975 1976 1977 1978 1979 1980 1981 1982 1983],"[0.03092518 0.04023833 0.03336534 0.03365081 0.01736609 0.02827687
 0.05571516 0.02475958 0.02961419 0.16532968 0.16532968 0.16532968]","[0.03092518 0.06991913 0.1009516  0.13120531 0.14629287 0.17043304
 0.21665249 0.23604785 0.25867167 0.38123525 0.48353542 0.56892235]",1981.0,1983.0,12
5,rico,Vermont,"[1989 1990 1991 1992 1993 1994 1995 1996 1997 1998 1999 2000 2001 2002
 2003 2004 2005 2006 2007 2008 2009 2010]","[0.03153372 0.04435921 0.02503401 0.02060974 0.03373304 0.02310463
 0.0321585  0.0321585  0.0321585  0.0321585  0.0321585  0.0321585
 0.0321585  0.0321585  0.0321585  0.0321585  0.0321585  0.0321585
 0.0321585  0.0321585  0.0321585  0.0321585 ]","[0.03153372 0.07449412 0.09766324 0.11626017 0.14607139 0.1658011
 0.19262769 0.21859157 0.24372049 0.26804131 0.29158    0.31436173
 0.33641082 0.35775086 0.37840463 0.3983942  0.41774094 0.43646552
 0.45458794 0.47212758 0.48910316 0.50553284]",,2010.0,22
5,rico,Virginia,"[1972 1973 1974 1975 1976 1977 1978 1979 1980 1981 1982 1983 1984 1985
 1986 1987 1988 1989 1990 1991 1992 1993 1994 1995]","[0.01119135 0.01002706 0.00875296 0.014767   0.0146852  0.02493759
 0.05604743 0.02210539 0.02716632 0.02235199 0.01214182 0.02095844
 0.04301228 0.03522606 0.03346067 0.05601207 0.08402058 0.07300174
 0.07894514 0.08094427 0.09064632 0.08333417 0.09315735 0.09797243]","[0.01119135 0.0211062  0.02967441 0.04400322 0.05804222 0.08153237
 0.13301013 0.15217528 0.17520755 0.1936433  0.20343394 0.22012873
 0.25367277 0.27996294 0.30405586 0.34303713 0.39823553 0.44216538
 0.48620372 0.52779258 0.57059644 0.60638043 0.64304899 0.67802035]",,1991.0,24
5,rico,Washington,[1972 1973 1974 1975 1976 1977 1978 1979 1980 1981 1982 1983 1984 1985],"[0.01182987 0.03455687 0.00442371 0.0344661  0.01119445 0.03480064
 0.00504397 0.04247757 0.00468449 0.29916854 0.32212606 0.37906011
 0.21273445 0.24380872]","[0.01182987 0.04597793 0.05019824 0.0829342  0.09320025 0.12475746
 0.12917216 0.16616281 0.17006892 0.41835818 0.60572017 0.75517593
 0.80725844 0.85425051]",1985.0,1982.0,14
5,rico,West Virginia,"[1972 1973 1974 1975 1976 1977 1978 1979 1980 1981 1982 1983 1984 1985
 1986 1987 1988 1989 1990 1991 1992 1993 1994 1995]","[0.06006339 0.06892204 0.07961596 0.07027516 0.06804902 0.08857707
 0.07735256 0.07976441 0.07212303 0.05123094 0.0852374  0.04906547
 0.02716673 0.04962519 0.06074407 0.06668056 0.05713629 0.0710058
 0.08656082 0.09099603 0.03678425 0.06788474 0.09685365 0.06036503]","[0.06006339 0.12484575 0.19452199 0.25112708 0.30208715 0.36390623
 0.41310971 0.45992267 0.49887468 0.5245478  0.56507411 0.58641396
 0.59764974 0.61761645 0.64084398 0.6647927  0.6839452  0.70638693
 0.73180231 0.75620724 0.76517497 0.78111601 0.80231572 0.81424894]",,1981.0,24
5,rico,Wisconsin,"[1972 1973 1974 1975 1976 1977 1978 1979 1980 1981 1982 1983 1984 1985
 1986 1987]","[0.06942836 0.06526275 0.05105647 0.05452875 0.05418019 0.03943426
 0.02096841 0.04387777 0.04553734 0.03633929 0.03633929 0.03633929
 0.03633929 0.03633929 0.03633929 0.03633929]","[0.06942836 0.13016003 0.17457099 0.2195806  0.26186386 0.29097171
 0.30583891 0.33629715 0.36652042 0.38954061 0.41172427 0.43310179
 0.45370247 0.47355453 0.49268518 0.51112064]",1981.0,1987.0,16
5,rico,Wyoming,"[1972 1973 1974 1975 1976 1977 1978 1979 1980 1981 1982 1983 1984 1985
 1986 1987 1988 1989 1990 1991 1992 1993 1994 1995]","[0.00285614 0.02428258 0.01648677 0.01927482 0.02156066 0.03438579
 0.0386256  0.02915978 0.02714758 0.12534771 0.06265964 0.05046414
 0.1108211  0.08624796 0.04391242 0.05630875 0.07535836 0.06231951
 0.05659292 0.06528466 0.09771978 0.07300262 0.07778105 0.07288332]","[0.00285614 0.02706937 0.04310985 0.06155373 0.08178726 0.11336073
 0.14760771 0.17246328 0.1949289  0.29584271 0.33996495 0.37327306
 0.44272763 0.49079124 0.51315182 0.54056563 0.57518785 0.60166194
 0.62420505 0.6487387  0.68306388 0.70620104 0.72905303 0.74880055]",,1986.0,24
5,witnessint,Alabama,[1973 1974 1975 1976 1977 1978 1979 1980],"[0.0629075  0.00696451 0.0917551  0.10139297 0.11591311 0.11591311
 0.11591311 0.11591311]","[0.0629075  0.0694339  0.15481808 0.24051359 0.32854802 0.40637811
 0.47518667 0.53601941]",1977.0,1980.0,8
5,witnessint,Arizona,[1971 1972 1973 1974 1975 1976 1977 1978 1979 1980 1981 1982 1983],"[0.04348602 0.05807615 0.07225808 0.05141849 0.06606392 0.05556146
 0.04727222 0.04727222 0.04727222 0.04727222 0.04727222 0.04727222
 0.04727222]","[0.04348602 0.09903667 0.16413855 0.20711728 0.25949822 0.30064158
 0.33370181 0.3651992  0.39520765 0.42379753 0.4510359  0.47698665
 0.50171065]",1977.0,1983.0,13
5,witnessint,Arkansas,"[1971 1972 1973 1974 1975 1976 1977 1978 1979 1980 1981 1982 1983 1984
 1985 1986 1987]","[0.03121604 0.00533612 0.05205142 0.00650904 0.04543625 0.04543625
 0.04543625 0.04543625 0.04543625 0.04543625 0.04543625 0.04543625
 0.04543625 0.04543625 0.04543625 0.04543625 0.04543625]","[0.03121604 0.03638559 0.08654309 0.09248882 0.13372273 0.17308312
 0.21065513 0.24652    0.28075531 0.31343509 0.34463003 0.37440758
 0.40283216 0.42996523 0.45586547 0.48058891 0.504189  ]",1975.0,1987.0,17
5,witnessint,California,[1971 1972 1973 1974 1975 1976 1977 1978 1979 1980],"[0.14298311 0.10406571 0.11717677 0.100036   0.07659748 0.08941504
 0.21033908 0.1923113  0.14295877 0.168284  ]","[0.14298311 0.23216918 0.32214111 0.38995141 0.43667959 0.48704891
 0.59494257 0.67283969 0.71961013 0.76679526]",1980.0,1977.0,10
5,witnessint,Colorado,[1971 1972 1973 1974 1975 1976 1977 1978 1979 1980 1981 1982 1983 1984],"[0.01873374 0.03171122 0.0317634  0.02748566 0.028884   0.03370953
 0.09206982 0.09401531 0.05895534 0.08788357 0.06753284 0.09008486
 0.13646306 0.13700367]","[0.01873374 0.04985088 0.08003085 0.10531681 0.13115884 0.16044706
 0.23774455 0.30940824 0.35012231 0.40723588 0.44726693 0.49705981
 0.56569257 0.62519428]",1984.0,1983.0,14
5,witnessint,Connecticut,"[1971 1972 1973 1974 1975 1976 1977 1978 1979 1980 1981 1982 1983 1984
 1985 1986 1987 1988 1989 1990 1991 1992 1993 1994 1995 1996 1997 1998
 1999]","[0.06594233 0.02870704 0.01855722 0.01576873 0.01286676 0.02263264
 0.02554316 0.02084394 0.01040634 0.02915076 0.06918994 0.02486817
 0.03727727 0.03373176 0.07161844 0.04088313 0.05069955 0.04723175
 0.0815177  0.1191611  0.15830691 0.13060535 0.16341645 0.25444679
 0.21493336 0.21276453 0.20516328 0.21148295 0.27690334]","[0.06594233 0.09275636 0.10959227 0.12363287 0.13490887 0.15448817
 0.17608521 0.19325884 0.20165406 0.22492645 0.27855374 0.29649479
 0.32271954 0.3455654  0.39243499 0.41727414 0.44681808 0.47294583
 0.51591007 0.57359476 0.64109765 0.68797222 0.73896269 0.8053828
 0.84721253 0.87972028 0.90439726 0.92461561 0.9454898 ]",1999.0,1989.0,29
5,witnessint,Delaware,"[1971 1972 1973 1974 1975 1976 1977 1978 1979 1980 1981 1982 1983 1984
 1985 1986 1987 1988 1989 1990 1991 1992 1993 1994 1995]","[0.01879959 0.01454061 0.02014377 0.01687844 0.01600425 0.01629767
 0.0192553  0.02086714 0.01450772 0.01181236 0.04543167 0.03431199
 0.03431199 0.03431199 0.03431199 0.03431199 0.03431199 0.03431199
 0.03431199 0.03431199 0.03431199 0.03431199 0.03431199 0.03431199
 0.03431199]","[0.01879959 0.03306684 0.05254453 0.0685361  0.08344348 0.09838121
 0.11574215 0.13419409 0.14675495 0.15683379 0.19514024 0.22275658
 0.24942535 0.27517907 0.30004912 0.32406582 0.34725847 0.36965533
 0.39128372 0.41216998 0.4323396  0.45181716 0.47062641 0.48879027
 0.50633089]",1982.0,1995.0,25
5,witnessint,Florida,"[1971 1972 1973 1974 1975 1976 1977 1978 1979 1980 1981 1982 1983 1984
 1985 1986 1987 1988 1989 1990 1991]","[0.01364546 0.02058922 0.02058922 0.02058922 0.02058922 0.02058922
 0.02058922 0.02058922 0.02058922 0.02058922 0.02058922 0.02058922
 0.02058922 0.02058922 0.02058922 0.02058922 0.02058922 0.02058922
 0.02058922 0.02058922 0.02058922]","[0.01364546 0.03395373 0.05384387 0.07332449 0.09240402 0.11109071
 0.12939266 0.14731779 0.16487385 0.18206845 0.19890902 0.21540286
 0.23155711 0.24737875 0.26287464 0.27805147 0.29291583 0.30747414
 0.32173271 0.33569771 0.34937518]",1972.0,,21
5,witnessint,Georgia,"[1971 1972 1973 1974 1975 1976 1977 1978 1979 1980 1981 1982 1983 1984
 1985 1986 1987 1988 1989 1990 1991 1992 1993 1994]","[0.0125377  0.01870956 0.0283053  0.01896935 0.0248048  0.0248048
 0.0248048  0.0248048  0.0248048  0.0248048  0.0248048  0.0248048
 0.0248048  0.0248048  0.0248048  0.0248048  0.0248048  0.0248048
 0.0248048  0.0248048  0.0248048  0.0248048  0.0248048  0.0248048 ]","[0.0125377  0.03101269 0.05844016 0.07630094 0.09921312 0.12155696
 0.14334657 0.16459569 0.18531773 0.20552576 0.22523254 0.2444505
 0.26319175 0.28146814 0.29929118 0.31667213 0.33362194 0.35015132
 0.36627069 0.38199022 0.39731983 0.41226919 0.42684774 0.44106467]",1975.0,,24
5,witnessint,Idaho,"[1971 1972 1973 1974 1975 1976 1977 1978 1979 1980 1981 1982 1983 1984
 1985]","[0.04648764 0.06578686 0.09195242 0.05439154 0.081841   0.06506935
 0.07380408 0.06126733 0.05420428 0.06127197 0.0335514  0.06907498
 0.05624933 0.05636567 0.04895748]","[0.04648764 0.10921622 0.19112594 0.23512185 0.29772024 0.34341713
 0.39187562 0.42913378 0.46007717 0.4931593  0.51016452 0.54399989
 0.56964959 0.59390658 0.61378789]",1985.0,1981.0,15
5,witnessint,Illinois,"[1971 1972 1973 1974 1975 1976 1977 1978 1979 1980 1981 1982 1983 1984
 1985 1986 1987 1988 1989]","[0.02723918 0.02470852 0.02419086 0.04202356 0.02224719 0.04545398
 0.04693575 0.04424353 0.02916769 0.04067208 0.06626831 0.06927785
 0.08765703 0.08088764 0.07832262 0.06378764 0.06538099 0.05732667
 0.08025888]","[0.02723918 0.05127465 0.07422514 0.11312949 0.13285987 0.17227484
 0.21112474 0.24602736 0.268019   0.29779019 0.34432445 0.38974824
 0.4432411  0.48827601 0.52835558 0.55844066 0.58731024 0.61096837
 0.64219162]",1989.0,1985.0,19
5,witnessint,Indiana,"[1971 1972 1973 1974 1975 1976 1977 1978 1979 1980 1981 1982 1983 1984
 1985 1986]","[0.02447587 0.02776256 0.03195276 0.04936231 0.02957433 0.04718665
 0.04718665 0.04718665 0.04718665 0.04718665 0.04718665 0.04718665
 0.04718665 0.04718665 0.04718665 0.04718665]","[0.02447587 0.05155891 0.08186423 0.12718553 0.15299844 0.19296561
 0.23104686 0.26733118 0.30190337 0.33484422 0.36623069 0.39613615
 0.42463046 0.45178023 0.47764888 0.50229688]",1976.0,1986.0,16
5,witnessint,Iowa,"[1971 1972 1973 1974 1975 1976 1977 1978 1979 1980 1981 1982 1983 1984
 1985 1986 1987 1988 1989 1990 1991 1992 1993 1994 1995 1996 1997 1998
 1999]","[0.02006175 0.02449751 0.03014196 0.02068365 0.01356032 0.03986967
 0.05110981 0.06089552 0.05025196 0.04857953 0.0831107  0.06511976
 0.14244574 0.12896829 0.0811175  0.08711894 0.08289743 0.06648144
 0.17588851 0.18306501 0.19314365 0.18210623 0.17540102 0.18509066
 0.18098959 0.16514051 0.14258232 0.12391066 0.19140395]","[0.02006175 0.0440678  0.07288148 0.09205767 0.10436966 0.14007815
 0.18402859 0.23371759 0.27222479 0.30757977 0.3651273  0.40647005
 0.49101586 0.55665868 0.59262142 0.62811181 0.65894038 0.68161452
 0.73761487 0.78564841 0.82704906 0.8585445  0.88335594 0.90494567
 0.92214951 0.93500578 0.94427281 0.951178   0.96052272]",1999.0,1984.0,29
5,witnessint,Kansas,[1971 1972 1973 1974 1975 1976 1977 1978 1979 1980 1981 1982 1983 1984],"[0.02077499 0.02293886 0.02932033 0.02314302 0.01884132 0.02655604
 0.0871945  0.0700166  0.08491231 0.06211677 0.03780689 0.04447542
 0.08498379 0.08498379]","[0.02077499 0.0432373  0.07128989 0.09278305 0.10987622 0.13351437
 0.20906716 0.26444559 0.32690321 0.36871381 0.39258077 0.419596
 0.46892093 0.51405404]",1983.0,1984.0,14
5,witnessint,Kentucky,"[1972 1973 1974 1975 1976 1977 1978 1979 1980 1981 1982 1983 1984 1985
 1986 1987 1988]","[0.04219795 0.00816805 0.0443939  0.0443939  0.0443939  0.0443939
 0.0443939  0.0443939  0.0443939  0.0443939  0.0443939  0.0443939
 0.0443939  0.0443939  0.0443939  0.0443939  0.0443939 ]","[0.04219795 0.05002133 0.09219459 0.13249562 0.17100752 0.20780974
 0.24297815 0.27658531 0.30870051 0.33939    0.36871705 0.39674217
 0.42352314 0.4491152  0.47357113 0.49694136 0.5192741 ]",1974.0,1988.0,17
5,witnessint,Louisiana,[1971 1972 1973 1974 1975 1976 1977 1978 1979],"[0.02303624 0.02968058 0.11274023 0.05843916 0.16282913 0.16688484
 0.16628046 0.14633473 0.18239903]","[0.02303624 0.05203309 0.1589071  0.20805986 0.33701078 0.44765363
 0.53949804 0.60688547 0.67858918]",1979.0,1977.0,9
5,witnessint,Maine,[1971 1972 1973 1974 1975 1976 1977 1978 1979],"[0.23443185 0.02682571 0.08869334 0.01402364 0.06471593 0.06471593
 0.06471593 0.06471593 0.06471593]","[0.23443185 0.25496876 0.32104807 0.33056944 0.37389227 0.41441141
 0.45230832 0.4877527  0.52090326]",1975.0,1979.0,9
5,witnessint,Maryland,"[1973 1974 1975 1976 1977 1978 1979 1980 1981 1982 1983 1984 1985 1986
 1987 1988 1989 1990 1991 1992 1993 1994 1995 1996 1997]","[0.03963732 0.03934644 0.04692151 0.05308702 0.04570969 0.03899202
 0.03024483 0.03471895 0.05509864 0.09409264 0.07184164 0.07727207
 0.06345994 0.05060605 0.03583318 0.03267676 0.05444764 0.08761493
 0.08633278 0.07765224 0.07804235 0.12309544 0.12845976 0.13496089
 0.15701268]","[0.03963732 0.07742417 0.12071282 0.16739156 0.20544983 0.23643095
 0.25952496 0.28523348 0.32461614 0.38816479 0.43212003 0.47600129
 0.50925422 0.53408892 0.550784   0.56546292 0.58912244 0.62512145
 0.65748576 0.68408276 0.70873768 0.74459075 0.77740056 0.80744278
 0.8376767 ]",1997.0,1985.0,25
5,witnessint,Michigan,"[1971 1972 1973 1974 1975 1976 1977 1978 1979 1980 1981 1982 1983 1984
 1985 1986 1987 1988 1989 1990 1991 1992 1993 1994 1995 1996 1997 1998
 1999 2000]","[0.02887154 0.01672406 0.02412747 0.0180473  0.01302574 0.03457796
 0.02721751 0.02422114 0.01471226 0.01542283 0.06109398 0.044062
 0.0386246  0.07028454 0.07050455 0.04350591 0.04405443 0.03134114
 0.11498587 0.11691497 0.12982892 0.12945314 0.19269404 0.2442827
 0.23259952 0.21702223 0.24285963 0.21387078 0.22126453 0.26735553]","[0.02887154 0.04511275 0.06815176 0.0849691  0.09688806 0.12811582
 0.15184634 0.17238958 0.1845656  0.19714191 0.24619171 0.27940601
 0.30723866 0.35592907 0.401339   0.42738429 0.45261055 0.46976636
 0.53073574 0.58559975 0.63940089 0.68608157 0.74657179 0.80847992
 0.8530274  0.88492372 0.9128711  0.93150543 0.94666085 0.96092136]",2000.0,1989.0,30
5,witnessint,Minnesota,[1971 1972 1973 1974 1975 1976 1977 1978 1979 1980 1981 1982 1983],"[0.03246818 0.00338645 0.0444744  0.02384009 0.01866217 0.06876756
 0.06876756 0.06876756 0.06876756 0.06876756 0.06876756 0.06876756
 0.06876756]","[0.03246818 0.03574468 0.07862936 0.10059492 0.11737977 0.1780754
 0.23459715 0.28723203 0.33624734 0.38189199 0.42439777 0.46398053
 0.50084128]",1976.0,1983.0,13
5,witnessint,Missouri,[1971 1972 1973 1974 1975 1976 1977 1978 1979 1980 1981 1982 1983 1984],"[0.01904739 0.00651708 0.03093625 0.03291576 0.04664047 0.04462406
 0.09200252 0.07914968 0.06313462 0.06542428 0.05464505 0.05377224
 0.07676238 0.07676238]","[0.01904739 0.02544034 0.05558956 0.08667555 0.12927343 0.16812879
 0.24466303 0.30444771 0.34836114 0.39099415 0.4242733  0.45523141
 0.49704915 0.53565686]",1983.0,1984.0,14
5,witnessint,Montana,"[1971 1972 1973 1974 1975 1976 1977 1978 1979 1980 1981 1982 1983 1984
 1985 1986 1987 1988 1989 1990]","[0.02316887 0.00428071 0.03640995 0.03640995 0.03640995 0.03640995
 0.03640995 0.03640995 0.03640995 0.03640995 0.03640995 0.03640995
 0.03640995 0.03640995 0.03640995 0.03640995 0.03640995 0.03640995
 0.03640995 0.03640995]","[0.02316887 0.02735041 0.06276453 0.09688923 0.12977145 0.16145642
 0.19198775 0.22140744 0.24975595 0.2770723  0.30339406 0.32875745
 0.35319736 0.37674741 0.39944    0.42130636 0.44237657 0.46267961
 0.48224342 0.50109491]",1973.0,1990.0,20
5,witnessint,New Hampshire,"[1971 1972 1973 1974 1975 1976 1977 1978 1979 1980 1981 1982 1983 1984
 1985 1986 1987 1988 1989 1990]","[0.03193808 0.03193808 0.03193808 0.03193808 0.03193808 0.03193808
 0.03193808 0.03193808 0.03193808 0.03193808 0.03193808 0.03193808
 0.03193808 0.03193808 0.03193808 0.03193808 0.03193808 0.03193808
 0.03193808 0.03193808]","[0.03193808 0.06285612 0.0927867  0.12176135 0.1498106  0.17696402
 0.20325021 0.22869687 0.25333081 0.27717799 0.30026354 0.32261178
 0.34424626 0.36518977 0.38546439 0.40509148 0.42409171 0.44248512
 0.46029107 0.47752834]",1971.0,,20
5,witnessint,New Jersey,"[1972 1973 1974 1975 1976 1977 1978 1979 1980 1981 1982 1983 1984 1985
 1986 1987 1988 1989 1990 1991 1992 1993 1994 1995 1996 1997 1998 1999
 2000]","[0.01664262 0.01166959 0.01313791 0.00606963 0.00837647 0.0080863
 0.01020696 0.00722596 0.00769553 0.01933564 0.01933564 0.01933564
 0.01933564 0.01933564 0.01933564 0.01933564 0.01933564 0.01933564
 0.01933564 0.01933564 0.01933564 0.01933564 0.01933564 0.01933564
 0.01933564 0.01933564 0.01933564 0.01933564 0.01933564]","[0.01664262 0.02811799 0.04088649 0.04670796 0.05469319 0.06233722
 0.07190791 0.07861426 0.08570481 0.1033833  0.12071996 0.13772141
 0.15439412 0.17074445 0.18677864 0.2025028  0.21792292 0.23304488
 0.24787445 0.26241729 0.27667892 0.2906648  0.30438025 0.31783051
 0.33102069 0.34395584 0.35664088 0.36908064 0.38127987]",1981.0,,29
5,witnessint,New York,"[1971 1972 1973 1974 1975 1976 1977 1978 1979 1980 1981 1982 1983 1984
 1985 1986 1987 1988 1989 1990]","[0.04964384 0.02775366 0.02673325 0.02154522 0.01419547 0.01751142
 0.02743698 0.02767093 0.01906736 0.02164153 0.0895895  0.05167018
 0.05095249 0.0482707  0.03622715 0.03622715 0.03622715 0.03622715
 0.03622715 0.03622715]","[0.04964384 0.0760197  0.1007207  0.12009587 0.13258653 0.14777617
 0.17115862 0.19409343 0.20945994 0.22656844 0.29585979 0.33224284
 0.36626673 0.39685748 0.41870761 0.43976618 0.46006185 0.47962227
 0.49847407 0.51664292]",1985.0,1990.0,20
5,witnessint,North Carolina,[1973 1974 1975 1976 1977 1978 1979 1980 1981 1982 1983 1984 1985],"[0.01440225 0.01056791 0.0593342  0.06030476 0.06344753 0.06344753
 0.06344753 0.06344753 0.06344753 0.06344753 0.06344753 0.06344753
 0.06344753]","[0.01440225 0.02481796 0.08267961 0.13799839 0.19269026 0.24391207
 0.29188398 0.33681219 0.37888982 0.41829772 0.45520529 0.48977117
 0.52214393]",1977.0,1985.0,13
5,witnessint,North Dakota,"[1971 1972 1973 1974 1975 1976 1977 1978 1979 1980 1981 1982 1983 1984
 1985 1986 1987]","[0.02501959 0.00544359 0.04364819 0.04364819 0.04364819 0.04364819
 0.04364819 0.04364819 0.04364819 0.04364819 0.04364819 0.04364819
 0.04364819 0.04364819 0.04364819 0.04364819 0.04364819]","[0.02501959 0.03032698 0.07265146 0.11312855 0.15183888 0.18885958
 0.2242644  0.25812385 0.29050541 0.32147356 0.35109002 0.37941377
 0.40650123 0.43240638 0.45718082 0.48087389 0.50353281]",1973.0,1987.0,17
5,witnessint,Ohio,[1971 1972 1973 1974 1975 1976 1977 1978 1979 1980 1981 1982 1983 1984],"[0.04145774 0.04085922 0.04181753 0.05135585 0.04727    0.09695548
 0.08528813 0.09130866 0.06564564 0.07795781 0.07339616 0.0924394
 0.07620551 0.08491444]","[0.04145774 0.08062303 0.1190691  0.16431005 0.20381312 0.2810078
 0.3423293  0.40238033 0.44161146 0.4851422  0.52293079 0.56703078
 0.60002542 0.63398904]",1984.0,1981.0,14
5,witnessint,Oklahoma,"[1971 1972 1973 1974 1975 1976 1977 1978 1979 1980 1981 1982 1983 1984
 1985 1986]","[0.02368578 0.03373622 0.04542309 0.02712736 0.06782281 0.05159941
 0.04468857 0.04468857 0.04468857 0.04468857 0.04468857 0.04468857
 0.04468857 0.04468857 0.04468857 0.04468857]","[0.02368578 0.05662293 0.09947403 0.12390292 0.18332228 0.22546237
 0.26007535 0.29314153 0.32473002 0.35490687 0.38373516 0.41127516
 0.43758443 0.46271798 0.48672835 0.50966572]",1977.0,1986.0,16
5,witnessint,Oregon,"[1971 1972 1973 1974 1975 1976 1977 1978 1979 1980 1981 1982 1983 1984
 1985 1986 1987 1988 1989]","[0.03621478 0.03621478 0.03621478 0.03621478 0.03621478 0.03621478
 0.03621478 0.03621478 0.03621478 0.03621478 0.03621478 0.03621478
 0.03621478 0.03621478 0.03621478 0.03621478 0.03621478 0.03621478
 0.03621478]","[0.03621478 0.07111805 0.10475731 0.13717832 0.16842522 0.19854052
 0.2275652  0.25553876 0.28249926 0.30848339 0.33352651 0.3576627
 0.38092481 0.40334448 0.42495223 0.44577746 0.4658485  0.48519268
 0.50383632]",1971.0,1989.0,19
5,witnessint,Pennsylvania,"[1971 1972 1973 1974 1975 1976 1977 1978 1979 1980 1981 1982 1983 1984
 1985 1986 1987 1988 1989 1990 1991 1992 1993 1994 1995 1996 1997 1998
 1999 2000 2001]","[0.05506998 0.02980861 0.02904356 0.02776346 0.01866989 0.02648149
 0.02508744 0.03039402 0.02007094 0.02361295 0.05370762 0.04700837
 0.04808222 0.06828234 0.08735329 0.0518962  0.05941256 0.05867246
 0.09627174 0.12391806 0.13988659 0.11959889 0.15203439 0.17908435
 0.18819037 0.17313842 0.25097229 0.22457075 0.26380793 0.24347353
 0.27480194]","[0.05506998 0.08323703 0.10986309 0.13457637 0.15073374 0.17322357
 0.19396527 0.21846391 0.23415008 0.25223406 0.29239479 0.32565816
 0.35808201 0.40191367 0.45415848 0.48248557 0.51323243 0.54179228
 0.58590474 0.63721862 0.68796687 0.72528569 0.76705171 0.8087691
 0.84475691 0.87163546 0.9038514  0.92544356 0.94511214 0.95847588
 0.96988679]",2001.0,1987.0,31
5,witnessint,Rhode Island,"[1971 1972 1973 1974 1975 1976 1977 1978 1979 1980 1981 1982 1983 1984
 1985 1986 1987 1988 1989 1990 1991 1992 1993 1994 1995 1996 1997 1998
 1999]","[0.06943369 0.03213074 0.0256977  0.02671304 0.01319005 0.01894345
 0.0346996  0.02144072 0.01693561 0.01375631 0.01375631 0.01375631
 0.01375631 0.01375631 0.01375631 0.01375631 0.01375631 0.01375631
 0.01375631 0.01375631 0.01375631 0.01375631 0.01375631 0.01375631
 0.01375631 0.01375631 0.01375631 0.01375631 0.01375631]","[0.06943369 0.09933348 0.12247854 0.1459198  0.15718516 0.17315098
 0.20184231 0.21895539 0.23218285 0.24274518 0.25316221 0.26343594
 0.27356834 0.28356136 0.29341691 0.30313688 0.31272314 0.32217753
 0.33150187 0.34069793 0.34976749 0.35871229 0.36753404 0.37623443
 0.38481514 0.39327781 0.40162407 0.40985551 0.41797372]",1980.0,,29
5,witnessint,South Carolina,[1971 1972 1973 1974 1975 1976 1977 1978 1979 1980],"[0.01056989 0.01321852 0.01517927 0.00866884 0.06440475 0.0654279
 0.19039016 0.20541744 0.22602984 0.20336882]","[0.01056989 0.02364869 0.03846899 0.04680435 0.10819468 0.16654363
 0.32522552 0.46383597 0.58502504 0.66941801]",1980.0,1979.0,10
5,witnessint,South Dakota,[1971 1972 1973 1974 1975 1976 1977 1978 1979 1980 1981 1982 1983],"[0.02529026 0.02594839 0.07171789 0.04529677 0.03068598 0.06738006
 0.06738006 0.06738006 0.06738006 0.06738006 0.06738006 0.06738006
 0.06738006]","[0.02529026 0.05058241 0.11867264 0.15859392 0.1844133  0.23936758
 0.29061904 0.33841717 0.38299466 0.42456852 0.46334113 0.49950123
 0.53322487]",1976.0,1983.0,13
5,witnessint,Tennessee,"[1971 1972 1973 1974 1975 1976 1977 1978 1979 1980 1981 1982 1983 1984
 1985 1986 1987 1988 1989]","[0.0198188  0.02820306 0.02894006 0.02597906 0.12790646 0.11255324
 0.20061761 0.18195279 0.14868176 0.17282336 0.12810491 0.12185678
 0.19976836 0.18762014 0.19690367 0.15135596 0.16048832 0.15013203
 0.1962667 ]","[0.0198188  0.0474629  0.07502938 0.09905925 0.21429539 0.30272899
 0.44261383 0.5440318  0.61182596 0.6789115  0.72004451 0.75415898
 0.80327024 0.8401807  0.87164971 0.89107629 0.90855728 0.92228576
 0.93753848]",1989.0,1978.0,19
5,witnessint,Texas,"[1971 1972 1973 1974 1975 1976 1977 1978 1979 1980 1981 1982 1983 1984
 1985 1986]","[0.0253335  0.00707848 0.0479371  0.0479371  0.0479371  0.0479371
 0.0479371  0.0479371  0.0479371  0.0479371  0.0479371  0.0479371
 0.0479371  0.0479371  0.0479371  0.0479371 ]","[0.0253335  0.03223266 0.07862462 0.12279268 0.16484346 0.20487845
 0.24299427 0.27928293 0.31383202 0.34672492 0.37804104 0.40785595
 0.43624162 0.46326656 0.48899601 0.51349206]",1973.0,1986.0,16
5,witnessint,Utah,"[1971 1972 1973 1974 1975 1976 1977 1978 1979 1980 1981 1982 1983 1984
 1985 1986 1987 1988 1989 1990 1991 1992 1993 1994 1995 1996 1997 1998
 1999 2000 2001 2002 2003 2004]","[0.05051308 0.06779166 0.06651168 0.05760026 0.055888   0.03788012
 0.05041393 0.03458372 0.0452191  0.03189095 0.02676633 0.03827459
 0.04280194 0.06656547 0.10957242 0.11333105 0.17100561 0.18197466
 0.11709846 0.11996123 0.08733206 0.09576365 0.09058742 0.08602185
 0.10218727 0.09077744 0.11259223 0.0869146  0.10981259 0.10784163
 0.11185046 0.09952995 0.08915332 0.14778776]","[0.05051308 0.11488037 0.17375116 0.22134331 0.26486088 0.29270803
 0.3283654  0.35159302 0.3809134  0.40065666 0.41669888 0.43902449
 0.46303533 0.49877864 0.55369867 0.60427847 0.67194907 0.73164603
 0.76306986 0.79149229 0.8097017  0.82792536 0.84351316 0.85697445
 0.87158984 0.88324658 0.89639211 0.90539715 0.91578573 0.92486754
 0.93327114 0.93991266 0.94526964 0.95335812]",2004.0,1985.0,34
5,witnessint,Virginia,"[1972 1973 1974 1975 1976 1977 1978 1979 1980 1981 1982 1983 1984 1985
 1986 1987 1988 1989 1990 1991]","[0.0182505  0.01397091 0.01808445 0.03925784 0.03925784 0.03925784
 0.03925784 0.03925784 0.03925784 0.03925784 0.03925784 0.03925784
 0.03925784 0.03925784 0.03925784 0.03925784 0.03925784 0.03925784
 0.03925784 0.03925784]","[0.0182505  0.03196643 0.04947279 0.08678843 0.12263914 0.15708243
 0.19017355 0.22196559 0.25250954 0.2818544  0.31004724 0.3371333
 0.36315601 0.38815713 0.41217676 0.43525343 0.45742416 0.47872451
 0.49918866 0.51884943]",1975.0,1991.0,20
5,witnessint,Washington,"[1971 1972 1973 1974 1975 1976 1977 1978 1979 1980 1981 1982 1983 1984
 1985 1986 1987 1988]","[0.07854727 0.00920948 0.0305817  0.00414727 0.02431769 0.00802023
 0.04406058 0.01257003 0.0345763  0.00430498 0.06440425 0.05248238
 0.05248238 0.05248238 0.05248238 0.05248238 0.05248238 0.05248238]","[0.07854727 0.08703337 0.11495344 0.11862397 0.140057   0.14695394
 0.18453964 0.19479    0.22263119 0.22597775 0.27582807 0.31383433
 0.34984594 0.38396757 0.41629842 0.44693247 0.47595877 0.5034617 ]",1982.0,1988.0,18
5,witnessint,Wisconsin,"[1971 1972 1973 1974 1975 1976 1977 1978 1979 1980 1981 1982 1983 1984
 1985 1986 1987 1988 1989 1990 1991 1992 1993]","[0.03271695 0.01668468 0.02127935 0.01455562 0.01165753 0.02978873
 0.02761845 0.02828369 0.01965736 0.02317058 0.03632425 0.03632425
 0.03632425 0.03632425 0.03632425 0.03632425 0.03632425 0.03632425
 0.03632425 0.03632425 0.03632425 0.03632425 0.03632425]","[0.03271695 0.04885576 0.06909549 0.08264539 0.09333948 0.12034775
 0.14464238 0.16883505 0.18517356 0.20405356 0.23296572 0.26082766
 0.28767753 0.31355211 0.33848681 0.36251578 0.38567191 0.40798692
 0.42949134 0.45021464 0.47018518 0.4894303  0.50797636]",1981.0,1993.0,23
5,witnessint,Wyoming,"[1971 1972 1973 1974 1975 1976 1977 1978 1979 1980 1981 1982 1983 1984
 1985 1986 1987 1988 1989]","[0.01309845 0.00287058 0.03108076 0.01933203 0.02932414 0.04679365
 0.06100509 0.0662866  0.07780403 0.06392821 0.02909051 0.03118935
 0.03118935 0.03118935 0.03118935 0.03118935 0.03118935 0.03118935
 0.03118935]","[0.01309845 0.01593143 0.04651702 0.06494979 0.09236934 0.13484069
 0.18761981 0.24146973 0.30048644 0.34520509 0.3642534  0.38408193
 0.40329201 0.42190295 0.43993342 0.45740154 0.47432483 0.4907203
 0.5066044 ]",1982.0,1989.0,19
5,wmd,Alabama,[1999 2000 2001 2002 2003 2004],[0.07760644 0.11646408 0.12579728 0.26786346 0.38178293 0.33985592],[0.07760644 0.18503216 0.2875529  0.47839144 0.67753269 0.78712511],,2003.0,6
5,wmd,Arizona,[1999 2000 2001 2002 2003],[0.10229781 0.1357605  0.14724527 0.18264818 0.18264818],[0.10229781 0.22417031 0.33840756 0.45924622 0.55801391],2002.0,2003.0,5
5,wmd,Arkansas,[1999 2000 2001 2002 2003 2004 2005],"[0.08258014 0.01336018 0.09631543 0.02208455 0.17081757 0.17081757
 0.17081757]","[0.08258014 0.09483703 0.1820182  0.20008296 0.33672284 0.45002224
 0.5439681 ]",2003.0,2005.0,7
5,wmd,California,[1999 2000 2001 2002 2003],[0.15343976 0.15343976 0.15343976 0.15343976 0.15343976],[0.15343976 0.28333576 0.39330055 0.48639237 0.5652002 ],1999.0,2003.0,5
5,wmd,Colorado,[1999 2000 2001 2002 2003],[0.10547142 0.11226387 0.1016722  0.25750805 0.25788889],[0.10547142 0.20589466 0.2866331  0.47033081 0.60692661],2003.0,2003.0,5
5,wmd,Connecticut,[1999 2000 2001 2002 2003],[0.11485572 0.11519023 0.07659243 0.174298   0.174298  ],[0.11485572 0.2168157  0.27680169 0.40285371 0.50693511],2002.0,2003.0,5
5,wmd,Delaware,[1999 2000 2001 2002 2003 2004],[0.16948888 0.14297338 0.0928223  0.61159512 0.54381263 0.52480779],[0.16948888 0.28822985 0.354298   0.74920619 0.88559103 0.94563375],,2002.0,6
5,wmd,Florida,[1999 2000 2001 2002 2003 2004 2005],"[0.10115473 0.10341579 0.10341579 0.10341579 0.10341579 0.10341579
 0.10341579]","[0.10115473 0.19410953 0.27745133 0.35217427 0.41916969 0.47923672
 0.53309186]",2000.0,2005.0,7
5,wmd,Georgia,[1999 2000 2001 2002],[0.10264815 0.14029211 0.23086676 0.34193614],[0.10264815 0.22853954 0.40664412 0.60953394],2002.0,2002.0,4
5,wmd,Idaho,"[1999 2000 2001 2002 2003 2004 2005 2006 2007 2008 2009 2010 2011 2012
 2013 2014 2015 2016 2017 2018 2019]","[0.03284383 0.03067231 0.03678311 0.03322943 0.03322943 0.03322943
 0.03322943 0.03322943 0.03322943 0.03322943 0.03322943 0.03322943
 0.03322943 0.03322943 0.03322943 0.03322943 0.03322943 0.03322943
 0.03322943 0.03322943 0.03322943]","[0.03284383 0.06250874 0.09699258 0.12699901 0.15600834 0.1840537
 0.21116714 0.23737961 0.26272105 0.28722041 0.31090567 0.33380389
 0.35594121 0.37734292 0.39803346 0.41803647 0.43737479 0.45607051
 0.47414498 0.49161884 0.50851206]",2002.0,2019.0,21
5,wmd,Illinois,[1999 2000 2001 2002 2003],[0.13950086 0.13950086 0.13950086 0.13950086 0.13950086],[0.13950086 0.25954123 0.36283586 0.45172081 0.52820623],1999.0,2003.0,5
5,wmd,Indiana,[1999 2000 2001],[0.16456846 0.14628932 0.30483637],[0.16456846 0.28678318 0.50419761],2001.0,2001.0,3
5,wmd,Iowa,[1999 2000 2001 2002],[0.12671977 0.11951076 0.1296841  0.28158264],[0.12671977 0.23108615 0.33080205 0.51923658],2002.0,2002.0,4
5,wmd,Kansas,[1999 2000 2001 2002 2003 2004 2005],"[0.05400137 0.03876647 0.05958436 0.08019628 0.19271591 0.11648191
 0.11648191]","[0.05400137 0.0906744  0.14485599 0.21343535 0.36501887 0.43898269
 0.50433106]",,2005.0,7
5,wmd,Kentucky,[1999 2000 2001 2002 2003 2004 2005 2006 2007 2008 2009],"[0.01018354 0.05069648 0.0692519  0.0692519  0.0692519  0.0692519
 0.0692519  0.0692519  0.0692519  0.0692519  0.0692519 ]","[0.01018354 0.06036375 0.12543535 0.18600062 0.24237162 0.29483883
 0.34367258 0.38912451 0.4314288  0.47080344 0.50745131]",2001.0,2009.0,11
5,wmd,Louisiana,[1999 2000 2001 2002 2003 2004],[0.04906103 0.04989361 0.06583913 0.05478807 0.24395425 0.20705068],[0.04906103 0.09650681 0.15599202 0.20223359 0.39685209 0.52173428],,2004.0,6
5,wmd,Maine,"[1999 2000 2001 2002 2003 2004 2005 2006 2007 2008 2009 2010 2011 2012
 2013 2014]","[0.09792371 0.09839375 0.03443096 0.03443096 0.03443096 0.03443096
 0.03443096 0.03443096 0.03443096 0.03443096 0.03443096 0.03443096
 0.03443096 0.03443096 0.03443096 0.03443096]","[0.09792371 0.18668238 0.21468569 0.24172482 0.26783296 0.29304218
 0.31738342 0.34088656 0.36358048 0.38549301 0.40665108 0.42708066
 0.44680682 0.46585379 0.48424496 0.50200291]",2001.0,2014.0,16
5,wmd,Maryland,[1999 2000 2001 2002 2003],[0.09671872 0.09927269 0.06563064 0.31097448 0.31097448],[0.09671872 0.18638989 0.23978764 0.47619428 0.63908449],2002.0,2003.0,5
5,wmd,Massachusetts,[1999 2000 2001 2002 2003 2004 2005],"[0.04885586 0.05026233 0.05057467 0.14374614 0.14374614 0.14374614
 0.14374614]","[0.04885586 0.09666258 0.14234857 0.26563266 0.37119513 0.46158341
 0.53897872]",2002.0,2005.0,7
5,wmd,Michigan,[1999 2000 2001 2002],[0.17609543 0.18938381 0.20382748 0.34341957],[0.17609543 0.33212961 0.46825995 0.65086989],2002.0,2002.0,4
5,wmd,Minnesota,[1999 2000 2001 2002 2003],[0.11767628 0.13581963 0.08429733 0.25986879 0.25986879],[0.11767628 0.23751316 0.30178877 0.48323208 0.61752393],2002.0,2003.0,5
5,wmd,Mississippi,[1999 2000 2001 2002 2003 2004],[0.04704742 0.0554976  0.07183248 0.10137524 0.18906501 0.18906501],[0.04704742 0.099934   0.16458798 0.24927807 0.39121332 0.50631357],2003.0,2004.0,6
5,wmd,Missouri,[1999 2000 2001 2002 2003 2004],[0.12007171 0.12212448 0.19446485 0.34300923 0.38947533 0.26781736],[0.12007171 0.2275325  0.37775028 0.59118767 0.75040999 0.81725453],,2002.0,6
5,wmd,Montana,[1999 2000 2001 2002 2003 2004 2005 2006 2007 2008 2009 2010],"[0.06897882 0.01516228 0.08538611 0.04772682 0.23450082 0.02847466
 0.02847466 0.02847466 0.02847466 0.02847466 0.02847466 0.02847466]","[0.06897882 0.08309522 0.16138615 0.20141053 0.38868042 0.40608754
 0.42299899 0.4394289  0.45539098 0.47089854 0.48596452 0.50060151]",,2010.0,12
5,wmd,Nevada,[1999 2000 2001 2002 2003],[0.20401026 0.04234677 0.14335334 0.12018126 0.41662587],[0.20401026 0.23771786 0.34699355 0.42547269 0.66483563],2003.0,2003.0,5
5,wmd,New Hampshire,[1999 2000 2001 2002],[0.05779794 0.08099823 0.36085478 0.4968028 ],[0.05779794 0.13411464 0.44657352 0.72151734],2002.0,2002.0,4
5,wmd,New Jersey,[1999 2000 2001 2002 2003],[0.10199365 0.11771411 0.06113234 0.20581919 0.20581919],[0.10199365 0.20770167 0.25613672 0.40923806 0.5308282 ],2002.0,2003.0,5
5,wmd,New Mexico,[1999 2000 2001 2002 2003 2004],[0.09315874 0.08898009 0.07647763 0.18071184 0.24668402 0.2829577 ],[0.09315874 0.17384956 0.23703158 0.37490901 0.52910897 0.66235121],,2003.0,6
5,wmd,New York,[1999 2000 2001 2002 2003 2004],[0.08386987 0.09032309 0.09348971 0.44811098 0.3620195  0.4302668 ],[0.08386987 0.16661757 0.24453025 0.58306454 0.73400331 0.84845285],2004.0,2002.0,6
5,wmd,North Carolina,[1999 2000 2001 2002 2003 2004],[0.1168874  0.09085883 0.1266774  0.1266774  0.1266774  0.1266774 ],[0.1168874  0.19712598 0.29883197 0.38765411 0.46522449 0.53296846],2001.0,2004.0,6
5,wmd,North Dakota,[1999 2000 2001 2002 2003 2004 2005 2006 2007],"[0.08870435 0.01545553 0.05019892 0.04915784 0.24714962 0.06201862
 0.06201862 0.06201862 0.06201862]","[0.08870435 0.1027889  0.14782793 0.18971887 0.38997955 0.42781218
 0.46329848 0.49658397 0.52780514]",,2007.0,9
5,wmd,Ohio,[1999 2000 2001 2002],[0.10794948 0.11302666 0.24698581 0.51457553],[0.10794948 0.20877497 0.40419633 0.71078232],2002.0,2002.0,4
5,wmd,Oklahoma,[1999 2000 2001 2002 2003 2004 2005 2006 2007 2008 2009],"[0.03499404 0.05124319 0.06329654 0.0477205  0.12124429 0.06053672
 0.06053672 0.06053672 0.06053672 0.06053672 0.06053672]","[0.03499404 0.08444402 0.14239555 0.18332086 0.28233854 0.32578341
 0.36659827 0.40494234 0.44096518 0.47480732 0.50660076]",,2009.0,11
5,wmd,Oregon,[1999 2000 2001 2002 2003 2004],[0.22368585 0.21088599 0.10771796 0.18675367 0.30825105 0.38079681],[0.22368585 0.38739963 0.45338769 0.55546955 0.69249653 0.80959287],,2002.0,6
5,wmd,Pennsylvania,[1999 2000 2001 2002],[0.12731254 0.13083965 0.08813259 0.35483247],[0.12731254 0.24149466 0.3083437  0.55376581],2002.0,2002.0,4
5,wmd,Rhode Island,[1999 2000 2001 2002 2003 2004],[0.07067846 0.03983552 0.02096785 0.24486586 0.20638513 0.34857223],[0.07067846 0.10769847 0.12640811 0.34032094 0.47646888 0.6589573 ],,2004.0,6
5,wmd,South Carolina,[1999 2000 2001 2002],[0.10727799 0.10428649 0.26263083 0.53389071],[0.10727799 0.20037683 0.41038253 0.72517382],2002.0,2002.0,4
5,wmd,South Dakota,[1999 2000 2001 2002 2003],[0.07289604 0.07250316 0.06914048 0.21282948 0.21282948],[0.07289604 0.140114   0.19956693 0.36992269 0.50402172],2002.0,2003.0,5
5,wmd,Tennessee,[1999 2000 2001 2002 2003],[0.09153817 0.06988252 0.15521904 0.19637593 0.19637593],[0.09153817 0.15502377 0.28618017 0.4263572  0.53900684],2002.0,2003.0,5
5,wmd,Texas,"[1999 2000 2001 2002 2003 2004 2005 2006 2007 2008 2009 2010 2011 2012
 2013 2014 2015 2016 2017 2018]","[0.07840729 0.02012332 0.10885573 0.01739906 0.16299158 0.01891649
 0.01891649 0.01891649 0.01891649 0.01891649 0.01891649 0.01891649
 0.01891649 0.01891649 0.01891649 0.01891649 0.01891649 0.01891649
 0.01891649 0.01891649]","[0.07840729 0.0969528  0.19525465 0.20925646 0.33814101 0.35066105
 0.36294426 0.37499512 0.38681801 0.39841726 0.40979709 0.42096166
 0.43191503 0.4426612  0.45320409 0.46354755 0.47369534 0.48365118
 0.49341868 0.50300142]",,2018.0,20
5,wmd,Utah,[1999 2000 2001 2002 2003 2004 2005 2006 2007],"[0.04781957 0.05351436 0.05764518 0.09995277 0.09995277 0.09995277
 0.09995277 0.09995277 0.09995277]","[0.04781957 0.0987749  0.15072618 0.23561345 0.312016   0.3807819
 0.44267447 0.4983807  0.54851893]",2002.0,2007.0,9
5,wmd,Vermont,"[1999 2000 2001 2002 2003 2004 2005 2006 2007 2008 2009 2010 2011 2012
 2013 2014 2015 2016 2017 2018 2019 2020]","[0.06474589 0.04623751 0.02543209 0.02543209 0.02543209 0.02543209
 0.02543209 0.02543209 0.02543209 0.02543209 0.02543209 0.02543209
 0.02543209 0.02543209 0.02543209 0.02543209 0.02543209 0.02543209
 0.02543209 0.02543209 0.02543209 0.02543209]","[0.06474589 0.10798971 0.1306754  0.15278414 0.17433061 0.1953291
 0.21579356 0.23573757 0.25517436 0.27411683 0.29257756 0.31056879
 0.32810246 0.34519022 0.3618434  0.37807306 0.39388996 0.4093046
 0.42432722 0.43896778 0.453236   0.46714135]",2001.0,,22
5,wmd,Virginia,[1999 2000 2001 2002],[0.09509182 0.10300285 0.23382303 0.62106922],[0.09509182 0.18829995 0.37809412 0.76434072],2002.0,2002.0,4
5,wmd,Washington,[1999 2000 2001 2002 2003 2004],[0.10131792 0.09711932 0.10692682 0.29957922 0.23817724 0.26899809],[0.10131792 0.18859732 0.27535802 0.4924457  0.61333358 0.71734611],,2003.0,6
5,wmd,West Virginia,[1999 2000 2001 2002],[0.07092956 0.09481259 0.0717533  0.39791134],[0.07092956 0.15901714 0.21936043 0.52998577],2002.0,2002.0,4
5,wmd,Wisconsin,[1999 2000 2001 2002 2003],[0.18703094 0.21818628 0.15814551 0.57132702 0.50070245],[0.18703094 0.36440964 0.4649254  0.77062798 0.88547511],2003.0,2002.0,5
5,wmd,Wyoming,[1999 2000 2001 2002 2003 2004],[0.038358   0.04322974 0.04988384 0.17108604 0.26446536 0.18348076],[0.038358   0.07992954 0.12582619 0.27538513 0.46702066 0.56481211],,2004.0,6
