year,logit_f1,logit_balanced_acc,logit_ap_score,rf_f1,rf_balanced_acc,rf_ap_score,xgb_f1,xgb_balanced_acc,xgb_ap_score
2008,0.02275132275132275,0.5031092045756851,0.011820674500463334,0.0,0.5,0.04679110238350387,0.0,0.5,0.012988799572726606
2009,0.0,0.5,0.004840620734779417,0.0,0.5,0.004907180496844365,0.0,0.5,0.003457808524023922
2010,0.0,0.5,0.0030417141607439933,0.0,0.5,0.002794021107442323,0.0,0.5,0.0064434024147934695
2011,0.046875,0.7200478228039264,0.14380234520877858,0.0,0.5,0.0033482789202952125,0.0,0.5,0.003885639436917487
