year,logit_f1,logit_balanced_acc,logit_ap_score,rf_f1,rf_balanced_acc,rf_ap_score,xgb_f1,xgb_balanced_acc,xgb_ap_score
2008,0.0,0.4927581212497414,0.013293096034119649,0.0,0.5,0.07882210549104089,0.0,0.5,0.014284976243280546
2009,0.0,0.5,0.004387828339732237,0.0,0.5,0.003911254090517474,0.0,0.5,0.003215229430237231
2010,0.0,0.5,0.003065564168817759,0.0,0.5,0.005362507509017558,0.0,0.5,0.004235829213135669
2011,0.06,0.5579064938333753,0.04839547014131136,0.0,0.5,0.003147800277546111,0.0,0.5,0.0030475894061243953
