year,logit_f1,logit_balanced_acc,logit_ap_score,rf_f1,rf_balanced_acc,rf_ap_score,xgb_f1,xgb_balanced_acc,xgb_ap_score
2003,0.0,0.5,0.0025651533252590095,0.0,0.5,0.01133334386745162,0.0,0.5,0.014331428474930649
2004,0.0,0.5,0.01855809846773886,0.0,0.5,0.09193067451992663,0.0,0.5,0.06335842387969226
2005,0.0,0.5,0.01512146675671495,0.0,0.5,0.021412095007586805,0.0,0.5,0.01755179648998847
2006,0.0,0.5,0.002397555378036865,0.0,0.5,0.0020779256708846473,0.0,0.5,0.005516673320491651
2007,0.0,0.5,0.06805374206059807,0.0,0.5,0.03456800893893722,0.0,0.5,0.02279804837913692
2008,0.0,0.5,0.03287276646282139,0.0,0.5,0.0227861834507172,0.0,0.4993792675356921,0.020603367962536256
2009,0.0,0.49781931464174456,0.0049866845625860905,0.0,0.5,0.004394376519632539,0.0,0.4995327102803738,0.0035283368733516557
2010,0.0,0.49993034271384784,0.004040356856961824,0.0,0.5,0.002581416416504269,0.0,0.5,0.004647816182024644
2011,0.0,0.5,0.003452540889122861,0.0,0.5,0.0029653319090925286,0.0,0.5,0.002996134780763481
