year,logit_f1,logit_balanced_acc,logit_ap_score,rf_f1,rf_balanced_acc,rf_ap_score,xgb_f1,xgb_balanced_acc,xgb_ap_score
2003,0.0,0.498793242156074,0.006315438208901195,0.0,0.5,0.004239853613208039,0.0,0.5,0.005863539999638503
2004,0.0,0.5,0.04419154735823876,0.0,0.5,0.041104148203104846,0.0,0.5,0.11733598058306981
2005,0.0,0.5,0.03233770077741367,0.0,0.5,0.008526429997518747,0.0,0.5,0.008236915542118205
2006,0.0,0.49842538759689925,0.00257516181011443,0.0,0.5,0.004782091342329122,0.0,0.5,0.002120517965356078
2007,0.06976744186046512,0.5180722891566265,0.13855914947063683,0.0,0.5,0.03832313830152906,0.0,0.5,0.06719983196766055
2008,0.0,0.5,0.028905697518154708,0.0,0.5,0.010039876827793608,0.0,0.5,0.014256382159848303
2009,0.0,0.4994548286604361,0.00645570622380282,0.0,0.49797507788161993,0.0036283453964173025,0.0,0.4995327102803738,0.0034889515311698135
2010,0.0,0.49679576483700194,0.004527625105818721,0.0,0.5,0.0024512812388901564,0.0,0.49881582613541375,0.0023970749312079826
2011,0.0,0.4975459350616662,0.006878001441134236,0.0,0.5,0.0027195869683082474,0.0,0.5,0.0033003508287309195
