year,logit_f1,logit_balanced_acc,logit_ap_score,rf_f1,rf_balanced_acc,rf_ap_score,xgb_f1,xgb_balanced_acc,xgb_ap_score
2003,0.01045751633986928,0.6814829713059801,0.004492779281921403,0.0,0.5,0.004809621558217065,0.0,0.5,0.010228673206634321
2004,0.0,0.5,0.021348582373120352,0.0,0.5,0.08911694441421557,0.0,0.5,0.062251533167209216
2005,0.0,0.5,0.016814914214658874,0.0,0.5,0.01626619394234679,0.0,0.5,0.01926124305638054
2006,0.0,0.4992732558139535,0.0026380302205111575,0.0,0.5,0.0022904050194411983,0.0,0.5,0.008633847093347868
2007,0.0,0.5,0.12625668385493832,0.0,0.5,0.04290761085141979,0.0,0.5,0.028490379688519384
2008,0.0,0.5,0.026517897099149552,0.0,0.5,0.024441062122814827,0.0,0.499793089178564,0.017500359449360493
2009,0.0,0.4999221183800623,0.007398883728354323,0.0,0.5,0.004642550922286037,0.0,0.4992211838006231,0.003596924958585385
2010,0.0,0.49993034271384784,0.004456540516251084,0.0,0.5,0.0025733135327989276,0.0,0.49986068542769574,0.003564206486154086
2011,0.0,0.4999370752579914,0.007133352491032292,0.0,0.5,0.003397876857042389,0.0,0.5,0.002906955358671395
