year,original_ap_score,logit_ap_score,rf_ap_score,xgb_ap_score
2012,0.16223743415346406,0.1603314427758063,0.15286897618288775,0.12051589920720257
2013,0.2367186390886308,0.2431767529512974,0.2269780909449878,0.22874122177954784
