year,original_f1,original_balanced_acc,original_ap_score,logit_f1,logit_balanced_acc,logit_ap_score,rf_f1,rf_balanced_acc,rf_ap_score,xgb_f1,xgb_balanced_acc,xgb_ap_score
2011,0.0,0.5,0.10388388566819198,0.15902712815715622,0.590189823935954,0.10544980018898734,0.0,0.5,0.09110435743416509,0.0,0.49965600275197797,0.09807220162737039
2012,0.0,0.5,0.1629048038334797,0.1507537688442211,0.6895271384290708,0.16519439371289119,0.0,0.5,0.1388686993643211,0.0,0.5,0.1428838061028869
2013,0.03015075376884422,0.5074701841916414,0.23345820158334057,0.2647058823529412,0.6629737210812289,0.24494609330667222,0.0,0.5,0.21407729489712768,0.030303030303030304,0.5076923076923077,0.2194700013461434
