year,original_f1,original_balanced_acc,original_ap_score,logit_f1,logit_balanced_acc,logit_ap_score,rf_f1,rf_balanced_acc,rf_ap_score,xgb_f1,xgb_balanced_acc,xgb_ap_score
2006,0.0,0.5,0.15318965565138537,0.17465130382049726,0.6359405148477575,0.16421614126567802,0.0,0.5,0.14955858391848162,0.023715415019762844,0.5052833858848259,0.13653297461022532
2007,0.022222222222222223,0.5055102981565196,0.12765969708492741,0.17313432835820897,0.5946551076299713,0.1417827353982861,0.0,0.5,0.13156042181810876,0.007407407407407408,0.5014933004845963,0.11964583596768201
2008,0.0182648401826484,0.5041486860357485,0.1375003248752692,0.17391304347826086,0.6442181213990661,0.1482046662163532,0.0,0.5,0.14011284318059325,0.0,0.4997269251774986,0.11521129905997891
2009,0.0,0.4996903065964695,0.17768694668090962,0.2202572347266881,0.6501351214165196,0.18588093630170732,0.0,0.5,0.1691012716927388,0.00823045267489712,0.5019198420949152,0.1747709176301788
2010,0.029850746268656716,0.50543736146591,0.07574330950250621,0.11650485436893204,0.6129268149997076,0.08339322671263893,0.0,0.5,0.08980110921895522,0.0,0.49925898480918857,0.08534585345748419
2011,0.0,0.5,0.10313714510217499,0.1580547112462006,0.5843731431966726,0.10780189161565829,0.0,0.5,0.10005520146627662,0.010416666666666666,0.5019858022953998,0.1011767218507732
2012,0.0,0.5,0.16135215615152732,0.1468189233278956,0.6833014574952185,0.16358314251184114,0.0,0.5,0.14132836288793107,0.0,0.49961089494163424,0.13679856481022792
2013,0.04950495049504951,0.51237626581918,0.23780799360593585,0.2696365767878077,0.6742587340099557,0.24995906013908087,0.0,0.5,0.20769091357334712,0.03015075376884422,0.5074701841916414,0.20814306986473008
