year,original_ap_score,logit_ap_score,rf_ap_score,xgb_ap_score
2015,0.3169960532788856,0.2953379953379953,0.17126148705096075,0.324017094017094
2016,0.16573639774859286,0.47940797940797936,0.18530701754385964,0.4642857142857143
2017,0.22553255564293648,0.23049333918899134,0.1527777777777778,0.16830961889101426
