year,logit_f1,logit_balanced_acc,logit_ap_score,rf_f1,rf_balanced_acc,rf_ap_score,xgb_f1,xgb_balanced_acc,xgb_ap_score
2014,0.09090909090909091,0.4666666666666667,0.09632936507936507,0.0,0.4888888888888889,0.08862433862433862,0.0,0.5,0.12643041712809155
2015,0.23529411764705882,0.6093023255813954,0.22526101349630762,0.0,0.47674418604651164,0.1590103076803844,0.0,0.5,0.11976190476190476
2016,0.3076923076923077,0.6704545454545454,0.39161036036036034,0.0,0.5,0.10272368641933859,0.0,0.5,0.15170454545454545
2017,0.10526315789473684,0.30952380952380953,0.1545112666705206,0.0,0.5,0.14508354218880534,0.0,0.5,0.18308913308913308
