year,logit_f1,logit_balanced_acc,logit_ap_score,rf_f1,rf_balanced_acc,rf_ap_score,xgb_f1,xgb_balanced_acc,xgb_ap_score
2009,0.19047619047619047,0.6136363636363636,0.13644266484023077,0.0,0.48863636363636365,0.13556255835667602,0.0,0.5,0.07977222090125316
2010,0.0,0.3541666666666667,0.038461538461538464,0.0,0.5,0.07142857142857142,0.0,0.5,0.09090909090909091
2011,0.09090909090909091,0.7916666666666667,0.05555555555555555,0.0,0.5,0.125,0.0,0.5,0.058823529411764705
2012,0.0,0.4148936170212766,0.04,0.0,0.5,1.0,0.0,0.5,0.5
2013,0.07407407407407407,0.4053030303030303,0.07380952380952381,0.0,0.5,0.06452702702702703,0.0,0.5,0.07191480017566974
2014,0.0,0.4444444444444444,0.09141414141414142,0.0,0.5,0.05226815963250071,0.0,0.5,0.060482456140350874
2015,0.25,0.613953488372093,0.2651168831168831,0.0,0.5,0.12338815868227633,0.0,0.5,0.09945810472126262
2016,0.2857142857142857,0.6022727272727273,0.38975155279503104,0.0,0.5,0.14126984126984127,0.0,0.5,0.1310680794056753
2017,0.20689655172413793,0.5119047619047619,0.3454968944099379,0.0,0.5,0.2844373219373219,0.0,0.5,0.28824074074074074
