year,original_ap_score,logit_ap_score,rf_ap_score,xgb_ap_score
2010,0.029411764705882353,0.02631578947368421,0.05263157894736842,0.03333333333333333
2011,0.07142857142857142,0.02040816326530612,0.05555555555555555,0.02702702702702703
2012,0.027777777777777776,0.023809523809523808,1.0,0.16666666666666666
2013,0.09422657952069717,0.06556350626118068,0.07635387488328665,0.06357560568086884
2014,0.09656084656084656,0.08580246913580247,0.05978450913541394,0.05857827809047321
2015,0.273991341991342,0.24990553306342783,0.13484986189076004,0.08034075573549257
2016,0.1971861471861472,0.23988095238095236,0.11401311502117953,0.558277027027027
2017,0.21771911663216012,0.24193173150266972,0.3319317315026697,0.11336844470079405
